image_path,label_path,image_sha256,label_sha256
rgb_anon/fog/train/GOPR0475/GOPR0475_frame_000041_rgb_anon.png,gt/fog/train/GOPR0475/GOPR0475_frame_000041_gt_labelTrainIds.png,cc5c87b25760b527501602f5e61de1a74a451761794090591d62c110b19dfd85,7ae236dc43ee8f96209ca43797075d58150bfc7958a1558e5539403fee45384b
rgb_anon/fog/train/GOPR0475/GOPR0475_frame_000049_rgb_anon.png,gt/fog/train/GOPR0475/GOPR0475_frame_000049_gt_labelTrainIds.png,88fa711cff72b07f87cea88ff5e0931f0d427c2556fd71a1fc062f74ea5d62b7,d29c5f301783377b71957ef7cb33be6300cecee0ec786c3b97bfbd3270a6094c
rgb_anon/fog/train/GOPR0475/GOPR0475_frame_000096_rgb_anon.png,gt/fog/train/GOPR0475/GOPR0475_frame_000096_gt_labelTrainIds.png,f572c557744bfadd94dd6272b30df9fff663bd2a4133c929d4f9b80dd11a06a9,01daced03830eaa3dfb8e725736109bd4acf11575b55bc2905c8ff14b501cecd
rgb_anon/fog/train/GOPR0475/GOPR0475_frame_000116_rgb_anon.png,gt/fog/train/GOPR0475/GOPR0475_frame_000116_gt_labelTrainIds.png,d9d2a53c6e52b0f2764b69da259d2b94cd19b59b9b803774365b0902daeaff8b,7098ba4a44e5d90a8d963627012bd81d16d17144fa638ec2a2e2b25ae558144d
rgb_anon/fog/train/GOPR0475/GOPR0475_frame_000122_rgb_anon.png,gt/fog/train/GOPR0475/GOPR0475_frame_000122_gt_labelTrainIds.png,048fc40463e370089f55a827bde4a9a8bdb9df9d326fd304e1cceeb7177dcc0b,2d1e492b11a1a69eac790e6352002d58c265506286b020fd3d72f701332d1448
rgb_anon/fog/train/GOPR0475/GOPR0475_frame_000128_rgb_anon.png,gt/fog/train/GOPR0475/GOPR0475_frame_000128_gt_labelTrainIds.png,8e5bc1844b47e8e98208b6bce475ae5ae4d24efab041f5a60f43694c66beb9e1,11b38ae867d159375b0f7f93bd961e656511ef550e2f62257e848b29764b23a3
rgb_anon/fog/train/GOPR0475/GOPR0475_frame_000135_rgb_anon.png,gt/fog/train/GOPR0475/GOPR0475_frame_000135_gt_labelTrainIds.png,28063f0ad164bd31a242a3aff4cac8959cb5a9d21862d211895c13dc4af83f02,b5aea33ea16d913fe147e917b3e60f343044c9fb9865217a48db4634ec115019
rgb_anon/fog/train/GOPR0475/GOPR0475_frame_000148_rgb_anon.png,gt/fog/train/GOPR0475/GOPR0475_frame_000148_gt_labelTrainIds.png,11e43cbed227aee9c8ebd290af12facc783cd443be858fb86fceaf77f7bbd9b4,32d90efe018586e6a0735dfd4641725e6da11d5c6ea61b0b531ecb111e9085bc
rgb_anon/fog/train/GOPR0475/GOPR0475_frame_000154_rgb_anon.png,gt/fog/train/GOPR0475/GOPR0475_frame_000154_gt_labelTrainIds.png,71db18506a2d032110f6680f5378e30df69779734507cb23127fac0fdfb9d993,3fe29da9692fe0db7653c646144ca0ae7a6bb557ce832326313f3d3676999a61
rgb_anon/fog/train/GOPR0475/GOPR0475_frame_000161_rgb_anon.png,gt/fog/train/GOPR0475/GOPR0475_frame_000161_gt_labelTrainIds.png,55cd60096909150c8964e0d6481eddb7a7938f21a7f2888da6149bd4104f859f,add97e9f6b931ba3247de2c88aac8044f11dd27c1f97a55addade94a6e5dab3e
rgb_anon/fog/train/GOPR0475/GOPR0475_frame_000168_rgb_anon.png,gt/fog/train/GOPR0475/GOPR0475_frame_000168_gt_labelTrainIds.png,3a7f0238f6e64a4f65a43698a177ec8a5862b498f00c38a6a76062a616d9c994,a953620edbf273988cfd7e52788846013a8a04488bba5a360ccb79e08d3952a6
rgb_anon/fog/train/GOPR0475/GOPR0475_frame_000174_rgb_anon.png,gt/fog/train/GOPR0475/GOPR0475_frame_000174_gt_labelTrainIds.png,e1c9035c0eb8ed0d8b77d89ca3a7240cca628019586d69035b939b8c45189e14,3070de7935f7b0b0875de9050f4ff66332ab6164b5349ed73a41ad537e07d8fb
rgb_anon/fog/train/GOPR0475/GOPR0475_frame_000180_rgb_anon.png,gt/fog/train/GOPR0475/GOPR0475_frame_000180_gt_labelTrainIds.png,fe77c56619b5062061c49e498e3dd4c635315840def3ca9edf973c3de3d1316a,03e07ca9cf7cef3f068ad3d2f7e3fbc9f33fba06b79416f87d8c841c61e38f08
rgb_anon/fog/train/GOPR0475/GOPR0475_frame_000185_rgb_anon.png,gt/fog/train/GOPR0475/GOPR0475_frame_000185_gt_labelTrainIds.png,db745ae876402db82653fccd80229653f9ff87e2a1ea72493f8d285433d03bcd,ba7859cebecb4fac3223865ecb93569b6138333667e5a6fb8dde23b275c1af9e
rgb_anon/fog/train/GOPR0475/GOPR0475_frame_000191_rgb_anon.png,gt/fog/train/GOPR0475/GOPR0475_frame_000191_gt_labelTrainIds.png,1dc821895b7a29ad6f7bd042f29a72bf4fe190e5fe4d6e4ce9a7ba1f185bd46e,37aff8c518a4d90dd98968d2e7231e5d19b0c47de810809135929d375a31ad16
rgb_anon/fog/train/GOPR0475/GOPR0475_frame_000197_rgb_anon.png,gt/fog/train/GOPR0475/GOPR0475_frame_000197_gt_labelTrainIds.png,e8dec77dd886c58a0855b76d6c5bae0534ff6b0e5a8770f6ec9b7031255aff8d,a332443787e7ba963d5eec2b9064f62c740ef17b82db68258cadd26dddfe7bfd
rgb_anon/fog/train/GOPR0475/GOPR0475_frame_000203_rgb_anon.png,gt/fog/train/GOPR0475/GOPR0475_frame_000203_gt_labelTrainIds.png,05d4e7d67a9ae7ddcaa3a85d3cd71ba79f22663e93b5a0a67ae10d197dfafc8b,c559a93ffe4aea4cacc7e570a3fb2db9c7d438544b59f921f20bec8d306b6ac4
rgb_anon/fog/train/GOPR0475/GOPR0475_frame_000209_rgb_anon.png,gt/fog/train/GOPR0475/GOPR0475_frame_000209_gt_labelTrainIds.png,2a862ac08e64976b3cd94ff484ae24947db04d899941efe1403391827f22d911,da8b5eb999e5e92db18ec52bb5864d5e73596e97b1130ffe1cf7ccddbce57816
rgb_anon/fog/train/GOPR0475/GOPR0475_frame_000215_rgb_anon.png,gt/fog/train/GOPR0475/GOPR0475_frame_000215_gt_labelTrainIds.png,e221357f402a9ef1f0de67f4740e9614dc5324d0511f65fca5ce0f9831eea160,b8eb3ba1f46a066e277258c58e201015ad9319f4b467d70235f454900e8a4a21
rgb_anon/fog/train/GOPR0475/GOPR0475_frame_000235_rgb_anon.png,gt/fog/train/GOPR0475/GOPR0475_frame_000235_gt_labelTrainIds.png,4847f876e70aecfca31eb40ece4c937451bd52e134406d942c32b75c450a2dcb,d52bc2f5bce2d02712b59aadc93984ae1a75d6ac0843cd7c1b1bd2c888bc64ef
rgb_anon/fog/train/GOPR0476/GOPR0476_frame_000001_rgb_anon.png,gt/fog/train/GOPR0476/GOPR0476_frame_000001_gt_labelTrainIds.png,6f2203d5a9f25e36f1d2d0830d6480d3d3f9f5eb39190c9952b3e40f6b8f6ceb,76de231f783c5a1acce86e45d1de807548cabea4cf6b00311112966ffd825a34
rgb_anon/fog/train/GOPR0476/GOPR0476_frame_000020_rgb_anon.png,gt/fog/train/GOPR0476/GOPR0476_frame_000020_gt_labelTrainIds.png,5d829aa65b06d96a4b18a9c81c986d47738ea0d27227a12e1552701c3342b22b,1e613fec4885cc88dfb777f9caf10e9d1eb3291b8677480634c83226197970c5
rgb_anon/fog/train/GOPR0476/GOPR0476_frame_000028_rgb_anon.png,gt/fog/train/GOPR0476/GOPR0476_frame_000028_gt_labelTrainIds.png,cb83a4c6c67b7c28bdd97e89a74936259a94dc8b3ee2f1112da3dd89e83e1737,5d0df42d436f816d46629a013a398651687a4d226bc213c2e311cbf8aea55409
rgb_anon/fog/train/GOPR0476/GOPR0476_frame_000036_rgb_anon.png,gt/fog/train/GOPR0476/GOPR0476_frame_000036_gt_labelTrainIds.png,92c0e1be0953a18c7a4097b55d3eabb4c353527c60c9d2eab0c40f25a7b01c61,29ad55670ef5ad8e959912cdb770e72499162d51a2c0f1a9044721585c227426
rgb_anon/fog/train/GOPR0476/GOPR0476_frame_000056_rgb_anon.png,gt/fog/train/GOPR0476/GOPR0476_frame_000056_gt_labelTrainIds.png,2c2fc08ccd64db17b3b96fcb53f02dd8cd6690a7a56eef98db3274a0bac7f2ba,e86a02223791ee655f1dce96828cf389cd7708db66e86fc016fdb601d0220d9e
rgb_anon/fog/train/GOPR0476/GOPR0476_frame_000071_rgb_anon.png,gt/fog/train/GOPR0476/GOPR0476_frame_000071_gt_labelTrainIds.png,709f3033f34c4de7ab54bd6c5b998d881a8cf11a9a5083fcda0393340769ad4c,c74e2ed9477ac6be287be9397406caf440e8edeba0119873e31b7ca8f28816a2
rgb_anon/fog/train/GOPR0476/GOPR0476_frame_000076_rgb_anon.png,gt/fog/train/GOPR0476/GOPR0476_frame_000076_gt_labelTrainIds.png,58a43802977763a96928e69422db296157f9b6c41d3c856455b0b32c5a66a4bc,32082f60ddcb1e544dc986d8d8c5e22a08a8d0549b9ad935a1cffbdd0acc0b32
rgb_anon/fog/train/GOPR0476/GOPR0476_frame_000080_rgb_anon.png,gt/fog/train/GOPR0476/GOPR0476_frame_000080_gt_labelTrainIds.png,87c7a4d75cceb2b0d78df1453f9a17935ec1b4d0ac6386eda4ffdadf4fe5f606,7e8a77a3b07d3975da814c90c52181640779d124087cf965e433d6dbd9ba1093
rgb_anon/fog/train/GOPR0476/GOPR0476_frame_000084_rgb_anon.png,gt/fog/train/GOPR0476/GOPR0476_frame_000084_gt_labelTrainIds.png,b326460b438d70543261005209ef72d41947b547e84c3398cee97db0bc4a2bb2,02f9ad6fd6d23380247b077d2ae372f18ff450f096fa384d79265e4cb793ea05
rgb_anon/fog/train/GOPR0476/GOPR0476_frame_000089_rgb_anon.png,gt/fog/train/GOPR0476/GOPR0476_frame_000089_gt_labelTrainIds.png,ba3fdf7174966f5e26d57ef1fda4215d46334d0b58d50a7f187e238cdc958545,88ff31b7b6c5c091233096f6ff725b03b44ff0799589e793c870cfdd88f38915
rgb_anon/fog/train/GOPR0476/GOPR0476_frame_000094_rgb_anon.png,gt/fog/train/GOPR0476/GOPR0476_frame_000094_gt_labelTrainIds.png,f6d22ae5b1d241d8ee4e68a2ae2092b6ac8ceea24fdb66014879fc1762006954,a94d87071f31ca3bf419a5d7e76431620b513796e6385f650a076c63b283a615
rgb_anon/fog/train/GOPR0476/GOPR0476_frame_000098_rgb_anon.png,gt/fog/train/GOPR0476/GOPR0476_frame_000098_gt_labelTrainIds.png,aa489008459816ddb9cd9475c0192aa24db2ca818b5df946b0ffc99edb275275,9beed578f5b25d1c8101d0565feb26740c475c6ade564cdc195e2c6fc8a1496c
rgb_anon/fog/train/GOPR0476/GOPR0476_frame_000102_rgb_anon.png,gt/fog/train/GOPR0476/GOPR0476_frame_000102_gt_labelTrainIds.png,3cad1954d79159ba71242529ea80de79be3f9132b7fb746fdaa2a36ee07fff9b,cc942830be2298eddafc88f69b3ca91050503d2181aaf206824a24e87267facf
rgb_anon/fog/train/GOPR0476/GOPR0476_frame_000107_rgb_anon.png,gt/fog/train/GOPR0476/GOPR0476_frame_000107_gt_labelTrainIds.png,01f08a46c531d5ccb9c40d8e8b68870ad0e04029a7995d7e2dcf2b0fa3b9e581,7baccfb8f6a3da2c92433933e2dadf9477c785e735d764eee863f0239aa4946d
rgb_anon/fog/train/GOPR0476/GOPR0476_frame_000127_rgb_anon.png,gt/fog/train/GOPR0476/GOPR0476_frame_000127_gt_labelTrainIds.png,c136d4d9503702c940ae6f66069730f93cbba1711badc3c3ab7b6de17de1fc05,b8dfa7f807c193df16cd6b1923a493288a0508256e00cadcb915306289ab7e59
rgb_anon/fog/train/GOPR0476/GOPR0476_frame_000133_rgb_anon.png,gt/fog/train/GOPR0476/GOPR0476_frame_000133_gt_labelTrainIds.png,7bfbb6070413608a414aba670446126ec963a68fc827dcdea6a11a3eaa185467,639231f4f1e88bc9feb378b71f24fbc1ff0abf1850fb1361f717d09a67e93dd5
rgb_anon/fog/train/GOPR0476/GOPR0476_frame_000137_rgb_anon.png,gt/fog/train/GOPR0476/GOPR0476_frame_000137_gt_labelTrainIds.png,02e4ed2756ce4074a998a22c7fb286f6ee235dc5d105eaa6ed4a909b129764c7,8ed2977efffe0fcef3924d5e0d82faff2885e5f1459888682ec56f0d0fe1f6f7
rgb_anon/fog/train/GOPR0476/GOPR0476_frame_000142_rgb_anon.png,gt/fog/train/GOPR0476/GOPR0476_frame_000142_gt_labelTrainIds.png,e90cdf152e3e43613110b37958a28ee23de4b204e88568d511cee475e70cd29c,95cba90f13da51c81bd40e46f0b52cc197fc4bf6ae23249170a681b86481bc7b
rgb_anon/fog/train/GOPR0476/GOPR0476_frame_000152_rgb_anon.png,gt/fog/train/GOPR0476/GOPR0476_frame_000152_gt_labelTrainIds.png,5af8349c5a419db4cffd843b2d936b4258585c26c31ef9d0cd1f87300fc148c4,67ddeddd08fd8e44759b47821d2ef4ecc4d39a67d65e3402cadb70b00b311dae
rgb_anon/fog/train/GOPR0476/GOPR0476_frame_000172_rgb_anon.png,gt/fog/train/GOPR0476/GOPR0476_frame_000172_gt_labelTrainIds.png,84fb24d623b9add19701a47fe5f5fc5c9f2fcb2559dcc1681178a7fb37654d03,423188e0ec1fcabe29aa0e76a2dc6e89d1aeaa6e892a56f7a214c01d8b7e54dd
rgb_anon/fog/train/GOPR0476/GOPR0476_frame_000180_rgb_anon.png,gt/fog/train/GOPR0476/GOPR0476_frame_000180_gt_labelTrainIds.png,644983ee38be236b197835c58e37a3a625a437f4e85051f096c99279624a12fc,2673fbcb5cabe52336fef86521e7d6a8f15baae8897e9eeec8b06157f550cbc6
rgb_anon/fog/train/GOPR0476/GOPR0476_frame_000187_rgb_anon.png,gt/fog/train/GOPR0476/GOPR0476_frame_000187_gt_labelTrainIds.png,6ff00e194f4fbd686546e78143d198223b77483b804bab9168514a4012038c50,a1cc5458f175cdf54107a18a16fab09eea2f7d1c53a47ccf41b819ce75673331
rgb_anon/fog/train/GOPR0476/GOPR0476_frame_000241_rgb_anon.png,gt/fog/train/GOPR0476/GOPR0476_frame_000241_gt_labelTrainIds.png,0b6b8075adde3763bf28630d0318c92f5c189717791b302e09a59d3e1a2b2ea6,3c15b475cecad87a47366ec7c85a4956238c54fe68f4128023b7b7394ca23eed
rgb_anon/fog/train/GOPR0476/GOPR0476_frame_000246_rgb_anon.png,gt/fog/train/GOPR0476/GOPR0476_frame_000246_gt_labelTrainIds.png,51c99daf7a09bbc106ed810a30ba4d048b2c4a2c9a47b6d121f6032a2583e703,813c36275e155abadbdfeeb1fbd6f3e60740b9e6498061289aa0500b1572e03e
rgb_anon/fog/train/GOPR0476/GOPR0476_frame_000251_rgb_anon.png,gt/fog/train/GOPR0476/GOPR0476_frame_000251_gt_labelTrainIds.png,4ad624de7397a9e464016e94e56ddd50df5ba80198f1113e0ae0336bd83b9413,5b491cf1083c34b037be2047aed5c165df047754829b38543f5dd9680ed0ee43
rgb_anon/fog/train/GOPR0476/GOPR0476_frame_000255_rgb_anon.png,gt/fog/train/GOPR0476/GOPR0476_frame_000255_gt_labelTrainIds.png,879a9d64c4da128fa1a26d952c8b3a8206d43bdcb2be3b811be5806ca04314fb,6dc2dff5463587c62ca0b5e2535eb29db044a3f014cbfdeea1fe49fa5fc944a0
rgb_anon/fog/train/GOPR0476/GOPR0476_frame_000259_rgb_anon.png,gt/fog/train/GOPR0476/GOPR0476_frame_000259_gt_labelTrainIds.png,48d9e56e79f71000162efbc37fbcc5f5eee9cf8e978c97b30953d9944901559e,d388e595f7a11b796db96c175a7a4ccad2b3f9da55d915e56d36db49d38a4037
rgb_anon/fog/train/GOPR0476/GOPR0476_frame_000264_rgb_anon.png,gt/fog/train/GOPR0476/GOPR0476_frame_000264_gt_labelTrainIds.png,78d4f995cb5c1044da47c3ea30f21eaa6f66247ba04dcd3a9b7d3c06c6b91808,10785649e1fab39ace73a3ddd5813564f6c788bff29d50306e2f03df1efd4d83
rgb_anon/fog/train/GOPR0476/GOPR0476_frame_000284_rgb_anon.png,gt/fog/train/GOPR0476/GOPR0476_frame_000284_gt_labelTrainIds.png,6312beb66988361534a40362c97ba3797d7b75375076942ab487eb91d1d3156c,9ea8dce6490c10906d2c5ff085a99b9e56f80681a293a9faa04625647e2929f8
rgb_anon/fog/train/GOPR0476/GOPR0476_frame_000297_rgb_anon.png,gt/fog/train/GOPR0476/GOPR0476_frame_000297_gt_labelTrainIds.png,c8c50c8c990cf07fb51dacc1d7dca767ee820b6538dbd99caabe87edf443eb2f,aa167295349ab4576831146f33c7f55e74e01ffd501fe0cedf0a4c87c2f29bf7
rgb_anon/fog/train/GOPR0476/GOPR0476_frame_000311_rgb_anon.png,gt/fog/train/GOPR0476/GOPR0476_frame_000311_gt_labelTrainIds.png,69d64f2251dbe0f48b3abc673587a93d57028bf3b0e03bfbfe830ceaed296fcb,f0a8bf649fae4570a3c7ea03c621d579b71a6bc180714a6bb9652b88c80b08b0
rgb_anon/fog/train/GOPR0476/GOPR0476_frame_000331_rgb_anon.png,gt/fog/train/GOPR0476/GOPR0476_frame_000331_gt_labelTrainIds.png,b73a86e756f031fca12d99ec7a56217b89dabdd4cef77d45f7a5f9d194d1eeff,7307e77f9ec8f0bd22a91b509534ff670874296c45370b2c92356eb2cd25ddc0
rgb_anon/fog/train/GOPR0476/GOPR0476_frame_000351_rgb_anon.png,gt/fog/train/GOPR0476/GOPR0476_frame_000351_gt_labelTrainIds.png,d82c3102981dab908056a1cea3eba847fd7880b5dbbe4a957ad692da29e9f1e9,8f3e0020761e2d9f2632f27bbac134a271d87a9a87596d0582c8796ce163357d
rgb_anon/fog/train/GOPR0476/GOPR0476_frame_000357_rgb_anon.png,gt/fog/train/GOPR0476/GOPR0476_frame_000357_gt_labelTrainIds.png,57498404634636f57d9caba8559b81c359865f4797d53e5eef76ececaf871b6b,b6097d387a0a50ff930b0988178c4d69f5fbc9ca15ee987567a2d2e3f52244d9
rgb_anon/fog/train/GOPR0476/GOPR0476_frame_000362_rgb_anon.png,gt/fog/train/GOPR0476/GOPR0476_frame_000362_gt_labelTrainIds.png,9f62b2bd6497dd188c15ebaa50066d069a79569053d4fb53ef423d323c593231,d190a970e4bf9ebf0775a0ce0ace6664b7f78cd7016997909959b9d74f50cbdf
rgb_anon/fog/train/GOPR0476/GOPR0476_frame_000368_rgb_anon.png,gt/fog/train/GOPR0476/GOPR0476_frame_000368_gt_labelTrainIds.png,b3f304d2d26cfb930c0b53c1a21c758333fbe061b350597bfc799b817d905f7f,84dd3f8e79ba436aa099bc0d4c5cd3bc2c1542a90d7fa4af726a6ae2e1031f54
rgb_anon/fog/train/GOPR0476/GOPR0476_frame_000382_rgb_anon.png,gt/fog/train/GOPR0476/GOPR0476_frame_000382_gt_labelTrainIds.png,79327e8eaf4c5f966e0eb5685dfe553bdb7f4c39805d2f3780d7fbb58d88a441,292abccf3eb96af985a7162d41c035d8fa8562461c22499f40cbb9fc92204cbe
rgb_anon/fog/train/GOPR0476/GOPR0476_frame_000389_rgb_anon.png,gt/fog/train/GOPR0476/GOPR0476_frame_000389_gt_labelTrainIds.png,ed6ef22bfd16e092cae19036eadd9188d6625b18d3817228c324e7e7dbbe8168,c9e2a064ed8ea66c64cbc68f4b6c896cdd4b5709f3cefabc68752c5024b131a4
rgb_anon/fog/train/GOPR0476/GOPR0476_frame_000394_rgb_anon.png,gt/fog/train/GOPR0476/GOPR0476_frame_000394_gt_labelTrainIds.png,8c845fb02029b93ad671bcc2485041b012da7ef8a5ae6e961f7dedad37ec03f1,d53383b6cde2bfbd7d2c9951e29f0b177aca3c07d7256e1a0118fd64c5569cc2
rgb_anon/fog/train/GOPR0476/GOPR0476_frame_000399_rgb_anon.png,gt/fog/train/GOPR0476/GOPR0476_frame_000399_gt_labelTrainIds.png,ee54f3bff1c11977dcbfd6c1445ae9eee93bfaea5517f0dbc3471375fae31df2,2ff77d70e7e2b59e3832b2249e3fdecbd0048ecef99c35f93e93fbfcc3c62f0e
rgb_anon/fog/train/GOPR0476/GOPR0476_frame_000416_rgb_anon.png,gt/fog/train/GOPR0476/GOPR0476_frame_000416_gt_labelTrainIds.png,321230181eaf636d286960d20eaa02fd8ba4927208c8589ad39cf77d1c1b3649,f0e860e3b3c94e3e98d50ee9c31742f97aca9a89a9985c4acc2438a5035cc330
rgb_anon/fog/train/GOPR0476/GOPR0476_frame_000424_rgb_anon.png,gt/fog/train/GOPR0476/GOPR0476_frame_000424_gt_labelTrainIds.png,4bff1beec1ce199ca64d2dba1d9fe46fe7d0e2abf51d58d128301d5cfcf0a994,7ea9bae1018a7097fa653ea3a22479ea991ffa63572756c026f38f6e05111e3a
rgb_anon/fog/train/GOPR0476/GOPR0476_frame_000429_rgb_anon.png,gt/fog/train/GOPR0476/GOPR0476_frame_000429_gt_labelTrainIds.png,953915a6c96b106fd46f81b94ec1eb3173b4505bcd410d4fdb0328957aa5ab45,32e37acbb4c2cee3f0786920a5ac4a2c483f85cf60d5b774684b8f90ef1610e6
rgb_anon/fog/train/GOPR0476/GOPR0476_frame_000442_rgb_anon.png,gt/fog/train/GOPR0476/GOPR0476_frame_000442_gt_labelTrainIds.png,ba8d9f283228f132f1c28c1e762d97dc1c1c48b4b2b4da31b8bb03afb89da4ab,4102eeba97f685af8f03a2be0562f04cdf60b2c94f660e64d185e6b693e5d528
rgb_anon/fog/train/GOPR0476/GOPR0476_frame_000456_rgb_anon.png,gt/fog/train/GOPR0476/GOPR0476_frame_000456_gt_labelTrainIds.png,041675cbef2be29f56036b95a7335f7768f6c121a59ecfc0c1a670db27309c2a,54744627538f92e71a9edaa69df8e4747de35979553257bd141360df984db39f
rgb_anon/fog/train/GOPR0476/GOPR0476_frame_000462_rgb_anon.png,gt/fog/train/GOPR0476/GOPR0476_frame_000462_gt_labelTrainIds.png,a5c79f78ed20b9c80a571f872b995481014b2870cd197277644fdb3852a7cf77,30b4183690cc4eaa30d82e15729d16994cf67bb7421ef8338831a92ae5917b47
rgb_anon/fog/train/GOPR0476/GOPR0476_frame_000469_rgb_anon.png,gt/fog/train/GOPR0476/GOPR0476_frame_000469_gt_labelTrainIds.png,9062f110c3aca8442e67d970cc9721d08c3730c4e1d23aaa9a7fae12f9e372f9,762273424ddde53016285afe4914eaaaef5f35fe726d9ddee03ed5decac01c7b
rgb_anon/fog/train/GOPR0476/GOPR0476_frame_000475_rgb_anon.png,gt/fog/train/GOPR0476/GOPR0476_frame_000475_gt_labelTrainIds.png,d56a4209ee4fd081805393337693cfab65f8557f0a73032e755f34f1da8421eb,9cff8368a61f277b1d1475ac274d61c048b3e50ca6683ec12b0913dbebad46f1
rgb_anon/fog/train/GOPR0476/GOPR0476_frame_000481_rgb_anon.png,gt/fog/train/GOPR0476/GOPR0476_frame_000481_gt_labelTrainIds.png,c95ace913a8e6190e581b7c8c647bc6536f21aa9732716dcb4ba70e36ee61132,28915d02904022528bb1555909843002961cc2bdcdb4d45d5434b0b8f8f15cff
rgb_anon/fog/train/GOPR0476/GOPR0476_frame_000501_rgb_anon.png,gt/fog/train/GOPR0476/GOPR0476_frame_000501_gt_labelTrainIds.png,b7444455a941ef326bc5ab3af9c874fa38f92b690d980974540299ebf2bcb6d5,9b0ad6ba0bc32b884be96793d26caeb4d8361d18dec3eaa9b9604a46e8af1cd1
rgb_anon/fog/train/GOPR0476/GOPR0476_frame_000508_rgb_anon.png,gt/fog/train/GOPR0476/GOPR0476_frame_000508_gt_labelTrainIds.png,4d868c3aba131437f7b57a08acf56db56961ea8c34c3a98b25d8285c4d2e1a34,accb2681e94a80da58a4484fa26a165946ee9aab8d75474bfcc9587620de60de
rgb_anon/fog/train/GOPR0476/GOPR0476_frame_000518_rgb_anon.png,gt/fog/train/GOPR0476/GOPR0476_frame_000518_gt_labelTrainIds.png,dfa933f0a5d3556e9c99a67629543febefa41086278ec7e5c61bc58381d22f4d,69baf48a6bd92d44dca1dbafc863ac18db2041180cca154124cee3dcb4e26b2e
rgb_anon/fog/train/GOPR0476/GOPR0476_frame_000523_rgb_anon.png,gt/fog/train/GOPR0476/GOPR0476_frame_000523_gt_labelTrainIds.png,842ee0f97caf5b6d4f678fdb98f532a2eb6327e41c7f615d01af16c901e1ac6c,8aac101e12d50a63010a29c896b4519a509ec42390475811dc3afb3ebbcec510
rgb_anon/fog/train/GOPR0476/GOPR0476_frame_000528_rgb_anon.png,gt/fog/train/GOPR0476/GOPR0476_frame_000528_gt_labelTrainIds.png,c58c4d0ca25a5cf3e5f337172f2a56fd1bf0441ffd543f419121db7b85862043,c7d487a0c96759b9186f567504bd36addb239a901e1584db779628a26395c5f7
rgb_anon/fog/train/GOPR0476/GOPR0476_frame_000594_rgb_anon.png,gt/fog/train/GOPR0476/GOPR0476_frame_000594_gt_labelTrainIds.png,1957846589d1333ded51a1fd27e8a198884c6aa3d6423729d9d3833cf78da3ea,55dccbfa56055b8358c454dead40ba607d328cff6522b409894b18cb741923e5
rgb_anon/fog/train/GOPR0477/GOPR0477_frame_000007_rgb_anon.png,gt/fog/train/GOPR0477/GOPR0477_frame_000007_gt_labelTrainIds.png,4986b26ecf703c521b94695dd7aa81818598eacdee54b8fab1dd03c2593bf07c,849fc9a659fe1fa62da6c532183568e0b7d5d80246dbed455e75481a510a20fb
rgb_anon/fog/train/GOPR0477/GOPR0477_frame_000010_rgb_anon.png,gt/fog/train/GOPR0477/GOPR0477_frame_000010_gt_labelTrainIds.png,cff23a63207da9cfa91b2fd815cc14cd54f3c3dcfcea930bfd43e67c27a8ae96,94513c6e40cc061d4123c33ac75cb130d9aeba0c26a8ee2031d444f66bf0884f
rgb_anon/fog/train/GOPR0477/GOPR0477_frame_000013_rgb_anon.png,gt/fog/train/GOPR0477/GOPR0477_frame_000013_gt_labelTrainIds.png,0b5f13a84f4e51f54bc252513b49bf12c4a4f6e3a4bc3c5dae97b9228e6ac26f,5c4c2805edac24fd9a886e130c7af78a554d152c06ac699c1b2733cd2598f666
rgb_anon/fog/train/GOPR0477/GOPR0477_frame_000025_rgb_anon.png,gt/fog/train/GOPR0477/GOPR0477_frame_000025_gt_labelTrainIds.png,920dfa726215ba7e7cf09dbeccd27a67ba586dc0b8e815a993cdc13baca61ce2,96e80686f604e64c3a02245835c92996993c2e6ad4e736f92b11b3c97918237a
rgb_anon/fog/train/GOPR0477/GOPR0477_frame_000039_rgb_anon.png,gt/fog/train/GOPR0477/GOPR0477_frame_000039_gt_labelTrainIds.png,36c2c2fcda4e8b4cb12a768f9b38fe79c5b3bbbd570defeb5ffc74438b4ec4a2,9ac601fb26623131ed8d414c342fa0a3e14cff83b09eb9e1e9763c0c0295f066
rgb_anon/fog/train/GOPR0477/GOPR0477_frame_000053_rgb_anon.png,gt/fog/train/GOPR0477/GOPR0477_frame_000053_gt_labelTrainIds.png,bd3a73e7703d13bfca2e7783a2c1f64fe5e013e4de0be4641c5a73a2896eb9af,33844d3dea6e06e565c95aef45f44dc7b96f193afefab9e1cb2a44c6ff5c42e3
rgb_anon/fog/train/GOPR0477/GOPR0477_frame_000056_rgb_anon.png,gt/fog/train/GOPR0477/GOPR0477_frame_000056_gt_labelTrainIds.png,7c846035e4e80b15d6c6ac2086a4711fe54ce2adc695b6f1a28946a4a51d707a,1701c5c0cd698a072c6de52fd657c18f33fb5ced5c1ac913d0616647d482aa31
rgb_anon/fog/train/GOPR0477/GOPR0477_frame_000062_rgb_anon.png,gt/fog/train/GOPR0477/GOPR0477_frame_000062_gt_labelTrainIds.png,2ae3afee88f8269cdfdc2b825568bd845f93ab9f07a6700006a0f6a0adcd3049,12c9e9c0d70081a9a2e8880a8aabb6a8805ccb0f87fc568bffea5c6e83a74f43
rgb_anon/fog/train/GOPR0477/GOPR0477_frame_000073_rgb_anon.png,gt/fog/train/GOPR0477/GOPR0477_frame_000073_gt_labelTrainIds.png,e0bf3a3c945e06d06776ce87813aa8e5d10f4c0ea0c643a2d498571b7944551c,b2519c1d8f0926d4fa7956390f24c549aec314f2502d589b7078bed3a499d653
rgb_anon/fog/train/GOPR0477/GOPR0477_frame_000075_rgb_anon.png,gt/fog/train/GOPR0477/GOPR0477_frame_000075_gt_labelTrainIds.png,0d588d1803d1f7c22dfa80dbd3805b644dbdd480b4f683d1aa5ddaaf8f0e7e3e,3b062b49f457f85cbb71859c1bf3f350764b0feba73841a57129fac05518f728
rgb_anon/fog/train/GOPR0477/GOPR0477_frame_000079_rgb_anon.png,gt/fog/train/GOPR0477/GOPR0477_frame_000079_gt_labelTrainIds.png,cc43576a0f2820e18a433be49b0bf4adfa2798089113011f876edd4ba16eb9bf,02c3cfafa5fc344258beb6e3667fb6b053e3054399177290a730500dd1e71e3f
rgb_anon/fog/train/GOPR0477/GOPR0477_frame_000087_rgb_anon.png,gt/fog/train/GOPR0477/GOPR0477_frame_000087_gt_labelTrainIds.png,6585765aac31202e204841275e2ff8f83d5abd1d87cf07bc4f5b61a2d1e25ef3,13624f4c1d21e6a15cc4529041f20c217fde100e77741b3764dca4b2726efdf2
rgb_anon/fog/train/GOPR0477/GOPR0477_frame_000089_rgb_anon.png,gt/fog/train/GOPR0477/GOPR0477_frame_000089_gt_labelTrainIds.png,c964223e6f593722e76332750ba7d66f3991d35aa13ac414bbcb9cbbc18f53cc,f2813b7ff0e3c5deb0bbd652e3433ace30a528a010facc895588cfe9277e5839
rgb_anon/fog/train/GOPR0477/GOPR0477_frame_000099_rgb_anon.png,gt/fog/train/GOPR0477/GOPR0477_frame_000099_gt_labelTrainIds.png,718e5d9020752b7a12dfc79d255dfa54ddaa3367d33594447871050eece42daf,7289e4dcf599a35ef3dde871c434fee901e8ed051ace38af8016e0f0d5814e45
rgb_anon/fog/train/GOPR0477/GOPR0477_frame_000101_rgb_anon.png,gt/fog/train/GOPR0477/GOPR0477_frame_000101_gt_labelTrainIds.png,c32045de0f19ac386ad22700e995228cca50a2cfcb57504c81bec8c94b67667e,4ca0e7fffa98ed5107c0a1b992d6c58466adfceb6516df54f633ea7c66d7df09
rgb_anon/fog/train/GOPR0477/GOPR0477_frame_000107_rgb_anon.png,gt/fog/train/GOPR0477/GOPR0477_frame_000107_gt_labelTrainIds.png,f2fec3390d45511fe9d6f842c367d5a80d382e85e1b20daecfb578815a983e43,00f3ed97e14d91bec48eb4f45677409052d93be9d288b8863a30f1a178c76a5b
rgb_anon/fog/train/GOPR0477/GOPR0477_frame_000183_rgb_anon.png,gt/fog/train/GOPR0477/GOPR0477_frame_000183_gt_labelTrainIds.png,299f0796570fc9d140b11e565951b2f2fc8b6788b039d76e1ccbfc48f931f221,dccdd4ef5a6ce8a564606538486f626df5ddf845f55f4a39d3129df03bf2c73d
rgb_anon/fog/train/GOPR0477/GOPR0477_frame_000214_rgb_anon.png,gt/fog/train/GOPR0477/GOPR0477_frame_000214_gt_labelTrainIds.png,8eef649019bb85b546b54e198ec26595f6d82ada40c50f224dacb296b42371b4,fd20c89ff615f6046afff025ded75f469de6c37ef84b86627fd4887f3b68a474
rgb_anon/fog/train/GOPR0477/GOPR0477_frame_000217_rgb_anon.png,gt/fog/train/GOPR0477/GOPR0477_frame_000217_gt_labelTrainIds.png,626b4bf6373e9fedc91c392f66fe0b4afb146fbb4eb031cc15cf995abe7e3307,f4a75b588de939fd5299d7618fd5331332612cf8032df01c25db4d3e60d18559
rgb_anon/fog/train/GOPR0477/GOPR0477_frame_000223_rgb_anon.png,gt/fog/train/GOPR0477/GOPR0477_frame_000223_gt_labelTrainIds.png,5906e78cb4d4bb50986e8e5446f2e149373d88b25034e08f2af29e2ad2df56b9,9a1c5fa9641c79a69bbd017698dd115d4c54a367acb9dd5b8e33c920f418cbd1
rgb_anon/fog/train/GOPR0477/GOPR0477_frame_000229_rgb_anon.png,gt/fog/train/GOPR0477/GOPR0477_frame_000229_gt_labelTrainIds.png,d48972820db7cda9fd31fbcbca65c4f7a8b3d93371d52930a52e7fdcdcb5f42e,dd40f94e6057549954649f1665a4436074797d7c84bc0b49010c82452f6bc907
rgb_anon/fog/train/GOPR0477/GOPR0477_frame_000231_rgb_anon.png,gt/fog/train/GOPR0477/GOPR0477_frame_000231_gt_labelTrainIds.png,adc918cd1824ef6a74592fde724372f61f5d037e81ede754d7c899e40e44dee3,9d904212227d4eca9d21df0c80d567a4a82d10de3f0c68cb4c12368afd42eafb
rgb_anon/fog/train/GOPR0477/GOPR0477_frame_000253_rgb_anon.png,gt/fog/train/GOPR0477/GOPR0477_frame_000253_gt_labelTrainIds.png,bd774d9ad15270babf7d83bcc862e1cff8b259e6b7f09a83c688a9f8e9569548,7f934de6191f754db34bd68cc9515f7d4e9d07314cfec77299df4fd2cd4486e3
rgb_anon/fog/train/GOPR0477/GOPR0477_frame_000255_rgb_anon.png,gt/fog/train/GOPR0477/GOPR0477_frame_000255_gt_labelTrainIds.png,468768068f3e6157bab9c7fffaa4637781f8c92923648cc5ca32096754361de3,a090c475551896b087ca6285550a8692ff7ad024024b027582639e9f43514595
rgb_anon/fog/train/GOPR0477/GOPR0477_frame_000257_rgb_anon.png,gt/fog/train/GOPR0477/GOPR0477_frame_000257_gt_labelTrainIds.png,01eae36afc5ae9dd015800a703f5322b836bc5887aca0b91218c2c5bc5dbb351,fcf3df321b5dda09fc0dcad8eff728fe400c17cd5c573adbf2a31b0f1ed38b5a
rgb_anon/fog/train/GOPR0477/GOPR0477_frame_000323_rgb_anon.png,gt/fog/train/GOPR0477/GOPR0477_frame_000323_gt_labelTrainIds.png,2b9b16a41f149cd22aff5b337ff95897df8fc29753c7a97917e6640e4a5567de,4222956a101db902ae155f2cbe806d33905eab83c2aabad5144a02ff221e09f9
rgb_anon/fog/train/GOPR0477/GOPR0477_frame_000326_rgb_anon.png,gt/fog/train/GOPR0477/GOPR0477_frame_000326_gt_labelTrainIds.png,79313aa329f80789c91a2d4001ff32c3451ea6a385c3595486d4ff74452f0a2c,460667fb7f5f4368775ccdd00a9cabfb13204033e2d564c7d229322f755624bb
rgb_anon/fog/train/GOPR0477/GOPR0477_frame_000329_rgb_anon.png,gt/fog/train/GOPR0477/GOPR0477_frame_000329_gt_labelTrainIds.png,e7093abe8ec2e2d569546bfbf149348b037c3fd407d3dfd1cb15c6e028c39f01,8dd7869eb9b0df402a84f9f577b1dcf60b003c7fcd83696f50f2ca13ab4f0fd3
rgb_anon/fog/train/GOPR0477/GOPR0477_frame_000335_rgb_anon.png,gt/fog/train/GOPR0477/GOPR0477_frame_000335_gt_labelTrainIds.png,3b28c875ec5c2c7a476bd7fe321d62ad2ce6aecc8349e001070358557f2ebb6b,4ae74d779c7dc5a97f9bd3b4e26fb36f10c9444e52fae2bf35ab21e49545b7ef
rgb_anon/fog/train/GOPR0477/GOPR0477_frame_000338_rgb_anon.png,gt/fog/train/GOPR0477/GOPR0477_frame_000338_gt_labelTrainIds.png,e030c76f92a9eb189cdbe619338ca0fcb4594ac0fff5214349fd5ba60999110c,91126608ca2ee37baf2bb8395d4e4d917d0c954c0f7c394d084a198dd05ee104
rgb_anon/fog/train/GOPR0477/GOPR0477_frame_000341_rgb_anon.png,gt/fog/train/GOPR0477/GOPR0477_frame_000341_gt_labelTrainIds.png,185a0bae1bc24fde09fd87709ed14e5c17c6e3bf69d43d790b343556097916aa,46e6f28019b77157ec044907cab00a12920185b813d63e63460f4e046eeb98c1
rgb_anon/fog/train/GOPR0477/GOPR0477_frame_000344_rgb_anon.png,gt/fog/train/GOPR0477/GOPR0477_frame_000344_gt_labelTrainIds.png,cf5ea8347fae988635c56ba6876c4eec76c3c5cd328e1ae594359d4d45a6a101,4451ea1d910074779f4209f6e54946531155d52679285911d38928eaab4bfb20
rgb_anon/fog/train/GOPR0477/GOPR0477_frame_000353_rgb_anon.png,gt/fog/train/GOPR0477/GOPR0477_frame_000353_gt_labelTrainIds.png,f0c8ff8dc1e8c077a9caccaf114ca98a907c9af803c5a757546912a9ba1ad031,556ed0f069d5f2d86b68fb80d70a2fdc80dc060d342ebef9e7ee6eaec0897ab0
rgb_anon/fog/train/GOPR0477/GOPR0477_frame_000368_rgb_anon.png,gt/fog/train/GOPR0477/GOPR0477_frame_000368_gt_labelTrainIds.png,6644ef6931677fac2110b4413920ed38c9d6326f4fe81e45537b0f918fa38e76,fe88cf43de9edfb72e0423c9894d047b8da12485544857de9310fbedfcd9d6bb
rgb_anon/fog/train/GOPR0477/GOPR0477_frame_000374_rgb_anon.png,gt/fog/train/GOPR0477/GOPR0477_frame_000374_gt_labelTrainIds.png,1f883e8d5fccc4417229b38fdcd29e4f02ed2d7df26add048fc63f0844bd3b93,b2cc171b140715b995517c0ba3ebf3d528590136c8a25df5ebb1fed353c012a5
rgb_anon/fog/train/GOPR0477/GOPR0477_frame_000378_rgb_anon.png,gt/fog/train/GOPR0477/GOPR0477_frame_000378_gt_labelTrainIds.png,17550fcc2396b28b9baff3ad58a3c587255bb5f685f4afb98942544a30ed5fd9,a46896e05b6b81ed9d0fd801a7171a10570833c1c05e742a8dd48cdd30601d6d
rgb_anon/fog/train/GOPR0477/GOPR0477_frame_000384_rgb_anon.png,gt/fog/train/GOPR0477/GOPR0477_frame_000384_gt_labelTrainIds.png,47b1c5412fcadacf5f5dc03d2407cc066af66fcf5d8b757a4b9e52b166a1aa8a,682b13fc9745dd77164d9fc28faaee314fdeb316d81e16cffd4cd8c7da15a9a3
rgb_anon/fog/train/GOPR0477/GOPR0477_frame_000387_rgb_anon.png,gt/fog/train/GOPR0477/GOPR0477_frame_000387_gt_labelTrainIds.png,1f84e01d00dcd7876ce6d70590be5a6c8b3c8d0d7bdd9409db3a0d4700056628,98d6310d6a281ba97cb5be291a08b2f80f4b7a1a9dd3d206f2129c7e2689f99c
rgb_anon/fog/train/GOPR0477/GOPR0477_frame_000390_rgb_anon.png,gt/fog/train/GOPR0477/GOPR0477_frame_000390_gt_labelTrainIds.png,73eb19da23878f37d3955db38e864146bbf94d4be2ecda40081b4541869860ed,81a90ea9e6bb365962efacfebb31c77d27c3b86a6010fec04e6dadf60c0dc2c7
rgb_anon/fog/train/GOPR0477/GOPR0477_frame_000459_rgb_anon.png,gt/fog/train/GOPR0477/GOPR0477_frame_000459_gt_labelTrainIds.png,3d867b2fa24f3821f09a1d53cfb3f06cf29c84cb13a72bb49e1219a0640432a9,559998a6de8c678e6d02fe424d6071f587cfff79f5e60e0f73f51db83436165b
rgb_anon/fog/train/GOPR0477/GOPR0477_frame_000465_rgb_anon.png,gt/fog/train/GOPR0477/GOPR0477_frame_000465_gt_labelTrainIds.png,4d1cf706604299874ca89f5c584fff2f2121075c5255ad774505d3e76bd758d9,5c2db0d96bb2e6e9153c814e281b8f71252fd913e2a7006a88259e09f28b6c7e
rgb_anon/fog/train/GOPR0477/GOPR0477_frame_000468_rgb_anon.png,gt/fog/train/GOPR0477/GOPR0477_frame_000468_gt_labelTrainIds.png,65e2ced58f812261013971e9feb65c0ca29eef92cb67fb64015f11b3f45067ba,01a6140f126c70924135543edfedd0df4e0c28e35bfe803f0e3af88e6fc2cb45
rgb_anon/fog/train/GOPR0477/GOPR0477_frame_000471_rgb_anon.png,gt/fog/train/GOPR0477/GOPR0477_frame_000471_gt_labelTrainIds.png,ca908561f65b32c94694075f6e0f24240f390a5d23c89295be4aa70e54f1fc32,2ace77d8ac833e386411d21edf640b7bad8673ea6c24a94278b01ecf8977876b
rgb_anon/fog/train/GOPR0477/GOPR0477_frame_000474_rgb_anon.png,gt/fog/train/GOPR0477/GOPR0477_frame_000474_gt_labelTrainIds.png,b57c56a7332f23f8f1cb0fce69d19d69e40d71217856e3b85b734a598a9c2286,9759a0a273a49aa7c844ba55063272c8cf0a5b1a4d1b7c625c14ad4b0cde137d
rgb_anon/fog/train/GOPR0477/GOPR0477_frame_000477_rgb_anon.png,gt/fog/train/GOPR0477/GOPR0477_frame_000477_gt_labelTrainIds.png,62450b0f6f00b6d4bc8180fadb662acb1d9e7b05a2c877f452956b065fff8fde,04ac39329baf5f82a5eff5325166819766e1de6d846228193cdbeba6c68dc547
rgb_anon/fog/train/GOPR0477/GOPR0477_frame_000480_rgb_anon.png,gt/fog/train/GOPR0477/GOPR0477_frame_000480_gt_labelTrainIds.png,69d1db960f95d983e1caef110f97dea7f698faa2985b74636a931745c271547c,14104ca7eb5902dae368e57a143131f23907c774de724347ba4e45e6b55f32ab
rgb_anon/fog/train/GOPR0477/GOPR0477_frame_000486_rgb_anon.png,gt/fog/train/GOPR0477/GOPR0477_frame_000486_gt_labelTrainIds.png,417614c4e5c1682b34244b58b386ee8c94cec79f9ea0c367b7aba5b50faa2e01,dccbd2b147a68fa4679781e2300ce84db4c0c0480131258112b418f4b5edf27c
rgb_anon/fog/train/GOPR0477/GOPR0477_frame_000489_rgb_anon.png,gt/fog/train/GOPR0477/GOPR0477_frame_000489_gt_labelTrainIds.png,cf79d5c67760c9c76877ac46146566f34c965ef734c71ed003b02bf5fd010711,72ef96f6dc1a160defd99253d53e25128875198ca4fb8fa978a5adc119604c7d
rgb_anon/fog/train/GOPR0477/GOPR0477_frame_000492_rgb_anon.png,gt/fog/train/GOPR0477/GOPR0477_frame_000492_gt_labelTrainIds.png,a53d989c9d439f9edd06271c9a5b70dec01dda8f78e1d59d842f212ae62feb9c,c45d71b331b8399b5b98b68532f190bce10ed3e396ade9ff738b51a4af3dd294
rgb_anon/fog/train/GOPR0477/GOPR0477_frame_000498_rgb_anon.png,gt/fog/train/GOPR0477/GOPR0477_frame_000498_gt_labelTrainIds.png,9e08511ad504f08907ae653ac5fb8c6452d44cfbb053fa729fd30a876a8aa800,e68f458140dd39a6df01ebe00ad51a905270bdc2813ee0d68ae9b9b12abe0086
rgb_anon/fog/train/GOPR0477/GOPR0477_frame_000501_rgb_anon.png,gt/fog/train/GOPR0477/GOPR0477_frame_000501_gt_labelTrainIds.png,d26075ce65ba31485904ce5d38d99ab1c5f3982a002cf07c0632c3d5785991c5,0de40017f1a15658e971a4cc7174395cf785c4dcb5e0dad81ba1a8a775b647a6
rgb_anon/fog/train/GOPR0477/GOPR0477_frame_000505_rgb_anon.png,gt/fog/train/GOPR0477/GOPR0477_frame_000505_gt_labelTrainIds.png,e95254ab3a3bf140754d3149a35c08627ac59a6359b958728a3de99397b7738c,9e8b6150fb7433c2f250e2e3cd4e8f2c187d348026ae9fcd1af8bed31116aa35
rgb_anon/fog/train/GOPR0477/GOPR0477_frame_000510_rgb_anon.png,gt/fog/train/GOPR0477/GOPR0477_frame_000510_gt_labelTrainIds.png,5e04206568b9ff37e4becac76140949c11770c48e52c3bd9e143ba1c39502270,7605af40d747a7b35bbc27e9e85d9feee4cfc89a7144e3e05e431f983cf49926
rgb_anon/fog/train/GOPR0477/GOPR0477_frame_000516_rgb_anon.png,gt/fog/train/GOPR0477/GOPR0477_frame_000516_gt_labelTrainIds.png,4686c1b8151b2e88c468894737b2109eab70bcbb14c3a23b8707215deedadce8,be8cfb08c2d6ca23d0104586cf0a6e8570f022f77cf51a5c389fc8546ad7c0f4
rgb_anon/fog/train/GOPR0477/GOPR0477_frame_000525_rgb_anon.png,gt/fog/train/GOPR0477/GOPR0477_frame_000525_gt_labelTrainIds.png,1cd92edcf2e45d6d374aa4b6e2a928bd82000585926e2f0cc0f0c5727cadb87a,2348cb7ff7a3505d1b2df51c2a93545dbbeca83145b807b746c660a886a3baa8
rgb_anon/fog/train/GOPR0477/GOPR0477_frame_000529_rgb_anon.png,gt/fog/train/GOPR0477/GOPR0477_frame_000529_gt_labelTrainIds.png,f0a53f5a984892f21434eb430958b31d718edd2c9227e7f2853dae869cb2bc56,aaebcba6f52c87c708a053ff5e6bdbdef577956cca22f01bd04ac78ab05399cc
rgb_anon/fog/train/GOPR0477/GOPR0477_frame_000533_rgb_anon.png,gt/fog/train/GOPR0477/GOPR0477_frame_000533_gt_labelTrainIds.png,84b1e5da7935eaddd33929daaced544644fe5adbc34c49c5866faec1bf05a660,c644f98921c1227b1f511a837f96037e17ab5451e105d37da0a6aacd2980240f
rgb_anon/fog/train/GOPR0477/GOPR0477_frame_000537_rgb_anon.png,gt/fog/train/GOPR0477/GOPR0477_frame_000537_gt_labelTrainIds.png,fa30a447643e174ca508f0d4a8b24fbb27f4d7d4ef302eccbbd5f820845ef64e,cd0c4c83eabc35fed2ac87a03d0630d51f016ebe8802f6ea5ad10a5324f6dc25
rgb_anon/fog/train/GOPR0477/GOPR0477_frame_000541_rgb_anon.png,gt/fog/train/GOPR0477/GOPR0477_frame_000541_gt_labelTrainIds.png,cfa16fafef409348bb1f2da02f4b08085fc5e48f47a81d62a55e3ee4c18ab4ce,c696f7555bde5cf9cc89d87c84a7e0aa4a441f16c07d641fa51977a286598eb7
rgb_anon/fog/train/GOPR0477/GOPR0477_frame_000545_rgb_anon.png,gt/fog/train/GOPR0477/GOPR0477_frame_000545_gt_labelTrainIds.png,0fbd55ec46b1abb17b3caed89b61e0263a37223f1ad60556ffc57ccdbab31960,0dd6863a15a0b83f52bbfe5fe8b5bc6953b05faee3dc48b9b5495aaf6b7c8cdc
rgb_anon/fog/train/GOPR0477/GOPR0477_frame_000549_rgb_anon.png,gt/fog/train/GOPR0477/GOPR0477_frame_000549_gt_labelTrainIds.png,68385e2d4b1b16097835a4e207cd0ab14a9f1d83f76e8c63a9fee85f875e3e60,a1216de6a923491744961b7e5fe6372cccc954e0ef3ac6e50713ba182022f339
rgb_anon/fog/train/GOPR0477/GOPR0477_frame_000553_rgb_anon.png,gt/fog/train/GOPR0477/GOPR0477_frame_000553_gt_labelTrainIds.png,691dbc254705a38f3461c2e02f22a1ec32d8d1880ebbdf15f8115cfe8f6565f4,008dccdfb35bb6c9ae7771d1d7080f62646b3165e1b7b22b1e1948d8da091d3e
rgb_anon/fog/train/GOPR0477/GOPR0477_frame_000557_rgb_anon.png,gt/fog/train/GOPR0477/GOPR0477_frame_000557_gt_labelTrainIds.png,4ee14e98a5c50008c556899ad1003de9526ff073defe2488325a21ec8187337b,85ddce55fac2279fd799a12d7261ac69f2f1bd97f9e7b2df537fce515edab901
rgb_anon/fog/train/GOPR0477/GOPR0477_frame_000561_rgb_anon.png,gt/fog/train/GOPR0477/GOPR0477_frame_000561_gt_labelTrainIds.png,a20f8498e879623baa91aeec5f95d672c2af18cca7bc1a0cb817de45443e1c4a,2eb9b63a6a42c86d11d0fcd5d4c8bd1a2ec5a6cb3de36f494f3a65dfeff9578f
rgb_anon/fog/train/GOPR0477/GOPR0477_frame_000565_rgb_anon.png,gt/fog/train/GOPR0477/GOPR0477_frame_000565_gt_labelTrainIds.png,08837643e7632a2b9072280656fa52b86fc5d317b5522c6270f7984963f3b056,16a44dfe866bde9775bc914bf2e7168d61d0cf283a86246c76bd4ebcadc418cd
rgb_anon/fog/train/GOPR0477/GOPR0477_frame_000571_rgb_anon.png,gt/fog/train/GOPR0477/GOPR0477_frame_000571_gt_labelTrainIds.png,1647f6d4ea2209b26d543e5e038b9d5ae1a91f59932f854772d06ccb3c8d466a,a70818594f8a577a12a1c91739ff7abbb5c23b9d7c3e0e76aedfb53bfeac41b2
rgb_anon/fog/train/GOPR0477/GOPR0477_frame_000591_rgb_anon.png,gt/fog/train/GOPR0477/GOPR0477_frame_000591_gt_labelTrainIds.png,02d381eb37cc2c966d0ee694d49ec08ec2be94a99f15e5819e43588e4686dffc,75d215cbb416a88d0d9e54b967a5197b011e7a905f3740165637711e0690746e
rgb_anon/fog/train/GOPR0477/GOPR0477_frame_000599_rgb_anon.png,gt/fog/train/GOPR0477/GOPR0477_frame_000599_gt_labelTrainIds.png,e0eea685053583ac9a7dc48d93977f02a2d78879f7c701501a6457b06eedb60e,803d0d929c57e9d4c70e17f095bb1db7aabc1dc34158f94f84ec864866b401bf
rgb_anon/fog/train/GOPR0477/GOPR0477_frame_000603_rgb_anon.png,gt/fog/train/GOPR0477/GOPR0477_frame_000603_gt_labelTrainIds.png,70c7c192c910a595ef26914b1a860c7e15bbe7591bfe2bb976540b78b0b01262,a59b9e588cdf439122600bb050542e4a021b3443b98f5a0ebbe8de4c7d65b5d2
rgb_anon/fog/train/GOPR0477/GOPR0477_frame_000607_rgb_anon.png,gt/fog/train/GOPR0477/GOPR0477_frame_000607_gt_labelTrainIds.png,b790fef122c343dd1fff5b02bf6d629395e0898bab0d135555157dc80833e520,b9037187ed6abc0755b7f3935e060b5fb6ff99bf43f386db17464ed31fbaf2d2
rgb_anon/fog/train/GOPR0477/GOPR0477_frame_000611_rgb_anon.png,gt/fog/train/GOPR0477/GOPR0477_frame_000611_gt_labelTrainIds.png,970fae899682c14c9c9af7b89b3e0df9fa6a91c234460fba7a39cb42d5650700,c890ccbd7fad84a7665734b9d3d4d9a49a296e0a15de368303839ad9c17c967a
rgb_anon/fog/train/GOPR0477/GOPR0477_frame_000614_rgb_anon.png,gt/fog/train/GOPR0477/GOPR0477_frame_000614_gt_labelTrainIds.png,4284ecad12d45c331e4b0e7b3f195a386d82e0c3fb421664c3b582c494eb12dd,1b16e8e9fe6572767d4e4b410c8731565975c035b8696ad42df30e19874e73eb
rgb_anon/fog/train/GOPR0477/GOPR0477_frame_000617_rgb_anon.png,gt/fog/train/GOPR0477/GOPR0477_frame_000617_gt_labelTrainIds.png,155e7ae4c943c802e239dcde277d14a5dc06938457b609f66b76dc851ca480b7,c2fede87ef3bbe38be6ffc2096088b32b6e0cf65b889d5f7e12581e160f00229
rgb_anon/fog/train/GOPR0477/GOPR0477_frame_000621_rgb_anon.png,gt/fog/train/GOPR0477/GOPR0477_frame_000621_gt_labelTrainIds.png,ba6e603815b3e206c5c182026d76aa962feb69206663d2204b7539d19200a47a,3a838ef91984fb195a665094e1c8772ebb1c8e831bc40d3f7027543951377896
rgb_anon/fog/train/GOPR0477/GOPR0477_frame_000625_rgb_anon.png,gt/fog/train/GOPR0477/GOPR0477_frame_000625_gt_labelTrainIds.png,c9c10ce9ab81b7647f7f3512731182c7c1780e6e50b399503a543d6419ee1aee,06e73381dae3d06f7507fd84a8c856136d78e82ef6e0e3d39f914097f0c77beb
rgb_anon/fog/train/GOPR0477/GOPR0477_frame_000633_rgb_anon.png,gt/fog/train/GOPR0477/GOPR0477_frame_000633_gt_labelTrainIds.png,ffeb4dbcd06dcb530eb9d3f421658807599eeaf138722fd2f3e5a088a831c626,9a8cabdd300f54e6d13cb422484de9d6e50e3bce7a8d17501a4464f3745d6bc4
rgb_anon/fog/train/GOPR0477/GOPR0477_frame_000653_rgb_anon.png,gt/fog/train/GOPR0477/GOPR0477_frame_000653_gt_labelTrainIds.png,23f09f2f8eba6b528e9a067fc175d0e3a46727c9b78db280c0fae7dff3f86e00,309709376f58939b48e4608a1e4670f4e1c66fcd87d2144a396979db097ef8a6
rgb_anon/fog/train/GOPR0477/GOPR0477_frame_000665_rgb_anon.png,gt/fog/train/GOPR0477/GOPR0477_frame_000665_gt_labelTrainIds.png,e4a37fd36672fa91f6b96c234d304d1ac6d94c42f0b9738796de3f7aeb6ff03b,593f89869b3637f4d12a60023fb566a125c06c1b2dcaee04b0887f73d48a10c3
rgb_anon/fog/train/GOPR0477/GOPR0477_frame_000669_rgb_anon.png,gt/fog/train/GOPR0477/GOPR0477_frame_000669_gt_labelTrainIds.png,dbfd2e3b80fe58fd170b906c73c8eb89b726620a94efeb4b25ccbbd84463896a,68cd4ec5922494f0916d26cbeff43a95d2cfa7181d371f3c58b68e58e82811ae
rgb_anon/fog/train/GOPR0477/GOPR0477_frame_000673_rgb_anon.png,gt/fog/train/GOPR0477/GOPR0477_frame_000673_gt_labelTrainIds.png,2770057a5dbef832b8fc5c528611f094800177fecfce46f88450bb3812030f1a,716c5d482a812c7a4dde61b6eb100634519d9b10e540a0810f326036a32d5b0d
rgb_anon/fog/train/GOPR0477/GOPR0477_frame_000677_rgb_anon.png,gt/fog/train/GOPR0477/GOPR0477_frame_000677_gt_labelTrainIds.png,69c6b42d116d80b2b2307f2de06773d5ad72c5b92136fdad69c891a9cc55df71,c93e2063acf84e3acd45ceed590d27b54c29be4b917b107cc451c9f99bfc72d3
rgb_anon/fog/train/GOPR0477/GOPR0477_frame_000682_rgb_anon.png,gt/fog/train/GOPR0477/GOPR0477_frame_000682_gt_labelTrainIds.png,1123cc3aeb86561e05c21a0316a7cde9c544b863a4bdd7598f5f955dcb40f0ff,dcbba7685db17e55567926a1d7e7a5cd2653956c8810f1ae9cc4e5b8e4145317
rgb_anon/fog/train/GOPR0477/GOPR0477_frame_000688_rgb_anon.png,gt/fog/train/GOPR0477/GOPR0477_frame_000688_gt_labelTrainIds.png,3f6cb95623dcaffa1ebb2323a3b9d566a481050c3fdb8f08a25bde11c7102947,4d8f2f8887b28e79982cd2024f8018c9df8d1afe016ff85e529b766d8a64969c
rgb_anon/fog/train/GOPR0477/GOPR0477_frame_000700_rgb_anon.png,gt/fog/train/GOPR0477/GOPR0477_frame_000700_gt_labelTrainIds.png,12f339d1ca47ccd0017562df1a014b4d793d1eba810bc5146a778f4cad7bd912,6b58f5be61d20c3afdf2a58a7e33da2edc15515de227181ee8a77a8521172234
rgb_anon/fog/train/GOPR0477/GOPR0477_frame_000706_rgb_anon.png,gt/fog/train/GOPR0477/GOPR0477_frame_000706_gt_labelTrainIds.png,ce714f3894a8d6610aa19dfa22e104ed6d7ac44c0a7fd4b1e79025005bb6477d,ea15bcedadad8a7d2ac094ae80974c73673e819ab5383e4f841cc723ce83653d
rgb_anon/fog/train/GOPR0477/GOPR0477_frame_000711_rgb_anon.png,gt/fog/train/GOPR0477/GOPR0477_frame_000711_gt_labelTrainIds.png,155d178bc207ee3852afed72ab392a6226d7c1789525cd45843798ae3e841fbe,5701f797833d66e06761d0fc1a925b2be8b404c3154682ca395b590723974d91
rgb_anon/fog/train/GOPR0477/GOPR0477_frame_000717_rgb_anon.png,gt/fog/train/GOPR0477/GOPR0477_frame_000717_gt_labelTrainIds.png,b9f0c4b8655641106c32607e9fc6b92945f16fcf14e02bd6153082fa41820c49,bf7c735eb143ca7ba730383dc7e896604e951ddf9a3939c00901e4abc45edd80
rgb_anon/fog/train/GOPR0477/GOPR0477_frame_000722_rgb_anon.png,gt/fog/train/GOPR0477/GOPR0477_frame_000722_gt_labelTrainIds.png,419e7670a1f186122594c205a735852617ce5d67c62efc810e7f01dfb4cdc410,46928959791d57d1492897bb007c0d52aa61d0a9f3c616c9ae0f7e10fcead399
rgb_anon/fog/train/GOPR0477/GOPR0477_frame_000727_rgb_anon.png,gt/fog/train/GOPR0477/GOPR0477_frame_000727_gt_labelTrainIds.png,32ac6a57e1db5ed20cc5faa63ba3cc8e32a51b0c89e1b61c0f1a822af6485c30,4b0990305c1b50fa17f9f3f15784cab83dede81cb90fffee411cdc5a64e4bcbe
rgb_anon/fog/train/GOPR0477/GOPR0477_frame_000732_rgb_anon.png,gt/fog/train/GOPR0477/GOPR0477_frame_000732_gt_labelTrainIds.png,99bf6b1de87e7516328c26f52e4f7ff9f6409224d3c52b374bd6ec17d3f4cfd1,ae3af377f886cf7545b67a77046f61b5321ce0f344e11c722366f4aad21daecf
rgb_anon/fog/train/GOPR0477/GOPR0477_frame_000737_rgb_anon.png,gt/fog/train/GOPR0477/GOPR0477_frame_000737_gt_labelTrainIds.png,29e2cec6cb494e706fa36ee607c6b0ae4a6fe15ee9cf9eabf94568ac7c0ac908,78d04f422e2650f015c6e7d6739c66464cc70461d9a4de2748f263749ad9422b
rgb_anon/fog/train/GOPR0477/GOPR0477_frame_000742_rgb_anon.png,gt/fog/train/GOPR0477/GOPR0477_frame_000742_gt_labelTrainIds.png,d32c91bf0163cd9f285e475b6f1e5502397175a33e9f99bdd68e65e850ac211e,18678ade1e8147f213c4033f2b479728b25ab8c4c20e4abb7caf2fdd0b1d77cf
rgb_anon/fog/train/GOPR0477/GOPR0477_frame_000746_rgb_anon.png,gt/fog/train/GOPR0477/GOPR0477_frame_000746_gt_labelTrainIds.png,189adb7444b53e59566b334010d7e48cd98ce94afdd1f570cfd533e223797980,adb2f3a4fd05b02d02c5d15bb4e62523c64ebb1cb7c2cb70b75df360efdce9c5
rgb_anon/fog/train/GOPR0477/GOPR0477_frame_000751_rgb_anon.png,gt/fog/train/GOPR0477/GOPR0477_frame_000751_gt_labelTrainIds.png,3bf3ef34834033fecbf2f0e9ac39a215b6df9774046375f1bc3d4906278f43c5,65c3bb303672a84ae84c3016071ad41d958c77c3e2f9d5bb37b0b45c8b844d32
rgb_anon/fog/train/GOPR0477/GOPR0477_frame_000756_rgb_anon.png,gt/fog/train/GOPR0477/GOPR0477_frame_000756_gt_labelTrainIds.png,9df113c9b9ef0a4d6217864805a63a48875588a69f7c900658b9ce465a3443e4,2fa9073339f4e7058c29e5b739bae16dc9dc20aa207b2455a7b90287920c9ea3
rgb_anon/fog/train/GOPR0477/GOPR0477_frame_000761_rgb_anon.png,gt/fog/train/GOPR0477/GOPR0477_frame_000761_gt_labelTrainIds.png,5a2cc9336aa0bb24f2103f3a359f9f9a08c6769daab652e3c10598973709a4a2,a85d993fbbe8c62428e431bef7f66aea19971576a1c86eb57d9afe19f5199831
rgb_anon/fog/train/GOPR0477/GOPR0477_frame_000766_rgb_anon.png,gt/fog/train/GOPR0477/GOPR0477_frame_000766_gt_labelTrainIds.png,6914547cf840e4dc67cb6d85f272ef1ce87d39ff5f81d37c199c891d6477109e,996ca235e375734969f35d8aca3b8fefe49900289a9e566054ab1ea98a48fe91
rgb_anon/fog/train/GOPR0477/GOPR0477_frame_000770_rgb_anon.png,gt/fog/train/GOPR0477/GOPR0477_frame_000770_gt_labelTrainIds.png,ce68b47d820cf4cd5d39282119e48560ebf2f786a35b83e36437f623417999f1,b3311f1457767a42a64b8d4f70ea8ac0d72350f75f00d840b665ccc350873020
rgb_anon/fog/train/GOPR0477/GOPR0477_frame_000774_rgb_anon.png,gt/fog/train/GOPR0477/GOPR0477_frame_000774_gt_labelTrainIds.png,940a08c38b2e77d7ec523d7b580ed7e8783f9c9e01f0749434dc5f4505d5bbfc,a032ea96eebc5dbcabc93d8e71712dbae047e776a66e1362dd0e7700fe95eadc
rgb_anon/fog/train/GOPR0477/GOPR0477_frame_000778_rgb_anon.png,gt/fog/train/GOPR0477/GOPR0477_frame_000778_gt_labelTrainIds.png,ee629259c7cd57c442aabfa4b1726def4729d289d70909db24115c3a75579c79,d29dd68462ffe2123c4cd584663eb60f9a2ca15b3e6e9a843e62d1bc5e061522
rgb_anon/fog/train/GOPR0477/GOPR0477_frame_000782_rgb_anon.png,gt/fog/train/GOPR0477/GOPR0477_frame_000782_gt_labelTrainIds.png,37721631656fe688de41a70ddde5282c85593105d5ccb303cd82d8c9ddf362a8,02a694d27cb8c1558f37cf08e7cfe858d1622d6b0ac70183ccc9d7609074114c
rgb_anon/fog/train/GOPR0477/GOPR0477_frame_000786_rgb_anon.png,gt/fog/train/GOPR0477/GOPR0477_frame_000786_gt_labelTrainIds.png,735bd66bfd9c70c88ecb8fb47ad46fd11f9f09b8c55aadce57370252b8d20f0b,5d427f18896234d9fb22a534b19591f9fbce975e42e6d6680f678f5217db5098
rgb_anon/fog/train/GOPR0477/GOPR0477_frame_000790_rgb_anon.png,gt/fog/train/GOPR0477/GOPR0477_frame_000790_gt_labelTrainIds.png,66cc51283a3727ae0137ff5512450a37b6a9cdce9a76fa012de78f83643940f0,657bdd521823346a7d3aada2cec515642f06f163f1acaa15979d7bc82e8866ae
rgb_anon/fog/train/GOPR0478/GOPR0478_frame_000017_rgb_anon.png,gt/fog/train/GOPR0478/GOPR0478_frame_000017_gt_labelTrainIds.png,a37ee531846870e11ff3778da39d1e1dac207985ebcc709421c64545676a32a6,db2a23f4ec2cb3f5bd5e82d8129144c57723c7d6e3be2206c3075b58e3ab7bd2
rgb_anon/fog/train/GOPR0478/GOPR0478_frame_000021_rgb_anon.png,gt/fog/train/GOPR0478/GOPR0478_frame_000021_gt_labelTrainIds.png,5c00d97de24594e58dbcba70ea28645bb9d011c6303e380f2521b8c9b7b30092,9027a900b425ed87072da7d8a0f0c97120afd79935b589f92ee6ea92088e556c
rgb_anon/fog/train/GOPR0478/GOPR0478_frame_000025_rgb_anon.png,gt/fog/train/GOPR0478/GOPR0478_frame_000025_gt_labelTrainIds.png,51caf4c7270d8d39f3024c320c777e5c1979297d759563c8ac6b119222dda6c0,706814a4f487ba25d8b1ebdda06ff919c737b9f2259f4114082fa1108c848ad8
rgb_anon/fog/train/GOPR0478/GOPR0478_frame_000028_rgb_anon.png,gt/fog/train/GOPR0478/GOPR0478_frame_000028_gt_labelTrainIds.png,f71aea19ebacb5709c4d1505c78d9223eb0a1c5c0b393e998e1807ca03071a0e,1fb6a2b4fd3d18d2de9f3f79fc591fcfc72eb16334e199aa4fd4ce5ba35548d9
rgb_anon/fog/train/GOPR0478/GOPR0478_frame_000031_rgb_anon.png,gt/fog/train/GOPR0478/GOPR0478_frame_000031_gt_labelTrainIds.png,ca0a295f7bdb673a98aa82260010dad380fee5de99c25743e624098ebe2528bc,cac1d2a96ae16c215969df6362e8b2cc0c73bbdd98f4cce2ae2d5d4e20e9a3c8
rgb_anon/fog/train/GOPR0478/GOPR0478_frame_000034_rgb_anon.png,gt/fog/train/GOPR0478/GOPR0478_frame_000034_gt_labelTrainIds.png,93c272245f545b9cd7264ccb4b153b8fab9fbad13c37c196e9fb8cb3d1cf70bf,7b3e1665a1b81edda68246be9dd39a513b173c30d201d3d591a471a2a05a693c
rgb_anon/fog/train/GOPR0478/GOPR0478_frame_000037_rgb_anon.png,gt/fog/train/GOPR0478/GOPR0478_frame_000037_gt_labelTrainIds.png,2125f5c8eba02b8afc23ca3cf68f66ae7598366292f72c47be48e30b702b1f5c,32f583e01d3b16d5ef0301ab14a129aaaa710fce38b1245b2aff2c62629dc69a
rgb_anon/fog/train/GOPR0478/GOPR0478_frame_000041_rgb_anon.png,gt/fog/train/GOPR0478/GOPR0478_frame_000041_gt_labelTrainIds.png,97dbff9bf2786ae87eedbf444727ad861a8ca489c551b4181ab265a101f5a5e1,96ffb2b3dc8ddd21d44b7002e648e5d850a6079e49ec547c6dd5ef64194b2d30
rgb_anon/fog/train/GOPR0478/GOPR0478_frame_000045_rgb_anon.png,gt/fog/train/GOPR0478/GOPR0478_frame_000045_gt_labelTrainIds.png,f92e504e14a251052b0402016d70aef373237536888c3dce455723f3a27f43b9,4542c49076ac3b6e697752124c3ca01d1b7b51d1b0b84b1a0d0ac06a81a2f101
rgb_anon/fog/train/GOPR0478/GOPR0478_frame_000049_rgb_anon.png,gt/fog/train/GOPR0478/GOPR0478_frame_000049_gt_labelTrainIds.png,cd133f2abcb8ef5e570901bc437e89b4d3a55c12bec2f6a090d2e6b53f6eceaf,41754e404ab37debe6b102cd98a446752b6a7e3af8ba77b13d8ef0426c462e7b
rgb_anon/fog/train/GOPR0478/GOPR0478_frame_000055_rgb_anon.png,gt/fog/train/GOPR0478/GOPR0478_frame_000055_gt_labelTrainIds.png,127ba13267139b18f26a1d6171cde5a8a8c5db9c11dc101f89db168512a0a8ba,55b934b3c3f0781b1d7de13b4e66217ab933d1f79db5f79beec497e134a15786
rgb_anon/fog/train/GOPR0478/GOPR0478_frame_000075_rgb_anon.png,gt/fog/train/GOPR0478/GOPR0478_frame_000075_gt_labelTrainIds.png,3f5aebf254a6cc8422537a8c20f2f3e4ac5a3ac17f05404759f2f9e219b80b2b,28e7581df70381f2e31a10044984829ff858f935af08d06254b7048ed8870b1c
rgb_anon/fog/train/GOPR0478/GOPR0478_frame_000095_rgb_anon.png,gt/fog/train/GOPR0478/GOPR0478_frame_000095_gt_labelTrainIds.png,df5c716953ff225890955c848604a002e5270f09ef33fdd3ddc81adc8d758047,c2b169c8e71cc3a3dae2414750e2c72e1b8bdcd4fefc4293b658aa5ad8d9b06c
rgb_anon/fog/train/GOPR0478/GOPR0478_frame_000115_rgb_anon.png,gt/fog/train/GOPR0478/GOPR0478_frame_000115_gt_labelTrainIds.png,beae4623f93c15f1e88183ba8fbb7c63ac64ed4fd91da2ed69bedb4d92718fc6,89c676d55b334873f5314d68710c6f2ea3848532cd5e77409ff147f7688f825c
rgb_anon/fog/train/GOPR0478/GOPR0478_frame_000132_rgb_anon.png,gt/fog/train/GOPR0478/GOPR0478_frame_000132_gt_labelTrainIds.png,70b4fa184c165f2cbc979f37dcc38474768b0ceb82f71534b665de17b5cb5a43,a211dec758d3e1f77a7b482d123d06de4629f3d173f7d1787e4d48f83740724d
rgb_anon/fog/train/GOPR0478/GOPR0478_frame_000136_rgb_anon.png,gt/fog/train/GOPR0478/GOPR0478_frame_000136_gt_labelTrainIds.png,e7b9e53d90f7912e261bb7d21ecea0d4cc8a1a8ddce298e6377900ea8aae2b32,b4edd00dc5c9ed94586ae1be7d9e4427db4a74bd26f0e984b351bb784d02c7ff
rgb_anon/fog/train/GOPR0478/GOPR0478_frame_000140_rgb_anon.png,gt/fog/train/GOPR0478/GOPR0478_frame_000140_gt_labelTrainIds.png,6e1c8981a94324d0c93d0fc34e52929cd51157679fcf2af9fb36eb2341ac2d12,3778f91d0656b6482d6baa821ca35bee0f640c1c46e25d360974aa97d279e010
rgb_anon/fog/train/GOPR0478/GOPR0478_frame_000144_rgb_anon.png,gt/fog/train/GOPR0478/GOPR0478_frame_000144_gt_labelTrainIds.png,ae8e2d1947d4bb97846b5e51f6fd7152614a7346d1637834ed64040eaec8a173,fa8c9a160bfdbbe5a2ef61180b6b2fc58a57cf2d94c757211237c6718c4cfa47
rgb_anon/fog/train/GOPR0478/GOPR0478_frame_000148_rgb_anon.png,gt/fog/train/GOPR0478/GOPR0478_frame_000148_gt_labelTrainIds.png,f87c5bd3112fbc88e4ccbe631e53743590801784e6989a1b9badcf548120c7eb,477d2948f3b815e26a46844bf6271d5f41c3f3e0ce62c0522450ebee9d5305f0
rgb_anon/fog/train/GOPR0478/GOPR0478_frame_000153_rgb_anon.png,gt/fog/train/GOPR0478/GOPR0478_frame_000153_gt_labelTrainIds.png,d7b3b3a796209a3d446b6487b1d69e330456ff652578d4f3382001efd4a61c4f,50f701370ba66ff62dd55a729f5c8bf675f6c21311386b6b1a7123058a727dd3
rgb_anon/fog/train/GOPR0478/GOPR0478_frame_000159_rgb_anon.png,gt/fog/train/GOPR0478/GOPR0478_frame_000159_gt_labelTrainIds.png,6fa1d597665fe6006ba16510ab4140ed04c387e99d6481a4bd539079f06381c2,ca18b634b71d1d3b0d5b090ba8340dcbe8c8b0887353ea1c3e202840402dccb4
rgb_anon/fog/train/GOPR0478/GOPR0478_frame_000177_rgb_anon.png,gt/fog/train/GOPR0478/GOPR0478_frame_000177_gt_labelTrainIds.png,83480ba193f7ff2022b248ff84550edebe90531436b5f3b53d6d8d56e27b8e4d,e8d52b5b5dba5dfc3882ecb66442b30b0a27defcecfbcd167be330f80e395a55
rgb_anon/fog/train/GOPR0478/GOPR0478_frame_000182_rgb_anon.png,gt/fog/train/GOPR0478/GOPR0478_frame_000182_gt_labelTrainIds.png,b7b3a9d8e442fadfb41efb7240a70dfc1f04dc70b07e7da4daa2c8fb912bf121,a5ccff99ecbf8f1818b8675503f02b02daa4c94d4f06d2823fa9ebab214f73aa
rgb_anon/fog/train/GOPR0478/GOPR0478_frame_000187_rgb_anon.png,gt/fog/train/GOPR0478/GOPR0478_frame_000187_gt_labelTrainIds.png,af3c821daf8fbc24bda66a0db914ec538f832f7c7ba82e1570742346e4c0fbfc,e487424a2fda5cd269453efdfa16ed2603f6473f16f5460d7f393783cff83807
rgb_anon/fog/train/GOPR0478/GOPR0478_frame_000191_rgb_anon.png,gt/fog/train/GOPR0478/GOPR0478_frame_000191_gt_labelTrainIds.png,bfee798c0e8153eb4b47e8452318f1afb2ed996efc9e50b0084664c85a7bba8f,15b5250945aed0e46ee6feb64ebed7b834cef41c1b80e985f9e99d7e89414990
rgb_anon/fog/train/GOPR0478/GOPR0478_frame_000195_rgb_anon.png,gt/fog/train/GOPR0478/GOPR0478_frame_000195_gt_labelTrainIds.png,8aaa2f8b2be8a56e44c47ac6b75f5326f74257c47f28ec5547dd254dd2bc3726,c8f1101f58ff6039ba8bcd04f87834f1d7c31e0e30575abe45115071b905b6d5
rgb_anon/fog/train/GOPR0478/GOPR0478_frame_000199_rgb_anon.png,gt/fog/train/GOPR0478/GOPR0478_frame_000199_gt_labelTrainIds.png,a38333ae02331d7e3f2a02f74fa1c5f2046a25070f260139f9b6385a93e765d4,46f624ae61ae03b72191bf33137e661080360568dbfb487712e0c592ba736f94
rgb_anon/fog/train/GOPR0478/GOPR0478_frame_000203_rgb_anon.png,gt/fog/train/GOPR0478/GOPR0478_frame_000203_gt_labelTrainIds.png,6608c8da1135f580e0716d1bb22fe7e0db0762a3155f0479ea38af1784f14bc9,63a2a80932b65e12b6ee2043415b8892c25f4b59ceea106bc6a7f746e6e5458e
rgb_anon/fog/train/GOPR0478/GOPR0478_frame_000207_rgb_anon.png,gt/fog/train/GOPR0478/GOPR0478_frame_000207_gt_labelTrainIds.png,f45f602ccbb4a4fe5f7858b86d35c384ca95b0071f51545863a1827f664535e3,a2ee13b40f3d5a9a57f0a4de9547d0084d2d7fa95b6b764b3d8a1972484405f4
rgb_anon/fog/train/GOPR0478/GOPR0478_frame_000211_rgb_anon.png,gt/fog/train/GOPR0478/GOPR0478_frame_000211_gt_labelTrainIds.png,af35930a0538b0d014ee41ca8b4c5d27fe97cdd6058e31dd8e73b83b7329bacd,3f795bc0ea2a99b9a25fb9d862fa278249f8877993b0314e61c6f182c6dde4ed
rgb_anon/fog/train/GOPR0478/GOPR0478_frame_000215_rgb_anon.png,gt/fog/train/GOPR0478/GOPR0478_frame_000215_gt_labelTrainIds.png,0ab2f0b70660169e7b56c366a3588f4ec572f03da886404400e39a4436d4dea6,66f20427ba7c101c316c6ec58f994aa21656da62ff900241f72f07a17bde1ebf
rgb_anon/fog/train/GOPR0478/GOPR0478_frame_000219_rgb_anon.png,gt/fog/train/GOPR0478/GOPR0478_frame_000219_gt_labelTrainIds.png,55d63991f96afe9bda4f9bd9770b07d34a37ea2e3193f6160fc6499045cbd855,82ca9e72b08091e9738d9c371f35d51264a29f2ecc7a3b1d66c57f67384baa07
rgb_anon/fog/train/GOPR0478/GOPR0478_frame_000223_rgb_anon.png,gt/fog/train/GOPR0478/GOPR0478_frame_000223_gt_labelTrainIds.png,bd1e94722b2a6944aa0212e9c7f28352a4410b636c6b980981652ba4a3dc7983,0056270c89112cc893b1b77ab32644b338ae715e3538a24404104312ba42f380
rgb_anon/fog/train/GOPR0478/GOPR0478_frame_000227_rgb_anon.png,gt/fog/train/GOPR0478/GOPR0478_frame_000227_gt_labelTrainIds.png,39af7c461e1cef386e9a444bac40adbd6b271b01634070a0ce112af72f127fe6,935cd31b82859bc472da9fca49e01f7be0dc57f850674052ffb1e7b4fc6b0126
rgb_anon/fog/train/GOPR0478/GOPR0478_frame_000231_rgb_anon.png,gt/fog/train/GOPR0478/GOPR0478_frame_000231_gt_labelTrainIds.png,6173586c17d5ada15d01c807eb5e36266c121a199b526d0155f133816380aae0,d0dbdd062f51f792249f54fe612b828feaa0924992084fcd662e4af6eb1ac429
rgb_anon/fog/train/GOPR0478/GOPR0478_frame_000235_rgb_anon.png,gt/fog/train/GOPR0478/GOPR0478_frame_000235_gt_labelTrainIds.png,88699a7ddc9af5473ad7733a2c84d823a1e30464fa460d40d9fd1f4aab55d057,122fc60d53e5fc71390e9f8f87cce687c4327aa6b58d48b422b7bc3d6bff5835
rgb_anon/fog/train/GOPR0478/GOPR0478_frame_000239_rgb_anon.png,gt/fog/train/GOPR0478/GOPR0478_frame_000239_gt_labelTrainIds.png,ae3eb8066d31b5e2c9e1513f304afaa9b3c6233d6dc7c5196b20fb8307c55dfb,490a55dfa9e52db102cf7364378864108df36439e39261da5e68c3249a63d42f
rgb_anon/fog/train/GOPR0478/GOPR0478_frame_000243_rgb_anon.png,gt/fog/train/GOPR0478/GOPR0478_frame_000243_gt_labelTrainIds.png,e1ce49028ee9671f475f1a50e27094fdd7b99e4a703f3dd3ee255c58f80a2535,dae6ffd2b8c9947fcea39fedb3f91defdfe7ac484a7d1d6a02280a758e1dd483
rgb_anon/fog/train/GOPR0478/GOPR0478_frame_000247_rgb_anon.png,gt/fog/train/GOPR0478/GOPR0478_frame_000247_gt_labelTrainIds.png,7a74e1bd11afb51d283b0c47999f99cf3d1b98de4073d166f0656d502ca55115,4ed4f84b87ae76c3dbc704064a9b9493ac3bcc0f89b1cbb3fe86c5e3f4e1560e
rgb_anon/fog/train/GOPR0478/GOPR0478_frame_000251_rgb_anon.png,gt/fog/train/GOPR0478/GOPR0478_frame_000251_gt_labelTrainIds.png,8564d6c8b9737c4bf47406d1ba4698db6111c6721cbf2cc2855eb462ca03d234,52ddde28f0f08fb3c71e8dbaf5c4a66ff36692c983b2d553aa6ba8e310a52de3
rgb_anon/fog/train/GOPR0478/GOPR0478_frame_000255_rgb_anon.png,gt/fog/train/GOPR0478/GOPR0478_frame_000255_gt_labelTrainIds.png,7a5757a5327bc58ef88082a87e8f1497b2e6ebb67183167b39c32eb5080cfdfb,839b0cd3a3320f5bcc179ee54989d744c235e0c1303408039eb7604c9455421c
rgb_anon/fog/train/GOPR0479/GOPR0479_frame_000031_rgb_anon.png,gt/fog/train/GOPR0479/GOPR0479_frame_000031_gt_labelTrainIds.png,5aad3e342a8d0125550dd25b7e1c5eef33bb8ed0276ccb7fea285923c45a6960,5ca20bb556d78f916c08b0fa3c6511a60e673ca1c657665eee7590fb155eaf99
rgb_anon/fog/train/GOPR0479/GOPR0479_frame_000033_rgb_anon.png,gt/fog/train/GOPR0479/GOPR0479_frame_000033_gt_labelTrainIds.png,3ef9649864f157efe6a056f6d117abd66bb13799058794603bf6132926f73b18,0ef2a3ab0c8df547bee9c08b69f58373aab4d50509cc38f8f587b36ead01692b
rgb_anon/fog/train/GOPR0479/GOPR0479_frame_000035_rgb_anon.png,gt/fog/train/GOPR0479/GOPR0479_frame_000035_gt_labelTrainIds.png,e2cec526db670e2fbc6a24437f17b94ab11d577859a5111af59aa4c800ad4c7c,da694fcfe3a2e40cfbe035ababd732b2f044cc8f3f5414414a466c9ab29bc843
rgb_anon/fog/train/GOPR0479/GOPR0479_frame_000047_rgb_anon.png,gt/fog/train/GOPR0479/GOPR0479_frame_000047_gt_labelTrainIds.png,ee17c4c5fd64d869588632fca2c9d316483ab54dc9d1b0ab44c136b773297934,b6142f35c41af4c2feaf578eaaccb6729ff6e5199c8441ef741b5e885de0d3bc
rgb_anon/fog/train/GOPR0479/GOPR0479_frame_000073_rgb_anon.png,gt/fog/train/GOPR0479/GOPR0479_frame_000073_gt_labelTrainIds.png,3bd1734e0b9aae089ec1ccb881fdd7025b67b4cfb818cdc8d442faddbc77c8b9,6f7aa4593728cb609d784fa27a1c4db96ce13131c69a885159d23f5cb1c3ed8f
rgb_anon/fog/train/GOPR0479/GOPR0479_frame_000077_rgb_anon.png,gt/fog/train/GOPR0479/GOPR0479_frame_000077_gt_labelTrainIds.png,d39eb7a3b2c3c598b43263df53d192e3fac074c8c0c154a544bb8eb7c545dc82,8a67d88ebcf9e14b1a45500ecab40df2b5fe312a3db6680676e4b7ab132c6277
rgb_anon/fog/train/GOPR0479/GOPR0479_frame_000119_rgb_anon.png,gt/fog/train/GOPR0479/GOPR0479_frame_000119_gt_labelTrainIds.png,f900470b9550f0202ad4b608858f42c3e15ce7b8d4730f34c52317c19d2c8383,ef023e0fea8c49a2b62666538a421f650b543ba4d0e45328c2139a8434385c5c
rgb_anon/fog/train/GOPR0479/GOPR0479_frame_000125_rgb_anon.png,gt/fog/train/GOPR0479/GOPR0479_frame_000125_gt_labelTrainIds.png,8a55d09213fcb3e18cd05e6db381ae46c3fa505a501da17ba8e16eb4223a7d88,e6a5cc9c50ac47fb26a2621bf28fee8c917fd64b61124f5154e7eb1ceee05be0
rgb_anon/fog/train/GOPR0479/GOPR0479_frame_000127_rgb_anon.png,gt/fog/train/GOPR0479/GOPR0479_frame_000127_gt_labelTrainIds.png,71505d742ae6a384d39e6868fcb259c0c99e1b09301bcfa614e3d47cd28d8f35,f05cfa8d1ffad9cb39b610c6e4612d7762ae072f521b74f8733c6ad4db1027e3
rgb_anon/fog/train/GOPR0479/GOPR0479_frame_000131_rgb_anon.png,gt/fog/train/GOPR0479/GOPR0479_frame_000131_gt_labelTrainIds.png,8e7c4058f8d0a412da616c56ed8758b2c76097facf8a63bc4b846c4d5cd53445,6ec8ad276baf587b6ef5e538e6a59030ef60e5b94e475afbbb269d9579a61546
rgb_anon/fog/train/GOPR0479/GOPR0479_frame_000139_rgb_anon.png,gt/fog/train/GOPR0479/GOPR0479_frame_000139_gt_labelTrainIds.png,717ec6e3cfdf778fa94afeb61a6c699f5d046c2fb2703dce46b5f5f7cf660fed,14469bddf2b0c055660317c048a558623fa30b3a839c55529cbe5611bd18192e
rgb_anon/fog/train/GOPR0479/GOPR0479_frame_000143_rgb_anon.png,gt/fog/train/GOPR0479/GOPR0479_frame_000143_gt_labelTrainIds.png,6e4c83947f2bcd65397c5a7c25ec6e11248adc8d2356973a7a7558ea89cbffef,2f8dcab1ed2433f6805a05fb3063a22415dae4066a4e834431ece84c1f250354
rgb_anon/fog/train/GOPR0479/GOPR0479_frame_000147_rgb_anon.png,gt/fog/train/GOPR0479/GOPR0479_frame_000147_gt_labelTrainIds.png,a53187715a0953f174ace7c0c0004b217c1ce8a8738d0073739ebfe1febe30ab,c6c7f049b9a05885ca12de5bfaae5dc276891b0b5e3f9edbc489e018b7cf61da
rgb_anon/fog/train/GOPR0479/GOPR0479_frame_000151_rgb_anon.png,gt/fog/train/GOPR0479/GOPR0479_frame_000151_gt_labelTrainIds.png,5ecfafbfe992995a6bc12b6e176f565c35a6c8a872733a1bebc800781f19277a,57bb658e25821120fb0f82a9d4d6593960256cbe9d1d64ec8e3ef5cdfccab4d7
rgb_anon/fog/train/GOPR0479/GOPR0479_frame_000155_rgb_anon.png,gt/fog/train/GOPR0479/GOPR0479_frame_000155_gt_labelTrainIds.png,0f42a3863f274166987fbfe3d6612433ab8f22562d5311603126b179132e36c8,b2616fdec1c426c6dadcda5abfe31c15494e3cb3f42062f5c1dfd02ea453ab08
rgb_anon/fog/train/GOPR0479/GOPR0479_frame_000159_rgb_anon.png,gt/fog/train/GOPR0479/GOPR0479_frame_000159_gt_labelTrainIds.png,8bbd0c88fea8ff3e84e99a48b1bd49bd3625c628a69745da4ceaf8e277acc2b5,aefdcb94d58429eb610e8dce99b012e12031c4045622d296765bbe989d6a4d3c
rgb_anon/fog/train/GOPR0479/GOPR0479_frame_000163_rgb_anon.png,gt/fog/train/GOPR0479/GOPR0479_frame_000163_gt_labelTrainIds.png,613f49a246b33020506eb14ebc9fc95417ad96a8af7fcc8d011ac362e0cbad68,41af9c14be3b443778a894ae2bc384d080e51bed254dbcb702f470c49f2bd4f1
rgb_anon/fog/train/GOPR0479/GOPR0479_frame_000165_rgb_anon.png,gt/fog/train/GOPR0479/GOPR0479_frame_000165_gt_labelTrainIds.png,155b6cf2f9d83fd4c52bc380c1336a296f41008e722157e1ce9028308705bcf7,5e52e736e0fee3032a9064e414755d6ab696a632e522ed94a37a1bc301091576
rgb_anon/fog/train/GOPR0479/GOPR0479_frame_000169_rgb_anon.png,gt/fog/train/GOPR0479/GOPR0479_frame_000169_gt_labelTrainIds.png,044a280b919f4071cd8e278dc51c9ea8b98c9d74d885b22b44fd3ca5eb161a56,df2bffc30ba1fe74c31dd16808dcf362a42111073320b9166c025fbf90fa0af6
rgb_anon/fog/train/GOPR0479/GOPR0479_frame_000173_rgb_anon.png,gt/fog/train/GOPR0479/GOPR0479_frame_000173_gt_labelTrainIds.png,489446190b47a013c2d7e40d6459616572b9b982ddaeed27b87d744e0042a061,fc49f5175e4bae8c57d34aaec76a491094769537774ec0ccd7a796a2903892bb
rgb_anon/fog/train/GOPR0479/GOPR0479_frame_000177_rgb_anon.png,gt/fog/train/GOPR0479/GOPR0479_frame_000177_gt_labelTrainIds.png,240db204e34bac1860d8329835bed2322dd7ffb8313bd897e50a7780f33f3ee3,65879c52a74d1901c2c84550e288db17d8df9472eccbfce83a265f3d29fdfaec
rgb_anon/fog/train/GOPR0479/GOPR0479_frame_000181_rgb_anon.png,gt/fog/train/GOPR0479/GOPR0479_frame_000181_gt_labelTrainIds.png,3c8def632589477a9fcb5c957c8a39a330eb195f5765b78101c7c77bbedfdcc0,096c12aef8d686146e6ab6d4ed7a5edc671edca87e955aeef343ea56353ced3e
rgb_anon/fog/train/GOPR0479/GOPR0479_frame_000195_rgb_anon.png,gt/fog/train/GOPR0479/GOPR0479_frame_000195_gt_labelTrainIds.png,9a6e2c5f1a2553a2f5da3936c53443faebe7c0ac912cc0bc930d5860e3ade231,58d3aee12f941194b6eae9bd7ae52595be520d09e001ebc257fd965e8572f015
rgb_anon/fog/train/GOPR0479/GOPR0479_frame_000199_rgb_anon.png,gt/fog/train/GOPR0479/GOPR0479_frame_000199_gt_labelTrainIds.png,862fbaa30f510d2c2419a737fa3f43b47944ac7bed76170f15efcb1932992458,87de10f857b494ff8abf681d507eda53e1ba117137bb1df9e1acbcf601706729
rgb_anon/fog/train/GOPR0479/GOPR0479_frame_000318_rgb_anon.png,gt/fog/train/GOPR0479/GOPR0479_frame_000318_gt_labelTrainIds.png,5e819d877a5383096a553caeac51a008e3c5a095fbde2869d61df0bcbace821e,0ea52a7d88cbb5962f7276283e207ebba6c8983ad6a168848643d58d7b6d9cd6
rgb_anon/fog/train/GOPR0479/GOPR0479_frame_000326_rgb_anon.png,gt/fog/train/GOPR0479/GOPR0479_frame_000326_gt_labelTrainIds.png,d9adaed6b3b9cd7bc0d817964741cfcabadd2551c37902da77a1c57286eb5920,1610b59c612c087e681cc58b3b8feec510285571f5ad04bdef52c47460094c69
rgb_anon/fog/train/GOPR0479/GOPR0479_frame_000394_rgb_anon.png,gt/fog/train/GOPR0479/GOPR0479_frame_000394_gt_labelTrainIds.png,240ea7dd965d8e82b0b5a385c7be96567fb72ff56414f6adff2764170f3fff73,38b2b733b94fb0bf04ba74f39e7dfd096f9e01103ebe43d01d34c46750b55e81
rgb_anon/fog/train/GOPR0479/GOPR0479_frame_000406_rgb_anon.png,gt/fog/train/GOPR0479/GOPR0479_frame_000406_gt_labelTrainIds.png,d3d2a1739a112f23eb8391c7cd64cc0e2b68a4e4f9006a56a69a5aaf803a7e51,1116de455641d4eba8cb404c46382f10e2b243c9aa39cc034a687e0cbd52b426
rgb_anon/fog/train/GOPR0479/GOPR0479_frame_000418_rgb_anon.png,gt/fog/train/GOPR0479/GOPR0479_frame_000418_gt_labelTrainIds.png,6090d74744ec294464cb6335facdc661f64508d1248d3eeccdbf4eb90ad5818d,a2b63c77bc0a823d092c90bc5c3d18afb01666000afb2dead973d6a8face7241
rgb_anon/fog/train/GOPR0480/GOPR0480_frame_000029_rgb_anon.png,gt/fog/train/GOPR0480/GOPR0480_frame_000029_gt_labelTrainIds.png,6730bccf725e9f38f20563558a2aee9cbb37b2bde8af76d03d64ff6a54301364,996ae70bdb6047a9db89aa63dd3b11a48d0bf451f9f72e51b3123b3b0d7263e5
rgb_anon/fog/train/GOPR0480/GOPR0480_frame_000066_rgb_anon.png,gt/fog/train/GOPR0480/GOPR0480_frame_000066_gt_labelTrainIds.png,153d392d1d21b487626be89f84b52e5d7a8cf302ed3745a2bce9a63603e882e9,bb88add202da7718c109a1579416c26fbdfb9a72b9189d500c6856788889915f
rgb_anon/fog/train/GOPR0480/GOPR0480_frame_000072_rgb_anon.png,gt/fog/train/GOPR0480/GOPR0480_frame_000072_gt_labelTrainIds.png,b777a676a1f6182510abb47b91f8a237da6c2c72dd47478b3368d67f8adb3f82,66c792e84a826f00eaf758a82d4b37737b98cf5e8f6ff97f89f080b4e759868b
rgb_anon/fog/train/GOPR0480/GOPR0480_frame_000077_rgb_anon.png,gt/fog/train/GOPR0480/GOPR0480_frame_000077_gt_labelTrainIds.png,f41ebbea4117b291fe7e6a038c51f193a9327eccf1b5cec25af847043dd9d014,713939125a5201124a1e63c9b9b83ae23e5c9f292f1f730b79dc639f0863115b
rgb_anon/fog/train/GOPR0480/GOPR0480_frame_000123_rgb_anon.png,gt/fog/train/GOPR0480/GOPR0480_frame_000123_gt_labelTrainIds.png,a06370dcc1e6657e9e08cce6cb750dafee9058c2fa03bfa4489ad6327754d995,3ad73eef7dc79a1ac93473ed1584f705aa5c0955dad6d61a4d0621ecf7a3f1fd
rgb_anon/fog/train/GOPR0480/GOPR0480_frame_000210_rgb_anon.png,gt/fog/train/GOPR0480/GOPR0480_frame_000210_gt_labelTrainIds.png,036659bd7eb26746daa7c98981685dea2a87040e04f8864dba8e89483c59f6de,718623e190089640fe98cc2cb9ab4d1008a0302bac26dda1e6fbdf3b7c8df841
rgb_anon/fog/train/GOPR0480/GOPR0480_frame_000215_rgb_anon.png,gt/fog/train/GOPR0480/GOPR0480_frame_000215_gt_labelTrainIds.png,cb41192199b87ffbc8e77c59e40954681026ae800b16e1a846019feb6ced47fa,5c02f75e335a693fa2ea498af5d1302b9160c045ab65de23419401db98003474
rgb_anon/fog/train/GP010475/GP010475_frame_001015_rgb_anon.png,gt/fog/train/GP010475/GP010475_frame_001015_gt_labelTrainIds.png,e91dee4ae99441282cfcc6625e37a990b3d17d04ae398f83b2e4d3865f8af92b,8c65b19cb1e5116bf87b3edfc7113b169e6a6f6a6526e25b8f8d87e37a3c8eb0
rgb_anon/fog/train/GP010475/GP010475_frame_001020_rgb_anon.png,gt/fog/train/GP010475/GP010475_frame_001020_gt_labelTrainIds.png,e99f1498e8c1f4c41feebad7a02a372e7a8952b74d261c207f817cbe3b6dd6b7,a756057068d2b14e66613c3462161da4e9c699f940699a0877caddc0b31a2192
rgb_anon/fog/train/GP010475/GP010475_frame_001024_rgb_anon.png,gt/fog/train/GP010475/GP010475_frame_001024_gt_labelTrainIds.png,f5ce343f2f5f38ae28ea15e00ab17c7f807da2411c1dd0923b995cdd23ce3c09,7dad3c911a844df8f86c98c0088d3139576ab79ff0499131a69067d426dcda34
rgb_anon/fog/train/GP010475/GP010475_frame_001028_rgb_anon.png,gt/fog/train/GP010475/GP010475_frame_001028_gt_labelTrainIds.png,86be95f9ad2575bee4cce803b068a83933a133cdabc390a92fcb748a1c09406f,42ac94f96627e30ebaa1cadc4b84e07f25ec158585cf3328c1c7e385f287fd33
rgb_anon/fog/train/GP010475/GP010475_frame_001033_rgb_anon.png,gt/fog/train/GP010475/GP010475_frame_001033_gt_labelTrainIds.png,a53949dfcd67c7da3cb51231a33c4d97fad9758284c69ee5cf0fdbbbab1b02c7,ca7b0b5d8fddefad9ab1cd4ff3760256fc88ce22aa39fcf8ae0bcac96f5eac59
rgb_anon/fog/train/GP010475/GP010475_frame_001038_rgb_anon.png,gt/fog/train/GP010475/GP010475_frame_001038_gt_labelTrainIds.png,4aaeba71c9842160b0e578c0b38fd706e95aeb6e7bfdb37d660e7f4c116dd68f,b8d09ee3cc10249115411a97cb9127899baf848a18f0ed94c0f7cdeee5008ebf
rgb_anon/fog/train/GP010475/GP010475_frame_001043_rgb_anon.png,gt/fog/train/GP010475/GP010475_frame_001043_gt_labelTrainIds.png,305929fcb8802ef0c9b191535304a1e27dca3b7d425a497453af7c75bb5dc5bf,af2038018ab96e23a6dee2a9666bac0ef5d64f2009090cb6d8549b998c04ead2
rgb_anon/fog/train/GP010475/GP010475_frame_001048_rgb_anon.png,gt/fog/train/GP010475/GP010475_frame_001048_gt_labelTrainIds.png,dac14c0fbed4500c99d8c9b2b5d5e09c75d8388be1e5d0bdec45fbabb32102d1,f0e26f6493cd19b4fe2d0b06b0366fa591da1cb263e49642117b91ac4254c12c
rgb_anon/fog/train/GP010475/GP010475_frame_001053_rgb_anon.png,gt/fog/train/GP010475/GP010475_frame_001053_gt_labelTrainIds.png,e00f42607f40a02bf4347a4beea36ee70b53b64f310465ed157e21db1a120ba7,a4d69482c4e2dc02517634f7f02b09e16452b286180bc602d5a2396bf15f1754
rgb_anon/fog/train/GP010475/GP010475_frame_001058_rgb_anon.png,gt/fog/train/GP010475/GP010475_frame_001058_gt_labelTrainIds.png,c30d6df58c9f97d0e73b84ee568d3c09e05aea9a23607ec57680db336336e08b,dd68f1b0b2707f5e7a2f3be738e6aa8ecf3021f2899d36a62d1d12b2783a8340
rgb_anon/fog/train/GP010476/GP010476_frame_000270_rgb_anon.png,gt/fog/train/GP010476/GP010476_frame_000270_gt_labelTrainIds.png,6edbb4cbfe5d26cfa39d21765598bfbb5aef940cef0578171c4980f1849473b5,9bd7a5cab8789ca0142a1feaaa26fa6a04c411b3468a2568e3587a430d409dda
rgb_anon/fog/train/GP010476/GP010476_frame_000281_rgb_anon.png,gt/fog/train/GP010476/GP010476_frame_000281_gt_labelTrainIds.png,24d33b43872665f154f79903a99deabe4621a6f5f5861d602c87a1eeba42a1df,7694ee3023db302bfc841b00a215cc06e6590d48ee8a8c5748c3f34fc2d4cf23
rgb_anon/fog/train/GP010476/GP010476_frame_000285_rgb_anon.png,gt/fog/train/GP010476/GP010476_frame_000285_gt_labelTrainIds.png,03626981d38de00c73358f4024cc807c943f17df97058509a64f70ff6a54ead2,0ca49213d9c7f73dbb0a7b328221eeb2bd060160ea39441a4345580dd4366b20
rgb_anon/fog/train/GP010476/GP010476_frame_000289_rgb_anon.png,gt/fog/train/GP010476/GP010476_frame_000289_gt_labelTrainIds.png,dd6f163b5e1e4d845efd30593df70e5731325057fd066cb029ae9d875603b4a5,71286cab300c354a8306adab20d621c86906ea036105a003847d39388ef3a1cb
rgb_anon/fog/train/GP010476/GP010476_frame_000293_rgb_anon.png,gt/fog/train/GP010476/GP010476_frame_000293_gt_labelTrainIds.png,9c2a463007b7590bdc9a2a70444f548297a6ec2162f75881348e69c28ecec2ef,2eb36293cf8d7620b4a74a0396dc9ac3a13c21489eef19af1986b931ee851d4b
rgb_anon/fog/train/GP010476/GP010476_frame_000297_rgb_anon.png,gt/fog/train/GP010476/GP010476_frame_000297_gt_labelTrainIds.png,2848547a23e542af80af21bd0f637ea1ef5aaf2c65ad3634d864d9419d9e2afc,489335be1da5535846fc3c42f3b878103e0bb7d4efb57be9352610274ccfbe03
rgb_anon/fog/train/GP010476/GP010476_frame_000301_rgb_anon.png,gt/fog/train/GP010476/GP010476_frame_000301_gt_labelTrainIds.png,63180fc7b2e0b7e4a4ce5e0b723c9b9ee145bae196688fecf0ddff6bb2d57b86,47fa4f22e289583ac7cf18c0bb07a048221491dad5841da0a164a7a804aacac5
rgb_anon/fog/train/GP010476/GP010476_frame_000304_rgb_anon.png,gt/fog/train/GP010476/GP010476_frame_000304_gt_labelTrainIds.png,23950ea4567e54a8b24a77a4e7fe1f9e1079d15af70876c22d1c10bcbba18358,daea7fbd035229a3f0db90e8f916fa098f6dd91a270ae1c322d8b8215dae7164
rgb_anon/fog/train/GP010476/GP010476_frame_000610_rgb_anon.png,gt/fog/train/GP010476/GP010476_frame_000610_gt_labelTrainIds.png,a80c7f06d9c05364fe585c7c1c93f542758e176603877a304fa2d11367be243c,a231cd6a1c605fda014ababa50d25286d246b201bcca58ab9297a0e5fa715854
rgb_anon/fog/train/GP010477/GP010477_frame_000228_rgb_anon.png,gt/fog/train/GP010477/GP010477_frame_000228_gt_labelTrainIds.png,5b296b18c4e3ff58cc49e2a154daba875d73041999c63a1dd2cef56c906350ae,9f35a04011a8b0cde91b9cd58d4744ac2a941547677c05444384a2b0986c18e4
rgb_anon/fog/train/GP010477/GP010477_frame_000232_rgb_anon.png,gt/fog/train/GP010477/GP010477_frame_000232_gt_labelTrainIds.png,f6b36a077d282844c2997d1429336a4274430eabe550b938e816ef016a805141,25339995b3ff39654aa7cd2bde217d6de3426bbc5e086520a74a2f1688ad1ea0
rgb_anon/fog/train/GP010477/GP010477_frame_000236_rgb_anon.png,gt/fog/train/GP010477/GP010477_frame_000236_gt_labelTrainIds.png,6134a45df036b5df1b58654f51d0d3112110c9d691b8173d9456cf055dbf4bc7,800630eca42a6568f50a134c119d5af695c7980791578bc56a1c1bb49e69202d
rgb_anon/fog/train/GP010477/GP010477_frame_000241_rgb_anon.png,gt/fog/train/GP010477/GP010477_frame_000241_gt_labelTrainIds.png,eed5175ac341047bc7a3f0dd3bb14d7aa7a85cc66ef03abebe6be85b352cd711,035819a2f0eab46d0ef9c68d0f7d7fcf4f69456bd37edba40b6750292a99e99a
rgb_anon/fog/train/GP010477/GP010477_frame_000248_rgb_anon.png,gt/fog/train/GP010477/GP010477_frame_000248_gt_labelTrainIds.png,44fdb8e1a66eeca8528ffca237e3d83cefd565eceff0c4c615bc3a0a1eaf93e2,a3d7ff0629b38d1feff1cf270729c17c50ad00efbcc914e77a5b0aad8b7f9e82
rgb_anon/fog/train/GP010477/GP010477_frame_000253_rgb_anon.png,gt/fog/train/GP010477/GP010477_frame_000253_gt_labelTrainIds.png,04417dae3aeb58b68eef058051f74ba8250e88919cb45a1cc677e9b7d5bcfe22,4dae6af4f22580bedfe90a7c9a0d7e91b771c8ab441446de0e99ee28bea00c46
rgb_anon/fog/train/GP010477/GP010477_frame_000257_rgb_anon.png,gt/fog/train/GP010477/GP010477_frame_000257_gt_labelTrainIds.png,7ec12e7487fae38214315e935174473a893d2b5a48719adceccdf7267c2c396d,2622dc57b7a5279577e66712613162c15150e7853679a4184f98dd13562fa065
rgb_anon/fog/train/GP010477/GP010477_frame_000261_rgb_anon.png,gt/fog/train/GP010477/GP010477_frame_000261_gt_labelTrainIds.png,b1312b27c6dfbb1790e77416fc77526fb0f5dd9c849960566354fae38ecd3542,35a09819134ae8b5315b51933d7016bb4b92f71aa8c5674951c96431e70e9571
rgb_anon/fog/train/GP010477/GP010477_frame_000265_rgb_anon.png,gt/fog/train/GP010477/GP010477_frame_000265_gt_labelTrainIds.png,acdec1052b1de7c1d2ebe579724c9d34c68383a569ff6390fc88bb40c07acd14,dd0adb95f4f122cadf8269e78edb8afce8f7c59415e2e24a52ca5b69a3c14940
rgb_anon/fog/train/GP010477/GP010477_frame_000269_rgb_anon.png,gt/fog/train/GP010477/GP010477_frame_000269_gt_labelTrainIds.png,7168e49408d231ebb12ec3a68d21217d1268a921089999698d2fb79e854d7203,d086d649414c1c38d498506d587bb189e40dabc936b825ec71ec4c256687acdc
rgb_anon/fog/train/GP010477/GP010477_frame_000274_rgb_anon.png,gt/fog/train/GP010477/GP010477_frame_000274_gt_labelTrainIds.png,3acf00ec430de260ac3c61d066a0a05c1b992d0f8f788292df5627f342c1f8f3,39c4b40139bf58a35cb7acfb98cf2676fdbf44bb896da68fee6015c776ecdfa4
rgb_anon/fog/train/GP010477/GP010477_frame_000279_rgb_anon.png,gt/fog/train/GP010477/GP010477_frame_000279_gt_labelTrainIds.png,9ae7f8c120478fa4450839e4f67a8e0d9acb4b3911b12e6ced758dade4dccbf1,7a4ea7b26fe0c2b1463f6f411f8d3a651cdbfcd6e9aa9f18a86518491dfad27c
rgb_anon/fog/train/GP010477/GP010477_frame_000284_rgb_anon.png,gt/fog/train/GP010477/GP010477_frame_000284_gt_labelTrainIds.png,7a46ba1ecf2b47091a6bd68c0930808ccddf5528168eb71066309e099e9a2ccd,215e5091e0c62a462ebb8651da3fa0273e2407805c043627f5cb7a9ca2e72fbe
rgb_anon/fog/train/GP010477/GP010477_frame_000289_rgb_anon.png,gt/fog/train/GP010477/GP010477_frame_000289_gt_labelTrainIds.png,de4f3011f2f0609fa56af744a25a4d23dead563a35bda22fad209f396aca1c4d,29b309e495269b4b56ae43397fc95f710e51ac0a87ddcb88bd702b9ed3672517
rgb_anon/fog/train/GP010477/GP010477_frame_000293_rgb_anon.png,gt/fog/train/GP010477/GP010477_frame_000293_gt_labelTrainIds.png,70a1fffff957f69623a43410a8df22d991398b06d14544b39a409afe3a4eac47,457d81e90e81c25d0b3f342c32108b23a4c0f1d22ea8355f65ff01f471f80bb5
rgb_anon/fog/train/GP010477/GP010477_frame_000297_rgb_anon.png,gt/fog/train/GP010477/GP010477_frame_000297_gt_labelTrainIds.png,0be4068bac967603b76c20b931ee3aee53c73b258b9410b0b5113efb8259b79a,99355d5eff6e7d79f9a0dc485520221be2e9d4698a6c92bf36196142ad3b591e
rgb_anon/fog/train/GP010477/GP010477_frame_000302_rgb_anon.png,gt/fog/train/GP010477/GP010477_frame_000302_gt_labelTrainIds.png,6d0a70e85865d49ade7969ff64b77df7ab5d50a7444a4ca4c66f3c7ccf1c7c8d,798775032b122358dd7601b63f2ce5df17532ec796b648f4e048a580eb828a50
rgb_anon/fog/train/GP010477/GP010477_frame_000309_rgb_anon.png,gt/fog/train/GP010477/GP010477_frame_000309_gt_labelTrainIds.png,cfe24e4a4fdfc1ad2a7a464cc0de8d4a6cd66b857fecc6274a28d801e245bf01,1b94dd5105a9d845be78e714516509ce62f461602d472ac001e0b4081b71b95a
rgb_anon/fog/train/GP010477/GP010477_frame_000315_rgb_anon.png,gt/fog/train/GP010477/GP010477_frame_000315_gt_labelTrainIds.png,6059af514942ad96715271c018f897c765eed237a3740d090d161db8c4d3068b,fc746216e67040860734e9077c3e8bfa67057f442e04d96b877511cef4a04e42
rgb_anon/fog/train/GP010477/GP010477_frame_000322_rgb_anon.png,gt/fog/train/GP010477/GP010477_frame_000322_gt_labelTrainIds.png,74d6abb66b17e25a5a02c8120cff2c8caf9db4ca609ab747098bafddcc088e4c,424e99c30455a0727875849c3c40c1876df7b8342fc7c8a9f795937d7c01d0c0
rgb_anon/fog/train/GP010477/GP010477_frame_000342_rgb_anon.png,gt/fog/train/GP010477/GP010477_frame_000342_gt_labelTrainIds.png,eb285e94b2c6137bcd02d40f3b2cb1fbc863c041f996bef4cc8391e1fe6dfe68,190c4aa6326088b17167cd4658db0d88be1cf12a14021443f78146c0cdbffcf5
rgb_anon/fog/train/GP010477/GP010477_frame_000348_rgb_anon.png,gt/fog/train/GP010477/GP010477_frame_000348_gt_labelTrainIds.png,e93acc8267f6f66e52cde9f3cdc14243148b5747d41a5d8b74fca775b7f78ccd,49546706eaf882e797dc3a0f847cfe06c20800fccd70a15f88143f4e8374c555
rgb_anon/fog/train/GP010477/GP010477_frame_000353_rgb_anon.png,gt/fog/train/GP010477/GP010477_frame_000353_gt_labelTrainIds.png,816e939015bb373c8ee6857229a4311f95134220158a698e5da79faaecb9fd5b,fa49a9eaf9305f241c25924658f34f4a3c124d562abc63017e687f56a499484e
rgb_anon/fog/train/GP010477/GP010477_frame_000357_rgb_anon.png,gt/fog/train/GP010477/GP010477_frame_000357_gt_labelTrainIds.png,08382463cf6c7a46f1479e5ed9e15ccd95fec999eabf9be5a9a135c3d5e7caaa,d23a9e5c6b57edf236fc3d489615dc92ed363e7dbbd11048493d640ca1d67cab
rgb_anon/fog/train/GP010477/GP010477_frame_000361_rgb_anon.png,gt/fog/train/GP010477/GP010477_frame_000361_gt_labelTrainIds.png,cb996298ce92dc8ddb240ed9843794f189706d14ed1c8e27b88ceb3b5548c006,b1d11ff2a24334f90c4e9f175a63655760404df301a093315649e77d5ff3d540
rgb_anon/fog/train/GP010477/GP010477_frame_000365_rgb_anon.png,gt/fog/train/GP010477/GP010477_frame_000365_gt_labelTrainIds.png,08545ae091924c5d17756eb11bd2176eecff716258ada6ac5a4b05189af02436,aebee028e1f364fda96fc3e14d3bd4d04894f098c8f3c8391fc951300cd86081
rgb_anon/fog/train/GP010477/GP010477_frame_000369_rgb_anon.png,gt/fog/train/GP010477/GP010477_frame_000369_gt_labelTrainIds.png,86bfee78c35ec11ea8fb9d7eedc98cb9a30307bf33e71f05b243c3d360911816,e17bb8058d1e2867ef96b6f1e8b2371ad736163a48f4f3f56edfd97b481c9342
rgb_anon/fog/train/GP010477/GP010477_frame_000373_rgb_anon.png,gt/fog/train/GP010477/GP010477_frame_000373_gt_labelTrainIds.png,8573b04ed6e1bf56233bcb9ebe01576d8978fd47439415021fd6b670c265316e,21512724a4c32906358cb700a7d08c0aab080fff0e6e84bc3c8558051e221fdc
rgb_anon/fog/train/GP010477/GP010477_frame_000377_rgb_anon.png,gt/fog/train/GP010477/GP010477_frame_000377_gt_labelTrainIds.png,12ccb6bcf4111a25fcd83c11be372cb517c561464eddeb8253c1597d9a3688f5,776609995d17b65915353fc39c0d4dfe577f5d92164bedc43e92859c7bceb650
rgb_anon/fog/train/GP010477/GP010477_frame_000384_rgb_anon.png,gt/fog/train/GP010477/GP010477_frame_000384_gt_labelTrainIds.png,c29187a11730f4a8b5afa6db5db1c6af6764c87efe1c5319144125b970552bed,ccb3d396611cdebd066d0908b60a94707684836cb743d01ef8eb7abd35c79b15
rgb_anon/fog/train/GP010477/GP010477_frame_000387_rgb_anon.png,gt/fog/train/GP010477/GP010477_frame_000387_gt_labelTrainIds.png,e1a608d9e0a07bcc4f159f84f6f3233843e09c24f3ae996219e5a45fdd3477ba,2abae1453ae4f57911547c5049de3702fe5f03060ea40e26f17ebe0b97b9c737
rgb_anon/fog/train/GP010477/GP010477_frame_000390_rgb_anon.png,gt/fog/train/GP010477/GP010477_frame_000390_gt_labelTrainIds.png,c4d22975c8d3cfc1ceaf6461764bb4f0054edb97b8b286b613d1aac8ce6baafd,4be61dfd18b005e23e06f546756ca8ddfdc9fb7f78971693dde6f8cc7448d174
rgb_anon/fog/train/GP010477/GP010477_frame_000393_rgb_anon.png,gt/fog/train/GP010477/GP010477_frame_000393_gt_labelTrainIds.png,614011b8c74df2a91546f2cbafa2023b082d0a61ea911441a5e9ab87f81d6ef2,ebf9f685bc4a0d75865ddedc0b83ef7d1445be274f74a00879178df9b7e1a6f9
rgb_anon/fog/train/GP010477/GP010477_frame_000397_rgb_anon.png,gt/fog/train/GP010477/GP010477_frame_000397_gt_labelTrainIds.png,b02578ee35cf88375b7e5696c88e4790dcd84a07897815fcd9160fc954efc695,0249e60fa84d88e4a7c01f54e1fe46e6b3017e6cca454f02c2241270cb4a1896
rgb_anon/fog/train/GP010477/GP010477_frame_000401_rgb_anon.png,gt/fog/train/GP010477/GP010477_frame_000401_gt_labelTrainIds.png,7e06b9bf8c6df5c61f93775c2038b750b07c3a5b78a46d336cde08adb2fe9a8b,61c4097e3ad037394fd04725cb0dd2cd193f196fef22c87ea9926a8ae0fdb1a1
rgb_anon/fog/train/GP010477/GP010477_frame_000405_rgb_anon.png,gt/fog/train/GP010477/GP010477_frame_000405_gt_labelTrainIds.png,3c439d31d3daa2e1e0870b56fb56db50be1dbaadffefc1306c97edffcab829d9,1b4dc7d2489ee09214873ae64d395840b2203af06addd55c8428bdd4355c69b2
rgb_anon/fog/train/GP010477/GP010477_frame_000414_rgb_anon.png,gt/fog/train/GP010477/GP010477_frame_000414_gt_labelTrainIds.png,9d00d019f423f92c7c5d7ff6d173102c552e5d2c4c1cd9ffff63ae9e0d7811b6,fee3ae944d216ef2cd07044355a070f3ce9ad8693763456e7f65849e1174739c
rgb_anon/fog/train/GP010477/GP010477_frame_000426_rgb_anon.png,gt/fog/train/GP010477/GP010477_frame_000426_gt_labelTrainIds.png,2790a20bd995f2918923ea106fde0dde24cee40f666776ce857fb881a9eb0c80,f1ad739500ca04a2635583eb61ed1c3f1f8104fcf1fac1964810fe4d64fa67d1
rgb_anon/fog/train/GP010477/GP010477_frame_000446_rgb_anon.png,gt/fog/train/GP010477/GP010477_frame_000446_gt_labelTrainIds.png,d799f7db6e82b0003f3cabff7de8ebf8499beb6fa0bb29c7b3d42627aa37e889,948ef72238558fc5824424d2377304a46762be648a20fb8e8f1ca38d01f21631
rgb_anon/fog/train/GP010477/GP010477_frame_000466_rgb_anon.png,gt/fog/train/GP010477/GP010477_frame_000466_gt_labelTrainIds.png,2fc0c9fdd8ae6f811db30358c63f1d3ae6686b67d7a135c1691c297ff8c4e0ea,b0662d72ed1da41108e5636a81ff1ff6ad890dc76b2129ff9dc51df746f5fe46
rgb_anon/fog/train/GP010477/GP010477_frame_000506_rgb_anon.png,gt/fog/train/GP010477/GP010477_frame_000506_gt_labelTrainIds.png,33694a8cfd90e793c80be973af436b839fc1e5c468526ea0bad27c385bfa036d,fc6384fd5a8166557562a1115a8c77a0c05de69c663fa8fa0e93f652628d5aff
rgb_anon/fog/train/GP010477/GP010477_frame_000559_rgb_anon.png,gt/fog/train/GP010477/GP010477_frame_000559_gt_labelTrainIds.png,d3899b3a0558723f119744c3607e419cf1cec5bb6d2b9f4029d6045b7f3e0edc,3d672100b76e637169823ca6549da1783cb971d6608d6737fb1876d40f0ad44f
rgb_anon/fog/train/GP010477/GP010477_frame_000563_rgb_anon.png,gt/fog/train/GP010477/GP010477_frame_000563_gt_labelTrainIds.png,7d09ffce44dd1235c07f7a32cf368d3c5755820d57caae281a213d21424e22c9,860dde0d963c25a24a1fdc28afc9919c3dcb913612eb6ebafdd2b42d998c6e3e
rgb_anon/fog/train/GP010477/GP010477_frame_000568_rgb_anon.png,gt/fog/train/GP010477/GP010477_frame_000568_gt_labelTrainIds.png,549e7bcbcb7d08c54808c05c83b1565306a7b7b3b61415e99f45c7d05e837c3f,165af6086b3a0de788495cdf028c7f7e0bfd9a989753d7809e6761d75430f319
rgb_anon/fog/train/GP010477/GP010477_frame_000573_rgb_anon.png,gt/fog/train/GP010477/GP010477_frame_000573_gt_labelTrainIds.png,3dcc394d4433b22e379908005dcfcebf42d8eb5f7a08995c36e9998fae984923,dc6fa47b44323e5e2b9938d3e575e3fa472881d35b40a2d47169b50ed14b5ffe
rgb_anon/fog/train/GP010477/GP010477_frame_000577_rgb_anon.png,gt/fog/train/GP010477/GP010477_frame_000577_gt_labelTrainIds.png,c08e1cee19c562b374b9eef6aed62453873262fe238528dc0319edb5bc656cb0,ae036455c5f7f506d422bb329cac178c4d325ca0215df71a2526d5da2a681abd
rgb_anon/fog/train/GP010477/GP010477_frame_000581_rgb_anon.png,gt/fog/train/GP010477/GP010477_frame_000581_gt_labelTrainIds.png,45db37295f2b0b4e5f10da5a40f961023c9e0171d6b4f6717e0c4bf65d0afad1,db87be06cd9bf86e954740d0031477ce76a86b54c2910a3ca8f566c5c91c4dfb
rgb_anon/fog/train/GP010477/GP010477_frame_000585_rgb_anon.png,gt/fog/train/GP010477/GP010477_frame_000585_gt_labelTrainIds.png,0640c563f6d8c7de6f4438de629fa14da6bca7f157436d136d0c360001f7a53a,740a8e25f5c24994f9f296939f59dd3c9381e4bd7655618a9649e782272f1dbb
rgb_anon/fog/train/GP010477/GP010477_frame_000589_rgb_anon.png,gt/fog/train/GP010477/GP010477_frame_000589_gt_labelTrainIds.png,6f86d0684b4d003cfbdfd16fcd9816d113f7885f190e98c5ef6874fd5a922e15,7bf21d8134782a6f2d1325fccec862a1f109a035cb680a697a486bc3a8e95c42
rgb_anon/fog/train/GP010477/GP010477_frame_000597_rgb_anon.png,gt/fog/train/GP010477/GP010477_frame_000597_gt_labelTrainIds.png,8bbc0e2f79cc27719f5305747b031eb1dc05b7c01b0ef5e91934565600a8b694,29d011758edb530d1ab623303a5f48e5b2a0e26a32130fc80fc7d82e246e4809
rgb_anon/fog/train/GP010477/GP010477_frame_000601_rgb_anon.png,gt/fog/train/GP010477/GP010477_frame_000601_gt_labelTrainIds.png,c7ebe8e3718a45614b1732861723da07f9975f69565b74a0cb4972eb05277ff6,8e19c2e717d62b74fcc59decc2ffe4cd06c0a4d8dd6c617b699030ab849dac1b
rgb_anon/fog/train/GP010477/GP010477_frame_000605_rgb_anon.png,gt/fog/train/GP010477/GP010477_frame_000605_gt_labelTrainIds.png,d3ecc9eadf80d65fb357ad44b86e668fc9253d03284dc2856695e816d2e37617,119f56a0a685f046e489c86c8b75f2259d3498be99351808654eb2cb92026063
rgb_anon/fog/train/GP010477/GP010477_frame_000609_rgb_anon.png,gt/fog/train/GP010477/GP010477_frame_000609_gt_labelTrainIds.png,3aaf169bf8cc58f6f26067c9b751908c8c82bdf920cf2559895c79eeaee85404,ee7cf0a6f36095bc21b556e736330d77f88b00ef65c29f8f51570591791bace9
rgb_anon/fog/train/GP010477/GP010477_frame_000617_rgb_anon.png,gt/fog/train/GP010477/GP010477_frame_000617_gt_labelTrainIds.png,02141015708fa1cc426ee2ccc20090d04a43ef1e3988cd70b00086550b935b59,c87efb5e073716da52c1f9ce14ddd4b9183af6c4bb36676620092f8402ed9f16
rgb_anon/fog/train/GP010477/GP010477_frame_000621_rgb_anon.png,gt/fog/train/GP010477/GP010477_frame_000621_gt_labelTrainIds.png,2a0231ec88f84ac7524914224265edf9ae1e71cd2d4a7cbca543d19de7ab7c1c,95c322c06e92a2d9d21739c19f53a788e461ba9b52ab48ec551945b04fa21c26
rgb_anon/fog/train/GP010477/GP010477_frame_000625_rgb_anon.png,gt/fog/train/GP010477/GP010477_frame_000625_gt_labelTrainIds.png,8ae86d6ea05465be646985dc74f63444a7a97689e7a4ec7ec50660a6ade8744d,308eba1c8cfd3e1b9594bbd0a9ba59494d0dde54e4984b8fbe8c754c7a677dda
rgb_anon/fog/train/GP010477/GP010477_frame_000633_rgb_anon.png,gt/fog/train/GP010477/GP010477_frame_000633_gt_labelTrainIds.png,8aa1520f049fcc0d11e204cb2da57ad085d54b34a0e1fe4a45703ac38aea456b,ff5dbb2b435aa73290ebfca7a729d62b138eb71f614a3e56868cc82cc6096924
rgb_anon/fog/train/GP010477/GP010477_frame_000661_rgb_anon.png,gt/fog/train/GP010477/GP010477_frame_000661_gt_labelTrainIds.png,1036c2ec91954ef9f205b0fcc9d517d7b179d608642ef9601ee7b5b506af60f3,dd3f9bdf4bdf665e31d909b87093a55182aaa40f57be4bd8524e562a6ede634a
rgb_anon/fog/train/GP010477/GP010477_frame_000666_rgb_anon.png,gt/fog/train/GP010477/GP010477_frame_000666_gt_labelTrainIds.png,d5b201acbbe5eaef0d88a37ed855fea8aebc2f1f49a181acbca8288741d4fe5e,10e6e1a3a60163386e6b312c2a27595a53c58dc260421c4599da601fbace95d0
rgb_anon/fog/train/GP010477/GP010477_frame_000671_rgb_anon.png,gt/fog/train/GP010477/GP010477_frame_000671_gt_labelTrainIds.png,5949a24207d23e568707fb24eafe05c2a307844d77513734d4112ff2242a77cc,5f81067c44eb85b2c6bcad94fec6e47897db24b4d54bde8459a5ef293fc01d8d
rgb_anon/fog/train/GP010477/GP010477_frame_000678_rgb_anon.png,gt/fog/train/GP010477/GP010477_frame_000678_gt_labelTrainIds.png,d63d94e45eeff5e142f50a9106d2be0171f577735866a891d2f060e8ba32c861,01fcbe0b07c8a61caf948ecde2dc6884548e90648e072010128869413501edc8
rgb_anon/fog/train/GP020475/GP020475_frame_000001_rgb_anon.png,gt/fog/train/GP020475/GP020475_frame_000001_gt_labelTrainIds.png,1d96ac42f55e3c337d158d71f3a53a7d70ca67dcc1c768fecc57b5c73687cc69,0232db5a42d259c7f5b3233d1ccaa8b4d1a2610e1556b76c3bcb4d3882014b71
rgb_anon/fog/train/GP020475/GP020475_frame_000006_rgb_anon.png,gt/fog/train/GP020475/GP020475_frame_000006_gt_labelTrainIds.png,5d29803e6e7df78889e36a891c6891c35451574fb3e43f36d47f33acc1913fd0,02a591d15a0dac57093fdc997f7a875bdb41c060e6cfb37fb22571406f59d53e
rgb_anon/fog/train/GP020475/GP020475_frame_000011_rgb_anon.png,gt/fog/train/GP020475/GP020475_frame_000011_gt_labelTrainIds.png,3ac63079c957acf8ba10ee1f43d134c6c35ed5958bb88f2c0c41954b94987986,1c0a589656b5fa97084999a021cd5adb973d8d40aa674003064d708d441b266a
rgb_anon/fog/train/GP020475/GP020475_frame_000015_rgb_anon.png,gt/fog/train/GP020475/GP020475_frame_000015_gt_labelTrainIds.png,3b6a5db36148c95aae8b95d8b0317c297a99ed5dc004e33263d9b82c784d0a50,4370df877ca1744afae37b4948f804e3ab103fba9981592a00a28081ff5cc4c0
rgb_anon/fog/train/GP020475/GP020475_frame_000019_rgb_anon.png,gt/fog/train/GP020475/GP020475_frame_000019_gt_labelTrainIds.png,f92eb6ed14bc2602aee20b72b430340ce5d9ccb7cd6c54926ddad994463ece80,7c3ee213ded29a4ecd4cbb7039afaf647d3a6d5a7ba73df9941a309f0ff792b3
rgb_anon/fog/train/GP020475/GP020475_frame_000024_rgb_anon.png,gt/fog/train/GP020475/GP020475_frame_000024_gt_labelTrainIds.png,2714f5b6d73ca33b1f7ad923f97b29c4890815912fe639eed011996f42a1c472,46bf6c0c91c2999f6bbd034672b702d345d046e2a4eb4984cd2640f7ff27f5c3
rgb_anon/fog/train/GP020475/GP020475_frame_000029_rgb_anon.png,gt/fog/train/GP020475/GP020475_frame_000029_gt_labelTrainIds.png,948fa08dc18e9799bf0b4e6ca7cbf653da1e12410c2a790b4ef3e0ac38f0b1c1,30dbba66dc3cfb2901d57eefbd3a9e6019f0d3e15cd68ad658f041556fd78fb4
rgb_anon/fog/train/GP020475/GP020475_frame_000033_rgb_anon.png,gt/fog/train/GP020475/GP020475_frame_000033_gt_labelTrainIds.png,fb08126c7964201273791a5824a6a0f5db18eba3824f64ebe00a8d4fefbd2a3f,2b19020b05b17f83c382918421e19fc3e1740b8539a8a6a9cdedef41b4ba32ea
rgb_anon/fog/train/GP020475/GP020475_frame_000037_rgb_anon.png,gt/fog/train/GP020475/GP020475_frame_000037_gt_labelTrainIds.png,cfcea9c9063783331d82e6c0274d3faaad018889324903ebfafd7fc4e80c9871,98acfda83bc9849d6ab9b3931d988a2261828a72af8f2a7a401565c494dd0a6f
rgb_anon/fog/train/GP020475/GP020475_frame_000050_rgb_anon.png,gt/fog/train/GP020475/GP020475_frame_000050_gt_labelTrainIds.png,780805302fe8d241dfb9a0ddf235f3a590cc85b311f7ee0c896714e743278c42,86c6ce797ecefac81ddb0013c105ab3c3759c6b2d575a4a2a57e14510f4b6cc1
rgb_anon/fog/train/GP020475/GP020475_frame_000249_rgb_anon.png,gt/fog/train/GP020475/GP020475_frame_000249_gt_labelTrainIds.png,f1aa624d967c21c99c4c682675c701fc0c32e63abcc0691fce58e7ccfa707fd6,f9c031c4e54306a44f16c712c0947bba3b8db58f81374f7e85b83c53b7acc9da
rgb_anon/fog/train/GP020475/GP020475_frame_000264_rgb_anon.png,gt/fog/train/GP020475/GP020475_frame_000264_gt_labelTrainIds.png,0b8642a75148c28c43c14d7558d81ab60ae2817f04ee15d5235d2588044a99c3,40016702205af72ab20dfdeb0b6a324571aa3a28bc1f486e71ef5cc550157cb2
rgb_anon/fog/train/GP020475/GP020475_frame_000282_rgb_anon.png,gt/fog/train/GP020475/GP020475_frame_000282_gt_labelTrainIds.png,782bb85384af5c20aea8a8b736086d449a0cf51300db6dc5c4ddf01d58c75a24,702f402d8598bcfb0a143eb2d817fc401d23fc5bfd6e0ce3884c6ee4cc420527
rgb_anon/fog/train/GP020475/GP020475_frame_000292_rgb_anon.png,gt/fog/train/GP020475/GP020475_frame_000292_gt_labelTrainIds.png,63645c8265af4ee0bae2a5a78b0f92a123eb2f1d04a284a9cf70e4cf2cc0dba1,e5180de4dca654ea4a76899a068eee1cea7e905a621ea5fbc992dc93fe866b2f
rgb_anon/fog/train/GP020475/GP020475_frame_000302_rgb_anon.png,gt/fog/train/GP020475/GP020475_frame_000302_gt_labelTrainIds.png,cfb739fc2ca198b75e70610dd8b18bfd7a0c211fbf6aa2d0c74fbee739af7718,ebedf8842c8286c42cafbfdd4cdbf5d5372525988149cf8cb41ff57bf2b1e1cc
rgb_anon/fog/train/GP020478/GP020478_frame_000046_rgb_anon.png,gt/fog/train/GP020478/GP020478_frame_000046_gt_labelTrainIds.png,f3a900957546115d7c5eff78d3d3c62cfdac563fc3e12fa3bb8ff275ba178246,30fe563276012531232ccef59bcd4fd86ec9bbdcee181981ba82fd2d833b5ee6
rgb_anon/fog/train/GP020478/GP020478_frame_000050_rgb_anon.png,gt/fog/train/GP020478/GP020478_frame_000050_gt_labelTrainIds.png,7a513d18faa6ac5e9859c2aaee381a5fc55ecfcaf44b68151c1c5d3ce6b3d362,087f89f4165a1432d7d3c44b32e6ff6197b88b6b2b47237f2d3323c3bc133f05
rgb_anon/fog/train/GP020478/GP020478_frame_000054_rgb_anon.png,gt/fog/train/GP020478/GP020478_frame_000054_gt_labelTrainIds.png,eee850e73b9f8c84d07ad02329c57089f60e40be0717063457eb5a15d6b21462,c5eea18cada6cf453cf33adee2c8d492784e87269a91d7bfe856ff20f1c449ee
rgb_anon/fog/train/GP020478/GP020478_frame_000058_rgb_anon.png,gt/fog/train/GP020478/GP020478_frame_000058_gt_labelTrainIds.png,49081fc649cfed960b8e7eab6afaf2a012cd620fc9fe1afe9172bd5d2193b2e3,cc0bf52481fae9e2c847e0ad1a763dbca52cb2826b607f138ff15eb894df3175
rgb_anon/fog/train/GP020478/GP020478_frame_000062_rgb_anon.png,gt/fog/train/GP020478/GP020478_frame_000062_gt_labelTrainIds.png,d76ebd9572e04f85138d21fe2ea9605e26538cb1d248afe707e0c40a3b6f583a,8a9e7ee19d637e4c9f5244786f2025626494c4a01b31c37e89aeddbad5a985f6
rgb_anon/fog/train/GP020478/GP020478_frame_000066_rgb_anon.png,gt/fog/train/GP020478/GP020478_frame_000066_gt_labelTrainIds.png,1e67134beb362249e39161c3c36551e4fe725da954566aad2608acd222845ad3,2d31fe33a435f80138bf5015565ac6ea6b808ce72c55205a22ca806fc66f561c
rgb_anon/fog/train/GP020478/GP020478_frame_000070_rgb_anon.png,gt/fog/train/GP020478/GP020478_frame_000070_gt_labelTrainIds.png,1799303190aae244c81891fda52a336885bfd6f188d05e884b024164ceda25c2,fd012b55019d1d6df2a80c27c0c747d17897938d7035bfabeb9e1dda9d89832e
rgb_anon/fog/train/GP020478/GP020478_frame_000074_rgb_anon.png,gt/fog/train/GP020478/GP020478_frame_000074_gt_labelTrainIds.png,fdbbedf49a81822d71c61476e12c0f42b6f9248c5e9fcbe2d3f2fbb5b62be293,cd8b0ab2156d131ce61ef782df197ae448714930c822ee004f6d4efd4d30d5ba
rgb_anon/fog/train/GP020478/GP020478_frame_000078_rgb_anon.png,gt/fog/train/GP020478/GP020478_frame_000078_gt_labelTrainIds.png,1f1a6c8b1341a6910aea0366fe41c50169862ccf4052be0559cc27e47d00d94a,b1a2e310a91677ab7ea5c78d72dac487003fa9a172b10fc20eeed513f206ef25
rgb_anon/fog/train/GP020478/GP020478_frame_000082_rgb_anon.png,gt/fog/train/GP020478/GP020478_frame_000082_gt_labelTrainIds.png,33973bfe0adf8c730f4f7697a390e4e61d6db86b6d518653210821ce2599660a,e26929c9b77c6c735640229ee0cecd19b6f7f54fb2f57a9fda497d8adf6d9a41
rgb_anon/fog/train/GP020478/GP020478_frame_000086_rgb_anon.png,gt/fog/train/GP020478/GP020478_frame_000086_gt_labelTrainIds.png,8463806da6048e7dc928fb418a233a5bfcb532343e897d04f84b6021af9f991a,c4c4c9df62934f446c39336ac9371e423cf1af136b06f0ef46298a68ca9b0ce7
rgb_anon/fog/train/GP020478/GP020478_frame_000090_rgb_anon.png,gt/fog/train/GP020478/GP020478_frame_000090_gt_labelTrainIds.png,d23b524764e76a1bbdf4b04556b10f3f057f249fea564f9f32a8abb588e9388a,2f1744bdf13eb7c5bb84e897689243c1e8ca76236c0f071b62b92bce091f4c60
rgb_anon/fog/train/GP020478/GP020478_frame_000095_rgb_anon.png,gt/fog/train/GP020478/GP020478_frame_000095_gt_labelTrainIds.png,576e05c3da4f40ec220ad3dc74c313bc0ae966f5382538ae6f167df6e8adc450,980740feb9002fabf4914b30cd23a27590ec99cd60156b0646e22fbb11e802bb
rgb_anon/fog/train/GP020478/GP020478_frame_000099_rgb_anon.png,gt/fog/train/GP020478/GP020478_frame_000099_gt_labelTrainIds.png,bd117ce4dd810dd2b4166e5600a7bef1cf3f7721c0176dc3bf4f9b222c77595c,e684de92def1325ea6f59692043ce9a6debe532f10aaccd8ed09132bb4f5b808
rgb_anon/fog/train/GP020478/GP020478_frame_000103_rgb_anon.png,gt/fog/train/GP020478/GP020478_frame_000103_gt_labelTrainIds.png,9d10145c19e8cc3ed3d01fa6959a2bdecf46dfc4b2f187ec9c1ef7e306c03b48,359b2af6b5bb7e416ad7b1a610b8cb97177c07a23dfbd3fcb8e49ec5bdea1e2f
rgb_anon/fog/train/GP020478/GP020478_frame_000107_rgb_anon.png,gt/fog/train/GP020478/GP020478_frame_000107_gt_labelTrainIds.png,ca4f1ebc193d05e6c83722149f946c30d549333330a3849353c4e36e4fab3871,0acd53b4990acf73a1468eaf274a329d4874bcf99473770d59e8e86b7bfbbbec
rgb_anon/fog/train/GP020478/GP020478_frame_000111_rgb_anon.png,gt/fog/train/GP020478/GP020478_frame_000111_gt_labelTrainIds.png,9e8f6c376de3275267e1335bcdd8e030fb4aeb3c275f0a55cbf6470191379880,c5bb6f10788a3f5a3b269f655dcd5299a4dee2e9c990037214da9409054c0f74
rgb_anon/fog/train/GP020478/GP020478_frame_000115_rgb_anon.png,gt/fog/train/GP020478/GP020478_frame_000115_gt_labelTrainIds.png,9e50d17c2848761adde5799716d77e0326bc1446b216fdd870f764cf65868694,aa7c639435ef375a3f461b01467f76fb126c94b1d364b09bb31d95f1ed07a708
rgb_anon/fog/train/GP020478/GP020478_frame_000119_rgb_anon.png,gt/fog/train/GP020478/GP020478_frame_000119_gt_labelTrainIds.png,f9200627159a9ad251d083972fba18c70d3459ed92a850aa4231b88ffaca7903,5729a2b930ffee39d88fbc5ce50e06f4cc44e5f13e6cb9eebfa5c19c07e4e5b8
rgb_anon/fog/train/GP020478/GP020478_frame_000123_rgb_anon.png,gt/fog/train/GP020478/GP020478_frame_000123_gt_labelTrainIds.png,f79ed89952b6dd6e84ff77a834f0f1e1235ec795710bcd166ef006ed626f75af,a95f82e234c9692fd5228f97fdf50434771513b788431314ea9ad53d118245c6
rgb_anon/fog/train/GP020478/GP020478_frame_000126_rgb_anon.png,gt/fog/train/GP020478/GP020478_frame_000126_gt_labelTrainIds.png,64ff5e4a4ec55d421e90f32f711a45bd486db64e4fce7ad70931aa82ff8af95b,a34bd1e9010f17576b37cb64a17a3fd407b2f4127d64af12f4f83f4805e0e60e
rgb_anon/fog/train/GP020478/GP020478_frame_000130_rgb_anon.png,gt/fog/train/GP020478/GP020478_frame_000130_gt_labelTrainIds.png,cb00fcb65b72db014cb12de6d820f962bc01e66f317f4730b441d82060922875,b7c698586031b56cc559ca5ff1180227672114c0606ec79895a2ff1150f74bca
rgb_anon/fog/train/GP020478/GP020478_frame_000134_rgb_anon.png,gt/fog/train/GP020478/GP020478_frame_000134_gt_labelTrainIds.png,051554355a6f84f7516440dbfc8b6a12b24e385287453a7d9cf39c278830278d,e23c0af79962ac277c7e896df83008d71d1a66fe4bcb79f78d28185e5f16ab87
rgb_anon/fog/train/GP020478/GP020478_frame_000138_rgb_anon.png,gt/fog/train/GP020478/GP020478_frame_000138_gt_labelTrainIds.png,5c31df917bb47ad6cf41e2c9f3b9ae8dbbbfbcf913f1635f43bbf6fe3cb40581,d656fa6b5301cdf952f91e86d43909945b626398f5a4174c28739002dee10e9d
rgb_anon/fog/train/GP020478/GP020478_frame_000142_rgb_anon.png,gt/fog/train/GP020478/GP020478_frame_000142_gt_labelTrainIds.png,2d82bceb1cdcde64e9f86ae838aa198775091f3fdcfda59d896f91d68392a378,15a170188329071b98c5f859b85727c9c76441201e4ad7e54748f9f5328c4489
rgb_anon/fog/train/GP020478/GP020478_frame_000146_rgb_anon.png,gt/fog/train/GP020478/GP020478_frame_000146_gt_labelTrainIds.png,ce128c3db1dc3c87e8fd20e250d40bdae238f4bbb0864cf91e5368b14920dbe4,6b4b47abd7254cc0540b03b70b60d6f0df88fe34842682b0cf6aa4a02a1b7b13
rgb_anon/fog/train/GP020478/GP020478_frame_000151_rgb_anon.png,gt/fog/train/GP020478/GP020478_frame_000151_gt_labelTrainIds.png,efd8f84357228395a1cabb077958dee11786691b404866c3e39a9386719acca9,8f613a913a32bd732d766e1d6e14c96d9385cfbe86b6e1406eb214e5532c7cd1
rgb_anon/fog/train/GP020478/GP020478_frame_000171_rgb_anon.png,gt/fog/train/GP020478/GP020478_frame_000171_gt_labelTrainIds.png,e3be06303b4cb6d962a78e781bf7dd81d2a9b096eafaa650cb3dc62d4c920b51,a80658e0cfe6c70e8dd6ec7c0d5f1b7b0987d3d1fe9848428de9de4295875dce
rgb_anon/fog/train/GP020478/GP020478_frame_000178_rgb_anon.png,gt/fog/train/GP020478/GP020478_frame_000178_gt_labelTrainIds.png,7017c93620955b53a3993fef757e14f3042dec1bca667f1fc2dd8698051c7a61,ee9f6860a3d94f6d2b8ade280c2bd280e144fc443bdfea59d84f69511bffefab
rgb_anon/fog/train/GP020478/GP020478_frame_000184_rgb_anon.png,gt/fog/train/GP020478/GP020478_frame_000184_gt_labelTrainIds.png,e899bcc644d5750631998eac9fb89a631bc5e9d085bda393c2f2a4cacb570963,2f5be7e8cb34630ec344f9bc6579521f1ea58fef0c5099d133cd5c3ad3d28329
rgb_anon/fog/train/GP020478/GP020478_frame_000189_rgb_anon.png,gt/fog/train/GP020478/GP020478_frame_000189_gt_labelTrainIds.png,1d5c8a21da0a047c6cd9065516d4bd9bba100d598af44673e66d30b83463d39b,79dc15246166faa199bcc78886661b5700adf586f08b543ccca6b619cefef45a
rgb_anon/fog/train/GP020478/GP020478_frame_000193_rgb_anon.png,gt/fog/train/GP020478/GP020478_frame_000193_gt_labelTrainIds.png,dca28d2986181021cb5dfc45611098b911771b1d55b6d5d4d05d762d191c001d,ea3eebdd51c0374d12413498e6cc1ee00baa439acb5dd60f4f095c032a5b46ea
rgb_anon/fog/train/GP020478/GP020478_frame_000197_rgb_anon.png,gt/fog/train/GP020478/GP020478_frame_000197_gt_labelTrainIds.png,ed9b55e9ab04e00e4fb4f7146a5fdfff11525512ba6f8f83286fbdb3e8d177bc,68022c1812bfa5abd2026c797c5a67aa4f6d958df6329775a3c1d703877844b9
rgb_anon/fog/train/GP020478/GP020478_frame_000201_rgb_anon.png,gt/fog/train/GP020478/GP020478_frame_000201_gt_labelTrainIds.png,7dd02df41803299a0ccac12e587c06d90388f2f8198efa7332c718dac77a5d02,380ad21fb398c1f3c1dfa4b3f49198cd164b7c86efce4b55ab1b2a705b6165ec
rgb_anon/fog/train/GP020478/GP020478_frame_000205_rgb_anon.png,gt/fog/train/GP020478/GP020478_frame_000205_gt_labelTrainIds.png,d346faf5981ff81b301ea8f18e87f740e953b9be31ed1eb1ac00c1bc0320f21d,3b0a04c8d5d689a7a3a90b0ebaf204a2469f19d605a3f678ec7cfea55cd0e245
rgb_anon/fog/train/GP020478/GP020478_frame_000209_rgb_anon.png,gt/fog/train/GP020478/GP020478_frame_000209_gt_labelTrainIds.png,401868aea4cfe7fe66b3c685cff61aecfccb5b31152937ba83b84802beaa29c1,3c4d21ce3bd761395146fe75a0ebe937d50e2704a51faf3822cbaf0bf15f2626
rgb_anon/fog/train/GP020478/GP020478_frame_000214_rgb_anon.png,gt/fog/train/GP020478/GP020478_frame_000214_gt_labelTrainIds.png,990af93296080950aed6e55e12da1866bbdc6f5e343090cb850a0f494c37e74c,d6fad138004c640190890bb0954edb63ebae18e8f5ee16a06ccea25ee1db446c
rgb_anon/fog/train/GP020478/GP020478_frame_000220_rgb_anon.png,gt/fog/train/GP020478/GP020478_frame_000220_gt_labelTrainIds.png,7e078e11caa6f6341f46c0184680f36f03724fc7370266565b56a4854e5afd85,4c5c84328563742a1309a8bef655749522a2a5a8ad87afd3f49270fc2d6da09d
rgb_anon/fog/train/GP020478/GP020478_frame_000225_rgb_anon.png,gt/fog/train/GP020478/GP020478_frame_000225_gt_labelTrainIds.png,fd883403ae2b4c138fd17c59a6df442d3bfc8179591cb360d4778f1e7293b2a8,5aa045213a765842f51d7ab23b2ba50956186d02395ecdcca41a5a829308c1fa
rgb_anon/fog/train/GP020478/GP020478_frame_000229_rgb_anon.png,gt/fog/train/GP020478/GP020478_frame_000229_gt_labelTrainIds.png,eaf6c1f7542bdac7ebb529953fc930b64815e1fead877304f298c2e8668931c9,e6ff2928386b0af77bc1db96c6b7cc8fe6ba6793834b3a2cb9deddd20a870810
rgb_anon/fog/train/GP020478/GP020478_frame_000232_rgb_anon.png,gt/fog/train/GP020478/GP020478_frame_000232_gt_labelTrainIds.png,d6347ffe9c7e33d3e9966c5c6578d7441162b1b9e4db096b1eb9ca433dfd98a0,978a226453ed24723abf077ea61d281d852998b85383d094da82059b357f8138
rgb_anon/fog/train/GP020478/GP020478_frame_000235_rgb_anon.png,gt/fog/train/GP020478/GP020478_frame_000235_gt_labelTrainIds.png,b726439e0c6601daacd9837bbd7c96ccee12670ed4955fa64c46e74cae408cea,977ef3ceb26edcc60069727f0c6bc6827096896fca553bfb198917025f8904d8
rgb_anon/fog/train/GP020478/GP020478_frame_000241_rgb_anon.png,gt/fog/train/GP020478/GP020478_frame_000241_gt_labelTrainIds.png,d4ba80aba0931635eab1275400dbdda8ebe00e852c85f2d61881998b087ea4f7,483e2b033e4dd9ff509ca1ad8cc0b7752b2b0f7ab3f525c990d53895c6b23e47
rgb_anon/fog/train/GP020478/GP020478_frame_000311_rgb_anon.png,gt/fog/train/GP020478/GP020478_frame_000311_gt_labelTrainIds.png,653529227e8f39595a2abe4f371caf26ca1efdaf1dc071202606def4f32cfe8b,7b71f7adf2f416fdf76bb571e2df299a59d50a3b0d28844f29ce4127ec13b1c5
rgb_anon/fog/train/GP020478/GP020478_frame_000314_rgb_anon.png,gt/fog/train/GP020478/GP020478_frame_000314_gt_labelTrainIds.png,e9eca5a4dc6dd92bdd9b6c1b1fba66664899ed6f2462c44cebcadacc11da1042,1eaa84801f5f490ca9b67d68d09e03c50e2641d930aee667c0fc760b952e4a25
rgb_anon/fog/train/GP020478/GP020478_frame_000317_rgb_anon.png,gt/fog/train/GP020478/GP020478_frame_000317_gt_labelTrainIds.png,b7b391b6a1c896de3d311c664407c44328e842d324056dbdd89f68de2e3317c4,0cdda4843a80b30bc1cd0dda2ac0a01e53a8647df2cbe61f526a7f4a802302d6
rgb_anon/fog/train/GP020478/GP020478_frame_000320_rgb_anon.png,gt/fog/train/GP020478/GP020478_frame_000320_gt_labelTrainIds.png,6f97bb681ead7caf799b33ab27681aa7cdd0fc78460f63ebd4b524c7cbc7eb36,e4fd0bc844ced1a34f3bf6c9b5f62604b9b3799c07b09b5658db66448754aaef
rgb_anon/fog/train/GP020478/GP020478_frame_000326_rgb_anon.png,gt/fog/train/GP020478/GP020478_frame_000326_gt_labelTrainIds.png,aff2c9ba19590943ed9f3fe504b8c110c4a6bf44686a41924d34d99bd3366c8c,9a7f3bfd2d1e0aff85f82dcab91cb36a83c0d86377ab893cdf081947ef062d1b
rgb_anon/fog/train/GP020478/GP020478_frame_000329_rgb_anon.png,gt/fog/train/GP020478/GP020478_frame_000329_gt_labelTrainIds.png,3f8aee1af723b50d7a31ad75b245b190c91d98d18ecc3f1449271c3cad966c2e,f44ab7d8e3b5527e2886f38386e40bb2e801af776ef8f96a596afbb4887745b1
rgb_anon/fog/train/GP020478/GP020478_frame_000335_rgb_anon.png,gt/fog/train/GP020478/GP020478_frame_000335_gt_labelTrainIds.png,312a0167d5bb6c859c338f19aabe64300b94882907b33cff3b3a41b5876d4f5e,23f380908e14fafb62403279ae3365dbe38f704377b642d1a3182b507f9bbaa3
rgb_anon/night/train/GOPR0351/GOPR0351_frame_000159_rgb_anon.png,gt/night/train/GOPR0351/GOPR0351_frame_000159_gt_labelTrainIds.png,fc9b79cc26341544ebd03d87077b6a3c776d6555b85de5c708cefda2b86b4dbb,9c720f8e5d66494827f14b676bd7e88ba5c8f463653d134b5ca783098ec6b51a
rgb_anon/night/train/GOPR0351/GOPR0351_frame_000161_rgb_anon.png,gt/night/train/GOPR0351/GOPR0351_frame_000161_gt_labelTrainIds.png,5fd0251b84071ff93aa469e0ed516c772b25e42830f99ac13564e806e2bcc331,2ec2035d779dd0ae69544cd368162decf8e7bdc880b408945d44be52e54de2f9
rgb_anon/night/train/GOPR0351/GOPR0351_frame_000165_rgb_anon.png,gt/night/train/GOPR0351/GOPR0351_frame_000165_gt_labelTrainIds.png,806eb6a951efd88ec71710736b4b523a871c3453560b1e98cf125363ce115fa5,57d1e7effabaf0ae08bab73f9f0d7fe7d52ac642849fefa23bff3771304d04d9
rgb_anon/night/train/GOPR0351/GOPR0351_frame_000167_rgb_anon.png,gt/night/train/GOPR0351/GOPR0351_frame_000167_gt_labelTrainIds.png,0e8d69ce59cf52a464d3cee4a9384dc140da72eef7c6e2ac23f82d0178eb9d7d,436332354095038c53f39fb62da45c0da7ce399c162e13d5bb24b134e230b4e9
rgb_anon/night/train/GOPR0351/GOPR0351_frame_000169_rgb_anon.png,gt/night/train/GOPR0351/GOPR0351_frame_000169_gt_labelTrainIds.png,523be22fede140d510a513555a73d63bec56e9eff2481d2d0ef4dc1f22936612,5fbddd41abc657c1d9f9cb82dd411201253bc91ed1cfdba6232e67644fdcc83a
rgb_anon/night/train/GOPR0351/GOPR0351_frame_000173_rgb_anon.png,gt/night/train/GOPR0351/GOPR0351_frame_000173_gt_labelTrainIds.png,f5eb8118d1351f1f61a4c43845e7b71c4e7426ca4af47ed7938747140e5523b5,cd2a09307b8724f5f84b52c178f1ea2cdef2c08a37d4dcfa9c976f30c38f001f
rgb_anon/night/train/GOPR0351/GOPR0351_frame_000177_rgb_anon.png,gt/night/train/GOPR0351/GOPR0351_frame_000177_gt_labelTrainIds.png,8f2e740ddb3b3214f01666a674a48e263872e7b8404003bee10764bd85bfa219,feb49e4639debda3e9bed149a1732e4803b0e3c0f509cd45ca484a78566c9a1c
rgb_anon/night/train/GOPR0351/GOPR0351_frame_000179_rgb_anon.png,gt/night/train/GOPR0351/GOPR0351_frame_000179_gt_labelTrainIds.png,5183d1ed4f7f4e86fb3c1c6376bc9bd9e62de4450027f7cf12f005815524c2a8,4b4bf6dd5a3afaffac9b0226a12362a4d7139c7390a0010a27b48f7055d6f352
rgb_anon/night/train/GOPR0351/GOPR0351_frame_000181_rgb_anon.png,gt/night/train/GOPR0351/GOPR0351_frame_000181_gt_labelTrainIds.png,e675a41f753bc910ae24b24a3cefdaae68c79d5cb0510a22d2eb2e9a6ba6cdf5,917be1f69c1afc549c983c1f1bac2b69e451b5fc194b9ef058f17738f6dc49bb
rgb_anon/night/train/GOPR0351/GOPR0351_frame_000183_rgb_anon.png,gt/night/train/GOPR0351/GOPR0351_frame_000183_gt_labelTrainIds.png,d9a21cc12314ebfdba23aadc5017697deab7f2f09caa50f0aabdac563b4cda50,f6c6cea4babef8f364a284c16fca357625e405fd3b71e3d5405669c24ae8e5b2
rgb_anon/night/train/GOPR0351/GOPR0351_frame_000185_rgb_anon.png,gt/night/train/GOPR0351/GOPR0351_frame_000185_gt_labelTrainIds.png,ccfb6c75147f4efb253d3cd4032c02508b8dc0147600c4731d1221d0d632c02c,09d434371790f0d680d44ee2e36ba536ef19825455dd23c6eb0f0c9ce29f824c
rgb_anon/night/train/GOPR0351/GOPR0351_frame_000187_rgb_anon.png,gt/night/train/GOPR0351/GOPR0351_frame_000187_gt_labelTrainIds.png,7b07f44836de91a957779d0a28a89cc38240545d3663b0ab66c4cf5d6908e929,3319d5f19c2971f60480690d80a540571d020f881a7f4d97ec15d176c86df3d0
rgb_anon/night/train/GOPR0351/GOPR0351_frame_000191_rgb_anon.png,gt/night/train/GOPR0351/GOPR0351_frame_000191_gt_labelTrainIds.png,09155a5cffb750a9f15f7595399ad67c8b57c63955ed6575da141cefe1bcddbd,2a7a2437994a5a797944b3ae685bbd4562619c4d1026390c914c8463f642a779
rgb_anon/night/train/GOPR0351/GOPR0351_frame_000195_rgb_anon.png,gt/night/train/GOPR0351/GOPR0351_frame_000195_gt_labelTrainIds.png,15ce78973c3d919a82be4c5d14fe8948931fa0d73275a1b10caeaf66e982c592,a25d2b929e32eb95ad02fb967173775bfbb4bff1d40ecc164fd21633888e7c1e
rgb_anon/night/train/GOPR0351/GOPR0351_frame_000198_rgb_anon.png,gt/night/train/GOPR0351/GOPR0351_frame_000198_gt_labelTrainIds.png,66311b1842d3e4da0161519ebe50a50315c07c0f9c5175aa8bc6b516b30b42dd,9f6630ae061d138ce2e52307e92dc26cf3fa3fd05a9152e6f165684956f64daf
rgb_anon/night/train/GOPR0351/GOPR0351_frame_000200_rgb_anon.png,gt/night/train/GOPR0351/GOPR0351_frame_000200_gt_labelTrainIds.png,b2fb2ac564978d0268e147d787d80a52a7e5197d814c19f5ed1ab5f2d810cf78,825c126c8a30f138e2a5393071bea9ab6c0eccb5f67afb77e1fdc04f608d5270
rgb_anon/night/train/GOPR0351/GOPR0351_frame_000202_rgb_anon.png,gt/night/train/GOPR0351/GOPR0351_frame_000202_gt_labelTrainIds.png,1a26c680b17402864abbf004823bceff21cb9f8281d358e4ea011d87ae5436f6,bb54ea6959a86dd786318d77a58098e62efe4bb03648be533756c3121e15bd83
rgb_anon/night/train/GOPR0351/GOPR0351_frame_000204_rgb_anon.png,gt/night/train/GOPR0351/GOPR0351_frame_000204_gt_labelTrainIds.png,ab1a7f033e5752594588ccc52599cddf21ecf75c2531174c538ee2d212205dff,c1a0e1388f1ca009741832c05ccbf29c666c3f45f99c9961181dae2d3edc9d55
rgb_anon/night/train/GOPR0351/GOPR0351_frame_000214_rgb_anon.png,gt/night/train/GOPR0351/GOPR0351_frame_000214_gt_labelTrainIds.png,3d2ba69503d4d0237b6e6fa9c096d4badaf0cff29018c6f0bde772e6be6ce352,c4a073529b4c3b0aee450304582d970320299c95f444a01f556ac8a6c7195fee
rgb_anon/night/train/GOPR0351/GOPR0351_frame_000216_rgb_anon.png,gt/night/train/GOPR0351/GOPR0351_frame_000216_gt_labelTrainIds.png,dbfc0322b8f66f09514052dda33c52dac22fa084317c7d7b97d6ced1e965ecba,6d21234800b40e02b976fbd11b74953c0fe381d9b3c920788b66e058bddd923d
rgb_anon/night/train/GOPR0351/GOPR0351_frame_000226_rgb_anon.png,gt/night/train/GOPR0351/GOPR0351_frame_000226_gt_labelTrainIds.png,5309d70a331e54af6d49fb4497556106a801f1bd1130090e29c1642c3d6b2af2,0f6ddc78e2547920a4b9023b1cae49356b7678356011077ebdebe63ac6847a1a
rgb_anon/night/train/GOPR0351/GOPR0351_frame_000230_rgb_anon.png,gt/night/train/GOPR0351/GOPR0351_frame_000230_gt_labelTrainIds.png,21eca75e9725310e61830319f5b41bd249603883e338d668b1ee2cf498c9c8e5,7ad87d448ba5853d49752d94405caee111b8f69f1eca20daed3b6cfc0f3fccd4
rgb_anon/night/train/GOPR0351/GOPR0351_frame_000233_rgb_anon.png,gt/night/train/GOPR0351/GOPR0351_frame_000233_gt_labelTrainIds.png,b7b6fb3ec31bfb42d0ad56672caa1e21acd5eafac094ec72f56004727d0276b8,5580f82704b516a18c12ccf1275091713c1fc3a1251fbbf5565ec95e4e63f4e7
rgb_anon/night/train/GOPR0351/GOPR0351_frame_000247_rgb_anon.png,gt/night/train/GOPR0351/GOPR0351_frame_000247_gt_labelTrainIds.png,38426ae75e55cedbf74d9e29125e2d233feee43bc2bb383ad386f8349e35d970,815cf3aeb2839b5af6d7319790f9ed1a758e0db5ef573edda923383b2e60d11e
rgb_anon/night/train/GOPR0351/GOPR0351_frame_000253_rgb_anon.png,gt/night/train/GOPR0351/GOPR0351_frame_000253_gt_labelTrainIds.png,2cb44aa37918d54528a2898acd35ab8f8d7c6d5394e00cfc6c225b4e5f3f924f,2e37523d1d4179324d4854d4d4ce1f1b4a7e66475024e0cfca12f416e914c460
rgb_anon/night/train/GOPR0351/GOPR0351_frame_000257_rgb_anon.png,gt/night/train/GOPR0351/GOPR0351_frame_000257_gt_labelTrainIds.png,8fb6247b651d50b8bec00225e619e3a7eb34962b646b436a4f928c2601f90f6d,d6dff961f4d037fac8e0476f813466a52b5817640d9862db90e3447336b61d9f
rgb_anon/night/train/GOPR0351/GOPR0351_frame_000260_rgb_anon.png,gt/night/train/GOPR0351/GOPR0351_frame_000260_gt_labelTrainIds.png,d6baf55431555f50d0736a675cb2d3e1ae6145a6f9d5d7a931d38035a438d672,1f05c8a5b811625ec046215110fba94169ba0468e67ed786b410e974e26287d0
rgb_anon/night/train/GOPR0351/GOPR0351_frame_000263_rgb_anon.png,gt/night/train/GOPR0351/GOPR0351_frame_000263_gt_labelTrainIds.png,1927da11e5dc9c80e36d349a40d8240f0bfe085fd3dd685ee33afb1727a002bf,20c145170ae40d49a7b101b3bd7cf6f90938c4b0fdec243f3c89d0c7c6f39a0c
rgb_anon/night/train/GOPR0351/GOPR0351_frame_000267_rgb_anon.png,gt/night/train/GOPR0351/GOPR0351_frame_000267_gt_labelTrainIds.png,934c9e6d807aea2441e6e12ed086fc78c0a6ab0265a23989caccd20c90ea62d4,cd8b3d7c9e15cefe35945063a544caf580855148365d10b557dee175af540e4b
rgb_anon/night/train/GOPR0351/GOPR0351_frame_000271_rgb_anon.png,gt/night/train/GOPR0351/GOPR0351_frame_000271_gt_labelTrainIds.png,830b5a22a55c9a790b491576f352116a3a74e4005b354e6152634be0af95a990,b3d98cff1f39d3942122ca8d6b9b9ed9bb1e7520914d067c8d2b3bbcc55efe2d
rgb_anon/night/train/GOPR0351/GOPR0351_frame_000276_rgb_anon.png,gt/night/train/GOPR0351/GOPR0351_frame_000276_gt_labelTrainIds.png,accafcf37a35dc5ffdd6e80a14589721e5f1a53093022e777d166176f88a5916,e263275e4c51839ce84a8d7a9fdadcf4d63f6bb2e15140ed4904b7cbe08e7b13
rgb_anon/night/train/GOPR0351/GOPR0351_frame_000279_rgb_anon.png,gt/night/train/GOPR0351/GOPR0351_frame_000279_gt_labelTrainIds.png,45fdd2ac4826b0e0553d97d1ff5c17548ecc821811cc08eeb4cbd0479c3bb7bb,0ed1ac4fda7c925a2eca684dd9be89968cea89c93b901118da3062ec7032936c
rgb_anon/night/train/GOPR0351/GOPR0351_frame_000285_rgb_anon.png,gt/night/train/GOPR0351/GOPR0351_frame_000285_gt_labelTrainIds.png,b01625e983e884a6b238fad05de9a92f618c691f836f35b11d70b8dcfd5daee2,088dad2f9787930a59b3f9adf9d3476b6b1c6a4ae3edcb38706c1f82f94dc201
rgb_anon/night/train/GOPR0351/GOPR0351_frame_000300_rgb_anon.png,gt/night/train/GOPR0351/GOPR0351_frame_000300_gt_labelTrainIds.png,833f9047955919404f4bf0d7e91fb5bc67dc3e071912e88fab1f0f55f9df5377,38181d8881b82c4a608ca5297794efbba339cc2f226acc74e5b7455fd794894d
rgb_anon/night/train/GOPR0351/GOPR0351_frame_000304_rgb_anon.png,gt/night/train/GOPR0351/GOPR0351_frame_000304_gt_labelTrainIds.png,a032d6e90ffafa3736368eac7de0fc7accc4991a632fc467a824c8675c72efd3,147ac4bb586aa90e55cfa824795bc84f4aa0c09782c58588bae324f7b4213130
rgb_anon/night/train/GOPR0351/GOPR0351_frame_000307_rgb_anon.png,gt/night/train/GOPR0351/GOPR0351_frame_000307_gt_labelTrainIds.png,128ebe09e246d40b804504a0761ecd53c141b5275dbea0dde178d4b53fe9e125,4ab2c2226ed9248a6052c5e29bd0622175dd4bc09fa0b351719ff75ae8e59f35
rgb_anon/night/train/GOPR0351/GOPR0351_frame_000313_rgb_anon.png,gt/night/train/GOPR0351/GOPR0351_frame_000313_gt_labelTrainIds.png,fed81958ad950ea14272a9c0e24301f4324d1b3347b5344e3923d14b2faf81af,b81e4dd001fbeb930eb74055bf6ab62466c95366254c71c5d36ff49e5325a65f
rgb_anon/night/train/GOPR0351/GOPR0351_frame_000317_rgb_anon.png,gt/night/train/GOPR0351/GOPR0351_frame_000317_gt_labelTrainIds.png,c5b2ff5cebc3b38388f0140437b72b6fc08e637e9efb6b04675438d9bfcb8d99,7e35ae68100618c5cdaf32b8cd42584f396189cfb4c410baf24167ec93454088
rgb_anon/night/train/GOPR0351/GOPR0351_frame_000319_rgb_anon.png,gt/night/train/GOPR0351/GOPR0351_frame_000319_gt_labelTrainIds.png,ee6c8ec86983cfc7ede8ae640550e485af0b9e84c7f5641dbb45fa4c72f7985e,b42811c1a642ab46d7a5378d7a21a4e10e8794323586e09fed5a03435c49eb38
rgb_anon/night/train/GOPR0351/GOPR0351_frame_000323_rgb_anon.png,gt/night/train/GOPR0351/GOPR0351_frame_000323_gt_labelTrainIds.png,9bfe0a6f3ee83a239a72f444c8389feb3727a3368302d92712f57e26717f15a8,450b1fff72ff7c73eddb1caf73178ab808f927ac930787d6197f563d10e43435
rgb_anon/night/train/GOPR0351/GOPR0351_frame_000325_rgb_anon.png,gt/night/train/GOPR0351/GOPR0351_frame_000325_gt_labelTrainIds.png,9397d5b636b8dc7efd7b11001afe9706896ff849b5766c7d7b16b155a14895a9,f205a8a587db69a56257713e6a923d6d5b04ab3b3d9ee4e118f72a92cc3c41a7
rgb_anon/night/train/GOPR0351/GOPR0351_frame_000327_rgb_anon.png,gt/night/train/GOPR0351/GOPR0351_frame_000327_gt_labelTrainIds.png,afdab3641d82226a719b8f0b7678cadd8ab3bd59cb7aed69818eead83eca86f5,c1e228d6de48bb7f147b0303eff52d1b88c63a53a4ec4eb52b754419ec76b136
rgb_anon/night/train/GOPR0351/GOPR0351_frame_000329_rgb_anon.png,gt/night/train/GOPR0351/GOPR0351_frame_000329_gt_labelTrainIds.png,87fef684f86ac677c74c406d0b31dc8d088ad8626d4b27985d97169a59093f8f,20893058402eeef1635b946b05de3be5d57999bbb0d589cf147e1fa0a94875d7
rgb_anon/night/train/GOPR0351/GOPR0351_frame_000331_rgb_anon.png,gt/night/train/GOPR0351/GOPR0351_frame_000331_gt_labelTrainIds.png,952e92bd85fd9fc20111823517058b86dbc80f8cf746cc299f2fb427646d5df8,0e27481eff29b23c3eab2cc197e1739caf02e8879b70478baea642c1540329e2
rgb_anon/night/train/GOPR0351/GOPR0351_frame_000335_rgb_anon.png,gt/night/train/GOPR0351/GOPR0351_frame_000335_gt_labelTrainIds.png,2a25b7f43bdaaf6d85637904f5eef8e82953349a83aa7bbdb3cc626ae5cd4478,c02e70141cfc0da257e04a2d4091eccd4c420eebda7bd329632e561254c7200c
rgb_anon/night/train/GOPR0351/GOPR0351_frame_000337_rgb_anon.png,gt/night/train/GOPR0351/GOPR0351_frame_000337_gt_labelTrainIds.png,0732c5547134861a182a35c5836d3ada434c5dac8e7192ac36e6d31b389187d3,ed37ad7f3e560556cf90c7d6c1c918d00a6945c70755275f6ce061b4c1a506f6
rgb_anon/night/train/GOPR0351/GOPR0351_frame_000341_rgb_anon.png,gt/night/train/GOPR0351/GOPR0351_frame_000341_gt_labelTrainIds.png,a1537969b964974e2b6d4264efa808c227e78278579fda5dff13ddd5960d63b6,302cffd7fcd0f531d2d2c5bf0f95258a34fcab1ccb5859a49b6e6fd1a74143c1
rgb_anon/night/train/GOPR0351/GOPR0351_frame_000347_rgb_anon.png,gt/night/train/GOPR0351/GOPR0351_frame_000347_gt_labelTrainIds.png,7d030325fe29118ddcd5379b88408d2c943d7a802d140c8e08628566322560d8,c1bddd976537a4f454f8c60f64c9ea90afa9eaf0885d0805b8d4e986747cce05
rgb_anon/night/train/GOPR0351/GOPR0351_frame_000354_rgb_anon.png,gt/night/train/GOPR0351/GOPR0351_frame_000354_gt_labelTrainIds.png,1671c44bb447ef7877d362aca8f9b447cc0418641e513ff46817ec29c2f6d78a,312508a9f35e6a0f4bbe5c5e71eb95a55817ac55c136570930cf9e4ef342f598
rgb_anon/night/train/GOPR0351/GOPR0351_frame_000368_rgb_anon.png,gt/night/train/GOPR0351/GOPR0351_frame_000368_gt_labelTrainIds.png,407b2d1eba8f7eecbe83a9ce48b937fa116a75a31835acc55df925a7b73491ad,38d0bf0f3a8f5a5678fead509eb3dddc8d908312453d9769dfeb8d90df940706
rgb_anon/night/train/GOPR0351/GOPR0351_frame_000376_rgb_anon.png,gt/night/train/GOPR0351/GOPR0351_frame_000376_gt_labelTrainIds.png,b73be6c328151c4262b76acdd474a4a38b9d2a9a6f733b278cafe8a8565b4a23,2522106997e91fb33299e29c29eb8cf85c6a9a7098e8b02fc157beb7ca4fbd90
rgb_anon/night/train/GOPR0351/GOPR0351_frame_000378_rgb_anon.png,gt/night/train/GOPR0351/GOPR0351_frame_000378_gt_labelTrainIds.png,8f3416405d0d3caf5749ecf7ce39d879bf6ca557de5b66057f888bf62c1f10a9,901c5d18d76f2d8025986c2e382e79124422e767a8a5995cd8727bb9cf9aee0d
rgb_anon/night/train/GOPR0351/GOPR0351_frame_000382_rgb_anon.png,gt/night/train/GOPR0351/GOPR0351_frame_000382_gt_labelTrainIds.png,eedfb5b491bd09c8d255a82bb6f87ba282d789ad7ac7e43afcc5d7ab6903c0be,f6ff762eae4bd57acea17a641b6ad9cb508a73f0c6e72bb8bb5bdb85366e3b57
rgb_anon/night/train/GOPR0351/GOPR0351_frame_000386_rgb_anon.png,gt/night/train/GOPR0351/GOPR0351_frame_000386_gt_labelTrainIds.png,659323e34179e132ba1c3b1a4d50fb9878bfecda0840f7c7bdf91f3f436f9216,ec8e8cfd2e217584fd9f75104b1036f9212b892ca906bc0c0d4d728f3ce4c84a
rgb_anon/night/train/GOPR0351/GOPR0351_frame_000388_rgb_anon.png,gt/night/train/GOPR0351/GOPR0351_frame_000388_gt_labelTrainIds.png,40fb04e067dea40ebc86e8d440a8f77a25449f5595f51da51e631dfb3a544cce,a56b3dc494ed645a59db00eb110bad637af4f25502441c4f9b19a57517f96d8e
rgb_anon/night/train/GOPR0351/GOPR0351_frame_000392_rgb_anon.png,gt/night/train/GOPR0351/GOPR0351_frame_000392_gt_labelTrainIds.png,43ef0848bf262928ce460fb48918ff698f36c48fa460410e6bda186d5bc1387c,d69026f4cfaa5d648424d7bfc751964ab6319b8030b60aa420827b0d223b87b0
rgb_anon/night/train/GOPR0351/GOPR0351_frame_000396_rgb_anon.png,gt/night/train/GOPR0351/GOPR0351_frame_000396_gt_labelTrainIds.png,0050cbe6740da65e9d05c14e9f037d0f03574539a79ff521e3e5b9a9d911ba3e,3ab1cf4ffd992a812c28b3965eaf14664fbf7c2e446a2f6ad0c63a86e4166300
rgb_anon/night/train/GOPR0351/GOPR0351_frame_000399_rgb_anon.png,gt/night/train/GOPR0351/GOPR0351_frame_000399_gt_labelTrainIds.png,412cadea8cc7703ba8707b9120a5cddf09d4fd94018f007814cd1dbe055a518b,3758a8f065e9aed2572edf1db84d1a4b0bb242d1c877eeb26646071a861eb15a
rgb_anon/night/train/GOPR0351/GOPR0351_frame_000405_rgb_anon.png,gt/night/train/GOPR0351/GOPR0351_frame_000405_gt_labelTrainIds.png,ed77d68615ee514885a8bce3c484615be6f741ac5400d4e1af6a9e82162327a8,b397ce5f07e2ed8829ea83c6d452f2078ff1f46df9a57c66f9c9c18adc0728cf
rgb_anon/night/train/GOPR0351/GOPR0351_frame_000485_rgb_anon.png,gt/night/train/GOPR0351/GOPR0351_frame_000485_gt_labelTrainIds.png,fa07da42d853a58742e53a47a9c4bc2da95ce52c5723b64abb16cfc7895e4ec0,ae5ef262a392de5d12218ec736ba4ac1184e0896c3fd3d8ef84edec71fb1beab
rgb_anon/night/train/GOPR0351/GOPR0351_frame_000487_rgb_anon.png,gt/night/train/GOPR0351/GOPR0351_frame_000487_gt_labelTrainIds.png,de6529f26490426e90a2ba2a66c8fd272564bced0da433b670e79629624dfbdc,5f1ee7b31be82e30f4b97e1844149168befefaca32d7447baf1663257e3befad
rgb_anon/night/train/GOPR0351/GOPR0351_frame_000490_rgb_anon.png,gt/night/train/GOPR0351/GOPR0351_frame_000490_gt_labelTrainIds.png,f5601d0a2fb67ea72d535f0d115eddc1814ecd4eefc6a01ae7e6bf5b6b33fc62,ea50b4c20a1bb786f0271e47f3689eb1ef703bcd4582040a89c8283f81405311
rgb_anon/night/train/GOPR0351/GOPR0351_frame_000494_rgb_anon.png,gt/night/train/GOPR0351/GOPR0351_frame_000494_gt_labelTrainIds.png,60139b3f8d5dc1f46a840182fc100dfe6f9bd2cf777d8ed9a979732aeace51d3,bc5c77809a207e478ad5202bc15e600a475a0eba92aab126d610f061f69a1dfe
rgb_anon/night/train/GOPR0351/GOPR0351_frame_000498_rgb_anon.png,gt/night/train/GOPR0351/GOPR0351_frame_000498_gt_labelTrainIds.png,9073a98f01a3781fb7b4531638ec855c02045fb3a72a94b90b78c4cfd81f99e2,c279eeceb6dd075b27f56e32e15a9904b358822388d51c2c92e2a76805d2e85d
rgb_anon/night/train/GOPR0351/GOPR0351_frame_000500_rgb_anon.png,gt/night/train/GOPR0351/GOPR0351_frame_000500_gt_labelTrainIds.png,019c0ecaffa5cc4f3c2dbe2f7e5b291eff9dcef88f8e12770c6217668b1e1c03,dfd8f9196514bffeab5d20e4e3548e91ee92895b7fb45c7cce38836bff3f422c
rgb_anon/night/train/GOPR0351/GOPR0351_frame_000502_rgb_anon.png,gt/night/train/GOPR0351/GOPR0351_frame_000502_gt_labelTrainIds.png,3d0dbc6f69931e6a620931faf7d69f40cd540ff47cc4588747316e5dd4997421,ec08dab727b9b0a6ae40cf57530b8ec82ca28c17f068f39561b7adfa69e042fe
rgb_anon/night/train/GOPR0351/GOPR0351_frame_000504_rgb_anon.png,gt/night/train/GOPR0351/GOPR0351_frame_000504_gt_labelTrainIds.png,bc2c70ddba99d50feb52717120f7f798c824dfa352193a8accf3b02b7cf5979a,38882e836c016b808b7702184b1628b17fcd41ed47b33e5b1e6f3bb44d38bdd4
rgb_anon/night/train/GOPR0351/GOPR0351_frame_000507_rgb_anon.png,gt/night/train/GOPR0351/GOPR0351_frame_000507_gt_labelTrainIds.png,b38940b33dbef2d0a01a0c4c90702d8fbd6df1ae8f99a3eb09133af6aca76f62,61941b312ba79f8b284edd4792c202421ddf68aacd045d1ab549273c7a00eba8
rgb_anon/night/train/GOPR0351/GOPR0351_frame_000509_rgb_anon.png,gt/night/train/GOPR0351/GOPR0351_frame_000509_gt_labelTrainIds.png,a2335aab434a49a909d108574ed1413a72c96717b4c95d48862b8990343effb9,79c59fc5419157e6d5983db6f238521e11069c2c3c69c61227b7f8dfe45fd9b2
rgb_anon/night/train/GOPR0351/GOPR0351_frame_000513_rgb_anon.png,gt/night/train/GOPR0351/GOPR0351_frame_000513_gt_labelTrainIds.png,5f5cfc54ba536a6c929633490ed3cc4bfdb79bbe24c8b4f84641acb4a854437c,a4ed26d22e5a09c57b413f710414db146e993380b5f024a604b1a7d68e867772
rgb_anon/night/train/GOPR0351/GOPR0351_frame_000515_rgb_anon.png,gt/night/train/GOPR0351/GOPR0351_frame_000515_gt_labelTrainIds.png,0a40e8523ee26fffa56a8f2a1e290106b1834ea414047d4ce0ef86da85b75793,74387281b816fb05cb0d069c088211e1e9b1619c73196fcaa3ee477340b83f85
rgb_anon/night/train/GOPR0351/GOPR0351_frame_000519_rgb_anon.png,gt/night/train/GOPR0351/GOPR0351_frame_000519_gt_labelTrainIds.png,b7840ea49554c96f50aba879b545c2a6e10b2d31bdb45f81c4a25c6ad8f58b85,141b1067635d205e059e2e3eb41ab56c9dc4986bd634bd162904798cb67a52f7
rgb_anon/night/train/GOPR0351/GOPR0351_frame_000534_rgb_anon.png,gt/night/train/GOPR0351/GOPR0351_frame_000534_gt_labelTrainIds.png,4f3237ef0fde13768dffb4aee0a07642d34c3c54d3d3d6f894abc6cd0068f77d,9ff82d8d8751d9af78dec45355bafbad6ab778a1ac26d3189f25416bcd0cc206
rgb_anon/night/train/GOPR0351/GOPR0351_frame_000540_rgb_anon.png,gt/night/train/GOPR0351/GOPR0351_frame_000540_gt_labelTrainIds.png,6860e53db3fb7f47cc68fad5d23de2e6dfdf07dbefda3edb59d994bafdd2dce9,5f128de45a5fc2f2e9ce06e068ce96a3ee224cea8ad7de63037bfa3f654bced3
rgb_anon/night/train/GOPR0351/GOPR0351_frame_000543_rgb_anon.png,gt/night/train/GOPR0351/GOPR0351_frame_000543_gt_labelTrainIds.png,8aef74d3d5e9dd82e0a7826e720943f84932c665812bb5afa620d7daf9a2c52e,2c49a8005fe5de53ac0137756f0e7e379c09a1d7982964a19d0d395b21b934b3
rgb_anon/night/train/GOPR0351/GOPR0351_frame_000545_rgb_anon.png,gt/night/train/GOPR0351/GOPR0351_frame_000545_gt_labelTrainIds.png,1fd25f5098e39e461b4e6716a2bd2f095460db12635dc094e14d90cd99397bca,1bebc8fe6cb6c48391e615b193a850aac3134456eda8cb47eb3fde420856e418
rgb_anon/night/train/GOPR0351/GOPR0351_frame_000547_rgb_anon.png,gt/night/train/GOPR0351/GOPR0351_frame_000547_gt_labelTrainIds.png,a0e313b1c280b1d8363189a1f43f37669c9ee0a59281c0ee0cb60b041be4ee56,4ad6ff63a6e59cb1e606a6cae0cbc9c795024eb438b3001526bb1dfdba899646
rgb_anon/night/train/GOPR0351/GOPR0351_frame_000551_rgb_anon.png,gt/night/train/GOPR0351/GOPR0351_frame_000551_gt_labelTrainIds.png,d00b56cdb2bef49e0605fbab108879ab3d48dffd7de8967eecdd32b1238a0431,bcb95af245b29c34efb2c1b259bf24444234165cca08d840b40b5f7e037e8a6b
rgb_anon/night/train/GOPR0351/GOPR0351_frame_000553_rgb_anon.png,gt/night/train/GOPR0351/GOPR0351_frame_000553_gt_labelTrainIds.png,1377c6d7d3080843ab6596187ad094f356dfab04c7e55ce41093faf02f5de04e,58b825ca386f06b488a9e169740fa05a8f78abd0caf08385f22164e46aabc0c0
rgb_anon/night/train/GOPR0351/GOPR0351_frame_000555_rgb_anon.png,gt/night/train/GOPR0351/GOPR0351_frame_000555_gt_labelTrainIds.png,c28afc52facc7b1576c62005f20585f93cb30d37c1e1049bc3532aa749cd0a7d,a6315f99ee173716c0e559d8a449ee08c0800a2fccec909f4a2045d67b255594
rgb_anon/night/train/GOPR0351/GOPR0351_frame_000557_rgb_anon.png,gt/night/train/GOPR0351/GOPR0351_frame_000557_gt_labelTrainIds.png,992ce36db86675dcde3a7e8d76b8a56021edbd2028c54246fd97f80477ebc677,caba8da772468432a1aa8790d48a989fb4db97e959dc89f985b48ed1957e44c9
rgb_anon/night/train/GOPR0351/GOPR0351_frame_000573_rgb_anon.png,gt/night/train/GOPR0351/GOPR0351_frame_000573_gt_labelTrainIds.png,313417ad92a97628aa2bc2a10ef0bea76ff65a466537e2605ff6428e2fde34cd,433955074089313eccee5efee3fbd1987275b9bb22a909b95f9bff00d9a4c02c
rgb_anon/night/train/GOPR0351/GOPR0351_frame_000581_rgb_anon.png,gt/night/train/GOPR0351/GOPR0351_frame_000581_gt_labelTrainIds.png,80fd127a15bf20fc0e002867258aaa6ee4b6769cfea2e491681eea31661fe38d,2a185fe8708f5653089c491305c95a29e6cf541c21290fa241fb208768441d56
rgb_anon/night/train/GOPR0351/GOPR0351_frame_000595_rgb_anon.png,gt/night/train/GOPR0351/GOPR0351_frame_000595_gt_labelTrainIds.png,662068d1282491c4f9077b92179fdeda521e6968db7ed44d179a72e7d6d66f0e,68c1afe69d8b2bf566450680bead3851df47a92c2861040110ac545697419b3b
rgb_anon/night/train/GOPR0351/GOPR0351_frame_000599_rgb_anon.png,gt/night/train/GOPR0351/GOPR0351_frame_000599_gt_labelTrainIds.png,4e6a7be83165b5bae2b32be92b1ef6f84003a5db5eef72d46a52502abfaba9a5,04fb08495847c2982b0b1b4b081e849023471d998eb0be50782d17ba2e201a8a
rgb_anon/night/train/GOPR0351/GOPR0351_frame_000603_rgb_anon.png,gt/night/train/GOPR0351/GOPR0351_frame_000603_gt_labelTrainIds.png,10256cabc0de02789ef15113b798e568dcf1b193253087850a23c1c0bc4a1e82,37bb84943dbd327e5c5b74a1962de863525dc167164fc36a59795f1317e398b4
rgb_anon/night/train/GOPR0351/GOPR0351_frame_000607_rgb_anon.png,gt/night/train/GOPR0351/GOPR0351_frame_000607_gt_labelTrainIds.png,c7ebe4cf6d28185b55887b825b9114c126a24508d2139d79e09487856332de22,4f3b811c858eb90852e9f6614b2a1f3cbec5ac49a0f3fd2924b2c73f39a540c2
rgb_anon/night/train/GOPR0351/GOPR0351_frame_000615_rgb_anon.png,gt/night/train/GOPR0351/GOPR0351_frame_000615_gt_labelTrainIds.png,4d7c649a1ab4c53f45a67406e8e485fa6f23e9ad13862e5deb3e0a16370c7c43,fcc51c981cc10e9543975f337884d92a3ba558463bf3a37173500b0e8c95dd76
rgb_anon/night/train/GOPR0351/GOPR0351_frame_000619_rgb_anon.png,gt/night/train/GOPR0351/GOPR0351_frame_000619_gt_labelTrainIds.png,d1fcfb34033669103bb4fb74888437d3d75745c2c80a6d76df9a28c811335e37,6518ab3398610385b30b4a55d58af63880b5c84d59e83fd4a88f7bebbf4d7c37
rgb_anon/night/train/GOPR0351/GOPR0351_frame_000623_rgb_anon.png,gt/night/train/GOPR0351/GOPR0351_frame_000623_gt_labelTrainIds.png,64ca9ca4a22ca8765f150d62b351a9ff7a7bb2fff6ef55340d8349743e32ed36,869d288b509eb2c0775fdd48f5e8b896e231677c26c1ad396094c8da345b657f
rgb_anon/night/train/GOPR0351/GOPR0351_frame_000627_rgb_anon.png,gt/night/train/GOPR0351/GOPR0351_frame_000627_gt_labelTrainIds.png,15160bb8270a6b3addf83bfcc648a8cf0b858d70f4ec47c39f2b57be1f5762a2,135fb144d6b5bcebda418867beb609f45d28c1a38744afc455a86f648deaf341
rgb_anon/night/train/GOPR0351/GOPR0351_frame_000633_rgb_anon.png,gt/night/train/GOPR0351/GOPR0351_frame_000633_gt_labelTrainIds.png,c52c896138c63b1f1fb3a1f634f61070b1c86ca8b85440c8da1b65613b377063,5fa1fd9d77ee169bed65220e65b6d5df35bb6cf1b7821a7ffa033805decaf218
rgb_anon/night/train/GOPR0351/GOPR0351_frame_000639_rgb_anon.png,gt/night/train/GOPR0351/GOPR0351_frame_000639_gt_labelTrainIds.png,d7564ef987d41a4ef31b431468aac7731c04bb2d40ed6a980ae2d2fabe9a92be,9796cdaf9fb201b65c0bdc10c08009f02d1065115f2843d7c1792ff1b3a774d1
rgb_anon/night/train/GOPR0376/GOPR0376_frame_000034_rgb_anon.png,gt/night/train/GOPR0376/GOPR0376_frame_000034_gt_labelTrainIds.png,2002504dcb246d6d61e83b5f8c4d0ad7aa2c6d71ee908f4cf62a9631c729f174,5422074015189e3528a2f85de4b1288b993cb4cf69f1148f658918e926cfabe6
rgb_anon/night/train/GOPR0376/GOPR0376_frame_000038_rgb_anon.png,gt/night/train/GOPR0376/GOPR0376_frame_000038_gt_labelTrainIds.png,547b4d63d16e6051a85980ce29822db5b2fd2fa6e0abb5ff4e0c18a4deb59f5d,1b82a8b70f18b60d227a485bd687ac08d515b90e2645f06ed1585423214a498c
rgb_anon/night/train/GOPR0376/GOPR0376_frame_000042_rgb_anon.png,gt/night/train/GOPR0376/GOPR0376_frame_000042_gt_labelTrainIds.png,e2a508ee2208bf01de504b8bf602a85f425c4b2a0519d5e767fe8f7cbc5c0071,ba5b039af8d0f2205af26e8aa781e693e2c6fd635291ebec5d5994e475d6c02d
rgb_anon/night/train/GOPR0376/GOPR0376_frame_000046_rgb_anon.png,gt/night/train/GOPR0376/GOPR0376_frame_000046_gt_labelTrainIds.png,e7431512a2a7e513e6101da60eb12133a43e556b637f77c2f417acdf2c487fab,ed6e25fb9a5f142d800964b7b4551be84bd202b6d319f69b51414f51adfb969a
rgb_anon/night/train/GOPR0376/GOPR0376_frame_000050_rgb_anon.png,gt/night/train/GOPR0376/GOPR0376_frame_000050_gt_labelTrainIds.png,d20d825ab7d98035e27852e7f816eb0539f76835e2065d0bec1012ed99bd1cea,2c2296d1201447eb2ea3c5a3fc861724052362d78e99f0c1bf2b79b5efb06db0
rgb_anon/night/train/GOPR0376/GOPR0376_frame_000054_rgb_anon.png,gt/night/train/GOPR0376/GOPR0376_frame_000054_gt_labelTrainIds.png,f14b7a3c8469a05d0feb86d0662833a34046cc7955f3bad4d168d95c53b3971d,32a54423b460a649630c8ef75c1460d8ea05cd3e9b408f3e25c71bf2598a8532
rgb_anon/night/train/GOPR0376/GOPR0376_frame_000058_rgb_anon.png,gt/night/train/GOPR0376/GOPR0376_frame_000058_gt_labelTrainIds.png,8da20e077d9fbf97df1cf7a14ab05d88e0e2d84a760d55a6b502c3370c9bb762,5781851b869e3e32e539f9ab3a49ac36d24fd379401b8b28586f587b8bec2df8
rgb_anon/night/train/GOPR0376/GOPR0376_frame_000067_rgb_anon.png,gt/night/train/GOPR0376/GOPR0376_frame_000067_gt_labelTrainIds.png,56854ee37cc7337bc953a89b46fd9ccdc4df4caeace020225b871657502cb025,31033f1f1aa1bc0e24d9ed18eb38d04c5bf1d8cba07b4a0f672a4d2035bea575
rgb_anon/night/train/GOPR0376/GOPR0376_frame_000089_rgb_anon.png,gt/night/train/GOPR0376/GOPR0376_frame_000089_gt_labelTrainIds.png,ae5d213fe1a7d4556d0d3364f5b5d8e20e98496b72925b63355f534ff03889a6,5c6bd9b32666043b4e0ac3efe14af8c4b5b3e440627b2d7036719e6bb273dab5
rgb_anon/night/train/GOPR0376/GOPR0376_frame_000097_rgb_anon.png,gt/night/train/GOPR0376/GOPR0376_frame_000097_gt_labelTrainIds.png,fedde23d5367d76b1170b2fff9253bd822cb1fada880269a319f58b1084e9557,a4d42ddc6b1903fa091365b91d9a8ba848aea3be494ca6a112c8e2f6b5b9d053
rgb_anon/night/train/GOPR0376/GOPR0376_frame_000101_rgb_anon.png,gt/night/train/GOPR0376/GOPR0376_frame_000101_gt_labelTrainIds.png,12aeff5b07f88ec1b910542a3ca12807dfc49643cc08ba817403d769b000080a,3629792e0253deac4e50e9d73ab94c1ba05eceffd3a38158fb5559bbae44b85e
rgb_anon/night/train/GOPR0376/GOPR0376_frame_000105_rgb_anon.png,gt/night/train/GOPR0376/GOPR0376_frame_000105_gt_labelTrainIds.png,d6767ba30b95ad7aee14d26cc8a4139b3c63ab87ead98418e442a31c17ac9691,7d7c0c6a1cea942c69f615d4d83d5e0302ca35d7b9825b84155c345c7bb4a2ba
rgb_anon/night/train/GOPR0376/GOPR0376_frame_000109_rgb_anon.png,gt/night/train/GOPR0376/GOPR0376_frame_000109_gt_labelTrainIds.png,42b31594dbf6a26b2b2155d7bddf46f3eb61bb0942f188bf9aac0febc8ae7f32,8acac2f9db3a15504b75a8b11d5e65574ce0df5e4a7adee31023a3b84aeda970
rgb_anon/night/train/GOPR0376/GOPR0376_frame_000113_rgb_anon.png,gt/night/train/GOPR0376/GOPR0376_frame_000113_gt_labelTrainIds.png,9f4f97ad549d2015f8b4dfbe6bca2ce74430e366711761ac5c9af2104b50c1d9,b30f79c90d59ab3dd86e6afc56c8a3f3cd0f79e2243c9df44c43000c54d37d35
rgb_anon/night/train/GOPR0376/GOPR0376_frame_000117_rgb_anon.png,gt/night/train/GOPR0376/GOPR0376_frame_000117_gt_labelTrainIds.png,a5aae6fcfa1e6b675f1edad2f6d34090180ab9818c9b139b25bb31fb6bdefed4,e6dfd9cd6e4b8e3748f6547372aa0052e34612d445f28002c552b652fef7131c
rgb_anon/night/train/GOPR0376/GOPR0376_frame_000122_rgb_anon.png,gt/night/train/GOPR0376/GOPR0376_frame_000122_gt_labelTrainIds.png,90b67437cdf6315b3341141a6728017c5b09307a6a0c61a23a1c2d025258a517,1d12279740a2b9bdcc73b4a66a81300c47252048970c45de022da7bc4774bf59
rgb_anon/night/train/GOPR0376/GOPR0376_frame_000142_rgb_anon.png,gt/night/train/GOPR0376/GOPR0376_frame_000142_gt_labelTrainIds.png,817f311e8cc83f67d69b0c38e63c67d0c995dafadffa1a4bfac34f8b170b558a,16e59598b8b2ef53ec66bc935d2511c32b4d6bb2effc30c1525db60bab4b889d
rgb_anon/night/train/GOPR0376/GOPR0376_frame_000146_rgb_anon.png,gt/night/train/GOPR0376/GOPR0376_frame_000146_gt_labelTrainIds.png,abfa648ee3348c22ee0e026cd9eb4dcbcfa48aa1bc82aaa524fdc52cce05354d,90bbb7326d41b681e41a997339f9e5bbceeb3aeb290c7fc92f1a7678f14e9a37
rgb_anon/night/train/GOPR0376/GOPR0376_frame_000150_rgb_anon.png,gt/night/train/GOPR0376/GOPR0376_frame_000150_gt_labelTrainIds.png,1d2418752fe3c168696670da20f07fae41a1e4a400c7114a3c25de82508ca2d4,602092b0c7975f45b74fb11fbad6de80e7199522baf71591e1d06aea7d5b388d
rgb_anon/night/train/GOPR0376/GOPR0376_frame_000157_rgb_anon.png,gt/night/train/GOPR0376/GOPR0376_frame_000157_gt_labelTrainIds.png,f255ac24469883c8aa23f7ddd0bc7df9c5ac22515f89194ebb2429a29aef4d94,0231d0113924aee2ba9b3adc9dca92b7c7b2563df30c1d413e68ca316eb57050
rgb_anon/night/train/GOPR0376/GOPR0376_frame_000161_rgb_anon.png,gt/night/train/GOPR0376/GOPR0376_frame_000161_gt_labelTrainIds.png,af669fbf348de8bdcdc00bf0ed4fdf1dc0bd055576a94469fec10d7dec7f0756,8d3049e74eacd9cababf10c804789b740503bd2151caf2ac7d723e81c16f22c6
rgb_anon/night/train/GOPR0376/GOPR0376_frame_000165_rgb_anon.png,gt/night/train/GOPR0376/GOPR0376_frame_000165_gt_labelTrainIds.png,d3da4d9446cc9ee7dbe2dd8671b7aa588bae46d9013983637e1553fc663889b5,f6cf9ca6e9d06c3ec459d2fcc1cdea2ee0c433c4543cb08bf33e34f55d9c03c3
rgb_anon/night/train/GOPR0376/GOPR0376_frame_000169_rgb_anon.png,gt/night/train/GOPR0376/GOPR0376_frame_000169_gt_labelTrainIds.png,ab91ef3af76f87df5e0b7d02f7f761d3b4cca873f6209fc34fe951394a4f250b,bab4b0755c4d7d40d2c0346157b5ea1179fd15d44f0ce9546af25e6f9bb30787
rgb_anon/night/train/GOPR0376/GOPR0376_frame_000173_rgb_anon.png,gt/night/train/GOPR0376/GOPR0376_frame_000173_gt_labelTrainIds.png,f1a6f7d63af6212493eb6f91537a289909b44da22dc4333f21aaf691b4404ccc,ee810dafbaf3328d3819c6751c472700cd16d873e67a3fae037ca9f7c8279794
rgb_anon/night/train/GOPR0376/GOPR0376_frame_000177_rgb_anon.png,gt/night/train/GOPR0376/GOPR0376_frame_000177_gt_labelTrainIds.png,a3467e7e3f3384c986d4998c7409def27e4d9ab8ca31f09d4baef3a09d864548,58b1e94e4cde7af905ac9cf2c7214f76ff25eef01eb497daedb02d80cc20b37d
rgb_anon/night/train/GOPR0376/GOPR0376_frame_000181_rgb_anon.png,gt/night/train/GOPR0376/GOPR0376_frame_000181_gt_labelTrainIds.png,41f9919efca8defc673aef47cc50d746d6c0a824b827e3d43bc217cf53d9e90e,a3b27b1b25333ff1c949354e2b4907058f5b5add121ee01179981d8736ba58bc
rgb_anon/night/train/GOPR0376/GOPR0376_frame_000185_rgb_anon.png,gt/night/train/GOPR0376/GOPR0376_frame_000185_gt_labelTrainIds.png,53e9e798737d7b1d0ecdcdc21ac06c480d1b9f8846efb14e33bdeb6872e54c9c,aff881adb793cd326ceb332ef4196a3a4e4853496c1e7158be8110fbb72f87b6
rgb_anon/night/train/GOPR0376/GOPR0376_frame_000189_rgb_anon.png,gt/night/train/GOPR0376/GOPR0376_frame_000189_gt_labelTrainIds.png,f31c2df501a74d5c2b42e1c34937b36dfcbc24ea6a4490aec03aee9b65086a15,2e3783afe990b440dfe250711860ff8b3d72894e7d6f3ac85f3c1d352ee2b901
rgb_anon/night/train/GOPR0376/GOPR0376_frame_000193_rgb_anon.png,gt/night/train/GOPR0376/GOPR0376_frame_000193_gt_labelTrainIds.png,6fb3e25d24c2d59d828197ebabf499af6fedeb203f54ecd5dbc6ab0def365994,eaac4639cacb49802c4c41ca880a6c079612501d0d1bfe43fe6463dfaab5f441
rgb_anon/night/train/GOPR0376/GOPR0376_frame_000198_rgb_anon.png,gt/night/train/GOPR0376/GOPR0376_frame_000198_gt_labelTrainIds.png,f64da6aabbbf42345a8a52e5e62af7607ae6de612ebe29dcc4fe2a22b3507c97,2a0197e11808c2715fa0eb40f11f72f47e4b591368f81a51932374ac81200be9
rgb_anon/night/train/GOPR0376/GOPR0376_frame_000214_rgb_anon.png,gt/night/train/GOPR0376/GOPR0376_frame_000214_gt_labelTrainIds.png,5efd0700f4dc6a7ef0978e236d8a498c4b69b2dc8bf472e40be5b4a905752cd6,1ac9733a7cd8a2f071d0a72df19556e571ca0178b7ed8c9019cbaabff3cb11d2
rgb_anon/night/train/GOPR0376/GOPR0376_frame_000229_rgb_anon.png,gt/night/train/GOPR0376/GOPR0376_frame_000229_gt_labelTrainIds.png,3ee9069fe58090547a3fe1394284daa5639d0f9170b615358270786a5ae2c1cc,a2da59a1dfa7ea2f6f9e59d71b158352035de88f96cc74a62fc92d45d4c8497a
rgb_anon/night/train/GOPR0376/GOPR0376_frame_000257_rgb_anon.png,gt/night/train/GOPR0376/GOPR0376_frame_000257_gt_labelTrainIds.png,69934dc08726f148a2a451cb02b151774b00346d311f91718d6584f24916710f,68f124f135051bbeec5931a96fc9f1ab50f9b7a6b6a55c9212f4fa1cb07aac2b
rgb_anon/night/train/GOPR0376/GOPR0376_frame_000268_rgb_anon.png,gt/night/train/GOPR0376/GOPR0376_frame_000268_gt_labelTrainIds.png,dccb7c8c4e100523a99dee91e986eb14df9e658cd94c4bc3bb6ecf36182e8d52,3b8a07f477dd22e743ba0a2be932a447efae4515c5e3743d8603057510e2e741
rgb_anon/night/train/GOPR0376/GOPR0376_frame_000272_rgb_anon.png,gt/night/train/GOPR0376/GOPR0376_frame_000272_gt_labelTrainIds.png,9a737b6dd5c5c14236f753a67f37a5a1eb202ff545ecde05607975a027a5c373,519f5463fad96e71dcf3d43974971ceb0632af9856da0d09231c9a9be415a5a5
rgb_anon/night/train/GOPR0376/GOPR0376_frame_000276_rgb_anon.png,gt/night/train/GOPR0376/GOPR0376_frame_000276_gt_labelTrainIds.png,d26e0bce7a59fd330759b4c370694524ad24950dbeda8a99d4135f26af4c7236,027fff73de06caa77e83408ec2f59d0a74a38c90f11ec4459b5129a0e6f71975
rgb_anon/night/train/GOPR0376/GOPR0376_frame_000280_rgb_anon.png,gt/night/train/GOPR0376/GOPR0376_frame_000280_gt_labelTrainIds.png,2e06c773e3b8aff4005ff2c0c61ee13af8a314a7eb4e4d0b9e6a59eccc31b56e,d3eb50fa4ecce953366ba5e93bd3bf7588b40b5348650b3edf56edeb54e7fd3d
rgb_anon/night/train/GOPR0376/GOPR0376_frame_000284_rgb_anon.png,gt/night/train/GOPR0376/GOPR0376_frame_000284_gt_labelTrainIds.png,853fadc640b29a4f53fcc02faeb2ec6b658d309e53f2ea38150f1768c79eae68,46e511b716134feddfb38ec73b4f5bbf3ddf3a8069639cc408a5e52f8dd4ab52
rgb_anon/night/train/GOPR0376/GOPR0376_frame_000288_rgb_anon.png,gt/night/train/GOPR0376/GOPR0376_frame_000288_gt_labelTrainIds.png,6b33a5f8b0d34ba6b6d846ee290d22e0d3ff570167ae9c9c2324549e36e68dee,698d1b5032a978fdca2211daaf7add93c094ff660da70b434f11f4af5ffe9709
rgb_anon/night/train/GOPR0376/GOPR0376_frame_000292_rgb_anon.png,gt/night/train/GOPR0376/GOPR0376_frame_000292_gt_labelTrainIds.png,e9bcf65dfe6cac874b8531d4fe177c1f8e209f859739c9093adcdab3f4c8c10f,f17a514abd04247ee0dfb8569b2935f72be42fffb1643d8297e0a622f36f195f
rgb_anon/night/train/GOPR0376/GOPR0376_frame_000298_rgb_anon.png,gt/night/train/GOPR0376/GOPR0376_frame_000298_gt_labelTrainIds.png,9ae34297c1fed0914e2eb80b47ac6411f45f3a918defcb2c5b93c4371fdb9389,359bda9c7d82a8c4af074b9ee57c3dfe1ad2964fc8e3fb9318708c24e6579429
rgb_anon/night/train/GOPR0376/GOPR0376_frame_000302_rgb_anon.png,gt/night/train/GOPR0376/GOPR0376_frame_000302_gt_labelTrainIds.png,2603e7fa2cfff4d992a5287d7d90d7a48846e84cd00287d75d2c88187011941d,67362eb2f29ab515f8404544cbfa745064597878e0f482a2845c3985ca5c2c95
rgb_anon/night/train/GOPR0376/GOPR0376_frame_000306_rgb_anon.png,gt/night/train/GOPR0376/GOPR0376_frame_000306_gt_labelTrainIds.png,d00ee3d4dafae258748bbea62feadacb71f568cf6f3e929fd5277c56f09bfcf4,52bfec24d46b9cf34dcc204ab48d47b0b0930f185f940ac51f2625f23c7108ae
rgb_anon/night/train/GOPR0376/GOPR0376_frame_000310_rgb_anon.png,gt/night/train/GOPR0376/GOPR0376_frame_000310_gt_labelTrainIds.png,aeeb213bb36d78a6923cbb287b3e65b4da6a0505829cd7ca3d6946673fcb1f7b,34353b71b98c90e96257f7f480015bb9cc96d38217b222ceb8ea6947d0a7a5a1
rgb_anon/night/train/GOPR0376/GOPR0376_frame_000315_rgb_anon.png,gt/night/train/GOPR0376/GOPR0376_frame_000315_gt_labelTrainIds.png,e657dafd0ddc7ff863e17965a2376b842a7886cd427aed07f9e4d047885ecab2,2d54998a690a04fee020fa12436d38a7300a7bc480e9f795dd3590f7ded36a4a
rgb_anon/night/train/GOPR0376/GOPR0376_frame_000324_rgb_anon.png,gt/night/train/GOPR0376/GOPR0376_frame_000324_gt_labelTrainIds.png,5dd1fa79ac81ce415a04832d911a286996b290d9daf2f6c9b5402650c3ffcd8a,ffe8c0d853383ac8427ab1146258bf22eae016f16710078118a6d9d0e1870fa4
rgb_anon/night/train/GOPR0376/GOPR0376_frame_000328_rgb_anon.png,gt/night/train/GOPR0376/GOPR0376_frame_000328_gt_labelTrainIds.png,49862cd182044ec24c1988237d0ff7e7b2fbb76878a81dff5a1f06785984daee,96eed3f4dbb0eca665e0112f5ad45ae5301243cedfc535770e693c5128a038f5
rgb_anon/night/train/GOPR0376/GOPR0376_frame_000332_rgb_anon.png,gt/night/train/GOPR0376/GOPR0376_frame_000332_gt_labelTrainIds.png,7d86961fc22a47ebeee60490a2e3122028a59e7b9ee3751f6169cd8bc01d0371,0e3cf7c9d57742a14db6d16701204c4a95341550a345a94e2dc2c385839bb622
rgb_anon/night/train/GOPR0376/GOPR0376_frame_000336_rgb_anon.png,gt/night/train/GOPR0376/GOPR0376_frame_000336_gt_labelTrainIds.png,10f9976112e5537d4ae74f306c0b7dcd8d3b890e5c0e52bf95d0c7aa6a1b67eb,8ca047e5524a0ccb36517fde782d46951b5f86995854114c8d68f8a80f670cba
rgb_anon/night/train/GOPR0376/GOPR0376_frame_000340_rgb_anon.png,gt/night/train/GOPR0376/GOPR0376_frame_000340_gt_labelTrainIds.png,f234d965b8f5ffc5144b708b73b49811523e6f40351a5c3cd05195055b6df26e,25727e74819264d83e71147a2fe5f94911bd72593cb0d80840d1c8a523eb69d0
rgb_anon/night/train/GOPR0376/GOPR0376_frame_000344_rgb_anon.png,gt/night/train/GOPR0376/GOPR0376_frame_000344_gt_labelTrainIds.png,ccd56a74a2def1e3c2d770d3a9adcb96888ec261eff0db1fa1ffe2e3807fa315,ab4423f6cec1d91e707d4033852c4f5503032f8441f72601bc7834671780a125
rgb_anon/night/train/GOPR0376/GOPR0376_frame_000349_rgb_anon.png,gt/night/train/GOPR0376/GOPR0376_frame_000349_gt_labelTrainIds.png,29b38d437da8980a720822460f3a88b04c3c2649305b4bc4e165333edda10dc2,d6866a3b1898f97d94d0513aacf2c09779f4536832853b7b817c84f725cf7605
rgb_anon/night/train/GOPR0376/GOPR0376_frame_000363_rgb_anon.png,gt/night/train/GOPR0376/GOPR0376_frame_000363_gt_labelTrainIds.png,3940f463d7014c9ca3c858cdf843e408fc5227a064a7a814ca9cb832a44ce6e2,a0e2b7f7a7603bdabfe29106a66b3c226f8c3d3b9ccc96b65a2369c52dbfd63c
rgb_anon/night/train/GOPR0376/GOPR0376_frame_000369_rgb_anon.png,gt/night/train/GOPR0376/GOPR0376_frame_000369_gt_labelTrainIds.png,6629d2fc92699cf007e2667e0fef7b22023f87ae2d7c44aac4717cf11fa8b39a,bcea58996f6fa656a72ad4c40e1ee67289bbfd7c7d0186403ba5ddc8ad990650
rgb_anon/night/train/GOPR0376/GOPR0376_frame_000374_rgb_anon.png,gt/night/train/GOPR0376/GOPR0376_frame_000374_gt_labelTrainIds.png,d11eb75133215a3794d4ca8906d81bc626b23efb3d031e65f19fd4b04afe2f2b,199f52e07d25563086df104b3342b224fa278e6402b1fb31fcf7f585f0eae7e6
rgb_anon/night/train/GOPR0376/GOPR0376_frame_000382_rgb_anon.png,gt/night/train/GOPR0376/GOPR0376_frame_000382_gt_labelTrainIds.png,efc95b9297893e8c564de702ea9b00135a9fd7b9e19041e2c9e0a497c96d2016,8fa5afc7206f611adc8a08401c964cf648c5b19ba7201d699deed9310cb69564
rgb_anon/night/train/GOPR0376/GOPR0376_frame_000391_rgb_anon.png,gt/night/train/GOPR0376/GOPR0376_frame_000391_gt_labelTrainIds.png,3b43175a077829e9680efdbba03465a1bcde63beef96c366cc9a2bca26a7695f,5a0e37602a5738e453a4c3bec8bb5b1f03155ed9f00446bd1413a1598f60aa82
rgb_anon/night/train/GOPR0376/GOPR0376_frame_000418_rgb_anon.png,gt/night/train/GOPR0376/GOPR0376_frame_000418_gt_labelTrainIds.png,4001b0941d08d37ec6e5859232992941a9a1730ce83502c14cd4df91782564aa,d2743160df62210a26198d9656f41bda03627a51c54306e7e468241cc79091e5
rgb_anon/night/train/GOPR0376/GOPR0376_frame_000428_rgb_anon.png,gt/night/train/GOPR0376/GOPR0376_frame_000428_gt_labelTrainIds.png,5b366d580506c05805b1e2ea1e7bbc2c5ce6efe83bd3a9f3de3e8f310a079a27,b7baa1b18ff40ba690eeba9019e914bf8eb673dc6a5dad5d81714858ff77aced
rgb_anon/night/train/GOPR0376/GOPR0376_frame_000435_rgb_anon.png,gt/night/train/GOPR0376/GOPR0376_frame_000435_gt_labelTrainIds.png,4467907af08db34ad600944e740d79376b0bfb9347fecd4a6b7f14f0a3eee0b7,93ee822976947251a93e6649400974ff5778fd0db5b2af4f5c6890045196b7c3
rgb_anon/night/train/GOPR0376/GOPR0376_frame_000441_rgb_anon.png,gt/night/train/GOPR0376/GOPR0376_frame_000441_gt_labelTrainIds.png,385d299cb229528087746237c46363900013708c2c2e61fbee6425059c46a05f,ee88516a046d6a1b84883efe42ad6e216066f1d9da499da355eca70629505a85
rgb_anon/night/train/GOPR0376/GOPR0376_frame_000466_rgb_anon.png,gt/night/train/GOPR0376/GOPR0376_frame_000466_gt_labelTrainIds.png,ab848cd4e7bbfb69991ec8203840e964e57430c7d0dd4bb6e8f29079d4f372eb,bff47fa044fe6c76cc066fcbfe72711105582d797815817e9450a7e02497f4e1
rgb_anon/night/train/GOPR0376/GOPR0376_frame_000472_rgb_anon.png,gt/night/train/GOPR0376/GOPR0376_frame_000472_gt_labelTrainIds.png,1ccc07c8e909d542ebde1c8260ff93874b2498b2a95b5d6492c791d061183f4d,6c3f01a0a9346469d1343d78ad4fdee8d3c661ca723c4050fa8d888fda80d1ec
rgb_anon/night/train/GOPR0376/GOPR0376_frame_000478_rgb_anon.png,gt/night/train/GOPR0376/GOPR0376_frame_000478_gt_labelTrainIds.png,6a09a32c0f571b14d98ce5cf7a1807229024d16227123087926b497a77aac20a,5f73f2b38ef566607fe722035100ede66224fc4021037d2c9b2960ca74f783fd
rgb_anon/night/train/GOPR0376/GOPR0376_frame_000482_rgb_anon.png,gt/night/train/GOPR0376/GOPR0376_frame_000482_gt_labelTrainIds.png,c2c9129e88748a4cfb90aacc158a09a0404666446bb3bb943a95045a25ab56ea,cbfa26c80396764c36cefe2bf1bebc7b80f4df13d4221f147316d304c8311ecd
rgb_anon/night/train/GOPR0376/GOPR0376_frame_000486_rgb_anon.png,gt/night/train/GOPR0376/GOPR0376_frame_000486_gt_labelTrainIds.png,2d15a0a43e30ce24fa1e170093492827920926cdfa273da48f2267e1d8d6a2bd,17d1efcae2947b286d18e9e3f44f1525a8785595e74fd142934dc9d40ca982d8
rgb_anon/night/train/GOPR0376/GOPR0376_frame_000491_rgb_anon.png,gt/night/train/GOPR0376/GOPR0376_frame_000491_gt_labelTrainIds.png,374e23ede604f9858987590073fc444ac1e7f6945ec08d1975cffe84475d0847,c85fa7f79ddee4ea19f9a03f7ed74a8a1e596401bc0894baf80047d47df9469e
rgb_anon/night/train/GOPR0376/GOPR0376_frame_000496_rgb_anon.png,gt/night/train/GOPR0376/GOPR0376_frame_000496_gt_labelTrainIds.png,28ed7deea1de8cba717b83a88d5b1d64b17a55b66c7c7bb425a8c46d2746397c,8cc07266b2de44a37d18cbe11a90d864c916c53dfcad3df393f1f46dffc90433
rgb_anon/night/train/GOPR0376/GOPR0376_frame_000507_rgb_anon.png,gt/night/train/GOPR0376/GOPR0376_frame_000507_gt_labelTrainIds.png,859d15f081ccc753adbe384f788ee7d35eb7598600431100050434cad0a6e754,2f219bd2d418c679a8de552764354e2443386a7f72235a5cd8b6663f75bb7fb9
rgb_anon/night/train/GOPR0376/GOPR0376_frame_000511_rgb_anon.png,gt/night/train/GOPR0376/GOPR0376_frame_000511_gt_labelTrainIds.png,70853d2ae1279db39a312e9b4fc4beedd011712f3ca41d6efdfd123cdd1e38d1,a2b6fb2f02f518088b699225e4a2f0d30cb256fc0cfee851fbc07e57e6a15d9c
rgb_anon/night/train/GOPR0376/GOPR0376_frame_000516_rgb_anon.png,gt/night/train/GOPR0376/GOPR0376_frame_000516_gt_labelTrainIds.png,84d7e9fbf04723dc2bc222cc36a7e6ec372ef4c59b629da13ab2279c530d653c,9e197fd2b2298f93dda1d79f62219c8c7bff3267bfdfe358595b1f8c4c6b4291
rgb_anon/night/train/GOPR0376/GOPR0376_frame_000533_rgb_anon.png,gt/night/train/GOPR0376/GOPR0376_frame_000533_gt_labelTrainIds.png,c9a2badc669099debb63e4d99f12c49c19b7450ebbc63e59448f675ba8d8a594,0fcd2ee9b5e42abd4bfc0ae3282e813a6702a72efc6fb22f474f45c853050b5a
rgb_anon/night/train/GOPR0376/GOPR0376_frame_000542_rgb_anon.png,gt/night/train/GOPR0376/GOPR0376_frame_000542_gt_labelTrainIds.png,d79e03060cb8a7e321f5a35e2a33e13f56274d926c977f02cd69e52f52230a80,faceecfbab8e3a17c249f7cad71997755eccd69326bb7954febadcc7475bfa5d
rgb_anon/night/train/GOPR0376/GOPR0376_frame_000548_rgb_anon.png,gt/night/train/GOPR0376/GOPR0376_frame_000548_gt_labelTrainIds.png,4f47ee8d4ac8c79555dbf862bcdb55c34218b254a926b6d0100dca19cc8a9056,e630434656430fd0214eaeaa7a996d63dc41d09aa3215a5f4fdf93abf2f28262
rgb_anon/night/train/GOPR0376/GOPR0376_frame_000557_rgb_anon.png,gt/night/train/GOPR0376/GOPR0376_frame_000557_gt_labelTrainIds.png,5a8fc93a86b96ff7d6f5b13a4152ec0c88d821f928fdcb75fd276d73315a0114,66854a1096bc4a7ec739eb4005ae7f84489c7e5d625f5cd9e5ab8abd2db67d1e
rgb_anon/night/train/GOPR0376/GOPR0376_frame_000565_rgb_anon.png,gt/night/train/GOPR0376/GOPR0376_frame_000565_gt_labelTrainIds.png,6d00efe084d014990467f0406137636ea70742995684743a046095997316a54e,278be46d352e4a39466a9dfb9459bef58660d80025466ae26a4d1c4dd393e3b4
rgb_anon/night/train/GOPR0376/GOPR0376_frame_000570_rgb_anon.png,gt/night/train/GOPR0376/GOPR0376_frame_000570_gt_labelTrainIds.png,6353030e3dae668c1cafe52ef47b5818d48ac84965a3d2a3f953c8a21dd87040,8474c409382b6e6142bebf5c66455194cafd4718e156fceb0aa56fc2b2538f7e
rgb_anon/night/train/GOPR0376/GOPR0376_frame_000576_rgb_anon.png,gt/night/train/GOPR0376/GOPR0376_frame_000576_gt_labelTrainIds.png,5c2ab045234b924dfcb0b4aee43eeab7b8992070766937ed46a3f84eaf964501,9f4426d36b08fb4c0aa8bf740a97ca6bff4f97a81dbbeca3133fe0d20bbe9acc
rgb_anon/night/train/GOPR0376/GOPR0376_frame_000584_rgb_anon.png,gt/night/train/GOPR0376/GOPR0376_frame_000584_gt_labelTrainIds.png,07f7eccf86f5ffaad0a78df53ce1f9fa491ad447753f01d992be88d925e3f649,332d8e33b2ae189cf3a0584763f2a6f44d08cc9648e53cb04c72075e575c3543
rgb_anon/night/train/GOPR0376/GOPR0376_frame_000590_rgb_anon.png,gt/night/train/GOPR0376/GOPR0376_frame_000590_gt_labelTrainIds.png,e8429ac91ed53c0d0da54877533dcb5a5f5508f090b483ab7f6078798bc2caef,2210b10e532525b5a859fa5128eb53521663b321ea9746d330a36ba016222896
rgb_anon/night/train/GOPR0376/GOPR0376_frame_000598_rgb_anon.png,gt/night/train/GOPR0376/GOPR0376_frame_000598_gt_labelTrainIds.png,73f88810553ad04bc1125f0e33663b90b5632e166207c838772a93308ce765cc,4e1d991c2e68e86745db14255de849c103c1331b18ae716779768a06232b500e
rgb_anon/night/train/GOPR0376/GOPR0376_frame_000608_rgb_anon.png,gt/night/train/GOPR0376/GOPR0376_frame_000608_gt_labelTrainIds.png,e6aafbc2f8a22e4e90e0efd7332abbe9731df53dd21472246e46e094e200f7fb,b035635b2a2b697748b0c71db8628cdc295165bd00bda1fc3babc561268fb12a
rgb_anon/night/train/GOPR0376/GOPR0376_frame_000615_rgb_anon.png,gt/night/train/GOPR0376/GOPR0376_frame_000615_gt_labelTrainIds.png,998a0edc0f8845b97c13e5f3b07dbc7b3d6a85a5d854a4fc8a314939c2c64359,876e2870a79cd8b177db57e67efb1caf29667d4333a29e68c2643e91c87650ca
rgb_anon/night/train/GOPR0376/GOPR0376_frame_000621_rgb_anon.png,gt/night/train/GOPR0376/GOPR0376_frame_000621_gt_labelTrainIds.png,7f085adfcfaa83ebffee6d3408bd3af5c3cfd94c0cb29d587997d9c807497278,b529f0e24b482e81f3fb1012d467ce110a3f435f69542b3f401dd2f3edd30209
rgb_anon/night/train/GOPR0376/GOPR0376_frame_000627_rgb_anon.png,gt/night/train/GOPR0376/GOPR0376_frame_000627_gt_labelTrainIds.png,cfa74a6d846c22af6e7fbea167972965356ef33f0cc468d95b9b39c29b3b1365,6c8ccd08c9a7b78fc041e24a04b297a2af1f3109dbe2c4a5668106ff089f445b
rgb_anon/night/train/GOPR0376/GOPR0376_frame_000633_rgb_anon.png,gt/night/train/GOPR0376/GOPR0376_frame_000633_gt_labelTrainIds.png,a4c824d480213eaa01f604b1925e5c4fd82605e01659bc802cdafffd4dbb69c6,03f4a6b426a39351da1110179212c936425e5bfd9e92dbcca3825094c1d44242
rgb_anon/night/train/GOPR0376/GOPR0376_frame_000639_rgb_anon.png,gt/night/train/GOPR0376/GOPR0376_frame_000639_gt_labelTrainIds.png,b7ed98c2ffce7ecec6ca1e3b38f57e370f5ffe47f1df0fbd7118e8f35b2c36b9,6599ed563fda130ee51b5d37ff66d7ce2c655fb11c8c547db260efa206a76bfe
rgb_anon/night/train/GOPR0376/GOPR0376_frame_000650_rgb_anon.png,gt/night/train/GOPR0376/GOPR0376_frame_000650_gt_labelTrainIds.png,41cdc4c8c2796d15f68847e894177fa03cb56177938e8c08b46f4785b5bd1b2b,289d6e8c52f720f5dbe959f51dd98fb71ad2ac07b4f93674776088b5df79d437
rgb_anon/night/train/GOPR0376/GOPR0376_frame_000657_rgb_anon.png,gt/night/train/GOPR0376/GOPR0376_frame_000657_gt_labelTrainIds.png,18b239b303ca0fd3d07e2e57c28bbfcbec14c2f6e8a5a27777f0132b2ea8572c,37f8f002d531d8f4d0f60d97a2b86a4023b5f8c2451cf51f76a90bf456e346f6
rgb_anon/night/train/GOPR0376/GOPR0376_frame_000663_rgb_anon.png,gt/night/train/GOPR0376/GOPR0376_frame_000663_gt_labelTrainIds.png,2df4f49fbd76f8564f8126af17066c02166c2c9fc6047314919fd8156c66b995,c7e258089093fdabe25dd4f284552fffa7168c8278794d1822e6079e5c164daa
rgb_anon/night/train/GOPR0376/GOPR0376_frame_000678_rgb_anon.png,gt/night/train/GOPR0376/GOPR0376_frame_000678_gt_labelTrainIds.png,fd02fa7c71d1a39f304eea1fdbdaf2006937898c0195372911f968820e8298d7,5771808cd74861d27a62f265006eaab8fe732bf9bab4456730293f9a52000626
rgb_anon/night/train/GOPR0376/GOPR0376_frame_000690_rgb_anon.png,gt/night/train/GOPR0376/GOPR0376_frame_000690_gt_labelTrainIds.png,361dc5fe7b459243414eeb9b1748cb12d2f7f2256c8af262581ca8288a678ae7,ec14205521ebb2846355a4d972e9fb027f7374f7a9f7ac1c8481de75575477fa
rgb_anon/night/train/GOPR0376/GOPR0376_frame_000695_rgb_anon.png,gt/night/train/GOPR0376/GOPR0376_frame_000695_gt_labelTrainIds.png,e7bbc19a2a5d24f6d2701af6ca9240790ebf772d96d7cf2c2818367fe0b90914,88850fa6a2ecec6104cb54e2a6f72d786fb7416aa368c82a55bce420dceaa21d
rgb_anon/night/train/GOPR0376/GOPR0376_frame_000699_rgb_anon.png,gt/night/train/GOPR0376/GOPR0376_frame_000699_gt_labelTrainIds.png,9c28cfa414e4d38d270dd1ef511729a867fd79e931f705bd71c7f7fafd29f529,7fc03edcbd51e38ff9e359cfeb119eade5458ce8e428655236e2d74f3e5686fe
rgb_anon/night/train/GOPR0376/GOPR0376_frame_000703_rgb_anon.png,gt/night/train/GOPR0376/GOPR0376_frame_000703_gt_labelTrainIds.png,861e3cf16d1f1cbcb30bde92f426080ce2cd75842d28b55e6efb486ccb213c63,6e926c1ab64d1a3ad5341ba11e798f634ee2e8a5b6e1a1ed246316ae53adb011
rgb_anon/night/train/GOPR0376/GOPR0376_frame_000709_rgb_anon.png,gt/night/train/GOPR0376/GOPR0376_frame_000709_gt_labelTrainIds.png,99f4725379f9d1707e5134ac62100ba1d3ae4f7275e7c7c2d964723e0f1768a0,6c93041a7e59eb151f6fc3ad1edbeb09171783b9c9b6c07d55bf46bcbbbb0293
rgb_anon/night/train/GOPR0376/GOPR0376_frame_000715_rgb_anon.png,gt/night/train/GOPR0376/GOPR0376_frame_000715_gt_labelTrainIds.png,3d712094a470e23d424fcb4366b200cbd9df46ad0e0bf9d5a5cf06e525037722,e65ed034c9688ce4cc561f5e5d185a9470d3300716bf32ac4866215f158dbc11
rgb_anon/night/train/GOPR0376/GOPR0376_frame_000721_rgb_anon.png,gt/night/train/GOPR0376/GOPR0376_frame_000721_gt_labelTrainIds.png,06556b27de2fe37d611249ca098ca8a7d51f2e2a85fc2801c5486f386635b37b,1cbc7f2ae6a32c4658fa2dfbca31cc6358f251aae497efea5341a9d1b3ceb9e5
rgb_anon/night/train/GOPR0376/GOPR0376_frame_000727_rgb_anon.png,gt/night/train/GOPR0376/GOPR0376_frame_000727_gt_labelTrainIds.png,a0a968af1706a8e9951bf5d5d5fb7cc6e745d93e1943a8feb7b92976230fbcc9,974b42bce0fc118983417ca2097effc4ceb5f517f1866fcbaa2a82221b78dfe6
rgb_anon/night/train/GOPR0376/GOPR0376_frame_000733_rgb_anon.png,gt/night/train/GOPR0376/GOPR0376_frame_000733_gt_labelTrainIds.png,7578dc3ee7f1ce00a6729ee64867a1b705ac1e59ccbd39131cd1d431758f4495,8ca924327354e057ed8e51c4ca5f6131ed18e8e54303f4c282154975f82299c0
rgb_anon/night/train/GOPR0376/GOPR0376_frame_000744_rgb_anon.png,gt/night/train/GOPR0376/GOPR0376_frame_000744_gt_labelTrainIds.png,62c8e83807f58ff9a769c1eab11f4a1fc81efbfecd6557d0b563201c5fe1f1d0,90017a9ce1a2930661cc3dafa40512daf05b31ca31871007ff09f85913c1dd53
rgb_anon/night/train/GOPR0376/GOPR0376_frame_000749_rgb_anon.png,gt/night/train/GOPR0376/GOPR0376_frame_000749_gt_labelTrainIds.png,8c09e8c2813b5c8d6f9f0588a5168691f624ac36f538789f1437e25f899140da,66b1312cf321428b6355dfbb4c44baa1ec180fe4fd905ee4c90bb04c1a84e03f
rgb_anon/night/train/GOPR0376/GOPR0376_frame_000759_rgb_anon.png,gt/night/train/GOPR0376/GOPR0376_frame_000759_gt_labelTrainIds.png,cbc6a3e54267e606f9a265549b7be10e3bbe9eadc76bec3695379db66b43f357,146f2a10dbc7d0fd30e81e88ed02196f04346a3644f86aee554d43a8c32f12a5
rgb_anon/night/train/GOPR0376/GOPR0376_frame_000764_rgb_anon.png,gt/night/train/GOPR0376/GOPR0376_frame_000764_gt_labelTrainIds.png,8eb9a5548b410272384850c4ebf4130f3d777aeb83bb47246809fbb91dce6346,57ced9eaae320ba961427e9e9d5482d8519c7ac46c0affd7189c1c06dbbb5be4
rgb_anon/night/train/GOPR0376/GOPR0376_frame_000769_rgb_anon.png,gt/night/train/GOPR0376/GOPR0376_frame_000769_gt_labelTrainIds.png,57e105d2d2e52b687f8e2f00706dc024fdfc07d91220ef1e45efc61ce4da6633,592832f5055c79739e9c99d935a443b22445d2704c5d0d0bf938a8cf452fb49e
rgb_anon/night/train/GOPR0376/GOPR0376_frame_000788_rgb_anon.png,gt/night/train/GOPR0376/GOPR0376_frame_000788_gt_labelTrainIds.png,3ca3b3c0e323aee2c57915c18d515e5c33f48721f57f8750603d1b91275cf298,70680bfb38ab4e75b909cdc5389203717bfc2a544edaec30cf02f04eafafee89
rgb_anon/night/train/GOPR0376/GOPR0376_frame_000807_rgb_anon.png,gt/night/train/GOPR0376/GOPR0376_frame_000807_gt_labelTrainIds.png,910c42ac9d1f61c8dfadd6e4598fb5f1a1d738d19fad3c3d2aa1cf6a7865992b,91850d81714ddd36d20d6943864af40bea119d154fc67b04ef6001d2855ffdac
rgb_anon/night/train/GOPR0376/GOPR0376_frame_000818_rgb_anon.png,gt/night/train/GOPR0376/GOPR0376_frame_000818_gt_labelTrainIds.png,6eb6bbb6d21183c935a79d43f8a8163de48c25180e032ca52c5060765e15a1a3,ae20b01e45bc653dc967fe8cc6c774b1a518dff2bde26981288fed9c2f7231a3
rgb_anon/night/train/GOPR0376/GOPR0376_frame_000822_rgb_anon.png,gt/night/train/GOPR0376/GOPR0376_frame_000822_gt_labelTrainIds.png,5f2f4af5da0ed30b7c519a6dc5488ef5d8853fce09d1a9fd54d44a8ea939bd78,699972120a3ca819cac1d3e535de87b06edb1d2699fa689d8e2289f3a8963121
rgb_anon/night/train/GOPR0376/GOPR0376_frame_000826_rgb_anon.png,gt/night/train/GOPR0376/GOPR0376_frame_000826_gt_labelTrainIds.png,6fef97c810bc6eda029d033fe3a43b23541fd66380fd125c4f207946a72a1d8c,63ebb06e9d90be2a6580065d0dbf64c147a539c8c96717257cbb585bc9d3657d
rgb_anon/night/train/GOPR0376/GOPR0376_frame_000835_rgb_anon.png,gt/night/train/GOPR0376/GOPR0376_frame_000835_gt_labelTrainIds.png,06b3c9ab13c57d7f8d320e4307b0e7177c5357effb5a93e928d70ce924455205,dde3973e08e24d81361ead98a1d6fb385724d794c18569dd12bb6f58ac70c0a8
rgb_anon/night/train/GOPR0376/GOPR0376_frame_000843_rgb_anon.png,gt/night/train/GOPR0376/GOPR0376_frame_000843_gt_labelTrainIds.png,7396508605fe0f3b3ff63d2650bf28c48faf96055695b2b0d28730433227d025,1e165d91b00dabe9d8fd0a1414341e26d68bee0443dbf4e0326285780a6fe2a0
rgb_anon/night/train/GOPR0376/GOPR0376_frame_000847_rgb_anon.png,gt/night/train/GOPR0376/GOPR0376_frame_000847_gt_labelTrainIds.png,562bcd211e04ee98ede144740b1d80e487f133f771939c2c7c48522bda064e26,e0463a823dce01381371810bf4b6df35aab4739198218e3b88e34f8057d1c335
rgb_anon/night/train/GOPR0376/GOPR0376_frame_000851_rgb_anon.png,gt/night/train/GOPR0376/GOPR0376_frame_000851_gt_labelTrainIds.png,b659c0680b4572937073912ce7096f875e6c284211ef64f9c6831f19285c5655,9ae01f25b05a8f367ceaf871a990e5f403ebf970636a2563145b2032604b73ae
rgb_anon/night/train/GOPR0376/GOPR0376_frame_000857_rgb_anon.png,gt/night/train/GOPR0376/GOPR0376_frame_000857_gt_labelTrainIds.png,01cd8e7e3a154c5988ad4d31494b20d89daf1c3063d48033e352c253154ec11f,77c4af396122ba176d0fa3eacc966a6cab19fdc37adbf159769fa7227fd2f754
rgb_anon/night/train/GOPR0376/GOPR0376_frame_000862_rgb_anon.png,gt/night/train/GOPR0376/GOPR0376_frame_000862_gt_labelTrainIds.png,748f60095d5884e7360358e21e4d5d8aa61479811a2acabd36f19b433326f826,2529df1a7f30906f2366912734543d06a47b3a6658f27f4f6a68579b6220a308
rgb_anon/night/train/GOPR0376/GOPR0376_frame_000866_rgb_anon.png,gt/night/train/GOPR0376/GOPR0376_frame_000866_gt_labelTrainIds.png,4fd7bbca770effedb8ef7ee0bba0317727c23b75689df870d883640507e5241a,a36ba4f2a7efaf1e1b617cb9a0c774dab0aac457dcdc710ae7a03f33068db9a9
rgb_anon/night/train/GOPR0376/GOPR0376_frame_000870_rgb_anon.png,gt/night/train/GOPR0376/GOPR0376_frame_000870_gt_labelTrainIds.png,85fd5b53d9c12faa696804555c61f02c864223b278faa78bc79694f85ee7c641,2dc210aababe46dba7ecb3526b393d1e09242d10bdf508ffc9144fe49277cd52
rgb_anon/night/train/GOPR0376/GOPR0376_frame_000874_rgb_anon.png,gt/night/train/GOPR0376/GOPR0376_frame_000874_gt_labelTrainIds.png,1c2a75d6b1aa8996c0de2e3efe47b1186db9d7436687fb7ef26fc21c70a98037,2dbcc163d1917b689ef03605da258ab92824e5c48b744eb4fb5d22aa6159d0fe
rgb_anon/night/train/GOPR0376/GOPR0376_frame_000878_rgb_anon.png,gt/night/train/GOPR0376/GOPR0376_frame_000878_gt_labelTrainIds.png,b5ffcb0371f6afba0abfd4b03b759fe4238e21335e29991b94d4df97908e32f6,bd5bcc732a3be78feb37a3e0fc2fcc300401ace52b851d573ab6de0589602d84
rgb_anon/night/train/GOPR0376/GOPR0376_frame_000882_rgb_anon.png,gt/night/train/GOPR0376/GOPR0376_frame_000882_gt_labelTrainIds.png,83c41011d7c93a9649aa83a12bb7ffdf184040731eb4916246135349f9f1a5fc,8b02bf5a57fd93322959b5086f690db8860c2e5a5de86ce35a358d4927444602
rgb_anon/night/train/GOPR0376/GOPR0376_frame_000887_rgb_anon.png,gt/night/train/GOPR0376/GOPR0376_frame_000887_gt_labelTrainIds.png,fe495417feb9b8c3387fd522c6924c5723bc669927b6ccdf8c35567a4cc39fee,dd916abf8c73bc66be7b854521558310771b193244730e3811ad4c7b25539289
rgb_anon/night/train/GOPR0376/GOPR0376_frame_000909_rgb_anon.png,gt/night/train/GOPR0376/GOPR0376_frame_000909_gt_labelTrainIds.png,9c56121fa23fc17d0827bd83b1b071ccb0195c5224bfca74b959b8e124454b87,0823d1f6733ba908a9e2f4777399a0420934ab0d7c92093ee9c2f6340991f326
rgb_anon/night/train/GOPR0376/GOPR0376_frame_000916_rgb_anon.png,gt/night/train/GOPR0376/GOPR0376_frame_000916_gt_labelTrainIds.png,15fa0a89147d74c9a4aa506936402b6f25cdf2d7a75248f782ad5f3bd54ac0da,11a1e505c739ed5dc9ac1dfb348b2f484af61d69f406aa5f701481b9cdd89356
rgb_anon/night/train/GOPR0376/GOPR0376_frame_000922_rgb_anon.png,gt/night/train/GOPR0376/GOPR0376_frame_000922_gt_labelTrainIds.png,94e5a23963ec5a73fa7aa8f3944c6773d147b6edeebe4c5fe8cb38032b752529,28f03df2a0e23a5550aa19ce2f28d0fc4e40e458ba893e7b325e6d51fdc04b77
rgb_anon/night/train/GOPR0376/GOPR0376_frame_000927_rgb_anon.png,gt/night/train/GOPR0376/GOPR0376_frame_000927_gt_labelTrainIds.png,74103550724e74de37218656bd0a0879f3387a90ce515ce84c47060e0ab07ed5,bf427745596abd30ee550a79d1406c6887f4bdb641078021315596fa66db9e01
rgb_anon/night/train/GOPR0376/GOPR0376_frame_000936_rgb_anon.png,gt/night/train/GOPR0376/GOPR0376_frame_000936_gt_labelTrainIds.png,2ea2a70729f920d3d4eee79037c9e60dfd8d63a21d6c13ac4bd42fe7e9659494,478aa64821f2541e770d8e8059be3eb689f681114655049d4560988d19aa5c8e
rgb_anon/night/train/GOPR0376/GOPR0376_frame_000954_rgb_anon.png,gt/night/train/GOPR0376/GOPR0376_frame_000954_gt_labelTrainIds.png,6adc5f34da818fdb975781a56a65d3844cf4c8bd7dfb819d8611c0aec4284bbd,9789fce01fbd18fc3148eb0153226b3e9789129625f8ed863c98bdb8b2db0884
rgb_anon/night/train/GOPR0376/GOPR0376_frame_000959_rgb_anon.png,gt/night/train/GOPR0376/GOPR0376_frame_000959_gt_labelTrainIds.png,3557878d20a6abda0a110583cacd7e7b33ae6b905db58c6b2d72ff5ad95b3337,f9866a9e7a157846c5bf958462ac782d01f57124d2f22d46af12ee3e0be39e63
rgb_anon/night/train/GOPR0376/GOPR0376_frame_000963_rgb_anon.png,gt/night/train/GOPR0376/GOPR0376_frame_000963_gt_labelTrainIds.png,85c07b79c58f52882ec841ec1b8991f568cffc94b6d4d9f7652df9480373d10e,8cf26974e62858d854e02517aab3069a58b57e290c8e051618bd4de003082dae
rgb_anon/night/train/GOPR0376/GOPR0376_frame_000967_rgb_anon.png,gt/night/train/GOPR0376/GOPR0376_frame_000967_gt_labelTrainIds.png,9331c0476ff336353672de21fa4d0d06eb8afb41949573c31754cbad319a0d28,0ce35dd2c4de337cb31fb2350ee85c97bf4e0ff0edd716484c06e15c639e4db8
rgb_anon/night/train/GOPR0376/GOPR0376_frame_000971_rgb_anon.png,gt/night/train/GOPR0376/GOPR0376_frame_000971_gt_labelTrainIds.png,0cf352e5416f120303ea19bc8a8a4319910a9536cf99ccc7653640f6cfdf531b,b504325f96590704a5e10bfa92e00cbb82bdf059cff5c8d617e1635c894559cb
rgb_anon/night/train/GOPR0376/GOPR0376_frame_000975_rgb_anon.png,gt/night/train/GOPR0376/GOPR0376_frame_000975_gt_labelTrainIds.png,4570d8399d06c7553d794c66ace3a9fc455a697119a7fe3b88570362e0c7e2d1,00264d172a30f2b8bc602d35616c180744f7b6c1f82251e5155f5a49e419c401
rgb_anon/night/train/GOPR0376/GOPR0376_frame_000979_rgb_anon.png,gt/night/train/GOPR0376/GOPR0376_frame_000979_gt_labelTrainIds.png,cc0f8d7094ab9816b9cb0720d31cad5df7c838c7e286387702192908c92026f4,1f53e04ce7ec7ae69ab8a68495efd23bd4871894e04c5f7c75ccc467008a70d4
rgb_anon/night/train/GOPR0376/GOPR0376_frame_000983_rgb_anon.png,gt/night/train/GOPR0376/GOPR0376_frame_000983_gt_labelTrainIds.png,54909f8fd8111e62b45ff10a02bb09c52bd96643d485875a378bf3f5c887fdae,bad9418197287af7187ad324477344470d449f1d37b24b8f54a1599696a5b740
rgb_anon/night/train/GOPR0376/GOPR0376_frame_000991_rgb_anon.png,gt/night/train/GOPR0376/GOPR0376_frame_000991_gt_labelTrainIds.png,f6512974a4307085dcc3b2eda6a256494cc6c480acb5c4cfa41ccbc4ba50ebea,2c5484f984dc379b1f411c2d7f95d69335b67ce12116a80e6c1bd96705d01171
rgb_anon/night/train/GOPR0376/GOPR0376_frame_001001_rgb_anon.png,gt/night/train/GOPR0376/GOPR0376_frame_001001_gt_labelTrainIds.png,2689a27cb7ae09e3ef73d0fe1c12e4d755569141334976e6dbc1c54f07c8d0b7,ebed82e937a39edc2053fc85f2eba6a6cc3c9a7ab00bd535f95aea06c10926d1
rgb_anon/night/train/GOPR0376/GOPR0376_frame_001005_rgb_anon.png,gt/night/train/GOPR0376/GOPR0376_frame_001005_gt_labelTrainIds.png,6589a81e5ac5fa3b1a221689968e3910e31dc3ced0e2bdae69ea0dc93da0e0f5,e5b8c6f0566cf51a778847162463674d8812aea942114af64d1056acfcd3f5fc
rgb_anon/night/train/GOPR0376/GOPR0376_frame_001009_rgb_anon.png,gt/night/train/GOPR0376/GOPR0376_frame_001009_gt_labelTrainIds.png,957d9b8532a37a92e13f7664354509613b146438627997cdced35db11fcf5f13,bcaaf68e728d2b07c18f89feed1f7161f842a4d1b0ca4280304e2fdfeca2380f
rgb_anon/night/train/GOPR0376/GOPR0376_frame_001013_rgb_anon.png,gt/night/train/GOPR0376/GOPR0376_frame_001013_gt_labelTrainIds.png,c894dfbaa4e010ae3571230a16c2bf4efbb971c2afc9aad04628855164bfdbd2,39e83fdf7c78b77cdc09a8df115247da3897e4cb04b048fbe05cb02271d39244
rgb_anon/night/train/GOPR0376/GOPR0376_frame_001017_rgb_anon.png,gt/night/train/GOPR0376/GOPR0376_frame_001017_gt_labelTrainIds.png,2bcb8705553523ab750c13c7a7e78bbc634b9f59491805091dca64f25425231f,30cd20619e23194891b8623cf89725249a74b310cba2b2e56db289878ef5ebf9
rgb_anon/night/train/GOPR0376/GOPR0376_frame_001021_rgb_anon.png,gt/night/train/GOPR0376/GOPR0376_frame_001021_gt_labelTrainIds.png,f8d8ebda603f7b280f9dc14521bffa0d0ea5cd8f27232192ad48bf7d6c451b0f,977d47783407476c6f0aed0b6636eecbe0fb3e595f60ae4566e5b7da4642f20b
rgb_anon/night/train/GOPR0376/GOPR0376_frame_001025_rgb_anon.png,gt/night/train/GOPR0376/GOPR0376_frame_001025_gt_labelTrainIds.png,6627bcbf059f16d405be812e0294f67d3a8581450ebe7c16b99169d41fc7c184,1f7e8da6d6899afb1c0add8088a2f50ad12f4f0fd623125640324507e29b8e52
rgb_anon/night/train/GOPR0376/GOPR0376_frame_001032_rgb_anon.png,gt/night/train/GOPR0376/GOPR0376_frame_001032_gt_labelTrainIds.png,07ab39b9bdbaa2fc24896a33a809ff13bc1d83e1c007bc919876848311da525a,251675bbee584d846a9d53382835e98ce1fd62b889c155b015faac2992e823aa
rgb_anon/night/train/GOPR0376/GOPR0376_frame_001050_rgb_anon.png,gt/night/train/GOPR0376/GOPR0376_frame_001050_gt_labelTrainIds.png,3a0028de3df39e179eb66dcb54434d40e3afca4e2cc4d49fc5ef4a4c71c87257,091c3534ff1e2843832edf745dccfbc063f5d69c343c7a1eaae7170fcff1c383
rgb_anon/night/train/GOPR0376/GOPR0376_frame_001054_rgb_anon.png,gt/night/train/GOPR0376/GOPR0376_frame_001054_gt_labelTrainIds.png,b358bc5731271e863c652c0814ab8f70bf86fa8b1985623cb74336c808ad1947,642eb0c7aab15dfd096ceac9da5adb6f398aaa5af36021879188d34ae38b44ab
rgb_anon/night/train/GOPR0376/GOPR0376_frame_001058_rgb_anon.png,gt/night/train/GOPR0376/GOPR0376_frame_001058_gt_labelTrainIds.png,4a1811e842c9f71fa1fa5923cfb117c46a1ce9aa8f2b278f2635c45aa4ef15fb,3dac73bd77a4019066f9cdbab7d7f16109844264b38c27bdcf0205a76f841ef6
rgb_anon/night/train/GP010376/GP010376_frame_000001_rgb_anon.png,gt/night/train/GP010376/GP010376_frame_000001_gt_labelTrainIds.png,15b10d567412ef4a90e6b662adce8e15ef1ca7fdfa0e1c07545090e70beb8b29,65661afbd47b5300ad15d46ae1318d3cb9dfb0dfd0ecdeab2a39855c56669ef7
rgb_anon/night/train/GP010376/GP010376_frame_000005_rgb_anon.png,gt/night/train/GP010376/GP010376_frame_000005_gt_labelTrainIds.png,86943d22bfaa214633e1fec97861290206b8bf66e728dbba7265e7fef9fb0446,82178e9b6c064be00f03552606d02245a13e6b6e165688d2feee59e45e5d1e5a
rgb_anon/night/train/GP010376/GP010376_frame_000009_rgb_anon.png,gt/night/train/GP010376/GP010376_frame_000009_gt_labelTrainIds.png,680e6ba9969c2d6dc46ad53760ed79f1a55f1278209c19b080d4c08506780d72,a5575fe2cabf122aec59f5f43e6ed5ec1ec8f4d87ab6d432e39715d9b1b37a47
rgb_anon/night/train/GP010376/GP010376_frame_000013_rgb_anon.png,gt/night/train/GP010376/GP010376_frame_000013_gt_labelTrainIds.png,33039abaec78ae10128b6f229e0f834309ceb23ce324508ae3eb1f3363a70f61,706631609ce9ec44e0c3a45117e033f1d9c24092d7c0c5c0a1f65bab8f2965b4
rgb_anon/night/train/GP010376/GP010376_frame_000020_rgb_anon.png,gt/night/train/GP010376/GP010376_frame_000020_gt_labelTrainIds.png,3d0a413b782efd1044041f42f904751fc1c1aa6bdabe7f30f598df34249bddbd,c9f6aac4571df1ded11a6340a41c994d5367be1e5356070f4123495c3458a4a0
rgb_anon/night/train/GP010376/GP010376_frame_000024_rgb_anon.png,gt/night/train/GP010376/GP010376_frame_000024_gt_labelTrainIds.png,7c1be96ea79e9741664e212f2480a2d59e29813278468a2b0145b0941101c726,567ca0e964cb1aa43bf600c99b43ebf18087188cdd58fb34b721a8cec7f9af33
rgb_anon/night/train/GP010376/GP010376_frame_000028_rgb_anon.png,gt/night/train/GP010376/GP010376_frame_000028_gt_labelTrainIds.png,fd41d075bbbef1a5f56901dea92c5d366422572887082be489f8eab4ecb561e7,56344f438905062ed41d985c4f66e92366268c2f688cdeaf3b4b5454d613e023
rgb_anon/night/train/GP010376/GP010376_frame_000032_rgb_anon.png,gt/night/train/GP010376/GP010376_frame_000032_gt_labelTrainIds.png,09e37ac37c642ec8834a9c4b98f83724f99633cf9ad13b15a7ac817fd2bf9df3,ee1725196aa7c2b28adc99c03a4133a5bea5a63c2e80a409d5d60e9fa2665db4
rgb_anon/night/train/GP010376/GP010376_frame_000036_rgb_anon.png,gt/night/train/GP010376/GP010376_frame_000036_gt_labelTrainIds.png,f58bafb990d96704c11900e65abda07c843cee050e2a693432b47e5e4f831b88,56cdb8ced4f881b7fb765e2598be116c7cf89fe73ebf2b505457dbba0fbf3bba
rgb_anon/night/train/GP010376/GP010376_frame_000040_rgb_anon.png,gt/night/train/GP010376/GP010376_frame_000040_gt_labelTrainIds.png,1321dffecaa25cf3c8e630520d37ed8c31d3fba0f464277fdf5b0bf5fb439d0e,78e17cb937d21c7eeee68609f2adaf54a1ffa55796f4fc30e329d5a356e37111
rgb_anon/night/train/GP010376/GP010376_frame_000044_rgb_anon.png,gt/night/train/GP010376/GP010376_frame_000044_gt_labelTrainIds.png,b4ceb853014392acff3589dba27dfc4c0652dec9a2486024444a734201df7755,a5ecc5551f49c162fb190a60f6773d64e99e275b3113be47632537c879605616
rgb_anon/night/train/GP010376/GP010376_frame_000049_rgb_anon.png,gt/night/train/GP010376/GP010376_frame_000049_gt_labelTrainIds.png,5e123ce895293fd275c22adce829202d956b8cc78e67b54b5a2098e1b81d70f2,3d60a264f8386b193956b9da7b4ca40a6e02fc0ef558dc92944176c14ac32773
rgb_anon/night/train/GP010376/GP010376_frame_000084_rgb_anon.png,gt/night/train/GP010376/GP010376_frame_000084_gt_labelTrainIds.png,99a48ef5b7011e989fe311e2fb83a296b8c43825ec6a8299d73d69ae95161b67,38f899721fc23b82d46ee70859de4a6790f8b1d17257e804fc7812aeb62236e4
rgb_anon/night/train/GP010376/GP010376_frame_000124_rgb_anon.png,gt/night/train/GP010376/GP010376_frame_000124_gt_labelTrainIds.png,3757c17e91c8cb9ffb35f4fba2151440caf5fc98eadc8e4dd95010dca917e17c,51075595486e55c62556a673d2b74c29715bc11934ad2c78cd92ecd64f90f26f
rgb_anon/night/train/GP010376/GP010376_frame_000129_rgb_anon.png,gt/night/train/GP010376/GP010376_frame_000129_gt_labelTrainIds.png,d4f397a98d800d017ba3618e2f38228f9e7bb62dba32c44575acfa564a38577b,b82419bcebb5e0d19a9acd981af4c87a041b98d3e00f8f1e518c1c25e98617a1
rgb_anon/night/train/GP010376/GP010376_frame_000133_rgb_anon.png,gt/night/train/GP010376/GP010376_frame_000133_gt_labelTrainIds.png,554bc839cbdf88c66585bfd4888ddcf2c5362b0a9f40c0322b39567821e791f5,423455ed58a7a8641fd1577e7fa9e9adc41ff3e4f3ce1d2025fc7bdc9bc6155c
rgb_anon/night/train/GP010376/GP010376_frame_000137_rgb_anon.png,gt/night/train/GP010376/GP010376_frame_000137_gt_labelTrainIds.png,821331bc2bc16bf57d3843dcca6b2df6d5c3aa9005a6f3beee5264e9787b29b8,219065a726baa641f51a62d98a614dbebf82ce2e2f5b26f3089c4b1d598966e1
rgb_anon/night/train/GP010376/GP010376_frame_000141_rgb_anon.png,gt/night/train/GP010376/GP010376_frame_000141_gt_labelTrainIds.png,77386536f08a555dbec7dc80991df78144dfa3f5f4bb008ee8ae709278dbbc51,7a34ff0795f29be3a835a799d0ae24fb474790e7e2a4b16788dba82e1e62a6d3
rgb_anon/night/train/GP010376/GP010376_frame_000145_rgb_anon.png,gt/night/train/GP010376/GP010376_frame_000145_gt_labelTrainIds.png,be9d1e1b174f826518d02a9846a84847848426ab5cb423ea1b8be48938aa7b5e,0f9a8c6a6ef6ca54d472f824bfb45b6b4701be95d80908c87b88978f44256dcd
rgb_anon/night/train/GP010376/GP010376_frame_000149_rgb_anon.png,gt/night/train/GP010376/GP010376_frame_000149_gt_labelTrainIds.png,82025dc99b0fed2c0129ea7525759413a24899d7c81721f8ca0417e14e382057,498b7643ea9c3ae49de0f2228c9eaaec50c8aa576fc93d21f03cf78cbe6718e2
rgb_anon/night/train/GP010376/GP010376_frame_000153_rgb_anon.png,gt/night/train/GP010376/GP010376_frame_000153_gt_labelTrainIds.png,2812f66b76156100172440b8155dcf0217344260d171b411b876a88a2478f497,0b1c709b8a0f50372ad3127eb3c452bfd118d32cde3ef9665d6059967b1a6635
rgb_anon/night/train/GP010376/GP010376_frame_000171_rgb_anon.png,gt/night/train/GP010376/GP010376_frame_000171_gt_labelTrainIds.png,fc26ac3c4a889d463f8e2c5b8dcfcadfc387c0db8570d0ad43377dfc40da2401,bb538e299117dfe7011ccf19a7db3909c1df70f44df7b3fc3a6f955cfbe869dd
rgb_anon/night/train/GP010376/GP010376_frame_000177_rgb_anon.png,gt/night/train/GP010376/GP010376_frame_000177_gt_labelTrainIds.png,d985621e2a627ebc52c4dc7afe2aa166be18ba43dec86abbf878266882699ba9,0cd38a8054158f75c2c9dafe156819d856d1970eb7e3ba8268d7d4d27811da5a
rgb_anon/night/train/GP010376/GP010376_frame_000181_rgb_anon.png,gt/night/train/GP010376/GP010376_frame_000181_gt_labelTrainIds.png,e0b5c1b7bb2c53a00c11f86af09730b67db71a74d3c3289da7838c743426db53,6d160e49ec809dec2fee547daa8b54edfd0b1b13a2e00125f9410ed5c5e33b2a
rgb_anon/night/train/GP010376/GP010376_frame_000185_rgb_anon.png,gt/night/train/GP010376/GP010376_frame_000185_gt_labelTrainIds.png,04f8c19e28452768bef3558a42e88015a172e61678d498ba521c35d7e2d9df7c,64157bfcc2566dabd6885ae65d78f6b12f2f3849b9ee083a3ed284871a0360bb
rgb_anon/night/train/GP010376/GP010376_frame_000189_rgb_anon.png,gt/night/train/GP010376/GP010376_frame_000189_gt_labelTrainIds.png,e1ad11b5769508de0e8c444da139ebb26aa9d7f02908e5e2d7ae69ecd9e2d7bc,24629adf687451193597e4ccb9c7b82bb948c067a09c7778492615c7fc265e26
rgb_anon/night/train/GP010376/GP010376_frame_000193_rgb_anon.png,gt/night/train/GP010376/GP010376_frame_000193_gt_labelTrainIds.png,f4d430ff63e215f7fd50fabbc560e0e3607c97b29d0d8811f39e807bd3e231a9,757ea718a6c87713d03f8e83cb8cef31397f8f75f9335d74c1101fa21c51869b
rgb_anon/night/train/GP010376/GP010376_frame_000197_rgb_anon.png,gt/night/train/GP010376/GP010376_frame_000197_gt_labelTrainIds.png,802d9d95780ed4eb700d33f2fc80a703736c8514776f48883e95007a4cbaebe9,333322c9b277a7026c75dbbc91f46bf60433baa2543bebea1b60992ff99a0154
rgb_anon/night/train/GP010376/GP010376_frame_000201_rgb_anon.png,gt/night/train/GP010376/GP010376_frame_000201_gt_labelTrainIds.png,28f0ee1e83b9ec71c2317e909ddf1d6edff704f8a853fc96851b83df1fa8ba11,38995df2c262efd9966212acfcc65e32f0eb81da6785438726262c9fa9d76afb
rgb_anon/night/train/GP010376/GP010376_frame_000206_rgb_anon.png,gt/night/train/GP010376/GP010376_frame_000206_gt_labelTrainIds.png,651005823aab2d482d6b30b36672395f43b81fda14229faf66a6c16dd7e4b2a6,2966ff5b6be07fdc17f3732953532c3a5a28604ab34e0f21997bbf455aa33dbf
rgb_anon/night/train/GP010376/GP010376_frame_000213_rgb_anon.png,gt/night/train/GP010376/GP010376_frame_000213_gt_labelTrainIds.png,960551804312f61048d8390aea3581bf29c1fe827f79c9f6637c82111609aec6,a4d852e798c46ce7ddd4b78d05f7efabf0328cf82ff663a7a439c37ce9a73af7
rgb_anon/night/train/GP010376/GP010376_frame_000219_rgb_anon.png,gt/night/train/GP010376/GP010376_frame_000219_gt_labelTrainIds.png,b361f31c71bab5c6fa1939e2dfdcfbc990f8ecb31e0f3b0120f888622e42ed08,64d9ea71b295ef26d29b7bf262fab85304ed1cda14d0e84157e8089e8aa2ff52
rgb_anon/night/train/GP010376/GP010376_frame_000223_rgb_anon.png,gt/night/train/GP010376/GP010376_frame_000223_gt_labelTrainIds.png,a0f8ca4756973ab4186e257fa2f8f074800196ccdbc14647cb40f967f5e80ff9,877a1fbe50c1c90cea548646b852ae53af25e9d181d8c8a042b9315881b27309
rgb_anon/night/train/GP010376/GP010376_frame_000227_rgb_anon.png,gt/night/train/GP010376/GP010376_frame_000227_gt_labelTrainIds.png,bb77e6f12476eafbf7264f182c0aa4ab376d097daa2917027e662c79154f9244,012ea970a1e9a0b924b5fd943034d80278d45bf9d1a07b49c6ca5eedb59a6a52
rgb_anon/night/train/GP010376/GP010376_frame_000231_rgb_anon.png,gt/night/train/GP010376/GP010376_frame_000231_gt_labelTrainIds.png,90a6fa34e67e74ceb6c412617188bf1737fe786526afad7e4589e3df17e141df,0a726b40aa598fde17ad715a1b29b4a241df79db6b936161a4aa4389d596a8b3
rgb_anon/night/train/GP010376/GP010376_frame_000235_rgb_anon.png,gt/night/train/GP010376/GP010376_frame_000235_gt_labelTrainIds.png,b3aba4d105fb7c8c5ffc97ac06ade781f28af6d1ca9ad8ccbbe021459d0f2839,06e73b083dbbd67d57dbd528c3399b6a1e0fd3db8727614744ec4e07e52288ab
rgb_anon/night/train/GP010376/GP010376_frame_000239_rgb_anon.png,gt/night/train/GP010376/GP010376_frame_000239_gt_labelTrainIds.png,4db551c378220013da928eb33ff5e29608966ac877aa9e36a88e415cc242034d,ba268df76b43a34464aa3673e7b050daef085a0f2da463f92c0df38c325d8a15
rgb_anon/night/train/GP010376/GP010376_frame_000243_rgb_anon.png,gt/night/train/GP010376/GP010376_frame_000243_gt_labelTrainIds.png,2b967c2ccada32525a70ea9f9a3c978221edc9e41eeb79a8d51cc19c8456597f,1651a88925b60720a13ec96baaa82ce3b1b5837e7047316275d095e518a43052
rgb_anon/night/train/GP010376/GP010376_frame_000247_rgb_anon.png,gt/night/train/GP010376/GP010376_frame_000247_gt_labelTrainIds.png,eb82577d3cc4a40cd5df7e5faf6cdbb759ba0b8640bc6b716e93e32db800317f,18f00d39c6dde40abb8a62d321656f9a80ed3f9e8e06d95ebd09d3e8a8df09ba
rgb_anon/night/train/GP010376/GP010376_frame_000251_rgb_anon.png,gt/night/train/GP010376/GP010376_frame_000251_gt_labelTrainIds.png,6c1d91e7085b3e7cbf00550fbd2d4d0d7f87f1b38569b4c5b9070f7d4131f086,668aa8cb20432094697774ddb7caea365de1618b1bd6ab93e69aeebd70c8ca2f
rgb_anon/night/train/GP010376/GP010376_frame_000255_rgb_anon.png,gt/night/train/GP010376/GP010376_frame_000255_gt_labelTrainIds.png,8d2acc7b1513c24f7db15bd18c0e8fec6e67515c2041785c3eadf5ce4f49509d,2e652db74a8d9fc46c92c04603fff8e150d8433065be5f90960f5a27ed51381e
rgb_anon/night/train/GP010376/GP010376_frame_000259_rgb_anon.png,gt/night/train/GP010376/GP010376_frame_000259_gt_labelTrainIds.png,f19772191feb1aa4d9c67f0f6ed0db0fff4ce69fa1b86dca0c826c751a1f5bed,dfcef07a660589c495d54c5b4ebadf0a826423dca1bf4820d68e10835433210a
rgb_anon/night/train/GP010376/GP010376_frame_000263_rgb_anon.png,gt/night/train/GP010376/GP010376_frame_000263_gt_labelTrainIds.png,cb8dac69157bde1bb7066c73197555fefbbc7f54a73a93988535d7f9c880328e,57d3b2f16adb1b6f859195d2901c396e0807efbad2b60923f9e270dd79899b47
rgb_anon/night/train/GP010376/GP010376_frame_000267_rgb_anon.png,gt/night/train/GP010376/GP010376_frame_000267_gt_labelTrainIds.png,79deac7593f8d9e25aed2445529503691e809f5557a167681c5b9fa734abdf9f,adec3513a7fd25207135ff460c01b34b7d7ca68fa04de3107145d5fa99f6e09a
rgb_anon/night/train/GP010376/GP010376_frame_000271_rgb_anon.png,gt/night/train/GP010376/GP010376_frame_000271_gt_labelTrainIds.png,edc989cceb1030ac02e607cddf56c05cc8f7690a0bd52d4c199654e612274b18,10b3c21e71edec701b68ab462ad87cce21ea436e5517b8c69117b8e9b220377b
rgb_anon/night/train/GP010376/GP010376_frame_000275_rgb_anon.png,gt/night/train/GP010376/GP010376_frame_000275_gt_labelTrainIds.png,339a8fc95312a01655cb951ac00c06d53a737f8cc527cbfba179020412828337,db32c7c7fbdec90b0266c1691d903ed2ec2493642323dac0f2bbdac44e4a684c
rgb_anon/night/train/GP010376/GP010376_frame_000279_rgb_anon.png,gt/night/train/GP010376/GP010376_frame_000279_gt_labelTrainIds.png,a8ac39662fc6881d3e2f75bf23a5e7daa951f86935dd58f75594ea4cdf1ba7b4,55ec322222e8863134b925a5d4bd9b08d0378f57d814e85e1f675fbbd5e49921
rgb_anon/night/train/GP010376/GP010376_frame_000283_rgb_anon.png,gt/night/train/GP010376/GP010376_frame_000283_gt_labelTrainIds.png,d128cc7bf9302c80b9524d1517ac6a46b5ac9da6222b0e14cade3557778e23de,a16bdfd3f3a2762b93d0d1fd1a3e1f68e4e8daf3aa6a1887da2805c2eade07ab
rgb_anon/night/train/GP010376/GP010376_frame_000287_rgb_anon.png,gt/night/train/GP010376/GP010376_frame_000287_gt_labelTrainIds.png,503ae4ef93a19e96fe9718241352e4af21e96ed7833b5af3e113e85c21054441,f387a93725b97362b5c51fa8b137a67cc211d826da36d4f0257c6ba12a9615db
rgb_anon/night/train/GP010376/GP010376_frame_000291_rgb_anon.png,gt/night/train/GP010376/GP010376_frame_000291_gt_labelTrainIds.png,5c31c1447ea0561e17a94d877af5834041093bfca51d56f9492cb8c12720042f,0ddd4fafc8eea039f38b35ea064f0372f667395df63d04a3e21950e1f68c1aea
rgb_anon/night/train/GP010376/GP010376_frame_000295_rgb_anon.png,gt/night/train/GP010376/GP010376_frame_000295_gt_labelTrainIds.png,af32b75af5d5f363392f365667a39b607950112c8024f8f9b9efcc0a891d0e2e,24f6feafa61f637288f2236c1bd0ce9bcf2e9b90aa9fcdc6919735b8335dcb12
rgb_anon/night/train/GP010376/GP010376_frame_000299_rgb_anon.png,gt/night/train/GP010376/GP010376_frame_000299_gt_labelTrainIds.png,a7cdb96dfa3788f738c0f3745e7db9f24f99bce38c83705470d5ed7648bc3d8f,ce80447e650250f23948e31cd0c88b5473cd1d1be7285ae92025c2d1fef75a43
rgb_anon/night/train/GP010376/GP010376_frame_000303_rgb_anon.png,gt/night/train/GP010376/GP010376_frame_000303_gt_labelTrainIds.png,34212f477bf0288f0a920207de8afb652addf9eaed816a843bf22645f6d4234e,af2d1f21d27529441fb8f570987398af978a4d5e00d55d63e7a76be62c1e2253
rgb_anon/night/train/GP010376/GP010376_frame_000307_rgb_anon.png,gt/night/train/GP010376/GP010376_frame_000307_gt_labelTrainIds.png,0789a9113f48003b9418f627309503e8166c8f57438414249f57a4a66ff5a3bc,ecae2190d5babd3434b88dd194bb7a4d25a88a2487be2d5df13ade5fe11342b1
rgb_anon/night/train/GP010376/GP010376_frame_000311_rgb_anon.png,gt/night/train/GP010376/GP010376_frame_000311_gt_labelTrainIds.png,11ee78542c3ad9598ab858732dbba40314027b8da76d8317347c13dcca07b334,176b275ec7b09296d453b4cdc71bcfa20a71cfa9df20c01dd54cf8b66832fa63
rgb_anon/night/train/GP010376/GP010376_frame_000319_rgb_anon.png,gt/night/train/GP010376/GP010376_frame_000319_gt_labelTrainIds.png,6bb5df68ddd162c12755eb114ecb1f62a477a28e9276ba9b3bcb478fdf4a3c30,0c8553fd79082a339a913edc934f3a96896a27a7671ecc07d6c391f2f6763d6c
rgb_anon/night/train/GP010397/GP010397_frame_000037_rgb_anon.png,gt/night/train/GP010397/GP010397_frame_000037_gt_labelTrainIds.png,d43a62174939a2c41b9f83e991ffe76d7cac76da65d979d528c8341805643486,c4c62a61ced460a10c8e72bf516eacfa803fa1801694a4a8409610395758d5d0
rgb_anon/night/train/GP010397/GP010397_frame_000056_rgb_anon.png,gt/night/train/GP010397/GP010397_frame_000056_gt_labelTrainIds.png,009da4cf4f647185419ec850cb6f35922e1b6a69d270c8dbd83cda3d9d2fad3f,3ce271b9f89947b19bd4a11a9945658bf0e4e3bd8c92f6362499214fecd7bfa3
rgb_anon/night/train/GP010397/GP010397_frame_000063_rgb_anon.png,gt/night/train/GP010397/GP010397_frame_000063_gt_labelTrainIds.png,55b1f155f19ee7096ace23e03bf2cc30e6a563de4cea477bbbb339fded454cf7,f558c05fc29e1781c9b7f0017dcf2b6163e3bab1a5938b539741a050bdba6995
rgb_anon/night/train/GP010397/GP010397_frame_000074_rgb_anon.png,gt/night/train/GP010397/GP010397_frame_000074_gt_labelTrainIds.png,8716c3c2be27929608c8dac28cfa7b67245a62db4b1a28bb778d782d06922ec8,68920b82073377fcffd1d59a01aaeef941292eea2cba1b426295bffa8d393c20
rgb_anon/night/train/GP010397/GP010397_frame_000080_rgb_anon.png,gt/night/train/GP010397/GP010397_frame_000080_gt_labelTrainIds.png,0ad3d83b6cb2a70bd005260373bc69e414cfc2dff6819ba049366a051c52b54b,b8fc8bea958559332e9b1e53b440924349fb72d0941487f7a86a635eb18a9697
rgb_anon/night/train/GP010397/GP010397_frame_000096_rgb_anon.png,gt/night/train/GP010397/GP010397_frame_000096_gt_labelTrainIds.png,d3dde855a29839f055751a886164a71d577070023d8fa442e2ff573bdb0937a3,21a174f4de5320451a2264835b5e5093a9e35d1aa53bfa9836353b407ccd437d
rgb_anon/night/train/GP010397/GP010397_frame_000102_rgb_anon.png,gt/night/train/GP010397/GP010397_frame_000102_gt_labelTrainIds.png,a6bdd6562af53cad2fd571f369f06a354d0a2ce9a9bd9db7a0bab2586d12a4db,2d459742579c8152430701e309bec5fae176c69d511ae437c0b537be06c1f0cd
rgb_anon/night/train/GP010397/GP010397_frame_000127_rgb_anon.png,gt/night/train/GP010397/GP010397_frame_000127_gt_labelTrainIds.png,d9377974a6eee189ffebdfce1c0fd905a11c65d9b4aa147abc2506792e64ca3a,ed54fd1502c9433fd2b682cf94fc51002cb782c7930abce0b859218626f38e9b
rgb_anon/night/train/GP010397/GP010397_frame_000166_rgb_anon.png,gt/night/train/GP010397/GP010397_frame_000166_gt_labelTrainIds.png,202005b43d65795ed00e9ba2fab3753db2a1c9efd43306d939829dd3252f4950,3c15b4bfa31d8bbd7097e895df0e4add9039ea4899a308f8c438e3645f5832e1
rgb_anon/night/train/GP010397/GP010397_frame_000171_rgb_anon.png,gt/night/train/GP010397/GP010397_frame_000171_gt_labelTrainIds.png,378b0e1f5a3b5b7618595396627183fe4c1899663f6efa885c78748019131c76,b4a3ff4712bf6545a0b21bdfb69600e2c7f67302302e82aa525da8d5adfbe2e0
rgb_anon/night/train/GP010397/GP010397_frame_000176_rgb_anon.png,gt/night/train/GP010397/GP010397_frame_000176_gt_labelTrainIds.png,60523716ee64d754be26b1d597bb507e80cfc72f355e0bf4e356a3808d56964c,6926e5cc881173507805686bad5716bdfcb978e320fec82c0305084991fb158e
rgb_anon/night/train/GP010397/GP010397_frame_000182_rgb_anon.png,gt/night/train/GP010397/GP010397_frame_000182_gt_labelTrainIds.png,4a9e371b436292fe7ef59a22c2d08fa67a0771adb24429c500bc5103eed0372e,a31deeb21206466d4aa9a91fe276a9c26652ff8c1be17cdbfc86f3a8208b7fff
rgb_anon/night/train/GP010397/GP010397_frame_000193_rgb_anon.png,gt/night/train/GP010397/GP010397_frame_000193_gt_labelTrainIds.png,020137a0d277bfdbd14375dfbc13325463720c842d6dcaa644a317847e92d521,fe272bbc3d3df3cba1e42b93924e5966631f6cdf4a8874b91dee80dfb87c3987
rgb_anon/night/train/GP010397/GP010397_frame_000198_rgb_anon.png,gt/night/train/GP010397/GP010397_frame_000198_gt_labelTrainIds.png,3a9378040543d30f9a69fdcaf85c912eef1b3c9ed674698a5213196caa825a1b,42d4945521a44ccc422cbd8e7344685be7cdcabe5dcf5b6cb65eafb5d9682a87
rgb_anon/night/train/GP010397/GP010397_frame_000211_rgb_anon.png,gt/night/train/GP010397/GP010397_frame_000211_gt_labelTrainIds.png,f5e4c6de015a1bc58212e0cae3047c031a2e5ebc3670e6d3f85b0a04861cbb4c,d92980c8e50e65c50f734b68fb6dff84c59f4b5a0520259fce2f5320cc2d2ba9
rgb_anon/night/train/GP010397/GP010397_frame_000216_rgb_anon.png,gt/night/train/GP010397/GP010397_frame_000216_gt_labelTrainIds.png,bac3e586e47b01a0e53dc62293e34a40b1cc9957b607dcb577293fac5c7299fa,c5ecd919b863ac822369e98e30dbe7f2bbbdba018e130d3cfba8055bdaff6720
rgb_anon/night/train/GP010397/GP010397_frame_000222_rgb_anon.png,gt/night/train/GP010397/GP010397_frame_000222_gt_labelTrainIds.png,5dd3ca03cf47f5230423aa56819d7579f35c9dab253fdb131b6fd88d6e0997ae,61f3efcd7251bfbc86c0fbc85ca2fcd4d4f18a5e09eb403f261acd0ada356891
rgb_anon/night/train/GP010397/GP010397_frame_000276_rgb_anon.png,gt/night/train/GP010397/GP010397_frame_000276_gt_labelTrainIds.png,b2c3d3dd6bd6d6b881e503e27dd6fb6e863ee568fdf2f17ccbf340effff605a8,729a5fbcaada10bb0165e18107e0ce8d428c0c07abab150222153c886964657c
rgb_anon/night/train/GP010397/GP010397_frame_000337_rgb_anon.png,gt/night/train/GP010397/GP010397_frame_000337_gt_labelTrainIds.png,5150343bac6ae90b24f0ca988184699005697a229f3dde43ca35033006a5122a,ed2c5c3d8599f5d4917eb83ba9e0bb3ef789cd2ed202c821802a7ec0aabe9194
rgb_anon/night/train/GP010397/GP010397_frame_000401_rgb_anon.png,gt/night/train/GP010397/GP010397_frame_000401_gt_labelTrainIds.png,507ea28f84e69924e0eb05cabf6e366f59138a4e8ef1859880e51fd0d421c15a,06e74b48a09421983edcc90aa7be6456098dc9f192c9b42e0c060ef5d84de8f1
rgb_anon/night/train/GP010397/GP010397_frame_000411_rgb_anon.png,gt/night/train/GP010397/GP010397_frame_000411_gt_labelTrainIds.png,7b9c2c8b601a0d96920fb0deb2db4db411ba1f356167618ee91dfc41dea7b311,9d06c206bd9b5dd8cba2080295420a845aa83da5c4bd608ae1ef3941e8b80b6d
rgb_anon/night/train/GP010397/GP010397_frame_000444_rgb_anon.png,gt/night/train/GP010397/GP010397_frame_000444_gt_labelTrainIds.png,02a96dbc8ca062d85e3fbdb983402213dd6cc5f030eae09b40588277d4feef60,9159200bbb48a33f01a8c70d602ee00c3490d29c472d378f17fb313261f318da
rgb_anon/night/train/GP010397/GP010397_frame_000464_rgb_anon.png,gt/night/train/GP010397/GP010397_frame_000464_gt_labelTrainIds.png,c96993cd24dca72b268b29f861c932ea09210f884d873984e32519b03e3fe109,d195ff2b2c23e072c338f4b43e41f80c3b0198f3b7e6b77c075aebbdc0ac96aa
rgb_anon/night/train/GP010397/GP010397_frame_000498_rgb_anon.png,gt/night/train/GP010397/GP010397_frame_000498_gt_labelTrainIds.png,f2411a1d9924a48eb9f4aa242f0c935c5c0b8cb669f2efc4235dfbaef1ab2f39,6e4ec4c677d71044c6cb0971886aa927b4c69277cda7d7bc14981978202786ca
rgb_anon/night/train/GP010397/GP010397_frame_000558_rgb_anon.png,gt/night/train/GP010397/GP010397_frame_000558_gt_labelTrainIds.png,492abefed8bb68699b148b4a5e369613e35b0d3eac19cc3ae9950933b0371c04,e6ee64f89bff1e623932740ffa8718e566f2eb56069bb1e8a7fcf5808454ec74
rgb_anon/night/train/GP010397/GP010397_frame_000565_rgb_anon.png,gt/night/train/GP010397/GP010397_frame_000565_gt_labelTrainIds.png,ffb9a3ece5b7af4a4f3c61b2b308539b021171cc48b5e4619d8eaa44cec971a8,1e892834a65df1d61829b0c202f2d34ea258ac2b4694f540bd524fa8e316b880
rgb_anon/night/train/GP010397/GP010397_frame_000577_rgb_anon.png,gt/night/train/GP010397/GP010397_frame_000577_gt_labelTrainIds.png,d75831fe711d54547edb345e412830b6d72ea68a4234c4f80815511731cea178,62f3c794d2c53cdfb602381983ad1cca9874d36825d33d7f60616481d90db7f6
rgb_anon/night/train/GP010397/GP010397_frame_000597_rgb_anon.png,gt/night/train/GP010397/GP010397_frame_000597_gt_labelTrainIds.png,f43e30e084a4fe757398abf3cfcd12bb9abe25990fd7ad163058f654dca1c1d3,792576a8da479eb70d316a66184dbfecd0f6433e4b2ffa0dfe6c1e3ac175303c
rgb_anon/night/train/GP010397/GP010397_frame_000630_rgb_anon.png,gt/night/train/GP010397/GP010397_frame_000630_gt_labelTrainIds.png,42b6acf34f6daeaa9410479c8b55a3a61ec8e807edd09619e7f5dba499f12cdb,890791edb907e87d5797ade4e5fde8506396a480bb634d32ab29295366f70dbd
rgb_anon/night/train/GP010397/GP010397_frame_000636_rgb_anon.png,gt/night/train/GP010397/GP010397_frame_000636_gt_labelTrainIds.png,82ab9448841c76bf92dc9251860410f096f93c7ba3f4b38aae316c5191ec694b,89619753a5eda3b80bc32846146cad78c4247e3c9b7553f15662db72141a0ff9
rgb_anon/night/train/GP010397/GP010397_frame_000663_rgb_anon.png,gt/night/train/GP010397/GP010397_frame_000663_gt_labelTrainIds.png,0ec189c0a50aae5fa73425de844ed05aa1022a323f0315f77ba6a0612c9863b1,8d3bca3614e4acadc1b5888c05924d694f10ec16f3ae0424376268d9d9ccd772
rgb_anon/night/train/GP010397/GP010397_frame_000685_rgb_anon.png,gt/night/train/GP010397/GP010397_frame_000685_gt_labelTrainIds.png,8005b1385d4cc51d2e9597708bf44364381cead191f137dfe6faef2fe1cf1447,a72f1ec2f59d1a9ee6f513b3de20a653b429a6e7f683d20011e1303daa4d822f
rgb_anon/night/train/GP010397/GP010397_frame_000697_rgb_anon.png,gt/night/train/GP010397/GP010397_frame_000697_gt_labelTrainIds.png,2678d8ce19afc848c2ca10c806869ce522b7abf415d96dd07721836e7c78ce76,73879137f4412036a831b446f279e3a10c8078a58aaffa72db4df9924e13bcf6
rgb_anon/night/train/GP010397/GP010397_frame_000717_rgb_anon.png,gt/night/train/GP010397/GP010397_frame_000717_gt_labelTrainIds.png,672669522d4e5884b63165b198cfe3fbf31d65cab388dd5f901a1cff97f20daf,dfcc65204cd4def207671ef6df996d8bc0166fc6a13b23a6c62df37cad588aeb
rgb_anon/night/train/GP010397/GP010397_frame_000728_rgb_anon.png,gt/night/train/GP010397/GP010397_frame_000728_gt_labelTrainIds.png,7be6416f100a653b4a13eb0c3fee85c3aab177bd09dd6b5a35986f1cfbdb52a2,dfa0c481fa6aa14a176dc28c525046e760c8de512769d7634422c01d1bb9fe0c
rgb_anon/night/train/GP010397/GP010397_frame_000735_rgb_anon.png,gt/night/train/GP010397/GP010397_frame_000735_gt_labelTrainIds.png,da2f5a1be83e3897146f4855a6dfcd5fa6a5262f085e1af70cbcf855127ea700,40bc8cdd5430f6fd839fcadb7d56e660321412a1e7a2e00544f4abc558ddf8bd
rgb_anon/night/train/GP010397/GP010397_frame_000775_rgb_anon.png,gt/night/train/GP010397/GP010397_frame_000775_gt_labelTrainIds.png,ca5eaa7b11831c4bf6ffced73d88157e9aeb04fe44d4eec7e2a678dec257c4f4,04bf1fd155c017f83cdc0d87dce470d3af7c1b6565a540e3888470e01b461584
rgb_anon/night/train/GP010397/GP010397_frame_000796_rgb_anon.png,gt/night/train/GP010397/GP010397_frame_000796_gt_labelTrainIds.png,49e4d8700a0e45a49fe980725de879069efb65d09df1a2050d0c615a20b2d32d,e85c1db83b52b734ccc64236c070ae1815e86c2922d941d77a3d2943892977ef
rgb_anon/night/train/GP010397/GP010397_frame_000800_rgb_anon.png,gt/night/train/GP010397/GP010397_frame_000800_gt_labelTrainIds.png,76292444535f7b26915f9be48b1f105f2937406e8fad22c463860b11e9c1728b,2750d6686dae58d04d12647bf95b9ed83b8981fbcc872cc0f8f31cfb3cfb6ce9
rgb_anon/night/train/GP010397/GP010397_frame_000810_rgb_anon.png,gt/night/train/GP010397/GP010397_frame_000810_gt_labelTrainIds.png,8517b6cc0a3f1791e120fafc11d47537303f2518e3a3d24a6bd9288e2cb99239,927d05ccb448204e644a108b75976ce50fa2b3bee6fa6b2f3a7c2dd0b8e008b2
rgb_anon/night/train/GP010397/GP010397_frame_000835_rgb_anon.png,gt/night/train/GP010397/GP010397_frame_000835_gt_labelTrainIds.png,e91a8c3f2e48a89a5a3dd139e0bf12a9bd5f0f86d02eab6167fc2ea75d0ce4ed,956bfd8e26587a44819d9fac717b4ed99a7856c6da7b9597ca4b3ad3f9678383
rgb_anon/night/train/GP010397/GP010397_frame_000849_rgb_anon.png,gt/night/train/GP010397/GP010397_frame_000849_gt_labelTrainIds.png,6343cf605f2cd5d5f2e5291bb1eed6daa8882387f0fc69cb56df899b4c6ee2c6,5cec9e77f606e98186bc1b508554b74c6e350e5b0d2147656123c1dd5330cc0c
rgb_anon/night/train/GP010397/GP010397_frame_000864_rgb_anon.png,gt/night/train/GP010397/GP010397_frame_000864_gt_labelTrainIds.png,e4941d28b7815925968bb9493d68eff780cd07f368f253f11f8e5be5122c04b8,5a66e94e3fc7670c6e5c3818c03a2d19dcce72e13d49fa61e16319a4d071df7a
rgb_anon/night/train/GP010397/GP010397_frame_000869_rgb_anon.png,gt/night/train/GP010397/GP010397_frame_000869_gt_labelTrainIds.png,2a367c57bdea1e865a5cd33b7ec5319d8a1c2f4837eda4007ef503d101e63dd0,09489b8da93be9147fb6c18d22b10c63d8ffb54215f376d0aa7e9a90587ceeb4
rgb_anon/night/train/GP010397/GP010397_frame_000902_rgb_anon.png,gt/night/train/GP010397/GP010397_frame_000902_gt_labelTrainIds.png,c0ff90d8cca3d7755ba0086c24683d276d3809ec8f5846b4c13dbca30d9fcbd9,93e3536bd1908edcfb57814b726621d93b9f65425058f92ee8f88334c71a92f8
rgb_anon/night/train/GP010397/GP010397_frame_000906_rgb_anon.png,gt/night/train/GP010397/GP010397_frame_000906_gt_labelTrainIds.png,d74e22ec9f61ea2ecf98ff191ce73d359ac11cc7b95df84e475440fa4ef63298,1274ad6fdae0e2af91e7970bd66c870f61120e293e49b76cf57cd1360e540b81
rgb_anon/night/train/GP010397/GP010397_frame_000910_rgb_anon.png,gt/night/train/GP010397/GP010397_frame_000910_gt_labelTrainIds.png,950138ea7281e99bde79acb64ce5044119151bdb7740b5516b1b8c71d8b88c5b,5f3c1f9d00cdd35c09171b08c59dfa62e5219e1eefa19f9b257360630fdf6536
rgb_anon/night/train/GP010397/GP010397_frame_000922_rgb_anon.png,gt/night/train/GP010397/GP010397_frame_000922_gt_labelTrainIds.png,e66cfed7447f322de994284c31e0cb223f07c86aa914c5b528f17b5c8a72e408,f332fc0286eda322eb36c0050a55676f7cca96a5d8bba3e5d3ebd54e01b4e29f
rgb_anon/night/train/GP010397/GP010397_frame_000938_rgb_anon.png,gt/night/train/GP010397/GP010397_frame_000938_gt_labelTrainIds.png,e5a7df7d63f9c0a8ebec4d63641f337d33d6c1fbf7d6571f0097b8b7db78a0c3,bda70273d19c6e5d57d22585d75bde27780c5b9239f1117e7e6f98ca63a06474
rgb_anon/night/train/GP010397/GP010397_frame_000946_rgb_anon.png,gt/night/train/GP010397/GP010397_frame_000946_gt_labelTrainIds.png,e5bb5aa58c100d4d8c0df7d2d585f664ed02e521cdb71a1f111c825ddb6691c7,1895f6a303bb4ed9ea34985d731acc90d74f0654cb2682411471d7a9355821fd
rgb_anon/night/train/GP010397/GP010397_frame_000950_rgb_anon.png,gt/night/train/GP010397/GP010397_frame_000950_gt_labelTrainIds.png,71c75b0b524d74e6b3f1f16175dc1b67427f40dc4a09f51a34c3a198911116f0,2610f6b042fd4fe0ae1b6dbdc0f1545989be36679c3ccb438cbd075d3a388577
rgb_anon/night/train/GP010397/GP010397_frame_000962_rgb_anon.png,gt/night/train/GP010397/GP010397_frame_000962_gt_labelTrainIds.png,33555b65a7db0f41ab5bdfd52ca254a2e7ac3086f22594b33c711a2dd8db09bc,9b3e9f4e1a1429bfa5c522d06d6fc08b82d52712f958897bac71b2971b944ccc
rgb_anon/night/train/GP010397/GP010397_frame_000970_rgb_anon.png,gt/night/train/GP010397/GP010397_frame_000970_gt_labelTrainIds.png,deb9c9cce5f71ed9c864e4d0df3f6300896f7f26b173f0321079aa1309f1374a,3aa8582dbd27ba80d9c6ddbe463e948f5fc5630a286db4018e521018e96e0691
rgb_anon/night/train/GP010397/GP010397_frame_000999_rgb_anon.png,gt/night/train/GP010397/GP010397_frame_000999_gt_labelTrainIds.png,cae6d7698944c2bc68d292fb09303ffa0ab2aa182ccee0dcad2d378604d9f7f7,9ceabc1d1cb11ad0f7b235abe1784d67ad37f8effa0b9df0450971b5dede1349
rgb_anon/night/train/GP010397/GP010397_frame_001006_rgb_anon.png,gt/night/train/GP010397/GP010397_frame_001006_gt_labelTrainIds.png,e5ce7086d57d1d2a15b32c84b8cf36f5daa7cfd941bd7d6cf449b0587d14c572,e9de794353fbe2eed4c247b62f530fe49b53370e48c54b561148707b83ab26e2
rgb_anon/night/train/GP010397/GP010397_frame_001011_rgb_anon.png,gt/night/train/GP010397/GP010397_frame_001011_gt_labelTrainIds.png,8363a56e9645730288a7c1f37e07a9c6bdbcf4b016a56e379b2e3759d7d9fcbe,4913ff3c33ee824e9a159b609d10f090c0b59711ae9fe5431a520c7a6845e284
rgb_anon/night/train/GP010397/GP010397_frame_001019_rgb_anon.png,gt/night/train/GP010397/GP010397_frame_001019_gt_labelTrainIds.png,7240f34baa36e1a962874e53f3c9a0d18bc890e261f17d00913dbdd120acff2e,132620053838285f163886e1121e577a49673823eece26812dbd933d2b19d285
rgb_anon/night/train/GP010397/GP010397_frame_001028_rgb_anon.png,gt/night/train/GP010397/GP010397_frame_001028_gt_labelTrainIds.png,4b6a250092a7fa36012ce9de03305674ae068a7b11f1a79afdaa00e77f911ac2,d00337e2366b7eb56b4ba7766ef8fea9f8f1c7ad5955aa4bd466acc449446e6c
rgb_anon/night/train/GP010397/GP010397_frame_001042_rgb_anon.png,gt/night/train/GP010397/GP010397_frame_001042_gt_labelTrainIds.png,cb207f33f357906929c4d3bf52ab5b72a2b963ba71578d357a12d2b5ac34f885,e85f83c31de02305d26d6a3284a59787ae73599aef1b7fe75a0cb10a05d38074
rgb_anon/night/train/GP010397/GP010397_frame_001047_rgb_anon.png,gt/night/train/GP010397/GP010397_frame_001047_gt_labelTrainIds.png,7df0499ea6523be1a45b57fa75a8e7af13720fbf18583e4e12e16ad8561b2032,26a2b501bdce23d5aafdde2aea0fb9a58d7399449425c4796a3340c0f5d57013
rgb_anon/night/train/GP020397/GP020397_frame_000001_rgb_anon.png,gt/night/train/GP020397/GP020397_frame_000001_gt_labelTrainIds.png,130c77bb4d680dc5c16b60ee0b749b0d3ec99fed1f38d2ef4d8ec7de322daaf1,e48126edd2b425c09b6325a4289665c6cf8ab9410204ec2f5ea2a93abcc11a79
rgb_anon/night/train/GP020397/GP020397_frame_000030_rgb_anon.png,gt/night/train/GP020397/GP020397_frame_000030_gt_labelTrainIds.png,a6012dfb02ca16c3ece2c4216ac189aa4662cf769cbd6c723805e4045fb377cc,699fbf9ee8e23aa4b3e20dbb61203393cc237d7cd81938a0199e8654c16564e8
rgb_anon/night/train/GP020397/GP020397_frame_000042_rgb_anon.png,gt/night/train/GP020397/GP020397_frame_000042_gt_labelTrainIds.png,e4ad09aa23379356e7beb84f332d79b852f382f1d191c4fa627e65503890da62,ab172776e38325e4ba65c6f0263f77dbe3a367bb9b49f53082123095204477f1
rgb_anon/night/train/GP020397/GP020397_frame_000069_rgb_anon.png,gt/night/train/GP020397/GP020397_frame_000069_gt_labelTrainIds.png,b3f1b43d44da3cb35146e1b036c83f3850bd55bbc7bc73cee818285a909d3df2,2a0afe656f2e8391c360b7c79b3526bd4500f5b95f63bbaa8234537d749afee4
rgb_anon/night/train/GP020397/GP020397_frame_000079_rgb_anon.png,gt/night/train/GP020397/GP020397_frame_000079_gt_labelTrainIds.png,cf06eddb928bf2433ececb636228f7204636c1b5548df8b2ef4247ca57871539,2e205ac368450fc18cbc89788965168feb6fa9846435b1ed7af9c969f7299ffd
rgb_anon/night/train/GP020397/GP020397_frame_000087_rgb_anon.png,gt/night/train/GP020397/GP020397_frame_000087_gt_labelTrainIds.png,bee1071b778097c4f793a529acff8568ae55947c353a12c1c250ff020190bd15,64f5b84d11cbf84111c30b2022d599bd38b417740351481ce39088d5aa2fe0d3
rgb_anon/night/train/GP020397/GP020397_frame_000111_rgb_anon.png,gt/night/train/GP020397/GP020397_frame_000111_gt_labelTrainIds.png,8cc2dbe4aa65b793d8b8a64e22dfac83528c228173362eab4879018abe26bae3,cbfb5d20bdf3954ea119f521483f6785e6a4e4f6907f57b2059d249df5c84167
rgb_anon/night/train/GP020397/GP020397_frame_000116_rgb_anon.png,gt/night/train/GP020397/GP020397_frame_000116_gt_labelTrainIds.png,b13fa745b154482dfd2e0321cc0943d9b7988baa1770ba2961a2d36f32b97261,6859c22f8633973382332683ae3f198c293618117dba0a1def8093c7e96cc2c8
rgb_anon/night/train/GP020397/GP020397_frame_000121_rgb_anon.png,gt/night/train/GP020397/GP020397_frame_000121_gt_labelTrainIds.png,413c94fd6a559ccc582a4ca57cdf56202f00bbef0c5a36846bfc25571352be5d,e1835f9c40abc2ae66a54de72672a04302c249c878a3f8bb276615ab078ae6f5
rgb_anon/night/train/GP020397/GP020397_frame_000147_rgb_anon.png,gt/night/train/GP020397/GP020397_frame_000147_gt_labelTrainIds.png,9a37c9247ddf53578bb925e06501714a43e5d81f24f9416f576bb73584d9313b,041051590a5ab0317f3114de7fafddb2da6354ee930f6f7fd5d41defc0de669c
rgb_anon/night/train/GP020397/GP020397_frame_000167_rgb_anon.png,gt/night/train/GP020397/GP020397_frame_000167_gt_labelTrainIds.png,959ef1f2c9959672625fc070b017bb82089fc06c5707b0a944eb24fea812b0b8,2bf89db5858f6812acafc2c101a1c21a738953f0c0a20b54bcaebc0d60fedf53
rgb_anon/night/train/GP020397/GP020397_frame_000177_rgb_anon.png,gt/night/train/GP020397/GP020397_frame_000177_gt_labelTrainIds.png,0e695f5c1cf1337644b94cc6fdfc7b98cc06c1ebbcfff1bb3d4f51adf900e756,24db73ddea18203d3e64c5773c8d31158aec56481388f06adc99c81161224ff7
rgb_anon/night/train/GP020397/GP020397_frame_000191_rgb_anon.png,gt/night/train/GP020397/GP020397_frame_000191_gt_labelTrainIds.png,e4bb21ce55ffc560b3add41e6679da11e559ed20fef143793a01d69c250aeb50,01b5ecee11051f47f49114822de700ebca98c24fe0e5a2ea355d9cfda9499aad
rgb_anon/night/train/GP020397/GP020397_frame_000202_rgb_anon.png,gt/night/train/GP020397/GP020397_frame_000202_gt_labelTrainIds.png,18e47587466a40e84fb7e52240c004991dc0ddfcf3ac75dfa3b67b43ec48b911,36abcbdac72e21d1d76022906b6dd10963120a7494d392ae7895d0a703f299b3
rgb_anon/night/train/GP020397/GP020397_frame_000236_rgb_anon.png,gt/night/train/GP020397/GP020397_frame_000236_gt_labelTrainIds.png,536cc696c42a50ce56318029da1e51134d9a3cb634f2b01e5555f7056289399b,2322df64ecadc9d747b2665a32a0bbdfefcee615d1e7b96e1894d0032e30ea7e
rgb_anon/night/train/GP020397/GP020397_frame_000241_rgb_anon.png,gt/night/train/GP020397/GP020397_frame_000241_gt_labelTrainIds.png,1ab141089503511972f86f39334c4a97840ebec9754269ec2e0f153264b6400b,fbf797b84994772d131ea2fc8e85d934d92d2e2e584c7b1e470a6d81d10b143f
rgb_anon/night/train/GP020397/GP020397_frame_000256_rgb_anon.png,gt/night/train/GP020397/GP020397_frame_000256_gt_labelTrainIds.png,60e3635584f0b85ecd14997b2cd158244a514e3b68a032c10c1a40790b41b2b0,53066815c6b8bc08c4327084924bdc5c20e51611d4a84740853bc5840575d260
rgb_anon/night/train/GP020397/GP020397_frame_000261_rgb_anon.png,gt/night/train/GP020397/GP020397_frame_000261_gt_labelTrainIds.png,5355e4225a22c09ce408147ad3341db78dd929fe381e4d90da2861b03096c589,c6bb7ffa749af45cfed270727ba7291c9802cc4d62fff6bb4b4c7d0655668d89
rgb_anon/night/train/GP020397/GP020397_frame_000266_rgb_anon.png,gt/night/train/GP020397/GP020397_frame_000266_gt_labelTrainIds.png,676fd82addcd25c5adfb0539a14f4ee1b711b7b99104a17fed3322a28a86fa9c,0d8ba5d68613a3f47180dc58c10c11fe37fc288fe63c92a41af7a67ed34aac3a
rgb_anon/night/train/GP020397/GP020397_frame_000281_rgb_anon.png,gt/night/train/GP020397/GP020397_frame_000281_gt_labelTrainIds.png,f35b4593afe8cf6ce83e4434fa7c7834452f0464cd652b26060e54ea0fbf35dd,1b3eda3f909894966a7fb86ece42bff95a5caca36d8a29f46adbcd8e3d3d905b
rgb_anon/night/train/GP020397/GP020397_frame_000286_rgb_anon.png,gt/night/train/GP020397/GP020397_frame_000286_gt_labelTrainIds.png,c07282ffa2539908cec3ba1b92451cdbc411d4827864b2f22c28608a559ac40f,518a5d953ce3294405f8584bc4a34ab163ab128530ca1adf3030dc6d5468c4dc
rgb_anon/night/train/GP020397/GP020397_frame_000291_rgb_anon.png,gt/night/train/GP020397/GP020397_frame_000291_gt_labelTrainIds.png,7d7cb51a920a443539d0c4e928c0c36e67daea62b81e344a713564d341e34fe4,bf2dcc8d378e8be39fb0ad925ca92ddb3f87244801bc38de12e4c76469df5192
rgb_anon/night/train/GP020397/GP020397_frame_000322_rgb_anon.png,gt/night/train/GP020397/GP020397_frame_000322_gt_labelTrainIds.png,a6ea9c7c2f75ba1d445d8d981a25a66bfa4508265778c367406e85f87f9eef73,60aa0ac7e110f48d0567facb6d10dd55fb6691987275002c616a8df5d54a0428
rgb_anon/night/train/GP020397/GP020397_frame_000326_rgb_anon.png,gt/night/train/GP020397/GP020397_frame_000326_gt_labelTrainIds.png,c61a6b197c3853d82b34b51e9d9d3422e53bf0dfc590c1c933c614a2ca463a20,ebe64e716f5e894ca7d6fa6c0ed68e9d236b3019941d0bd1f43a7eee6de312f0
rgb_anon/night/train/GP020397/GP020397_frame_000330_rgb_anon.png,gt/night/train/GP020397/GP020397_frame_000330_gt_labelTrainIds.png,6a20ac636d28f8ac900a23596183c68c61ea86ed01789a2df83fc472cabad4b1,45793dc9d12c988080f220e9b02dd64fae1de4b4e3647b0d9be47caaf8b90bf2
rgb_anon/night/train/GP020397/GP020397_frame_000335_rgb_anon.png,gt/night/train/GP020397/GP020397_frame_000335_gt_labelTrainIds.png,9579c26d8eb9f9f2732655aa9190c0c8bb08b7bca491022e6564f32c754cc285,91337447c1b182b28e51ba020f32949e6d2cf5ca3d78675add802d91c4d00fe4
rgb_anon/night/train/GP020397/GP020397_frame_000345_rgb_anon.png,gt/night/train/GP020397/GP020397_frame_000345_gt_labelTrainIds.png,3a76530724aa472b3c306acf0d20af04e7e32e5c17f5ec84364ea539d6a1a5a9,35bdeb0a1ab0f480261ddb35ae9ec8dba5f63c8d2e85c57db4b0a50167984f16
rgb_anon/night/train/GP020397/GP020397_frame_000379_rgb_anon.png,gt/night/train/GP020397/GP020397_frame_000379_gt_labelTrainIds.png,803c3929b751b473d8034efb2ace7d85dbbf422763a682b08209e1dea28a42ba,4ed0b64995c9a172a97a03dd14799c86d085905726b1cb554fd0231b76d489db
rgb_anon/night/train/GP020397/GP020397_frame_000385_rgb_anon.png,gt/night/train/GP020397/GP020397_frame_000385_gt_labelTrainIds.png,6a60ae5f315f6b3e809ee8d2e1df31441e3c736563ce58b921b8cf3cdf008ef3,4021343e746bf68303a37304cbd2f76709d35e2e5a31c927b2e74e6877aff355
rgb_anon/night/train/GP020397/GP020397_frame_000400_rgb_anon.png,gt/night/train/GP020397/GP020397_frame_000400_gt_labelTrainIds.png,ee2f633c95875e3abf81d779146269781161bbfdeafb85b460d9bcacc7bc71eb,77e3cbad67ba948abfb19ae14d0b364ab28406342e9a81f2d634c10fcdb946f9
rgb_anon/night/train/GP020397/GP020397_frame_000410_rgb_anon.png,gt/night/train/GP020397/GP020397_frame_000410_gt_labelTrainIds.png,f40d06f8b39cd5a3b27a1b224fabaa45c9bb2b3d96bc80db70c134168b4f33fe,2b0447b0448771d1b475efbf528b975a966660ade5e17faaebcad56ca9bcc6fd
rgb_anon/night/train/GP020397/GP020397_frame_000420_rgb_anon.png,gt/night/train/GP020397/GP020397_frame_000420_gt_labelTrainIds.png,f39f34e3814b74cb89448f3ab282bc20c8303778f5f6372c99274e6671048796,8bd8d89a32d318c0a964dc3dd1b45f95b2cdb31f5fc7e4400eba1639c6cba985
rgb_anon/night/train/GP020397/GP020397_frame_000425_rgb_anon.png,gt/night/train/GP020397/GP020397_frame_000425_gt_labelTrainIds.png,dd52e59e9469bc2239c652b6f9d980f4caf45a7477e500a9e13f75afe1684ba4,c7d4fec886d72dfd6ee21f3faea0827a83ca69f328b026725ce6e53be8638c1c
rgb_anon/night/train/GP020397/GP020397_frame_000443_rgb_anon.png,gt/night/train/GP020397/GP020397_frame_000443_gt_labelTrainIds.png,8d488df2c3e3d115125fdd7195d026e33ab7aeedf7075f5e0d8bccb8b288a59a,e879ae85f2cbfd5092be92c2d105d6a02f04f84f2617f4c93fe860bfbcdae542
rgb_anon/night/train/GP020397/GP020397_frame_000448_rgb_anon.png,gt/night/train/GP020397/GP020397_frame_000448_gt_labelTrainIds.png,1cf6bc6be96223502511372344be8a6a36e52fd4ab4aa1755035b7a5a1f52f26,0b8b00749884c43bab8640e1ee9a2a467027f6adb84e2bb62f8d67f6e524440c
rgb_anon/night/train/GP020397/GP020397_frame_000459_rgb_anon.png,gt/night/train/GP020397/GP020397_frame_000459_gt_labelTrainIds.png,90ad4ab0fddf3a620b7f82824dff3ff7bfc59c859f6099955ec2717720fb9956,70fccc9e28f7ff313a317b6e262528614d292668d4b6e1139060945178f89b65
rgb_anon/night/train/GP020397/GP020397_frame_000479_rgb_anon.png,gt/night/train/GP020397/GP020397_frame_000479_gt_labelTrainIds.png,76b4991ede878fa46e44a901c1c4d5bc9e2d5b16356e9296a8217d55fdd78b48,049a6d2f3112770f6bb2ce24d439f44affdc76b0190cb77f154ac0f3dad4e454
rgb_anon/night/train/GP020397/GP020397_frame_000499_rgb_anon.png,gt/night/train/GP020397/GP020397_frame_000499_gt_labelTrainIds.png,203bb6c7ef9fc1483274da3e2f55b49714f3aec6dedc3cade666c1ddea44b0d4,687c6fd9b2cf9458f5fb375316af6d69a44efff4e03387525b9d44de22c1d306
rgb_anon/night/train/GP020397/GP020397_frame_000531_rgb_anon.png,gt/night/train/GP020397/GP020397_frame_000531_gt_labelTrainIds.png,6a4eba7e22cff0a80acfc51966e44d527341c6d80f6ecd0c871e180765ec4e0f,58a44e63968ac4892e70153ed2a3d2997f67880f7a45191dab54a9ac76517ff2
rgb_anon/night/train/GP020397/GP020397_frame_000551_rgb_anon.png,gt/night/train/GP020397/GP020397_frame_000551_gt_labelTrainIds.png,b35d774d854d66525e1a7b9bc3184ce6b93298adc6f3716d6af8b4946252e788,f614ab14d8a5de9ab6636368f97f0cf8f69c4d119e849216e43d8f4d1cdc728e
rgb_anon/night/train/GP020397/GP020397_frame_000611_rgb_anon.png,gt/night/train/GP020397/GP020397_frame_000611_gt_labelTrainIds.png,bbc338d2c150378a504d3ecdd6bdd4f5f5fa370b3deeeb8959a3a2209335f4c1,c732194c61f31e39f8a975d1ac9b92cd3e1773b3316f97b2479d83545ac79e51
rgb_anon/night/train/GP020397/GP020397_frame_000631_rgb_anon.png,gt/night/train/GP020397/GP020397_frame_000631_gt_labelTrainIds.png,3636a4d4ad56c841be621576d1f94498c387128ebd329b456f4387b2c7eaee22,9c5285e18e2c4a210a2a6486f71c40d00aa2e4c7ef629a723d9ee9379c5edfb3
rgb_anon/night/train/GP020397/GP020397_frame_000643_rgb_anon.png,gt/night/train/GP020397/GP020397_frame_000643_gt_labelTrainIds.png,1ef4439fb7c6dfa56d636735e086f87fb63b3297e824ccc86a2f5f59b09d05e1,bd62d53d9a2d5a11a807706e4b938a797210fb93f16bb33026d1ce80fc367758
rgb_anon/night/train/GP020397/GP020397_frame_000723_rgb_anon.png,gt/night/train/GP020397/GP020397_frame_000723_gt_labelTrainIds.png,19f25943569e1dfd0c107de9cab3994d85ff017ee098b101281755ea3352edc0,b33334792e52d8f27a1424e5efc065c54fb3a662babf0898ea3dbf3dfd250462
rgb_anon/rain/train/GOPR0400/GOPR0400_frame_000216_rgb_anon.png,gt/rain/train/GOPR0400/GOPR0400_frame_000216_gt_labelTrainIds.png,cee373a04c546284f783b3d342e5e2eaf606ff943fc5a928b1c469af72f0fca5,e58622598454ade332b7ce2f96b5129ca594f50aa8edcc013c4c1476a99dedd0
rgb_anon/rain/train/GOPR0400/GOPR0400_frame_000224_rgb_anon.png,gt/rain/train/GOPR0400/GOPR0400_frame_000224_gt_labelTrainIds.png,e351e7f9e030948574c61c67cb759c0af21ccf8c43efca21f68d41b5135403af,a54c77d8607cde30c1e97fc424227fd3d6d37343068bc2ef735c839db8f5dd08
rgb_anon/rain/train/GOPR0400/GOPR0400_frame_000228_rgb_anon.png,gt/rain/train/GOPR0400/GOPR0400_frame_000228_gt_labelTrainIds.png,4a637fd3c4cdaee0f6240d92d2fb83964304d62016cdb85c13f7c8c8766962fe,24b7ce037a78cf7910d37c5eb5938544140e75da633e0561af1c58a286e0df96
rgb_anon/rain/train/GOPR0400/GOPR0400_frame_000248_rgb_anon.png,gt/rain/train/GOPR0400/GOPR0400_frame_000248_gt_labelTrainIds.png,4e47d814b763eef791f8a82f531659254ec93608c8f9dc3c83b23151272ec71f,fb741c06c6430fd84a43b9b303acdf066454cf59b47ccb7c783586d00d33cd47
rgb_anon/rain/train/GOPR0400/GOPR0400_frame_000252_rgb_anon.png,gt/rain/train/GOPR0400/GOPR0400_frame_000252_gt_labelTrainIds.png,61442a0f8860f94ec341ad1703bad8db3e10855b4e820718c9e11da69b44b175,4d0736b1a91cd0595f2557d12c8c95d9795f3595d96ec1df88ac95e3b711b3dd
rgb_anon/rain/train/GOPR0400/GOPR0400_frame_000256_rgb_anon.png,gt/rain/train/GOPR0400/GOPR0400_frame_000256_gt_labelTrainIds.png,cc733fd2ecee091973eb20603efc84cf2ba134aedf256ce355f832abc1fdc60f,a24a666ad6253d8eb9075428b9277093698f10c734c32b9cb880655610d66557
rgb_anon/rain/train/GOPR0400/GOPR0400_frame_000261_rgb_anon.png,gt/rain/train/GOPR0400/GOPR0400_frame_000261_gt_labelTrainIds.png,a343cb593599fe8226292166603da80b16c0d2b022d0f5e32e952ebe89e7cbab,375fecbe3a5a523e3d5686b86bcac41102bbecf7b5bd71a50e59797d68723345
rgb_anon/rain/train/GOPR0400/GOPR0400_frame_000266_rgb_anon.png,gt/rain/train/GOPR0400/GOPR0400_frame_000266_gt_labelTrainIds.png,71fa5597db4637d86b6b99dc4f344e4224b8d90d2309a1402f1fa8ec5ad7366e,c49e9e4de16ee2c45ab6d20aa459c2b61fa1557b3683348a267574f55ca6f820
rgb_anon/rain/train/GOPR0400/GOPR0400_frame_000272_rgb_anon.png,gt/rain/train/GOPR0400/GOPR0400_frame_000272_gt_labelTrainIds.png,551142b8c85db82eeb039ad8f6ad812c4aa99b5a1361f39732f3273e7e508ac7,54f4eaff80eb16d96697d55916f1fc93d50125bf2afe88e16fe673edb6725056
rgb_anon/rain/train/GOPR0400/GOPR0400_frame_000280_rgb_anon.png,gt/rain/train/GOPR0400/GOPR0400_frame_000280_gt_labelTrainIds.png,b239857f725af8dc3790dc782fcfa653211aafdc05295e54554f3340cfef3e6f,bc3773675d131110968249315529374e2d5eb981d8930565dd1911ef4ba459de
rgb_anon/rain/train/GOPR0400/GOPR0400_frame_000298_rgb_anon.png,gt/rain/train/GOPR0400/GOPR0400_frame_000298_gt_labelTrainIds.png,87b464495a1ea724c861fa5f4fbed0bfaf698c1fdcff52e4228e1219ee592871,5372354008b7e28caf394da8cbe6f1b28e84df3ed8257eec477d30b68861d81c
rgb_anon/rain/train/GOPR0400/GOPR0400_frame_000328_rgb_anon.png,gt/rain/train/GOPR0400/GOPR0400_frame_000328_gt_labelTrainIds.png,b2b5d0346dd6de6c79b1d9f5f695a3a489df7df7edc337efd656f223f19e9fbe,327a6fa71410cc058ad506c6fcd48903615a801b106fc2b2eec2fbd53de15ad5
rgb_anon/rain/train/GOPR0400/GOPR0400_frame_000337_rgb_anon.png,gt/rain/train/GOPR0400/GOPR0400_frame_000337_gt_labelTrainIds.png,bdea253ba5c2c50a158b51e7042953125a893f0a8d650a1839ee68a55c82173a,e78a0d6caa2ec5154740605c4153e244e00489eb42cd12a0cc46177cedeacab4
rgb_anon/rain/train/GOPR0400/GOPR0400_frame_000350_rgb_anon.png,gt/rain/train/GOPR0400/GOPR0400_frame_000350_gt_labelTrainIds.png,7596077267cef401d189e8eb48be4358576e0d6775df67499baf974a2f6c9fe8,de864e084f961f7d57006ccdc6d74ec2946d3dde560e260bfa58a0443d55d083
rgb_anon/rain/train/GOPR0400/GOPR0400_frame_000370_rgb_anon.png,gt/rain/train/GOPR0400/GOPR0400_frame_000370_gt_labelTrainIds.png,6e18ae6eb3063cc7e45a7204437888ea9317807eed914b7a48c84e4b904dda00,7b2cfba5be50629ca4d75b80fb9b64d641d77512377df1bd090fd7ef0da80895
rgb_anon/rain/train/GOPR0400/GOPR0400_frame_000405_rgb_anon.png,gt/rain/train/GOPR0400/GOPR0400_frame_000405_gt_labelTrainIds.png,9efd0b671c70e67a1ef47218e732b793d1295734dcb5560cff0c084db7dc79a8,d68c5f494fc0e22009644db681f0cc9050565f07c5a8bd528aa9603a3d4934da
rgb_anon/rain/train/GOPR0400/GOPR0400_frame_000431_rgb_anon.png,gt/rain/train/GOPR0400/GOPR0400_frame_000431_gt_labelTrainIds.png,b11d5f1c1be5b601c42cf1fcd12036b8b2198fb19094b23c9ba6a7947b52d5ff,ee6ce09996ff7b8c061175fedce4b9ca89b6ba9a484a8dd1045ef700e8eb9a45
rgb_anon/rain/train/GOPR0400/GOPR0400_frame_000436_rgb_anon.png,gt/rain/train/GOPR0400/GOPR0400_frame_000436_gt_labelTrainIds.png,8f9ba0f1ad0a2e9a0f74050fecf1c3459d5f635862fdb910e6f7efe6e04bfe6a,5b21bbd11c5603ddfc92a384d0c140776b7d9524c783db86c4a7db7fbd99b6cb
rgb_anon/rain/train/GOPR0400/GOPR0400_frame_000443_rgb_anon.png,gt/rain/train/GOPR0400/GOPR0400_frame_000443_gt_labelTrainIds.png,48eff0bb0c5cd5fcb00fbc586711a353efbcdd0557a4c37814a7c8349451cad8,49fac686b871e194c3cf1bf2567e70980ccc80f868829c00c9c5497d9c13b3e1
rgb_anon/rain/train/GOPR0400/GOPR0400_frame_000454_rgb_anon.png,gt/rain/train/GOPR0400/GOPR0400_frame_000454_gt_labelTrainIds.png,d12cfe490235d0e943c25050f9edd8822b08838a2101bf3da1fa306fb651c781,a390790c2838b936a624ffa6946b1e8158c828a5d634d0cb80313894ecc912c5
rgb_anon/rain/train/GOPR0400/GOPR0400_frame_000459_rgb_anon.png,gt/rain/train/GOPR0400/GOPR0400_frame_000459_gt_labelTrainIds.png,6af0c8397ec277de598c0b9e57304013b0ff975f0d5fe7c7b7738f625de95f48,b130074dd9ae5028fdf0a16bcca87a9bccb34ddd1a9c9f99db5406af1e02de86
rgb_anon/rain/train/GOPR0400/GOPR0400_frame_000479_rgb_anon.png,gt/rain/train/GOPR0400/GOPR0400_frame_000479_gt_labelTrainIds.png,ec030a1ac72ac014d8a56a505857ca4179315942497c3c430935d89425007f28,9c668db3034dd21ba24344071864a9cdabb339e93a4144b423c59dc6a3342617
rgb_anon/rain/train/GOPR0400/GOPR0400_frame_000494_rgb_anon.png,gt/rain/train/GOPR0400/GOPR0400_frame_000494_gt_labelTrainIds.png,c411934c6d0d6beb6408edb4a252c77625af54a0275767af83267275bd404c6e,deb2cbc5bf3d2a0cf4782e2c3d94416b9856b9ea116467348e1bac7f58314d86
rgb_anon/rain/train/GOPR0400/GOPR0400_frame_000504_rgb_anon.png,gt/rain/train/GOPR0400/GOPR0400_frame_000504_gt_labelTrainIds.png,94773f883d4662c8f21c005c9d094f4c4d0b2216bf2578f99f0906b188ecb65b,941431b6ee4afabbca2268f18f8ed4dcaf8a1356f41b3578f8970f4cdc59b20b
rgb_anon/rain/train/GOPR0400/GOPR0400_frame_000514_rgb_anon.png,gt/rain/train/GOPR0400/GOPR0400_frame_000514_gt_labelTrainIds.png,9f584e49cff7a6de6efdd4558c9334e361e65f707685e1a36bec9cf8d0c29541,80221509da66bb362cb5a2958d918b8dbe6642875cc82098f8217c5be8b5faaa
rgb_anon/rain/train/GOPR0400/GOPR0400_frame_000524_rgb_anon.png,gt/rain/train/GOPR0400/GOPR0400_frame_000524_gt_labelTrainIds.png,83e212e9fce357adf7585759c144cebd3a64e4f81f95f73825769fd37ee24cd7,69d74b517681a7ba2939e1a3c024727c5c496cadda3cf1964b28b0c67b6160ba
rgb_anon/rain/train/GOPR0400/GOPR0400_frame_000545_rgb_anon.png,gt/rain/train/GOPR0400/GOPR0400_frame_000545_gt_labelTrainIds.png,2c87a36035a1cbe12fa2d13da00b2e34969f5a94056e79182ce1a74245524972,06e55d477b5eaf5bb1b29cc49ca23ba6faa0d38b7568b78f765aa4269551a4d7
rgb_anon/rain/train/GOPR0400/GOPR0400_frame_000550_rgb_anon.png,gt/rain/train/GOPR0400/GOPR0400_frame_000550_gt_labelTrainIds.png,5d57d59746bfcb4a9454ff7bb8a47fd4328a0ac55cdacc9635c8a19ce0f2445f,a1e759a59f9f7e0dce980b8dc914b6d2dd75a7af275f136c1437f068e70ea749
rgb_anon/rain/train/GOPR0400/GOPR0400_frame_000570_rgb_anon.png,gt/rain/train/GOPR0400/GOPR0400_frame_000570_gt_labelTrainIds.png,d88f86870fb415c19fb262d7e897dfd0af9ec78933d517fb9aae4aa0ab43c462,f9ade6ff6c644bc55e5169031f22cf0f2503bb09ea430a54f79bccbfdcda4775
rgb_anon/rain/train/GOPR0400/GOPR0400_frame_000575_rgb_anon.png,gt/rain/train/GOPR0400/GOPR0400_frame_000575_gt_labelTrainIds.png,370471a99dffc45d96b5f70eb0096ba3004f528de400a3a48bf6374c17f123d3,3340ef3c065c0c09fdbb5b9ea809d023c6b8af3bbdca678bc2e8eaa2bc714a9d
rgb_anon/rain/train/GOPR0400/GOPR0400_frame_000580_rgb_anon.png,gt/rain/train/GOPR0400/GOPR0400_frame_000580_gt_labelTrainIds.png,2e7038d40aa1710c254bf7b690265c12707786128714af37baf8740aa9924d73,2c0023bae0a2cfe4df48a2869447d6385260ef45841aca19166a0999ef3eb2f8
rgb_anon/rain/train/GOPR0400/GOPR0400_frame_000585_rgb_anon.png,gt/rain/train/GOPR0400/GOPR0400_frame_000585_gt_labelTrainIds.png,37342d5ef33760a99fe2647caca15406e1b802f42e9f5d79cdfa867ef5f01b88,335dfc693489202439aa905e7e2f7e2845cfe7b88586eb34cf2a9328bc3c11bd
rgb_anon/rain/train/GOPR0400/GOPR0400_frame_000597_rgb_anon.png,gt/rain/train/GOPR0400/GOPR0400_frame_000597_gt_labelTrainIds.png,3341471d7a56eedba0ea8f9b9412c5cc7cf006107db9d93aa1a293cb90ccad5d,8e278229820c195c9027bdd7e78b4e5dd7b337b609aa5a9a90f2341a0dd371cc
rgb_anon/rain/train/GOPR0400/GOPR0400_frame_000622_rgb_anon.png,gt/rain/train/GOPR0400/GOPR0400_frame_000622_gt_labelTrainIds.png,6aabfd7ba098a772704336984db1c3a6e2f4d5fa857891a6adb3d3c790657100,7d610be77db8276d4eff426296746d4733b284296874c16d125549ebafd28b00
rgb_anon/rain/train/GOPR0400/GOPR0400_frame_000636_rgb_anon.png,gt/rain/train/GOPR0400/GOPR0400_frame_000636_gt_labelTrainIds.png,9f82f2de5dd724a1166a99cfc2901745fb7176684d7ce3ed36541e790ca41ed4,bc1b2cab412e10dcaefb85163c1e08b07d472d07f6e04b7f390a6126cfe3387f
rgb_anon/rain/train/GOPR0400/GOPR0400_frame_000642_rgb_anon.png,gt/rain/train/GOPR0400/GOPR0400_frame_000642_gt_labelTrainIds.png,41bb9c7a84869f5a9ffbda872d75c47f46483d3e0ad78cabb2f522ba1195bc06,dff2c8d068e0aa78ccd5bd0aec08416524ce6c3aa54f9e99a2564240380b64d9
rgb_anon/rain/train/GOPR0400/GOPR0400_frame_000662_rgb_anon.png,gt/rain/train/GOPR0400/GOPR0400_frame_000662_gt_labelTrainIds.png,4da061c5dd5a1ec2e8fe61dd8e448679ed3d58d9e6d3f55a23c42d922ae076c0,2e750fa4caf00a27b50c6d7b0859f73ecdbf0514c2317f22ddb40168bfbf779c
rgb_anon/rain/train/GOPR0400/GOPR0400_frame_000668_rgb_anon.png,gt/rain/train/GOPR0400/GOPR0400_frame_000668_gt_labelTrainIds.png,d103b909283511e5f32cab953ed5b6480335f7debfdba82724cce2d644fe81fb,eccd69f4fc8e31d8138b178cb202bf42c44fd280882f2b4600696db618503e99
rgb_anon/rain/train/GOPR0400/GOPR0400_frame_000674_rgb_anon.png,gt/rain/train/GOPR0400/GOPR0400_frame_000674_gt_labelTrainIds.png,cbfebe80fee408fd03b04bd9a88ec2ac92eb366f432a25dcbe9ea202aad95d37,a106b49d4e354dad9b03ae57a471170df23319771d48a17989143a8922946f3c
rgb_anon/rain/train/GOPR0400/GOPR0400_frame_000678_rgb_anon.png,gt/rain/train/GOPR0400/GOPR0400_frame_000678_gt_labelTrainIds.png,a7b8942ddfb3148de070aa00d975a8d9cc7d937911d15754ddd1ddbe1c8e8417,e8ad68986bff52f85d27cab8b9538ea200b6291ed7922426363c7d3bedcbbe4f
rgb_anon/rain/train/GOPR0400/GOPR0400_frame_000683_rgb_anon.png,gt/rain/train/GOPR0400/GOPR0400_frame_000683_gt_labelTrainIds.png,70de60b45043e0c38da6092664fcbc43c1fdbe52883bba6bf3920365d9864c5c,077312c216aa112746f1880345481be4c3a78b5772e71493769a94a8aaaf5463
rgb_anon/rain/train/GOPR0400/GOPR0400_frame_000693_rgb_anon.png,gt/rain/train/GOPR0400/GOPR0400_frame_000693_gt_labelTrainIds.png,0ae28b480b6269d110da458379f37feaf6cad05a0341e33cb4fe985658c5c2f5,181a1d5259b9a596890d0fe3e2c9b313a5ce9a8d0eb0d6a624d3a2e2cbab8d50
rgb_anon/rain/train/GOPR0400/GOPR0400_frame_000698_rgb_anon.png,gt/rain/train/GOPR0400/GOPR0400_frame_000698_gt_labelTrainIds.png,d099a098e7c5518d44caaa7acb28cd30171083c01aa15a3f611fdb59b109bc24,b43fbac8f2b75e73ddfd06d5b165d4e629ad3f7a9ef94bd2ef89fd098c9c3460
rgb_anon/rain/train/GOPR0400/GOPR0400_frame_000702_rgb_anon.png,gt/rain/train/GOPR0400/GOPR0400_frame_000702_gt_labelTrainIds.png,854f49dbbf48ca70272d36ef020e4706017c3ce11276cd4864b0876b6273f3d7,f749595ea609206c4fa23196aea68f11d0cc40b394df7a68f7440b7bf517da38
rgb_anon/rain/train/GOPR0400/GOPR0400_frame_000706_rgb_anon.png,gt/rain/train/GOPR0400/GOPR0400_frame_000706_gt_labelTrainIds.png,16c3ba899eca2f9fe8c24b62cfc459bfd4f153dad8873a8b3b144d7bac88f250,00ede83d85abc9be8bbefbfb7bd7aabebc697f685d051e76fa242702b160c814
rgb_anon/rain/train/GOPR0400/GOPR0400_frame_000711_rgb_anon.png,gt/rain/train/GOPR0400/GOPR0400_frame_000711_gt_labelTrainIds.png,0b95e82100bc96311b4ea97a1e190f1ef2a2451b687c9e052014b95e5a257659,c9e049a52a12e3de953447d285ccc6d56f49ae5758b3131aaf5d2d3a1a8a9e81
rgb_anon/rain/train/GOPR0400/GOPR0400_frame_000716_rgb_anon.png,gt/rain/train/GOPR0400/GOPR0400_frame_000716_gt_labelTrainIds.png,6c9a853dd3d019a9f2970d73ff02416507263f3afcf8d0206ff2baaa2e73af74,484322190b5ba8e950bcd0c32833b4e8440d1d18258b5016a6b84a2816875854
rgb_anon/rain/train/GOPR0400/GOPR0400_frame_000727_rgb_anon.png,gt/rain/train/GOPR0400/GOPR0400_frame_000727_gt_labelTrainIds.png,c36cc4f8134b3e465df0a8bb44185aa39e80b2a08daf95ff3ef71897a390b0a9,3d79e9cf39d405bf510beabd08b9203dc4f1c81d47fdf79d64bfb5ace3fc975f
rgb_anon/rain/train/GOPR0400/GOPR0400_frame_000747_rgb_anon.png,gt/rain/train/GOPR0400/GOPR0400_frame_000747_gt_labelTrainIds.png,4df77c979fb8c845ff02e2eab83bcb7b76c31688fdc8ae9c598ce35344ee04c9,08423eb3d6df3639023c7e0fb110757ce8cd04b944a3c9f7ee634076d44031cf
rgb_anon/rain/train/GOPR0400/GOPR0400_frame_000783_rgb_anon.png,gt/rain/train/GOPR0400/GOPR0400_frame_000783_gt_labelTrainIds.png,19162df3c282f959f1db901bab77a9f0810a47ef9d80a355e279aed91ba9cd83,bde2ce137610426c1dd101b39c6c398cddcadcc6d74404c193fb879a403fd6c8
rgb_anon/rain/train/GOPR0400/GOPR0400_frame_000803_rgb_anon.png,gt/rain/train/GOPR0400/GOPR0400_frame_000803_gt_labelTrainIds.png,621eaf3488a40c8de953afdadfe720efd86b06849bb663ffee1330395ebaba08,539593b139de231e7a7d94f00f3a01b9b107254eac77bea06c177ad6c373c9c2
rgb_anon/rain/train/GOPR0400/GOPR0400_frame_000811_rgb_anon.png,gt/rain/train/GOPR0400/GOPR0400_frame_000811_gt_labelTrainIds.png,25b0139a705a85ea943e2e00cd28c20f2359c1585cdcfb27dd66515a0f2ab45b,0771d770e1221504f3df1120aabc339d6175cd73a82557b118be51e7c268226c
rgb_anon/rain/train/GOPR0400/GOPR0400_frame_000829_rgb_anon.png,gt/rain/train/GOPR0400/GOPR0400_frame_000829_gt_labelTrainIds.png,51cbed381f9c8dcec3fc9240e0cae1996f19888c81a4dcfe2212625e3b38b09f,88bdc3e592307e0d4684bfd36137f5950ca8028cee9e84303e79b9b43d8e0c64
rgb_anon/rain/train/GOPR0400/GOPR0400_frame_000836_rgb_anon.png,gt/rain/train/GOPR0400/GOPR0400_frame_000836_gt_labelTrainIds.png,9edd886ca3884f7b9f52f2e259fb4e3c68c840505cd799e496fd8a306c3bfd39,c338255d7be32535d6d1a7c9030bd6522e42195f11b5e88c9b0dc7cf3945bf0e
rgb_anon/rain/train/GOPR0400/GOPR0400_frame_000856_rgb_anon.png,gt/rain/train/GOPR0400/GOPR0400_frame_000856_gt_labelTrainIds.png,8043a3dc3c21516b4f98b6d1d4df7243a537fa8d78f5765071e1968b6044057e,2e9a8d615ad7e2467e8fe13cc3b69f705d66f3e723790a643864d8afe7f60b1d
rgb_anon/rain/train/GOPR0400/GOPR0400_frame_000876_rgb_anon.png,gt/rain/train/GOPR0400/GOPR0400_frame_000876_gt_labelTrainIds.png,9dbeead7325ef2adda6c057d871ad65a1083949ca16a0a0915cd2e5b19e2c5c5,9f8b28ddf315e4905a262d8b7d57c33d1340ce2b3f5757d3f1442ff9db0deb9f
rgb_anon/rain/train/GOPR0400/GOPR0400_frame_000896_rgb_anon.png,gt/rain/train/GOPR0400/GOPR0400_frame_000896_gt_labelTrainIds.png,3ebc3a8299f835a9e9d2612fa8e093ea5a0c445cad0e14b9cf626d795532f67d,87b36439152e8809696cc0248e3114113096a763c7affcfa53c267cc9974219b
rgb_anon/rain/train/GOPR0400/GOPR0400_frame_000914_rgb_anon.png,gt/rain/train/GOPR0400/GOPR0400_frame_000914_gt_labelTrainIds.png,3a67363b17d9d358c8705ee2b195c2ed14a44b56df4b2c7eaf235c82f5c41125,a71703949d01cb1d694466d8fba08115a63b9296221a79bf0b23cefd9cf74538
rgb_anon/rain/train/GOPR0400/GOPR0400_frame_000922_rgb_anon.png,gt/rain/train/GOPR0400/GOPR0400_frame_000922_gt_labelTrainIds.png,e0b6499d03e9ebe361f2397ef0818438cb12d9dabd047cdd5e7469d5d4eb1b45,0f943de437349a8c7f949523eb5d89194f4b002a2f70710e407e33330fac5c05
rgb_anon/rain/train/GOPR0400/GOPR0400_frame_000935_rgb_anon.png,gt/rain/train/GOPR0400/GOPR0400_frame_000935_gt_labelTrainIds.png,d2b957b6bf34dd436675687ca776c031340692c5bfd36bead94c1af7becdccdf,aac0196ec6c152dc7fa87ec96479116ecf11caaa0c87ceb0f780a27589148548
rgb_anon/rain/train/GOPR0400/GOPR0400_frame_000940_rgb_anon.png,gt/rain/train/GOPR0400/GOPR0400_frame_000940_gt_labelTrainIds.png,3295e4ac59fa6f77cfa7b041efd625ec23170a3d5831be5fbaa85a7962ce1bd6,1f3a341d9f6c4d82fa34a4dc993c372a00db5b77d0242165a1f2d4c9815e61a9
rgb_anon/rain/train/GOPR0400/GOPR0400_frame_000945_rgb_anon.png,gt/rain/train/GOPR0400/GOPR0400_frame_000945_gt_labelTrainIds.png,18f562ea661636f608b3587a373f0776c5b1224d6a293601b2987b35b9c194e9,5ad54d83d631c09bc92e9a16f8bcc8d86ab2e38bfbc5047dc41a3e1c1f8e9d06
rgb_anon/rain/train/GOPR0400/GOPR0400_frame_000950_rgb_anon.png,gt/rain/train/GOPR0400/GOPR0400_frame_000950_gt_labelTrainIds.png,d8399fa01fe63ba92f8d69913fa85ce214366df1c7de718793167d5314d2fd81,5a46f5496343bc8b627f00e02d5fd608f6967b58e05d31fb3b342861d4a4d740
rgb_anon/rain/train/GOPR0400/GOPR0400_frame_000960_rgb_anon.png,gt/rain/train/GOPR0400/GOPR0400_frame_000960_gt_labelTrainIds.png,c28d4ba09a60f7b5b9ad5f235bddf1d603a4e55b847ad768e9205930afd0493a,491c124a567bf33d76585c1179cd736cb2f6ac38e60ae1e1fcc5d631c3289c50
rgb_anon/rain/train/GOPR0400/GOPR0400_frame_000969_rgb_anon.png,gt/rain/train/GOPR0400/GOPR0400_frame_000969_gt_labelTrainIds.png,0215dad7beb7bfdb350562db9851188d45d7deefe19ef2eb66f4639bba185c97,cf7cac7253e2f252e8e784c1ad1b5b18443445ea93e6993d63f38c4b006194f7
rgb_anon/rain/train/GOPR0400/GOPR0400_frame_000989_rgb_anon.png,gt/rain/train/GOPR0400/GOPR0400_frame_000989_gt_labelTrainIds.png,ef38ae06c37ca9d6950f1a775e448941c9faaf8a7b830e2715c0a782b9110b94,54ae35a364998cadfc2ec508a7543af98af680325da8ad956339717fd4205f7b
rgb_anon/rain/train/GOPR0400/GOPR0400_frame_000998_rgb_anon.png,gt/rain/train/GOPR0400/GOPR0400_frame_000998_gt_labelTrainIds.png,fa3fcec9de75f70a810bb3304f4bc1167c82077ef9ad0cc7840efdca7fe8d501,d9a6eec50a38b43b88023836789654bb4f48524aea820ca92c88830eab824777
rgb_anon/rain/train/GOPR0400/GOPR0400_frame_001003_rgb_anon.png,gt/rain/train/GOPR0400/GOPR0400_frame_001003_gt_labelTrainIds.png,ba22e41bf791d7c902b215f786f2443bd4895e5bd29158b6fb513d418ee66aa2,9490f5d1a180c21d0e16f5d15492373a2915cbc2d903e4d963333f6bd7db485a
rgb_anon/rain/train/GOPR0400/GOPR0400_frame_001009_rgb_anon.png,gt/rain/train/GOPR0400/GOPR0400_frame_001009_gt_labelTrainIds.png,d8939d243369a7cd536014fb5e6a7f797641d56fefe3a576c8de485509d8390d,8a4cf58b63f6fc64cd693c1b987e476b522c4b82615f3f010a4c4da24d440c35
rgb_anon/rain/train/GOPR0400/GOPR0400_frame_001015_rgb_anon.png,gt/rain/train/GOPR0400/GOPR0400_frame_001015_gt_labelTrainIds.png,659db39218ded9686d26b38f5128489fa4b92d8f3ba35b399ee518ed23d90f70,4e2e9b9b317ac0f6e2fb7a93f1a14a6af4d24d61560efbfa02b7d9b2486ba4e4
rgb_anon/rain/train/GOPR0400/GOPR0400_frame_001022_rgb_anon.png,gt/rain/train/GOPR0400/GOPR0400_frame_001022_gt_labelTrainIds.png,245034af1c44497b717b3a44be54b0e98f889cb35c6e7a2c58bc33bfca516f73,81a45929432cdcdba8077a1448e8516214d369bcc8b58ac3ec6accff54edd9a8
rgb_anon/rain/train/GOPR0400/GOPR0400_frame_001028_rgb_anon.png,gt/rain/train/GOPR0400/GOPR0400_frame_001028_gt_labelTrainIds.png,8f64487a6fa21cd1f1ecb529b1d61cca554c8b4de987fbf83102421156bec345,620da8775a61bcfefa39f80e57170d7d6c0d65b8799e9d4cf2b13aeb957c9a08
rgb_anon/rain/train/GOPR0400/GOPR0400_frame_001044_rgb_anon.png,gt/rain/train/GOPR0400/GOPR0400_frame_001044_gt_labelTrainIds.png,cc97b615e57f3d07445cd49cbe0ddd448e33f4a8189624df7684ec29b7151458,17f6e7a6f92a5d893947e70e8633ceabb659b6804ae763373ed3caa0aaf8fab8
rgb_anon/rain/train/GOPR0400/GOPR0400_frame_001049_rgb_anon.png,gt/rain/train/GOPR0400/GOPR0400_frame_001049_gt_labelTrainIds.png,c6f63bc7791ae980e6f27617f4f4ae75d7e3ec9680093ce37d25ddca1e2ff1d5,52c589b6dc0e453dffbc8dff4b7d2b158f7c49c6aa74c6f8bf5d370a4aa613d6
rgb_anon/rain/train/GOPR0400/GOPR0400_frame_001054_rgb_anon.png,gt/rain/train/GOPR0400/GOPR0400_frame_001054_gt_labelTrainIds.png,c2dfcd46fb6325d2a349c0f2ab79eac582372f78b6777406ac605e8ddf6f7b81,e24b472d9fe9a8f7486ff51a836e0cb9cfc4795d318fc3bbb34f873644c84674
rgb_anon/rain/train/GOPR0402/GOPR0402_frame_000485_rgb_anon.png,gt/rain/train/GOPR0402/GOPR0402_frame_000485_gt_labelTrainIds.png,f433aa1ea7830f24522db635dc9fd020881580b058c362776d86a6e14171953c,93d104469f9a67399a3322d23ec803b25c1d07ce0c903e6522268e5b3f4c2b84
rgb_anon/rain/train/GOPR0402/GOPR0402_frame_000491_rgb_anon.png,gt/rain/train/GOPR0402/GOPR0402_frame_000491_gt_labelTrainIds.png,3abdb02a147a0a57fe2649d0a47dd118a03afcaf3f480242e69a911c911baaa9,ee21e91bea5f32bca8a6b9e951856b0836ff3abdbd5615148dbc1667601adf84
rgb_anon/rain/train/GOPR0402/GOPR0402_frame_000496_rgb_anon.png,gt/rain/train/GOPR0402/GOPR0402_frame_000496_gt_labelTrainIds.png,d1a6d05a208d1342f18e955827f14f5a98b561b546250618cc1875b7f174aa8a,c4994604a600c2eb5a8840bfcd3f57e41a2626f0486468d6f374ea341153107e
rgb_anon/rain/train/GOPR0402/GOPR0402_frame_000506_rgb_anon.png,gt/rain/train/GOPR0402/GOPR0402_frame_000506_gt_labelTrainIds.png,51d32b3254147afc9a9d293800409dce1a4dd65bf40c23f41d04def28514bafc,fd7ff90565ddb300410068909915a03e06870ebfa80da1d9a48bc00483c49547
rgb_anon/rain/train/GOPR0402/GOPR0402_frame_000511_rgb_anon.png,gt/rain/train/GOPR0402/GOPR0402_frame_000511_gt_labelTrainIds.png,f5113af53c40d30294ad77e2d7df7dc5f640ffb04603ead03a1726e52d791dca,7121855bde6769eceb8597374288a1b236c4dd82b1aa8e0d49320da410c9246e
rgb_anon/rain/train/GOPR0402/GOPR0402_frame_000516_rgb_anon.png,gt/rain/train/GOPR0402/GOPR0402_frame_000516_gt_labelTrainIds.png,1067c1e2e7795e56bcf1963e3d33b7188cb7472ea95f17c81b3b60ae946b76ec,98f691c9da056585a053d593f1bd42bf04db99435ed1cc01c553ea93e4140249
rgb_anon/rain/train/GOPR0402/GOPR0402_frame_000521_rgb_anon.png,gt/rain/train/GOPR0402/GOPR0402_frame_000521_gt_labelTrainIds.png,bab516f595f24e44316f5067c2511468ec1fe1795eab948778d2fbb4ea09a4fc,58b4016820bf05edfd85c3917856bd03e8a9ef898b3c95198174a2d7222f9459
rgb_anon/rain/train/GOPR0402/GOPR0402_frame_000531_rgb_anon.png,gt/rain/train/GOPR0402/GOPR0402_frame_000531_gt_labelTrainIds.png,d038df2a6d56dda4350e729ba7677434d3149aaf55bd46cc7e1a5327cd118ebe,db5b91ea74af05c128d08ff63aee552fb6638c39b1fac9cedf581c25df2144a9
rgb_anon/rain/train/GOPR0402/GOPR0402_frame_000536_rgb_anon.png,gt/rain/train/GOPR0402/GOPR0402_frame_000536_gt_labelTrainIds.png,66080867c3eabf16b02fc7ae80f8a9485a1d876ecaf60231cb6f0772115e4e06,0ede32bcd3054fdfbe078a5861aea020ac0595f570a9c3be46de6736e49e5418
rgb_anon/rain/train/GOPR0402/GOPR0402_frame_000541_rgb_anon.png,gt/rain/train/GOPR0402/GOPR0402_frame_000541_gt_labelTrainIds.png,01f3cd79ae4f3cc9c4b844c4a8ca80dc730dda95da87a12bbdcd8ba2c46059a7,95918df125857801232a138991609fb52e54975ed55095eb47fea90507b625b8
rgb_anon/rain/train/GOPR0402/GOPR0402_frame_000546_rgb_anon.png,gt/rain/train/GOPR0402/GOPR0402_frame_000546_gt_labelTrainIds.png,9a2e979b547d69febc3d3372c0227cfaf935a3e9c4e57edbefb22d4e65d4d313,2749ec097ddb8230cd6899e59dd3e48a44d6238e28f55248054737a35c678cb4
rgb_anon/rain/train/GOPR0402/GOPR0402_frame_000551_rgb_anon.png,gt/rain/train/GOPR0402/GOPR0402_frame_000551_gt_labelTrainIds.png,4affc6e5ae518081c3d2c1078a20a3c4b69237030e8a9524927edf0ca324ec7e,6aeb1f26ee1932500372abd608ea96b97c9dc1a6e323ed87c27a26c27bc78a1e
rgb_anon/rain/train/GOPR0402/GOPR0402_frame_000556_rgb_anon.png,gt/rain/train/GOPR0402/GOPR0402_frame_000556_gt_labelTrainIds.png,a2179d3d6b6b5941d7d904135ec9fddffeb58627e1cac57438d6ffb6b09cf7c0,e4b0b867e3dd25c19cc300efc47911184d6f2af3e6d5547dc360e93d9196adea
rgb_anon/rain/train/GOPR0402/GOPR0402_frame_000561_rgb_anon.png,gt/rain/train/GOPR0402/GOPR0402_frame_000561_gt_labelTrainIds.png,889d6223939a4cafbe252ac5e0f2489949fb89cbff3fadee022d7a90344ecdfb,133de735f54b30c26f09a5a3dfcbc5a432d21a1b6d6c3c57b7879b41a7ffb5a0
rgb_anon/rain/train/GOPR0402/GOPR0402_frame_000567_rgb_anon.png,gt/rain/train/GOPR0402/GOPR0402_frame_000567_gt_labelTrainIds.png,17aa2617463c13151545b9373c7ff48a76424527afd1a02e588226c947572fbc,4c0d85fcbdc95207c149df11b2e66c55f90043e8e45c65ec92ee2d8980e4f465
rgb_anon/rain/train/GOPR0402/GOPR0402_frame_000587_rgb_anon.png,gt/rain/train/GOPR0402/GOPR0402_frame_000587_gt_labelTrainIds.png,56ff67a6d8c77177bdce9ae5c3657101fe3a50c98fda10c5ffa10c5e2d9651d6,cde2ce564a317f0888e06ad7c4cb3544dc8144bdc4b1cf784196d6bb4140f871
rgb_anon/rain/train/GOPR0402/GOPR0402_frame_000598_rgb_anon.png,gt/rain/train/GOPR0402/GOPR0402_frame_000598_gt_labelTrainIds.png,b2f1b56cff02b5fdc099e9dabece0b8c894471da06f83261c78ac3d225956c58,061b7cd811b55881e18da0a738d85d17880a5b408b5a3d6b34bc2a20154a6f28
rgb_anon/rain/train/GOPR0402/GOPR0402_frame_000605_rgb_anon.png,gt/rain/train/GOPR0402/GOPR0402_frame_000605_gt_labelTrainIds.png,d65406f38a868aad2d222fc5b6cda11723cb3ca172f80a43afaf686713020102,637d4041384fd59b3619cf84ff1ce34a720bc019de3371b77f7e3352b47e0daf
rgb_anon/rain/train/GOPR0402/GOPR0402_frame_000612_rgb_anon.png,gt/rain/train/GOPR0402/GOPR0402_frame_000612_gt_labelTrainIds.png,134bd460b08e5230f8116c3b49167de05989e03172650db3da48c69b72877950,bc13114d4fc2b1aa53bcf7831cfc60ba7d51dd495c750fb60be8161da55dfafc
rgb_anon/rain/train/GOPR0402/GOPR0402_frame_000632_rgb_anon.png,gt/rain/train/GOPR0402/GOPR0402_frame_000632_gt_labelTrainIds.png,fb284d4918c91b21a58355e6def70e223e73d5bb84ad29585b9d56094955cd96,6840e30bc1b24d8282321b81cf9f263ac18f9e88f903e6864e9b6604ed388270
rgb_anon/rain/train/GOPR0402/GOPR0402_frame_000652_rgb_anon.png,gt/rain/train/GOPR0402/GOPR0402_frame_000652_gt_labelTrainIds.png,02c636d05960f9fabf466b3078e0d049b127c35de8f59e4136ce4e354ed3050b,ee97dbeef762f19e47a783d28a2fc7c26646575c0c72b250d12a56043f57ab01
rgb_anon/rain/train/GOPR0402/GOPR0402_frame_000661_rgb_anon.png,gt/rain/train/GOPR0402/GOPR0402_frame_000661_gt_labelTrainIds.png,59ddb5977807afb5f9dd91947c68682e2378424854c010399571a65129ba1ae3,d320f2612ed97c6f04d1d512aa97e5f1bda4b55058f564d97a6800d46581b454
rgb_anon/rain/train/GOPR0402/GOPR0402_frame_000668_rgb_anon.png,gt/rain/train/GOPR0402/GOPR0402_frame_000668_gt_labelTrainIds.png,7bc31b7aa13b36a5904796efb0903307aed14db0e74c2aba850688b19455092b,1552fb62e15773ed71412c82f82801d34dc3cc2c5609fd5de3f4c19641b59f63
rgb_anon/rain/train/GOPR0402/GOPR0402_frame_000675_rgb_anon.png,gt/rain/train/GOPR0402/GOPR0402_frame_000675_gt_labelTrainIds.png,523ad2f5ca67b3deb9e5ec71e1be08a0f8ce09e662346cfeaa030880bb5f375a,760db7624c72b8d17b26d0510ac7722cf4d2d42945344c83eee3552e8497a4c4
rgb_anon/rain/train/GOPR0402/GOPR0402_frame_000681_rgb_anon.png,gt/rain/train/GOPR0402/GOPR0402_frame_000681_gt_labelTrainIds.png,58de6627db21ada625e3d89f8ad56d7a03f0587404d23c568126d4ca3ba74579,00cbf28923df568fb2aabb6c89168483c20b0132745f7253c737ebe10fbc61b8
rgb_anon/rain/train/GOPR0402/GOPR0402_frame_000687_rgb_anon.png,gt/rain/train/GOPR0402/GOPR0402_frame_000687_gt_labelTrainIds.png,7341ec1dfdfcfdede103cdc56465cf8d6b875c124829624356abd751a81c5f88,32c32f0486b61a020ec487fa434cb36e007fde32dc1d63dac99a019920a222b0
rgb_anon/rain/train/GOPR0402/GOPR0402_frame_000699_rgb_anon.png,gt/rain/train/GOPR0402/GOPR0402_frame_000699_gt_labelTrainIds.png,254c5e7f630715fb9486a7474454d2a2f47da1b6c0d564e5b5d12d6aae2023f8,e303a0e4578f080394d81dc01b24ef23e24a18b4956ad0c313d74dd6d83bd714
rgb_anon/rain/train/GOPR0402/GOPR0402_frame_000705_rgb_anon.png,gt/rain/train/GOPR0402/GOPR0402_frame_000705_gt_labelTrainIds.png,c493e5fa4d8046be9e90a4cda95091cdb7f83bf45e7bd49d849303bdbb5e400f,c108e37938e080bb5a5684379ef33e06c8be58869c66bfc61eee2df3134bd440
rgb_anon/rain/train/GOPR0402/GOPR0402_frame_000712_rgb_anon.png,gt/rain/train/GOPR0402/GOPR0402_frame_000712_gt_labelTrainIds.png,c91831e33ae9300a368941906eb024169a36f1123ed8445c393f229bbe21a5ed,a31e73674d02996a2a80c54889ac37942b089b587dc965bf1642198c9510a4f9
rgb_anon/rain/train/GOPR0402/GOPR0402_frame_000718_rgb_anon.png,gt/rain/train/GOPR0402/GOPR0402_frame_000718_gt_labelTrainIds.png,91ab51c798d8ce9167a780cc9035ccc736ba0bdff5e5f894a1e191f512c8dda7,b787e98726642a58367d2eaf9679709ce0b13fb2c748dd4dd8a2cf6be921b844
rgb_anon/rain/train/GOPR0402/GOPR0402_frame_000823_rgb_anon.png,gt/rain/train/GOPR0402/GOPR0402_frame_000823_gt_labelTrainIds.png,c0a49841c6b4f12450ef0d9ac61f1527d16e3f3af750d9fd406697424cbba7b0,5411da04fb0d470f0742fc499e00385e2a040e8bca8d8ddd8b9478374aa4d312
rgb_anon/rain/train/GOPR0402/GOPR0402_frame_000832_rgb_anon.png,gt/rain/train/GOPR0402/GOPR0402_frame_000832_gt_labelTrainIds.png,c289155fbcce9ac0cfd555c52d258708795910932c0124a50a5dd5697d700a85,bc8326864aeae8c38c9c1055181b25296d1d65e67141e0254c67042ae27931f4
rgb_anon/rain/train/GOPR0402/GOPR0402_frame_000841_rgb_anon.png,gt/rain/train/GOPR0402/GOPR0402_frame_000841_gt_labelTrainIds.png,56499108433167f72aa158ae6cf07917bf0d9250f24a81f13a4276c690646525,1779ab8c120998b1c3f25f93d926e7aaed3647da12291af3ff25e4d9286e5e75
rgb_anon/rain/train/GOPR0402/GOPR0402_frame_000850_rgb_anon.png,gt/rain/train/GOPR0402/GOPR0402_frame_000850_gt_labelTrainIds.png,8be39f483b5177970cecf481a0cac3799dda25be3b0e47b9b9ff08d31be62592,7d4dfde384e2a1c391385f2721e21d5e6523b70c2e6c89b85ecb5a4cac2b49f3
rgb_anon/rain/train/GOPR0402/GOPR0402_frame_000858_rgb_anon.png,gt/rain/train/GOPR0402/GOPR0402_frame_000858_gt_labelTrainIds.png,c336145eee27f5fc948f43a725512b82dcb3a2d270bbc494d6db65f715439f3a,5fe30b0c36b5f7bcc7c69e9e2ece10c5951be5a6a833eaa524e72647272649ca
rgb_anon/rain/train/GOPR0402/GOPR0402_frame_000874_rgb_anon.png,gt/rain/train/GOPR0402/GOPR0402_frame_000874_gt_labelTrainIds.png,7090bac3e4483fd5cc650407023ed8ac2a6c6ba04b204311813420e9a9b91410,bd7ddde9027a11dccaa49be148f97e82361e4d5b9f6888ce89762a411b277ee9
rgb_anon/rain/train/GOPR0402/GOPR0402_frame_000883_rgb_anon.png,gt/rain/train/GOPR0402/GOPR0402_frame_000883_gt_labelTrainIds.png,55fbf444edbc699cacf8e8c2ac12ae0f2e1b3f0cab1e5010c8204449144175dd,63c68f06eaa08490a3c59a325a15a4affdb92d3ecef6eccbb8b045120731d454
rgb_anon/rain/train/GOPR0402/GOPR0402_frame_000892_rgb_anon.png,gt/rain/train/GOPR0402/GOPR0402_frame_000892_gt_labelTrainIds.png,eae2482ec1e03f58b2c05c6ddd67eeb2aeb45af73ac6e07190c74e67f0b0363d,6de1ec1c0fe98fa8ad26b25192e6ee1377e072badca623d1826471c1d185c983
rgb_anon/rain/train/GOPR0402/GOPR0402_frame_000899_rgb_anon.png,gt/rain/train/GOPR0402/GOPR0402_frame_000899_gt_labelTrainIds.png,d823b26e6b1571e14cca58b66648f2c444f23e475b819a8666dff113638d9a4b,df7da32318e31db987eee964fa8e84cefc547c6519a3eecbd4c73149a82fbde2
rgb_anon/rain/train/GOPR0402/GOPR0402_frame_000905_rgb_anon.png,gt/rain/train/GOPR0402/GOPR0402_frame_000905_gt_labelTrainIds.png,20dc094d4bdd9bd44ad09bea0e4215cd5873908a6d1ab55520908d68f6e2e479,0343c1f1ffe42b80f7322212a1ee8853f9106d68a2ee3ee19a9009d895f53fd6
rgb_anon/rain/train/GOPR0402/GOPR0402_frame_000917_rgb_anon.png,gt/rain/train/GOPR0402/GOPR0402_frame_000917_gt_labelTrainIds.png,c1cd753c9f24dae0afb0d713c5d39d5fc20599e0ff9d868997c3f423aebbc53c,58f395fe2a43f1aa57f25a31cd0caebb119545a57f39c5cda85b1cb15a6ed145
rgb_anon/rain/train/GOPR0402/GOPR0402_frame_000937_rgb_anon.png,gt/rain/train/GOPR0402/GOPR0402_frame_000937_gt_labelTrainIds.png,3a1ccff02622ba384f489eb3b4d73d953ea361bd443df044263c49a1134ea3c9,ee4af444e6db0654ad33b2e425619b444f327f2976972c10bdd66e744a3d0a13
rgb_anon/rain/train/GOPR0402/GOPR0402_frame_000958_rgb_anon.png,gt/rain/train/GOPR0402/GOPR0402_frame_000958_gt_labelTrainIds.png,a9bf803906ebd92989fc980bf8e5cdea79254fdb2f20cfea0d6419917027c6d3,5d591e7cc1a2b9ef60811823fcef0d446c9f4a1a10a2725943f013b5ec83632c
rgb_anon/rain/train/GOPR0402/GOPR0402_frame_000964_rgb_anon.png,gt/rain/train/GOPR0402/GOPR0402_frame_000964_gt_labelTrainIds.png,551f2e0b7de20f1c87ee58e73ec90670652c7525185599a82fab17b1266d4fcf,650b72430e805c256755a73b00395c97dfac03dfe969688f5d0c4c4421ca8903
rgb_anon/rain/train/GOPR0402/GOPR0402_frame_000969_rgb_anon.png,gt/rain/train/GOPR0402/GOPR0402_frame_000969_gt_labelTrainIds.png,130556208846eb45fd4819844c2935188574d862240b22f76232933947046cfe,02023fbf41414dbf36c11ce2abd255c90f340ca7635fa610a97415df163d4494
rgb_anon/rain/train/GOPR0402/GOPR0402_frame_000984_rgb_anon.png,gt/rain/train/GOPR0402/GOPR0402_frame_000984_gt_labelTrainIds.png,809369f388a1fe9aa01ba7939830827b7ca1eed12b60a509cbb308a5102e2416,ee4e0cb080fe119392ab2c4f72bb95c0067c8f5e403dcc0354a948aa8de5392b
rgb_anon/rain/train/GOPR0402/GOPR0402_frame_000989_rgb_anon.png,gt/rain/train/GOPR0402/GOPR0402_frame_000989_gt_labelTrainIds.png,eb539a8fbe9af90f4a22eb1cd9e953c0f101fe6789944a080b39543ae56e1056,4ed50ab57b0bdb35fee2ebc2875c4237f2468c42448bc55870a1034b5a01b226
rgb_anon/rain/train/GOPR0402/GOPR0402_frame_001014_rgb_anon.png,gt/rain/train/GOPR0402/GOPR0402_frame_001014_gt_labelTrainIds.png,3916985f528c77a89f34c0732d4065292a19fd32c734729296daa4d2546e9944,c05e0272c2171a07fbecc313895ec21e0c4510cbfd775acf259970ff9ffb9c8e
rgb_anon/rain/train/GOPR0402/GOPR0402_frame_001022_rgb_anon.png,gt/rain/train/GOPR0402/GOPR0402_frame_001022_gt_labelTrainIds.png,3f2cc43169c7474e96bf715c988b01884c32477b5c5cf5bedb70ceb216302ce6,ea92e6deaad1f918e2bb3cb6b80ed31b8d1989cb8801fc0cb2ec57bbf23d385b
rgb_anon/rain/train/GOPR0402/GOPR0402_frame_001028_rgb_anon.png,gt/rain/train/GOPR0402/GOPR0402_frame_001028_gt_labelTrainIds.png,75d56fa6b61f8a535d1303046d9b5da04e7931d9ecdee80748cef7afa2807d0e,2a2ee2248ba848c2edac6644bf28ccf3d9b888e06953c731e1de92ac2943f764
rgb_anon/rain/train/GOPR0402/GOPR0402_frame_001034_rgb_anon.png,gt/rain/train/GOPR0402/GOPR0402_frame_001034_gt_labelTrainIds.png,5bcd367d991651ae23e47a02f1385ae6510b160502329f3f08af9c7cc7ab6c84,9ac5aa2204bf9866921a26c7c572914620c921fcdc1409cf78dfe221773a324c
rgb_anon/rain/train/GOPR0402/GOPR0402_frame_001040_rgb_anon.png,gt/rain/train/GOPR0402/GOPR0402_frame_001040_gt_labelTrainIds.png,c5869fbc62d3d42d4a46ede37d21afca24049a66d245f84903d2513401c348cd,5cc1a79fd5f3cb0508ffd26552fd7c430ab9294ede143f3d334f1e0323664ee1
rgb_anon/rain/train/GOPR0402/GOPR0402_frame_001048_rgb_anon.png,gt/rain/train/GOPR0402/GOPR0402_frame_001048_gt_labelTrainIds.png,8da5fa0031507b30f1fa1e5133ad775398fd1105e7ed2f35d945fe8f63bd66b9,f7bdea81e4b960118b829b64d7452f6f7b5bc91ff91a7a98df271228f4be1ceb
rgb_anon/rain/train/GOPR0402/GOPR0402_frame_001056_rgb_anon.png,gt/rain/train/GOPR0402/GOPR0402_frame_001056_gt_labelTrainIds.png,5e62f9c1c8c43e71e316e15da9ee26d4e22b0b83ef6f8b0ec54258d564fbc142,c800f643d862ce91aadcf2b80757db5156911810a2811af1170c45d5ca5a53bb
rgb_anon/rain/train/GP010400/GP010400_frame_000001_rgb_anon.png,gt/rain/train/GP010400/GP010400_frame_000001_gt_labelTrainIds.png,e90b0d298a600006057623d9e403107c3917aa8356ca4863db7369560bc1ae5b,44a3ede679cb664055d3385c533da8f511416e2aafcfc82836bffaeb3218edff
rgb_anon/rain/train/GP010400/GP010400_frame_000012_rgb_anon.png,gt/rain/train/GP010400/GP010400_frame_000012_gt_labelTrainIds.png,ede61b1f60cb9cc3b8bdae4c97dcf48cf7a7163e53f51d0ff4fcb9c8875d71b9,410cddbebed3093f7d37df537957598de18b61206f74554abac15bb960e5e48e
rgb_anon/rain/train/GP010400/GP010400_frame_000022_rgb_anon.png,gt/rain/train/GP010400/GP010400_frame_000022_gt_labelTrainIds.png,b097585d8e711591b633c62e3fff58d77907b393ae253f3021a3203c11ee5156,0fc5817e0bfdb677f66d23b485cff5196c389d4cb6ab833673c1fb7613da07f0
rgb_anon/rain/train/GP010400/GP010400_frame_000027_rgb_anon.png,gt/rain/train/GP010400/GP010400_frame_000027_gt_labelTrainIds.png,9076e546686b0d7b645064acc6b1632be8967caad9bac11ffc962c7c10692d54,fc5b379e19fe5e2bd6ae7bd5ec1d77db916bb4288db6c40f0e4e55d9f477c8e7
rgb_anon/rain/train/GP010400/GP010400_frame_000032_rgb_anon.png,gt/rain/train/GP010400/GP010400_frame_000032_gt_labelTrainIds.png,aa2d19943a8d654421206c5bfcda73a9bc98d456f9194c7e6225bfeff7609abe,b1ebb0afab6e73f4097a6db784d2e5c342b52f24a5aa06e8a673dc3cbe7bb0a9
rgb_anon/rain/train/GP010400/GP010400_frame_000037_rgb_anon.png,gt/rain/train/GP010400/GP010400_frame_000037_gt_labelTrainIds.png,760642ff80b4becfd80bf9055a2cd59cf46c86732e3c934afbc2f5a399babb12,13080352aa6071a0ac249752e20e92fe1b607451c677d56208dcb4171b88d6ab
rgb_anon/rain/train/GP010400/GP010400_frame_000042_rgb_anon.png,gt/rain/train/GP010400/GP010400_frame_000042_gt_labelTrainIds.png,21b517c0930579a80e1a4a133e93a92f1da325ef0cec79ece89b12f5a9800a00,df625468fe71355fb7082b08f44261781b23deff7644984da97de3664f3d4ef5
rgb_anon/rain/train/GP010400/GP010400_frame_000047_rgb_anon.png,gt/rain/train/GP010400/GP010400_frame_000047_gt_labelTrainIds.png,160d661481ada756fe9044db2bff36b6a42a1d080f4a98038ddccf68a9d255b3,8065fea0ca7ff91332c4a23d21bce4002a75728e926e96be421e93fcd92a9dc2
rgb_anon/rain/train/GP010400/GP010400_frame_000052_rgb_anon.png,gt/rain/train/GP010400/GP010400_frame_000052_gt_labelTrainIds.png,b237f596fcca83324cf74563d98629e72ffa906aa3a659a3b45243a0f2949842,7250fab3de4cdebcda707f3c5e4b6ed28e70192b6b525b41d16f4270f514e966
rgb_anon/rain/train/GP010400/GP010400_frame_000059_rgb_anon.png,gt/rain/train/GP010400/GP010400_frame_000059_gt_labelTrainIds.png,8ed6eb84353ff288b46469dbf46d7ed6f460b1adda047bd0365c4e56a6d23f08,1ff2d21bb326dfbafbc599a41341c7755c2ca52cd001e5ea44cf46cac95116d4
rgb_anon/rain/train/GP010400/GP010400_frame_000066_rgb_anon.png,gt/rain/train/GP010400/GP010400_frame_000066_gt_labelTrainIds.png,76d7436d894ade5b0c619bc86b35a26638190f88329c56de56908695901c32fc,98f1c57da3441bb04f9b6ba06a722d28b68eda18d983f07a9c8f85809a54e456
rgb_anon/rain/train/GP010400/GP010400_frame_000071_rgb_anon.png,gt/rain/train/GP010400/GP010400_frame_000071_gt_labelTrainIds.png,3d702669f0f5baecc3523a6288b33051057dd4e656d51a8844538b19d56fbc77,f6718246e422773d10e47d02056c092cc304d9b36c40e3b22e5e2c8db24a3f9d
rgb_anon/rain/train/GP010400/GP010400_frame_000081_rgb_anon.png,gt/rain/train/GP010400/GP010400_frame_000081_gt_labelTrainIds.png,6fbbabe16af5fbc27c88256084969eed9dc3ac62aed3081fccf1e282396abf88,74c266150b19df376c905ef8d28546d9a917aa1924a0b7631bec45d0fbb87875
rgb_anon/rain/train/GP010400/GP010400_frame_000087_rgb_anon.png,gt/rain/train/GP010400/GP010400_frame_000087_gt_labelTrainIds.png,3bff0de7a53f71c95ccbd6a8096848a47b377aada76f837dc7ff17c6a39112a4,2ad467d62df93c669cf2aeda1a33aa4d051b481485d3d773db30395e11041b12
rgb_anon/rain/train/GP010400/GP010400_frame_000095_rgb_anon.png,gt/rain/train/GP010400/GP010400_frame_000095_gt_labelTrainIds.png,9375523751186ddc1647b6229879d83b54be2347512f04daca5a7b707c40335b,46041ed646c595c6edd62b88069c5fb14d364d70669ab28b05690c661617ea79
rgb_anon/rain/train/GP010400/GP010400_frame_000101_rgb_anon.png,gt/rain/train/GP010400/GP010400_frame_000101_gt_labelTrainIds.png,4a0332bb5e2cc3be01f61583c242b951c125d2c7a81fa585976ae3e2d4a16e73,0827c30111d43bec462bcd1f221cd7d302e66ececf821d78f6358293c0e30073
rgb_anon/rain/train/GP010400/GP010400_frame_000112_rgb_anon.png,gt/rain/train/GP010400/GP010400_frame_000112_gt_labelTrainIds.png,fa4aa086e0d21b8813b5895e25dd1ec1b90de357937b5240183d3129613635d1,b757e7c1b30a2172dbc658953da6d7a898db729a4353e4450e800c1e5074af74
rgb_anon/rain/train/GP010400/GP010400_frame_000117_rgb_anon.png,gt/rain/train/GP010400/GP010400_frame_000117_gt_labelTrainIds.png,327bae3019012840032ecdd423d1426374c1c3c692d89230ff4c50e401d8dbe5,4291611d207111f4df0a9d6a57b5dfb8d70caf67a8a370ede9590a2c61840d71
rgb_anon/rain/train/GP010400/GP010400_frame_000128_rgb_anon.png,gt/rain/train/GP010400/GP010400_frame_000128_gt_labelTrainIds.png,c319cc18db3db57f7d585b9424ea2c3c8acbebe2de48e65ed39df071060476ff,bb799f6dd5f3c262dd3caa2b50ae1bacc4cbbf7ee9f95272ef3c1c9cf1339787
rgb_anon/rain/train/GP010400/GP010400_frame_000133_rgb_anon.png,gt/rain/train/GP010400/GP010400_frame_000133_gt_labelTrainIds.png,3d063f56abc543d049fd19a139c5fbef1f5fb74bc76ee09b5057f0a4c005f505,fa4130bbb1e6b1f40c5ed3d7bcb7160c60217f8723618457e3e6c37bdfdca0ab
rgb_anon/rain/train/GP010400/GP010400_frame_000137_rgb_anon.png,gt/rain/train/GP010400/GP010400_frame_000137_gt_labelTrainIds.png,09902d4a44824fcf0a8a6c241b59e6751bb9bc6942d2e982a3018f9b9c9bc4c2,3b2295adf242ba5b4607374b5fb21acff35ad08827b3f796e85ada3895c734eb
rgb_anon/rain/train/GP010400/GP010400_frame_000141_rgb_anon.png,gt/rain/train/GP010400/GP010400_frame_000141_gt_labelTrainIds.png,b9461c27fe7b6585227424aa8637aec7050ce69fae81aa39430824da5a7ef1fa,7ecd2c58a95f4bec32ac5502a08a223d8557ac2b695e4bcd8925504bae34e531
rgb_anon/rain/train/GP010400/GP010400_frame_000145_rgb_anon.png,gt/rain/train/GP010400/GP010400_frame_000145_gt_labelTrainIds.png,442c810709af65df69a536af92ff96170e1e32cf44bee463b646e47718970bc0,6f2d3cbb8a6995e63e5b352a22b0b987a0f3a0c5c863c7db5d1b1a215e7ec4fd
rgb_anon/rain/train/GP010400/GP010400_frame_000149_rgb_anon.png,gt/rain/train/GP010400/GP010400_frame_000149_gt_labelTrainIds.png,fbec028ecfad5cf551e3a5fa8554f7097856dedc42d985d0b6bc48a2cafc117f,3efdcb0261d3a7bc2d775eddd850510ba9ae11e172e200bad02c680934424647
rgb_anon/rain/train/GP010400/GP010400_frame_000154_rgb_anon.png,gt/rain/train/GP010400/GP010400_frame_000154_gt_labelTrainIds.png,d89490f73478f78e793e31ad3da814f0fce6fd7ec1955b86c1a2a74507213db7,9447860d58391d171ec186284b4fae350e07fd50a365ea6ed5fdcac915cbd41c
rgb_anon/rain/train/GP010400/GP010400_frame_000159_rgb_anon.png,gt/rain/train/GP010400/GP010400_frame_000159_gt_labelTrainIds.png,0672be6713e365d2e021d35c447fa491dd97aaf28e64a6c05835d6b8a3c7151b,ca6e36c047c51a6c0ddc38bfa2cd2062edf34abb1a380a899b06b391a3107b47
rgb_anon/rain/train/GP010400/GP010400_frame_000169_rgb_anon.png,gt/rain/train/GP010400/GP010400_frame_000169_gt_labelTrainIds.png,38912fe4a2263a4c9a8de12421225fb02a50b81f8562d22c02366fe768de7de9,4ca6e1f7704f23d9201c0633e775093655237574013e48fbf09a2afde170f89a
rgb_anon/rain/train/GP010400/GP010400_frame_000174_rgb_anon.png,gt/rain/train/GP010400/GP010400_frame_000174_gt_labelTrainIds.png,f97b0c42c4594f417d9b6f5ed771efd7b042e5bdfda817dc10ca2b5a47f9a74a,ec265a28f568503c29e1474237b5681dac37ab3be97b6c1728a72afb0a766baa
rgb_anon/rain/train/GP010400/GP010400_frame_000179_rgb_anon.png,gt/rain/train/GP010400/GP010400_frame_000179_gt_labelTrainIds.png,c6674a382596421097bc501329ad2fbfc885f601e913e170a43cbc68efdf4595,519fec406bda581bd138c1fc90a951afb1318af4d92d00f08ef27e779b01f5d3
rgb_anon/rain/train/GP010400/GP010400_frame_000184_rgb_anon.png,gt/rain/train/GP010400/GP010400_frame_000184_gt_labelTrainIds.png,bff7400e3a4f721c63cc7b06d8d12b8ec012a5c0b53b9cb7343f215afb51698a,7ea72d497c6dfdc3e4e64ee66f457778168dcead8fb889edf37e201bfa11d8a1
rgb_anon/rain/train/GP010400/GP010400_frame_000189_rgb_anon.png,gt/rain/train/GP010400/GP010400_frame_000189_gt_labelTrainIds.png,73f66e14df7d9530ea142d5de117d5aa74749fcc0556b676024be699ed90d7f9,818dcb4117acf9ba720b2b0e18a5d257930c43b0885dcfb67b503c381131d680
rgb_anon/rain/train/GP010400/GP010400_frame_000194_rgb_anon.png,gt/rain/train/GP010400/GP010400_frame_000194_gt_labelTrainIds.png,438c962bc2302db0fe5aec32accf80acc52f0e786124006e90527676059ae67a,b54f221da7899157eb906b52156bea32c1242e4301dcb7dddb72029696111325
rgb_anon/rain/train/GP010400/GP010400_frame_000420_rgb_anon.png,gt/rain/train/GP010400/GP010400_frame_000420_gt_labelTrainIds.png,2502c8a8d3e6cb7198338206834261d91a107a34a7a53864a4d5d8ca0a70cdd4,c8931cac2f81d11338e4ba4ba8bf4cdaf77ef12bb82344f8085777f9769b0f42
rgb_anon/rain/train/GP010400/GP010400_frame_000425_rgb_anon.png,gt/rain/train/GP010400/GP010400_frame_000425_gt_labelTrainIds.png,7b757819bf9ca8baeeef274535cdeed36755b6596b6c1cdfda03036c4e050522,7b6bace7024aa7076e91b421be178f03f98219d59d4ece3b3ddc839fe40161ef
rgb_anon/rain/train/GP010400/GP010400_frame_000430_rgb_anon.png,gt/rain/train/GP010400/GP010400_frame_000430_gt_labelTrainIds.png,100903f96dcd999679245672780ffe32eb92def95002d3be04e3d2068fc48b95,ec8e0ecce5cea3e90fa5375438cf2cfe79e752c1d4bc836d44c352b233b7f3f1
rgb_anon/rain/train/GP010400/GP010400_frame_000447_rgb_anon.png,gt/rain/train/GP010400/GP010400_frame_000447_gt_labelTrainIds.png,b7fb1ed37146f5919699f7685191e6675f31eb1db12a821241b12d8ee4ef9cd6,af7b5c9759eaa5528c5d4c8e85f527dc93d2f997e38f8bf2d6926052582dac37
rgb_anon/rain/train/GP010400/GP010400_frame_000452_rgb_anon.png,gt/rain/train/GP010400/GP010400_frame_000452_gt_labelTrainIds.png,4fb029559db38dd03aa9d7c59ac6a98512879242ceecec7a8294d1d54e66b750,44c0cfd5d0802c6b77b94911333c954cc94cca230f12f4b30fdbfeb0589586ff
rgb_anon/rain/train/GP010400/GP010400_frame_000459_rgb_anon.png,gt/rain/train/GP010400/GP010400_frame_000459_gt_labelTrainIds.png,4f3ad1bdba77857930bcfbf64cd0b58622a60f09a9f147514bfad7ae6f3f2c6b,f54d8c6ac15e05e06d0e559ceed636ee3915ce3d7f407f131f482a3237beddec
rgb_anon/rain/train/GP010400/GP010400_frame_000479_rgb_anon.png,gt/rain/train/GP010400/GP010400_frame_000479_gt_labelTrainIds.png,b4f262e17b5823e92262ac9197d8ce9ed30f27fc0df8c16bd58cc59bd6b4ce57,e555dc5533f0c594677b8e8bc06f19878027b08449e7ab80671efb10284ef5da
rgb_anon/rain/train/GP010400/GP010400_frame_000493_rgb_anon.png,gt/rain/train/GP010400/GP010400_frame_000493_gt_labelTrainIds.png,19d753102e93857ed6e1f7bddf900170b149d897613155745f9aea358ee2ca3e,50f85fe355cf71b39a57a9028452d01aef8af1b6ac456e96110e25b5101dfc33
rgb_anon/rain/train/GP010400/GP010400_frame_000501_rgb_anon.png,gt/rain/train/GP010400/GP010400_frame_000501_gt_labelTrainIds.png,6ea3a508083652d6960ddc656001870b6090eecc204e335e74f23819031290ce,9d2eef49d2bab67ff739f19d05fcaeb628f963293ac2df96be7e1a8ae1740176
rgb_anon/rain/train/GP010400/GP010400_frame_000507_rgb_anon.png,gt/rain/train/GP010400/GP010400_frame_000507_gt_labelTrainIds.png,a749f758218b4fc66d65ef47e73ed23b00fb4bfc7517f2eb0a133f9d4db84513,533b0ac62872e88ba161e1a63ae37ffdd1d757ae63dbde02d2ac2d5e33cc4646
rgb_anon/rain/train/GP010400/GP010400_frame_000513_rgb_anon.png,gt/rain/train/GP010400/GP010400_frame_000513_gt_labelTrainIds.png,45b58c7cad1d8f7e16b6360730448b87ed5425c42eb885b17bca8cf1c696f175,a60910ef7dd20cac3b2aca9993ce5d87626953f848e009a3ccab19dab33aa3dc
rgb_anon/rain/train/GP010400/GP010400_frame_000519_rgb_anon.png,gt/rain/train/GP010400/GP010400_frame_000519_gt_labelTrainIds.png,fcd64e49b3f39ba13cae2c3545ed47dbf582ffed18185975ff883666a2a013a6,24acbf4cf5022019c6fa187ac4dce2c7b23f9d7523ea7ceeb03b720b39809120
rgb_anon/rain/train/GP010400/GP010400_frame_000527_rgb_anon.png,gt/rain/train/GP010400/GP010400_frame_000527_gt_labelTrainIds.png,0531293c7d53e9cde207d4d92537d129e21e23492a8b8ec1ab18b63fcfbf9cc8,3c7576b33a0825ac4c7e0061dc0507beba3a747ffe086226e0a58c90434ceade
rgb_anon/rain/train/GP010400/GP010400_frame_000533_rgb_anon.png,gt/rain/train/GP010400/GP010400_frame_000533_gt_labelTrainIds.png,764a81ca73ee219ad508c0ab0b6e75c58fcd23172588aa641ea53aabd5af0d41,7161539afd002827285b8c52d14166e4785eec3721909c76661d6c40733a850e
rgb_anon/rain/train/GP010400/GP010400_frame_000538_rgb_anon.png,gt/rain/train/GP010400/GP010400_frame_000538_gt_labelTrainIds.png,6b4a21442152d0b14e90119fdfe1ad7f06eaf653045250eb100ca2d781f26de6,232cabef3fbbd52aed2bc88cccd4fe57ee5829674192e8265e8706c8c451c170
rgb_anon/rain/train/GP010400/GP010400_frame_000543_rgb_anon.png,gt/rain/train/GP010400/GP010400_frame_000543_gt_labelTrainIds.png,09329d7395ca9744ee728151818f415864da4d5e6502b1f6d211a9db86e8e6e2,07af8754cf0983e084e84b36147796338fdc4e0fa4b4d32c2bd5247340c0225b
rgb_anon/rain/train/GP010400/GP010400_frame_000548_rgb_anon.png,gt/rain/train/GP010400/GP010400_frame_000548_gt_labelTrainIds.png,3c9b790eac03456cdd33f5542e6c683778fcafa1ebdf0884cfda48809817a012,6c2577ef0a566df307a0476bca9c51c11ac61fc04bb920fb1858bff53b985963
rgb_anon/rain/train/GP010400/GP010400_frame_000553_rgb_anon.png,gt/rain/train/GP010400/GP010400_frame_000553_gt_labelTrainIds.png,2204a55783ead1bcb2130c520bf91dff1c058dcee918776bb117618558c67f60,73970bd5acbf23c26a4e78d67b5327ffa91bc5ba42d3d982a33f43058e0667e6
rgb_anon/rain/train/GP010400/GP010400_frame_000558_rgb_anon.png,gt/rain/train/GP010400/GP010400_frame_000558_gt_labelTrainIds.png,ee8c48f5c70023c023e20bceb072dbd1b6fada61adae3844fbc65dc8b85abfab,ea545c22efaa79b174671694f116bac791d7c424eb3a0b750755cc50829f7d80
rgb_anon/rain/train/GP010400/GP010400_frame_000563_rgb_anon.png,gt/rain/train/GP010400/GP010400_frame_000563_gt_labelTrainIds.png,daae2c85b3849cdbbfa1c748fd57d62edff01990ae4339275932c129105e9dc2,d02f2e044bc4a6b86d34b393ae5461b925b76c059dc3c683ba80943bc8f8e569
rgb_anon/rain/train/GP010400/GP010400_frame_000568_rgb_anon.png,gt/rain/train/GP010400/GP010400_frame_000568_gt_labelTrainIds.png,09c9252b949e15d7f9783d28a496f846b7fb2577dbec02386244c17e328408b2,105c2fcf85bfac91479c00a3ba7b054d7aed5375b58f07f83e378a9e28e00c0b
rgb_anon/rain/train/GP010400/GP010400_frame_000580_rgb_anon.png,gt/rain/train/GP010400/GP010400_frame_000580_gt_labelTrainIds.png,5730415966f2307d01604a108900a4ee7cdc48d9b227cf11b4654263019e5e68,4f2ed9f975fde4680611ef59df8ad19ee36310146336f54f709092f9b06df106
rgb_anon/rain/train/GP010400/GP010400_frame_000597_rgb_anon.png,gt/rain/train/GP010400/GP010400_frame_000597_gt_labelTrainIds.png,837b9f7760d3f2c6efae007516b8674ccc8d5fc1bb6af597218869e398110a64,73997e7ec07cc07d65297928efc497c4884efbfc07508a1197f4157593c0fa12
rgb_anon/rain/train/GP010400/GP010400_frame_000605_rgb_anon.png,gt/rain/train/GP010400/GP010400_frame_000605_gt_labelTrainIds.png,1c2bd9e6ba405d0b379a9a35e0ea9250928c2482cfa3f613a4c3350364f2cc35,51006538925a641e2adc1cb4785f612b8250523e6797f467c5e62fce68f15bda
rgb_anon/rain/train/GP010400/GP010400_frame_000610_rgb_anon.png,gt/rain/train/GP010400/GP010400_frame_000610_gt_labelTrainIds.png,cb049292a93174fe51dd514863687925333f9275332eeba70b8e6257d42f1e06,01a66d757be030299c40e64355cd58439308bf1c352e6b4296d629fa77c3230f
rgb_anon/rain/train/GP010402/GP010402_frame_000001_rgb_anon.png,gt/rain/train/GP010402/GP010402_frame_000001_gt_labelTrainIds.png,6e067eacf357c47a2bf62d07a95624e9f2e8870ce97681c1652d0a933195f8cb,15225ec05dbc89ca8ea85e7e21c3b02435173a3f486331c8dc78b587d3986540
rgb_anon/rain/train/GP010402/GP010402_frame_000006_rgb_anon.png,gt/rain/train/GP010402/GP010402_frame_000006_gt_labelTrainIds.png,94edf93595a26f0974b37c7220ddefd36af0564b6a42a136aa6a8fb447087422,d59bc64890601a7876bb2f8b129dea548705cec090d63955040134d20e17a400
rgb_anon/rain/train/GP010402/GP010402_frame_000011_rgb_anon.png,gt/rain/train/GP010402/GP010402_frame_000011_gt_labelTrainIds.png,6504277d1c23772b641b2ed708246531394ad5e421e5d5cbf1553abfb3bb181d,657a02721c7ada573ad21d9d467e33496b897f1315d89aadb457eca7daf3181d
rgb_anon/rain/train/GP010402/GP010402_frame_000016_rgb_anon.png,gt/rain/train/GP010402/GP010402_frame_000016_gt_labelTrainIds.png,c1d3f5398f2be2c9470abe082d75591befe6f7fd44f8060a5795f8e68f7298e0,f72f7676f0b96a22c661b056f157c4bf6d943998b6f4104974d2da070f015465
rgb_anon/rain/train/GP010402/GP010402_frame_000036_rgb_anon.png,gt/rain/train/GP010402/GP010402_frame_000036_gt_labelTrainIds.png,935ddf761b3b486df5c34d92610faac2535e3cf33bfcae0b3ffc76fb896a3359,be50d905b586334f795495e00e389df1f6c3d4aa92e09ae45ec966105cdc86c6
rgb_anon/rain/train/GP010402/GP010402_frame_000045_rgb_anon.png,gt/rain/train/GP010402/GP010402_frame_000045_gt_labelTrainIds.png,2dead65b7c08ab756c0c04e39b7d596e7a5b26311e6b6f3817608b03d5af124a,c5e79a492b8f5dd5985b8d056ad00417980c11bedd131e866b499eab5ef65a8c
rgb_anon/rain/train/GP010402/GP010402_frame_000051_rgb_anon.png,gt/rain/train/GP010402/GP010402_frame_000051_gt_labelTrainIds.png,00373516cdfbd07c85223c7810c46fe6ab57f6e6d3505d9ced17403b71441275,33fb62b4bacb870d10068ee3fc6df6e3c1c9c1338b3de2f3db6efbb03caabab4
rgb_anon/rain/train/GP010402/GP010402_frame_000058_rgb_anon.png,gt/rain/train/GP010402/GP010402_frame_000058_gt_labelTrainIds.png,76002de1a0da5ec421a1d364ff96b3e070a780e66fe6ea9d21d35fd961a60e6a,7ab52a3c1afa138a63f8e67de9208b2745197e45270ce0be8e3aac2dae07287c
rgb_anon/rain/train/GP010402/GP010402_frame_000078_rgb_anon.png,gt/rain/train/GP010402/GP010402_frame_000078_gt_labelTrainIds.png,d5f37e13e4845aa5a06143bf6d8dc8862a93a307fd501469638e7bbf662613ec,63924aed53ab49807235d2cc1c734aa44896cce05d10a0367aff881a22c230c3
rgb_anon/rain/train/GP010402/GP010402_frame_000098_rgb_anon.png,gt/rain/train/GP010402/GP010402_frame_000098_gt_labelTrainIds.png,fb879778df51653469ec98269f899499b4b0251065b331673299934296cb274c,8a3046ca3479dd5f869119c7a8baa848c2ebb9d645286a4bf341d225eb91d99b
rgb_anon/rain/train/GP010402/GP010402_frame_000104_rgb_anon.png,gt/rain/train/GP010402/GP010402_frame_000104_gt_labelTrainIds.png,c06766f725b05d7ce44b2b9d5d662e8765fcef8c735b52756f687ef79683eb47,1cd7bfa8dac5f126ebea42a62b2aad7fe1e0a528578bc916df3a3382200893b9
rgb_anon/rain/train/GP010402/GP010402_frame_000111_rgb_anon.png,gt/rain/train/GP010402/GP010402_frame_000111_gt_labelTrainIds.png,6a01092b18a25c845cca8e6a2ee65cf3e625a545759afc000c36e29f97fb0103,c8998ac0bfc8fc3a808dac2a9c1919c8e8fa971c3642f0608dbb70ca17b959d2
rgb_anon/rain/train/GP010402/GP010402_frame_000126_rgb_anon.png,gt/rain/train/GP010402/GP010402_frame_000126_gt_labelTrainIds.png,e76999b259c9a7bc54011cbe7dd67ce8969db8ece52f13d7c3ef3c3acb0da432,ff4e15497d381ba91219d4fade525bcf4994a124c81f9da2ff9e1283169b4dba
rgb_anon/rain/train/GP010402/GP010402_frame_000133_rgb_anon.png,gt/rain/train/GP010402/GP010402_frame_000133_gt_labelTrainIds.png,94ce4d918fff71b03d59ca0cc5ff65ff553a1b4cc0231de5a53f35de4c97db03,70129a6b4933b187e3d80d934c9a1427fe7830fb3599445d0330370e4c1426b8
rgb_anon/rain/train/GP010402/GP010402_frame_000142_rgb_anon.png,gt/rain/train/GP010402/GP010402_frame_000142_gt_labelTrainIds.png,6af0d508f024c2105f6ec3a201e32279123d60fc3bef41e73195b27adc7e5eee,ff1427fe6a0b21be06ef69ea4bba4cbc803c0abeeb768ec58b4f2f400e5d4825
rgb_anon/rain/train/GP010402/GP010402_frame_000149_rgb_anon.png,gt/rain/train/GP010402/GP010402_frame_000149_gt_labelTrainIds.png,59578d6461f4968c1e9dd5d215ce836f2b6c9551ecdb4f485ecb2569a1dc2200,cd024c80927aaedfd8e355b1fc6c24927b65a6be3e2b95e5de43432e2ad2ff47
rgb_anon/rain/train/GP010402/GP010402_frame_000169_rgb_anon.png,gt/rain/train/GP010402/GP010402_frame_000169_gt_labelTrainIds.png,7e47a0cf22108a9819f64d69ec6a3126dcd1c1a228eaf9c39307d01630508b5a,5c277c4a6e81cc865aaef1f599fb8a530601d80f0fc253c4c50f65f924b59cc9
rgb_anon/rain/train/GP010402/GP010402_frame_000177_rgb_anon.png,gt/rain/train/GP010402/GP010402_frame_000177_gt_labelTrainIds.png,a5f8b97b661ec6a81e8a98ae0212cf125c3430c77d2d91d42feff1c736bae06f,039c24996e72a2ec09e7e21778d2f4cc89769eeb6a75905ede6682b40f982dd1
rgb_anon/rain/train/GP010402/GP010402_frame_000183_rgb_anon.png,gt/rain/train/GP010402/GP010402_frame_000183_gt_labelTrainIds.png,f37d1a340f6181d17076f2db374dcec11d0474df7efcee96c3cb6585ccd8d7d5,1234ba4ee6da35da5189313079579b46ccbca1692de57a269d88b1fb69271e31
rgb_anon/rain/train/GP010402/GP010402_frame_000189_rgb_anon.png,gt/rain/train/GP010402/GP010402_frame_000189_gt_labelTrainIds.png,97028c8edaddb97c40cb49d9d100c0c9689271d42c027ce1a62c0cf05ab47a1e,9568b54123185c6c0eefc5d8a4bd8d0d399ca874fc2062e79f6230cb04f60782
rgb_anon/rain/train/GP010402/GP010402_frame_000194_rgb_anon.png,gt/rain/train/GP010402/GP010402_frame_000194_gt_labelTrainIds.png,8e721bbdec5fbe59a299545ab6066ba49d0b4d867b434e5023d8999f5d413f46,8eced42a527339eeaeb8994e5098a6d863edf03e6298801f39d2f1478fb11287
rgb_anon/rain/train/GP010402/GP010402_frame_000200_rgb_anon.png,gt/rain/train/GP010402/GP010402_frame_000200_gt_labelTrainIds.png,5c6bc9313b2fdbf0032ca1bbc885ad4f5241807a241e9f2a28e4aba9b8490007,fd15ef0cd733e5b69a952f2114c9ce4c385aeddef83b8854d24bc7e4faacc8bb
rgb_anon/rain/train/GP010402/GP010402_frame_000220_rgb_anon.png,gt/rain/train/GP010402/GP010402_frame_000220_gt_labelTrainIds.png,4d8b0edddea035c38483c06abf11e5e196389a5d847ed71a3d0ee3f689c5724a,fbab42099793578bc1e098bac43cfc2b3d3220dc455ed8d12d3291c3508d5ebf
rgb_anon/rain/train/GP010402/GP010402_frame_000227_rgb_anon.png,gt/rain/train/GP010402/GP010402_frame_000227_gt_labelTrainIds.png,512a7ba8783182a5ab6c51d08b1642c8ca57e14d049f8cd9d0a9d34a24e1393b,28b5ec93d9514b65b68e6b599d95de7507152805effda04feaf559d418a478b4
rgb_anon/rain/train/GP010402/GP010402_frame_000233_rgb_anon.png,gt/rain/train/GP010402/GP010402_frame_000233_gt_labelTrainIds.png,8d5d92b2bba9214a0baee436c3c3ebc339a278f28ce1cc4b134d849d0a9dcf5d,c1a869b279198c80e86d51d7e9ed76c44aa4f8150d66b2fb50696c1e989e5f93
rgb_anon/rain/train/GP010402/GP010402_frame_000238_rgb_anon.png,gt/rain/train/GP010402/GP010402_frame_000238_gt_labelTrainIds.png,d11acfcdf0ad549be2c40b4e28ba8fa612af816ebddd0ec7ec231d453781dc39,0eeb5013a5238c860c05e4796ccebe295d48daacd47dbfa7adc20545b689c579
rgb_anon/rain/train/GP010402/GP010402_frame_000255_rgb_anon.png,gt/rain/train/GP010402/GP010402_frame_000255_gt_labelTrainIds.png,dcade5eca0fcd56027ada257c29ddaae09037ff983f3d07e984912e7e7c26e73,6d2fc36737a7fed5e63034f346c6b2b729f3317fb2c577fb92e7ecc7c5a866f2
rgb_anon/rain/train/GP010402/GP010402_frame_000259_rgb_anon.png,gt/rain/train/GP010402/GP010402_frame_000259_gt_labelTrainIds.png,f97fa907b8a3468f48706d6117d7314d0e97f8accbb40377f366f8d84f01c15b,80223706799ae2558865e0f0bd289b563a294260d960a844da335e9f98b2e82a
rgb_anon/rain/train/GP010402/GP010402_frame_000268_rgb_anon.png,gt/rain/train/GP010402/GP010402_frame_000268_gt_labelTrainIds.png,7bc0b48ef6a747bef03a6fe89990e8c1ca3bfafb42bcc286043fb34f4d0ab959,90a22e18794ecc7b3862325da90a3b970f9126585daa4dadde8e548d8ac2f69f
rgb_anon/rain/train/GP010402/GP010402_frame_000285_rgb_anon.png,gt/rain/train/GP010402/GP010402_frame_000285_gt_labelTrainIds.png,9b6ad240f03e2edd69fc32b373e1ffa4eba4408c2a3476adb9edbdb1b8fdcdd0,5a8bd43fe48033d37be1d1ff935a03df8960d15db4cc1738f8a044e9bedc17d1
rgb_anon/rain/train/GP010402/GP010402_frame_000291_rgb_anon.png,gt/rain/train/GP010402/GP010402_frame_000291_gt_labelTrainIds.png,d4039e94813129e0fe1d8e9dcab9b97fa3f1a307cc76b6a0b71a53ad91f5bac5,e146404825e0b8424148d72f904ee0d7b1d35100b192ad9d0b6b60089604bf33
rgb_anon/rain/train/GP020400/GP020400_frame_000159_rgb_anon.png,gt/rain/train/GP020400/GP020400_frame_000159_gt_labelTrainIds.png,30737c3b84336c93b27de34c3f418bcfa28764892228383ca5e8360911dddfb1,f9259f71941a6861f648748cd71f44fc02a719a2abec5a7f0095995efc2665a4
rgb_anon/rain/train/GP020400/GP020400_frame_000169_rgb_anon.png,gt/rain/train/GP020400/GP020400_frame_000169_gt_labelTrainIds.png,c2d9f348b96a8396d367f9ef51bcc0752523ab71ab4279b50dca870027254beb,d9c686f8435365b69182e25c6ec31a9641e9b38bcbf9c1c4ac895c98b1917bdd
rgb_anon/rain/train/GP020400/GP020400_frame_000176_rgb_anon.png,gt/rain/train/GP020400/GP020400_frame_000176_gt_labelTrainIds.png,0f32d5288fc464d4d1e772c6372f6d0053330f2b3f947d8fe14da1693bdb97f0,8cbaf651787ed64b5a870b0edb8ff3e2213298504a3f1d8a7593d917bbd034ae
rgb_anon/rain/train/GP020400/GP020400_frame_000183_rgb_anon.png,gt/rain/train/GP020400/GP020400_frame_000183_gt_labelTrainIds.png,cdbd53af9efc1878723c0f3839e175f931ca3f473e434a2179e658f8150c4586,8a98aa2fb3738f2dff38bb754f4980c30609de1e2fd9a9075c619648840646f2
rgb_anon/rain/train/GP020400/GP020400_frame_000188_rgb_anon.png,gt/rain/train/GP020400/GP020400_frame_000188_gt_labelTrainIds.png,9bf8d19f46bb5a40aeb8e7b8c646e627632d7221d87d470a9dabb2e4c0b9cfa6,f5846fccedfc7704e852ed684d630e8e47514179d520bdb7179c458d4e2c9b86
rgb_anon/rain/train/GP020400/GP020400_frame_000193_rgb_anon.png,gt/rain/train/GP020400/GP020400_frame_000193_gt_labelTrainIds.png,c67ecfdcab19b7e39c81ace9ad6156c05c55f0a3958702ca88e3b9ea53de9852,4fcda535a24a619cbc744316b5a27f9cc66e545b86d9060430b50553ebc36381
rgb_anon/rain/train/GP020400/GP020400_frame_000198_rgb_anon.png,gt/rain/train/GP020400/GP020400_frame_000198_gt_labelTrainIds.png,1340425052570678c6e2d0b945ffa87363b7b63c4112b33de9638b65cffa0871,a29d0710353884b7cbe47235f9d74193ea72dbad87e88984982d48cda0d7f863
rgb_anon/rain/train/GP020400/GP020400_frame_000203_rgb_anon.png,gt/rain/train/GP020400/GP020400_frame_000203_gt_labelTrainIds.png,e0398ea6334d5c9ca861de87178ff34807f560f949324c83235c4217106e3beb,3cebbaa7abb25aba8fa6f04f160a61d8b3ea97ed2233b7515825f38101b8df01
rgb_anon/rain/train/GP020400/GP020400_frame_000209_rgb_anon.png,gt/rain/train/GP020400/GP020400_frame_000209_gt_labelTrainIds.png,0e1debc6f367ab7b9861e194151485ce0819999d8b99817db37122a373587636,f54f41461203dad7ae51f6a2f51a1e44c0ada1e3bc2d8a42a603d45327e8a5d2
rgb_anon/rain/train/GP020400/GP020400_frame_000215_rgb_anon.png,gt/rain/train/GP020400/GP020400_frame_000215_gt_labelTrainIds.png,55c5e1a595ff299150f935ca801101c8b7738017c9486101460355a8e65488fd,76fe7430accea629d8633b87ae20da30fbf1325db56de72c063ed67139baebf7
rgb_anon/rain/train/GP020400/GP020400_frame_000221_rgb_anon.png,gt/rain/train/GP020400/GP020400_frame_000221_gt_labelTrainIds.png,e14ee4041cced9ff0c8c10ebd8118335b755c2b2194c5978c01f3e6e26556bf4,f3d8583db25d4910a95c93e167041e2cb3601e42323f05fbe262129c36da8009
rgb_anon/rain/train/GP020400/GP020400_frame_000233_rgb_anon.png,gt/rain/train/GP020400/GP020400_frame_000233_gt_labelTrainIds.png,737f8bf3e097447d35198b09633e10c3394d6881f54188b3d544ec45a215576b,493ec8554d7efaf55825e8423cd8aa61e9afb1e4b3a8d2f160b80d60bc5a7f4f
rgb_anon/rain/train/GP020400/GP020400_frame_000239_rgb_anon.png,gt/rain/train/GP020400/GP020400_frame_000239_gt_labelTrainIds.png,42532d67a7ce122918173813641768e43f2a7dc8a4c2600957215ddd8962abb5,cebc5ac0f83081f2bdf333c23c34d1f2e091f1c00fc0deae56bf932d93e1e172
rgb_anon/rain/train/GP020400/GP020400_frame_000259_rgb_anon.png,gt/rain/train/GP020400/GP020400_frame_000259_gt_labelTrainIds.png,07331a295a7cedc87cde1cc87bf3198555c91788586fd1b0104d2a130ab18ec1,dd2efbc78d2d5265d639f2b53791b6b7d3de3f5813d02782803c7eeee6e091f7
rgb_anon/rain/train/GP020400/GP020400_frame_000299_rgb_anon.png,gt/rain/train/GP020400/GP020400_frame_000299_gt_labelTrainIds.png,1b5cc8566cb208caf20b3074f73b432e609c520b1ab78b11cca8fb61f644e9c5,ee0e4e411d1a83e38404a77c682a7f959c5cb82650b899e54f68ad013947bc46
rgb_anon/rain/train/GP020400/GP020400_frame_000305_rgb_anon.png,gt/rain/train/GP020400/GP020400_frame_000305_gt_labelTrainIds.png,1696764b6662ee84667adcd66655aab2f291796a4c38e857334368a906b0c977,26b227e1afc9e5f46f56ce92f42613827f5ddff24941f7a6ac5867256f532c70
rgb_anon/rain/train/GP020400/GP020400_frame_000325_rgb_anon.png,gt/rain/train/GP020400/GP020400_frame_000325_gt_labelTrainIds.png,5554cb2e5cf261ad3f8bc581d3b502c6233cf0e6006526d2171fbdc95fdde311,600b86279d003eb5eca34619d2579236b2d8743a76531470146d86c5f65b5a6a
rgb_anon/rain/train/GP020400/GP020400_frame_000345_rgb_anon.png,gt/rain/train/GP020400/GP020400_frame_000345_gt_labelTrainIds.png,445cde90a41bccd95b9278ea7d33501f72bf2482e8f5a8db07fe7499dcf62662,bac00ceb520169ab6ed4560d9947f857d174fe7cf0fa90773ed6c13becd81555
rgb_anon/rain/train/GP020400/GP020400_frame_000365_rgb_anon.png,gt/rain/train/GP020400/GP020400_frame_000365_gt_labelTrainIds.png,04e1fd9f6b0bbd69d856726da7675a07b393e21918242caf1436634962ee4c00,0ed7bfbf71fab139f5b5cdfcf14f176bab345f387bbef75a1470bf74794273ad
rgb_anon/rain/train/GP020400/GP020400_frame_000374_rgb_anon.png,gt/rain/train/GP020400/GP020400_frame_000374_gt_labelTrainIds.png,3c8fac5328595cd7c516f52fd774b689d3c2f3457045ca1fb49f515e2b139795,4f54d40ee42ef3589c439ff13429acf976bfdfe69e9d23aaa56333d6020beb86
rgb_anon/rain/train/GP020400/GP020400_frame_000388_rgb_anon.png,gt/rain/train/GP020400/GP020400_frame_000388_gt_labelTrainIds.png,e03009bc592ded5076202470853ebc3a93271bc447c7a11ff15ddf184b146c65,17f93470637fccc8cee3ac88dc8c956ae8dcf79f3b07b69dd3f38d0021ea2fda
rgb_anon/rain/train/GP020400/GP020400_frame_000394_rgb_anon.png,gt/rain/train/GP020400/GP020400_frame_000394_gt_labelTrainIds.png,be04205a9d63eaf42a303bdf96f93f80c8380f6ffa795abe73079494cb04fb5c,d3736e679caad13742099cfb4adfa1221123008634e92e3fe07949f5a32a8e9c
rgb_anon/rain/train/GP020400/GP020400_frame_000400_rgb_anon.png,gt/rain/train/GP020400/GP020400_frame_000400_gt_labelTrainIds.png,79c586112b4b80dbd712c1ed8628a68fe64095784591f16041109cdd19ad2343,0a29133a9bd627cb621706aa762154efed4554738c89c02d2de6d3be48b15e5c
rgb_anon/rain/train/GP020400/GP020400_frame_000406_rgb_anon.png,gt/rain/train/GP020400/GP020400_frame_000406_gt_labelTrainIds.png,147a4461802b80748b7db5dc16e231e7c8d219090309cdf91d448515fc1a8d62,b44e628ce5e37e2db81b0b7461483518d0ed55a97d24d3b74300d2dfc963fb35
rgb_anon/rain/train/GP020400/GP020400_frame_000412_rgb_anon.png,gt/rain/train/GP020400/GP020400_frame_000412_gt_labelTrainIds.png,a1fb60e0011ef9070c068bc7f3484a1784fe4efdc131d8e85d8a4326949b0aa7,83f4ddaf397da8db3fbf3e1d103881fdef9fe5e86d8875f00da217ebece87bf4
rgb_anon/rain/train/GP020400/GP020400_frame_000418_rgb_anon.png,gt/rain/train/GP020400/GP020400_frame_000418_gt_labelTrainIds.png,23035d5fd08c0cdbaca3705feaae53708d77b0b05de92fef79fe1f371ca3597e,65da644ff612741066eb3a3f121ed14d25c88ab8f895457a57b0fed38b523cf7
rgb_anon/rain/train/GP020400/GP020400_frame_000424_rgb_anon.png,gt/rain/train/GP020400/GP020400_frame_000424_gt_labelTrainIds.png,bd0ba04cc39303162b925bb0796bf7c80f2a248c22519d41ee0caa98273056fe,a6e5aac1677a292bdab7d28238b5f716a09aec12b9c88d1a8a261dca812cb851
rgb_anon/rain/train/GP020400/GP020400_frame_000429_rgb_anon.png,gt/rain/train/GP020400/GP020400_frame_000429_gt_labelTrainIds.png,a3e03c1fd357a008dc071be94d58d19994b1aaefb4bb3a60dfdb1a108bf2c408,052b2ccd7fe9113082d3cd120700942a22721a90df8426ed8c0a40f9cf212174
rgb_anon/rain/train/GP020400/GP020400_frame_000434_rgb_anon.png,gt/rain/train/GP020400/GP020400_frame_000434_gt_labelTrainIds.png,c1a7f4c5448f6c507fd4cfc6c9778faaa47fc790686b7ece8b33322ddddba5b5,5b08bd907f92df1e0e20fdf478f0928f6ca0be54b3db6882bfb77eeb2bd064f2
rgb_anon/rain/train/GP020400/GP020400_frame_000440_rgb_anon.png,gt/rain/train/GP020400/GP020400_frame_000440_gt_labelTrainIds.png,be3eecedd77749d5be3ede07a8130acfbfe4c65c2ace048c86d34a715c6447d9,2a891ab2c5970b77393adfd77aa16e0b28846e5af0d3eb4dd2da8512487df425
rgb_anon/rain/train/GP020400/GP020400_frame_000453_rgb_anon.png,gt/rain/train/GP020400/GP020400_frame_000453_gt_labelTrainIds.png,13e11ff939ce989c308afd2be91939a97c6ec5cc71950f55024ac638d180f50e,f92071894533066dd4d51a8a6be361da7773ed1633cd17c3f257e29df4da0cf9
rgb_anon/rain/train/GP020400/GP020400_frame_000460_rgb_anon.png,gt/rain/train/GP020400/GP020400_frame_000460_gt_labelTrainIds.png,293494f65d433922fab5b35ae4cee8f3c98590fca003c61fa4d69480ed8b02ec,eaf53fdce4db5c3091dc21227471e2f5830884ec7719c2789dfb3e7a1c86aa71
rgb_anon/rain/train/GP020400/GP020400_frame_000467_rgb_anon.png,gt/rain/train/GP020400/GP020400_frame_000467_gt_labelTrainIds.png,01de9e5778fe95417212efd9c75a7d32bf2156dedffd76df72ae28786ba00672,5470da6115fd363afe99473bd654d8357f7fe782aca16131e956467fc702655b
rgb_anon/rain/train/GP020400/GP020400_frame_000474_rgb_anon.png,gt/rain/train/GP020400/GP020400_frame_000474_gt_labelTrainIds.png,90345923f6f0d4a6b00b4ab9a338ec65fe3936766cd6765a1853807f55ae1e14,212530fdd391471a9f16e3517430aa9ef6af203b24c225e7a00f2437c11eca2f
rgb_anon/rain/train/GP020400/GP020400_frame_000480_rgb_anon.png,gt/rain/train/GP020400/GP020400_frame_000480_gt_labelTrainIds.png,b47a451b73ca0b0f608a0d6c2bf2747eb4970b5b337e700979b624182e99ff3d,f41b2bd142f34ff3e8793d295ebf3cd4d930986007fc974162519f586146cc19
rgb_anon/rain/train/GP020400/GP020400_frame_000491_rgb_anon.png,gt/rain/train/GP020400/GP020400_frame_000491_gt_labelTrainIds.png,8484741a8de957b3575822696cd373d5d5eaf91b1ec67f3cdd936d4e92aa8cec,c54b26a4a693ee841115e5cc0a1acd6a4d8081ab07a9c04b27c093b9d00ae20c
rgb_anon/rain/train/GP020400/GP020400_frame_000496_rgb_anon.png,gt/rain/train/GP020400/GP020400_frame_000496_gt_labelTrainIds.png,83f6cb1e0ef66822555864b0c9ec13038d3f16d82180f2760f545e93b7a70a02,3494b2435a96e3f7bcb95fa17edec8e3219bb77fa160760e7ad8a8312b2e7bb5
rgb_anon/rain/train/GP020400/GP020400_frame_000501_rgb_anon.png,gt/rain/train/GP020400/GP020400_frame_000501_gt_labelTrainIds.png,4f4a9d2b525104892de50a4ab0b3e5090e7a71b8c9869dd70059809d0c8dbc52,ebf670c5ac0e8ac16e7b5a62aebd30e9679e6c0c432f5ca6053aa9259ef245b2
rgb_anon/rain/train/GP020400/GP020400_frame_000507_rgb_anon.png,gt/rain/train/GP020400/GP020400_frame_000507_gt_labelTrainIds.png,c7add053844ddb29bb45742cd0ce8b89132dea9838dfc03b2e30b31c543d3748,fe027d75ee4db2630acc5a10bfa7f13939714de40efc5ebae87512bbfa41256c
rgb_anon/rain/train/GP020400/GP020400_frame_000515_rgb_anon.png,gt/rain/train/GP020400/GP020400_frame_000515_gt_labelTrainIds.png,b51ac08f7322c891d2e3750f5f393070b6d38a4eb596473025883f5132ef491b,fdafcfb826c1317ed283360d73cf609d63b36b609ebffcb34348f43a92d86d14
rgb_anon/rain/train/GP020400/GP020400_frame_000522_rgb_anon.png,gt/rain/train/GP020400/GP020400_frame_000522_gt_labelTrainIds.png,c21881aed315d9c378de23f7f309aecd5593f49655398b4fe0b835b02eae9bd3,0732ac9938c4f53571dbe3672e5e8fa4efb7d1835a89defb387cdc07179afcf9
rgb_anon/rain/train/GP020400/GP020400_frame_000529_rgb_anon.png,gt/rain/train/GP020400/GP020400_frame_000529_gt_labelTrainIds.png,48e7e1b8b7ef1edab347ba4da4881547719f803170e9de3c07ae82896f195fd4,b1cbc53235b1e5f9c300d268ecbf27a272f83bb1443d0bdf253ec37c0b5525b5
rgb_anon/rain/train/GP020400/GP020400_frame_000536_rgb_anon.png,gt/rain/train/GP020400/GP020400_frame_000536_gt_labelTrainIds.png,2ded941b1bd3b4190ea85ccf98e1ab980d9e5c89ce0be9eb7559a64960f699ad,1b8f974de63c2f1daee5efba4c155ea31fb8a366e6f762a4335a18e103d71575
rgb_anon/rain/train/GP020400/GP020400_frame_000544_rgb_anon.png,gt/rain/train/GP020400/GP020400_frame_000544_gt_labelTrainIds.png,6d34ad78d9ff5e205f651f7972944ecf30a67d293e15a97c54d6f7b5e2132d53,9761ddfd0ece5bdce3440fc7d810a03c81a780125fec4601da83f531de7e2529
rgb_anon/rain/train/GP020400/GP020400_frame_000551_rgb_anon.png,gt/rain/train/GP020400/GP020400_frame_000551_gt_labelTrainIds.png,b28dd966defcb094d0772d863bafedf3f567670bca7a453113756294aabc051c,9b17fca2393a6cc59e3c6551a0a3b98530c0ab1984a51a43faff10dae137a07c
rgb_anon/rain/train/GP020400/GP020400_frame_000557_rgb_anon.png,gt/rain/train/GP020400/GP020400_frame_000557_gt_labelTrainIds.png,bd9b4645f8f34cff0de40589a0f503271058278ec276dbf179be29d16b0ae286,0b62b13dad1988b1ce16ecb59078de47af7da65de4f5d2e6f51ec24bb59d178c
rgb_anon/rain/train/GP020400/GP020400_frame_000570_rgb_anon.png,gt/rain/train/GP020400/GP020400_frame_000570_gt_labelTrainIds.png,ca8ebd1961af1d88170d212d7793684fff7613cc7d1a39b6fa66ee9b7da5685e,f6bb873d0f5dae80e67201f91ad9aca581e3dcadf1e3ad1607d7146574a6d748
rgb_anon/rain/train/GP020400/GP020400_frame_000577_rgb_anon.png,gt/rain/train/GP020400/GP020400_frame_000577_gt_labelTrainIds.png,aec806deee341a4c56a1e712501420e6ba2916f9bbe1e2bb64288403862b6b4e,71c81a6788376de333d90b2d4ed4e228756553d46b92d068b281291708fba6f9
rgb_anon/rain/train/GP020400/GP020400_frame_000583_rgb_anon.png,gt/rain/train/GP020400/GP020400_frame_000583_gt_labelTrainIds.png,a2c83aae0bfe3f8686a06cbf410d19ac5c6c2ca477d14d6b06a32175b2b261e0,e95d54d1763b5b9a1045a6e328351f4f307b9655600542b7c1742475fdf6e5d5
rgb_anon/rain/train/GP020400/GP020400_frame_000589_rgb_anon.png,gt/rain/train/GP020400/GP020400_frame_000589_gt_labelTrainIds.png,5b2737c38022f2f2e9fbc14ceab4627fc775efee142ddac8faed9071d872c785,d182cfccbd4462431f9b74a5f78ccbeea317141180a67cfdd4afc9b31fcf5e1e
rgb_anon/rain/train/GP020400/GP020400_frame_000595_rgb_anon.png,gt/rain/train/GP020400/GP020400_frame_000595_gt_labelTrainIds.png,ce4432840c16f99f7cb7bb48d0a50ae7440080d8fbbd59307bdcb2417a726fe0,fabdec2ddb4531bd16d2f13e2f433b0e6735f380f123673322ef97d9b6be2a1a
rgb_anon/rain/train/GP020400/GP020400_frame_000601_rgb_anon.png,gt/rain/train/GP020400/GP020400_frame_000601_gt_labelTrainIds.png,86521ea487d8890f683b476ec91441f89236847f46fe86faa4a306f59f86545a,e1c92e85ff2198353bb62a80c7deda59b6dff9a4e53d62e5943993dba4474446
rgb_anon/rain/train/GP020400/GP020400_frame_000607_rgb_anon.png,gt/rain/train/GP020400/GP020400_frame_000607_gt_labelTrainIds.png,e7f589fa53f96d3da1273dea638ef9d8a7449e3e4520f1849fc7da153f0a4f4d,57c5c9df7ef305ac1e8fa1f80242eabad4ac4ad62ac67ebb814a194e3e3273a1
rgb_anon/rain/train/GP020400/GP020400_frame_000613_rgb_anon.png,gt/rain/train/GP020400/GP020400_frame_000613_gt_labelTrainIds.png,a8591110c291c1844550eff8961f07549404686db244507826ed175f56334139,07cc0a98f507178730a8c719af37f771f6c774acf50886d953a9914471d88097
rgb_anon/rain/train/GP020400/GP020400_frame_000619_rgb_anon.png,gt/rain/train/GP020400/GP020400_frame_000619_gt_labelTrainIds.png,f42f8547729c5f842a00582dc7c7302701697fe4753544d8d5dc9f8ee15697f7,f5467af27443760cc765269122e3d1752c77277c1c632ab58507910bcc0045ad
rgb_anon/rain/train/GP020400/GP020400_frame_000625_rgb_anon.png,gt/rain/train/GP020400/GP020400_frame_000625_gt_labelTrainIds.png,32b7d932fa9941bf2f5e69392977ecee7434f75cee743b058f03ac4ac030bbc5,17f22ef921ddbab899929b40dd35272df17750d76f8aaa548fafcb86f54ac26a
rgb_anon/rain/train/GP020400/GP020400_frame_000631_rgb_anon.png,gt/rain/train/GP020400/GP020400_frame_000631_gt_labelTrainIds.png,6c9bcf618c17616f91292ae7b8739e58b02f9e0f2f80381d222cb7fe179d5ce1,d7ab63f93cf8c77b540485212dd55049fc4142c54bd1f354b28d3310ef872d04
rgb_anon/rain/train/GP020400/GP020400_frame_000640_rgb_anon.png,gt/rain/train/GP020400/GP020400_frame_000640_gt_labelTrainIds.png,6e838b261764e3e22100ff3b20743843523e9277bb0a4e20ce510cc90dbbc7fb,37e9f3aa3a26abac81920f4b1dc01db32b29ffc9fc0bd4c784dcdce176471c4c
rgb_anon/rain/train/GP020400/GP020400_frame_000656_rgb_anon.png,gt/rain/train/GP020400/GP020400_frame_000656_gt_labelTrainIds.png,7c58ad69cb0d9af56e13546382a0b3dc2384ed9d52ee103d79778d3c700c750b,a785e3c141c030834fb27c6c1307c2ffd2de169ca6a6142509e78dc5e3e32de1
rgb_anon/rain/train/GP020400/GP020400_frame_000661_rgb_anon.png,gt/rain/train/GP020400/GP020400_frame_000661_gt_labelTrainIds.png,1da183463e770d098fc27fe8744b3be228d54939efd3e27b57b685b384ac5994,9c807f159bc63dc00630a5b86cb39273398b02997739868e851962de82cc7d02
rgb_anon/rain/train/GP020400/GP020400_frame_000666_rgb_anon.png,gt/rain/train/GP020400/GP020400_frame_000666_gt_labelTrainIds.png,da40542d0c2f00998b44e05deb58d50dc48a9349ba003b64f24a581815229a80,40b400002ff6c09d467f4bda7b7acc665c7e790e1618fc9f8421ce0223b10f33
rgb_anon/rain/train/GP020400/GP020400_frame_000671_rgb_anon.png,gt/rain/train/GP020400/GP020400_frame_000671_gt_labelTrainIds.png,4bb6bc1f14f76495d81c3748b57e15972bab4644da002f25720ebdfe83d2f383,d47ce638b4c739a25210c990986937487fabd218aee63e7527dcb809b49728ef
rgb_anon/rain/train/GP020400/GP020400_frame_000676_rgb_anon.png,gt/rain/train/GP020400/GP020400_frame_000676_gt_labelTrainIds.png,6e3a8b4da41f79000d935718e7cff404749e1b3bfb16a51d8fa0e30d25088d74,9c957d54fce0ef5d9d2ef280ef2d4f981d5c0f8910950d24c79c367a038f8d52
rgb_anon/rain/train/GP020400/GP020400_frame_000682_rgb_anon.png,gt/rain/train/GP020400/GP020400_frame_000682_gt_labelTrainIds.png,ede09ff01a00738267d351ff9fcf9c3cc347e87d014ab6ac5f23a2280b5eae20,444eada9cd5c21281e0932f163dc7a76a53d36fd5a38ec5520323920f32da134
rgb_anon/rain/train/GP020400/GP020400_frame_000687_rgb_anon.png,gt/rain/train/GP020400/GP020400_frame_000687_gt_labelTrainIds.png,0fcd68d19fc7c1b732cff3f026e13938e155b1997a4bff19653cf24f769ed5e1,cd7a05a7c48c619e85e741a625e3ef1ff17d2e897d6279ae71d829a6b1f7456d
rgb_anon/rain/train/GP020400/GP020400_frame_000692_rgb_anon.png,gt/rain/train/GP020400/GP020400_frame_000692_gt_labelTrainIds.png,de0f86d0921c4556fab3b41a7b9ccd79736ae8fedfec0940308733c2c9524336,e09d338ebbac90e3aba104282eb5fe9e92707e0b5680071b726ab3687feb6225
rgb_anon/rain/train/GP020400/GP020400_frame_000697_rgb_anon.png,gt/rain/train/GP020400/GP020400_frame_000697_gt_labelTrainIds.png,0941ad59cac6738b659fbbffc6a6f1d8b7c32ce8bd69c58e13317facfcc60d80,16620e087d5023516fa2f6854909853d11b0dda0441de0f13b770d6964145773
rgb_anon/rain/train/GP020400/GP020400_frame_000702_rgb_anon.png,gt/rain/train/GP020400/GP020400_frame_000702_gt_labelTrainIds.png,296c74a2b7d5e14a7973129a2b296f424940093c8fffa5480ae860ddd14e1ae9,fcdae8d2611edc514e9d2366a4ea194999448664f9c9a684547e412b4da551c6
rgb_anon/rain/train/GP020400/GP020400_frame_000706_rgb_anon.png,gt/rain/train/GP020400/GP020400_frame_000706_gt_labelTrainIds.png,1aaf62361f688d0bae07defd9fe2e6bf3f85b384efa35642d33269bc3ebcb8cd,ba06ba00c261ee700b6d378ad7f8fee2b9bc5db000aba7c02bb9afbc1a5850ec
rgb_anon/rain/train/GP020400/GP020400_frame_000710_rgb_anon.png,gt/rain/train/GP020400/GP020400_frame_000710_gt_labelTrainIds.png,e812dd2b7a985f86d09e08352efe7a3d8ae15fd6e07725fb36fb35d60a8871a5,a411290326bdd114f220a1a7f79f1a6534b4be4d8acd9f804b4bba771f90f81b
rgb_anon/rain/train/GP020400/GP020400_frame_000714_rgb_anon.png,gt/rain/train/GP020400/GP020400_frame_000714_gt_labelTrainIds.png,271b397cd334552c66d00025bb43bf2079952530be5d9738ee234b3b60b5a6b2,98194dfc1314e4bbf3801ff667f65f12476da9111cddbd63dd31b4e9691e930e
rgb_anon/rain/train/GP020400/GP020400_frame_000719_rgb_anon.png,gt/rain/train/GP020400/GP020400_frame_000719_gt_labelTrainIds.png,02cff44fbff1333058c3d87fdd6ca6a6e412c959362beb77c06443844b5b0138,b28603e577826b481cb10795fa703e1ed9493cb9631c23c2e962e1dcc1e24680
rgb_anon/rain/train/GP020400/GP020400_frame_000728_rgb_anon.png,gt/rain/train/GP020400/GP020400_frame_000728_gt_labelTrainIds.png,a344713d1c722fd87630007d8471c2d19662846882ec02f5b4f8b73b406f53ce,fab91d6e9ad78d00379ac136cdb91bc612dd1e12344b428269ab4d57827564da
rgb_anon/rain/train/GP020400/GP020400_frame_000748_rgb_anon.png,gt/rain/train/GP020400/GP020400_frame_000748_gt_labelTrainIds.png,6363a173c2171865b49a33dda658398e88002a1247d4cea980a9a371e9a6deb9,75e1ac89666dab3876481351ff4c141f42e43340750bc4b8f734e13a4f180ec3
rgb_anon/rain/train/GP020400/GP020400_frame_000788_rgb_anon.png,gt/rain/train/GP020400/GP020400_frame_000788_gt_labelTrainIds.png,540f96b2b7fcd6a1f66d88b851cb6d631bf8e86ae53e8f3e916dd610994505e4,100fdfd07b7ccc2123a0d60fd129c2e23aa22c0874b139375f470d474492bc52
rgb_anon/rain/train/GP020400/GP020400_frame_000794_rgb_anon.png,gt/rain/train/GP020400/GP020400_frame_000794_gt_labelTrainIds.png,e65c210ef89d4b1fd668307d79ac099b4d32435947b13ea609d9db276466bcf6,690e8e50566526f217e1ed2f23f8459786dd4d7e1468ce9148ac9d3c38dace15
rgb_anon/rain/train/GP020400/GP020400_frame_000799_rgb_anon.png,gt/rain/train/GP020400/GP020400_frame_000799_gt_labelTrainIds.png,2638e61bfd6592f94e32931e19eeacfe1de1de3a8b9a9c70c99c6bf0b028506e,21d419c0e388a7c46b6c62ea354f4dff335e6322418f7882327260688a4f5deb
rgb_anon/rain/train/GP020400/GP020400_frame_000804_rgb_anon.png,gt/rain/train/GP020400/GP020400_frame_000804_gt_labelTrainIds.png,5dc574fa8a55c9e9299aafd0e2632cb4e0117f8998d467f1630af57e93233c57,d997b3b57f21ac10e6d5948788283c76d40e4b486b101b8e7709e5a15af34f07
rgb_anon/rain/train/GP020400/GP020400_frame_000809_rgb_anon.png,gt/rain/train/GP020400/GP020400_frame_000809_gt_labelTrainIds.png,92cf567eea810b810516b6b2f7589509e815ccac43ddb66be58cf9b57aba5a4d,942c3b05fe7735b6e3c3dd0b80a02b215cf9f330292516741f5785772f6b0313
rgb_anon/rain/train/GP020400/GP020400_frame_000814_rgb_anon.png,gt/rain/train/GP020400/GP020400_frame_000814_gt_labelTrainIds.png,57a3ca7d9d0199475cf8e3b72b270cc30294217aa11adcc1d8e92654d1e6ada1,4e8088753940271932d0c1c8251d257296c45e4d085299a6b47ba5e81f4f6afe
rgb_anon/rain/train/GP020400/GP020400_frame_000824_rgb_anon.png,gt/rain/train/GP020400/GP020400_frame_000824_gt_labelTrainIds.png,a8e1c22e85d9a096cd34d3b3bd604e147ccad3b2c33481dfde42a497e635fe8f,9d13c39cde7a697dbb3e241f61e79a0b3c7cb75b57cb13f6c9fdde4eebd2b652
rgb_anon/rain/train/GP020400/GP020400_frame_000829_rgb_anon.png,gt/rain/train/GP020400/GP020400_frame_000829_gt_labelTrainIds.png,1eaa0d118043ed68136ee1ddc1117646955c4f7f20b9146cdadfc991c65ed40b,f3a3334281ce6a3310f81d3ce7406c4f9a5836ea4761023a14835efa51bcf23f
rgb_anon/rain/train/GP020400/GP020400_frame_000834_rgb_anon.png,gt/rain/train/GP020400/GP020400_frame_000834_gt_labelTrainIds.png,dc223ab16cd8abf3a9637f315f3420857f79464791ce5d80e8ecd3c1532a7eb0,9b58c3ef7506438ac3f3714dc3828d771730d00d703f71777a9a85626d43573b
rgb_anon/rain/train/GP020400/GP020400_frame_000839_rgb_anon.png,gt/rain/train/GP020400/GP020400_frame_000839_gt_labelTrainIds.png,e969099f45d69ac234d6cb5dd5ce63d4341b89d34fd93b983a53639dc46bfdc5,9e5b1149f4d58d1a009fb48d92d8e9856791ade195be88e3514cec4b3fae68fc
rgb_anon/rain/train/GP020400/GP020400_frame_000850_rgb_anon.png,gt/rain/train/GP020400/GP020400_frame_000850_gt_labelTrainIds.png,fd32a5568a46bb017b0f9a80129698a266f4d0d16c612ae7a2ac1f64d4a5cf33,0d43d2093acaec04e6446020cce2e9a3eeb38653fd67579658241719d2938846
rgb_anon/rain/train/GP020400/GP020400_frame_000857_rgb_anon.png,gt/rain/train/GP020400/GP020400_frame_000857_gt_labelTrainIds.png,d93927d7f7a1b6cb35b0e95d94eaeaa395104d3eab2acf24d4db3f9d964a1dea,af8f364c492c57e4a03a201f22ecb08437f0c69fc4b32c4d7dcc07afe6a2ef0e
rgb_anon/rain/train/GP020400/GP020400_frame_000863_rgb_anon.png,gt/rain/train/GP020400/GP020400_frame_000863_gt_labelTrainIds.png,5c31652c222a606593f23cb73a30f241a3ce27a86eee8dea7a1698013e95cc9e,d32be06f8691cf40d7f7ea3be2a854a527bd7a4ec88f06968675d785458d8f28
rgb_anon/rain/train/GP020400/GP020400_frame_000869_rgb_anon.png,gt/rain/train/GP020400/GP020400_frame_000869_gt_labelTrainIds.png,3b906d0e4a8e2bf84ed1f1c2c3f9dacf24a951b89fcde6bcbeb7363228bd0d47,438faac6fffa6fc23fb6d6ebdd1f0e4f202bb70e6cc892191e8d1f6abdbd3e9b
rgb_anon/rain/train/GP020400/GP020400_frame_000897_rgb_anon.png,gt/rain/train/GP020400/GP020400_frame_000897_gt_labelTrainIds.png,f086d40f8bd7c9b6a631565df1eb0dba443b0ecd0ae23576bf9135aa971ee6ce,326df13c29147fcda60bbe678a2e16316f950bec9e0d8753b5d70234c9ecff0f
rgb_anon/rain/train/GP020400/GP020400_frame_000917_rgb_anon.png,gt/rain/train/GP020400/GP020400_frame_000917_gt_labelTrainIds.png,959ba516744e6b2bbf8cd5f7c7eb2d256826e5d32473d95d0239d3f1c0a58e5b,e32cd860c3ace5c3db12971fd1f17f203d5a9ce3d0e74daf89166e27c47632ec
rgb_anon/rain/train/GP020400/GP020400_frame_000937_rgb_anon.png,gt/rain/train/GP020400/GP020400_frame_000937_gt_labelTrainIds.png,b98a2e3df824f81fecf66a406fd31795bffc16e76afefae7c4f1888d9d6deebe,112332472a6eeb00e37ca92dc31933c6212a01e6208cb8ed5aacc6f97956ce65
rgb_anon/rain/train/GP020400/GP020400_frame_000945_rgb_anon.png,gt/rain/train/GP020400/GP020400_frame_000945_gt_labelTrainIds.png,63694b4338065b367cf7042d3deb094096d4c6d7a8bb9e577c1e3d40a6c332f7,a0d81acc921a50598852e1114af9e9fb86a53c983863f494c2485f0670d1141f
rgb_anon/rain/train/GP020400/GP020400_frame_000953_rgb_anon.png,gt/rain/train/GP020400/GP020400_frame_000953_gt_labelTrainIds.png,525b06b44d283a91f3173c14cac397455479b1af31722d194b8b6c02b2825740,bac5e6975cbce2561cbc9b6ceed5439e59eece28bb2791cd925c75ce71224374
rgb_anon/rain/train/GP020400/GP020400_frame_000972_rgb_anon.png,gt/rain/train/GP020400/GP020400_frame_000972_gt_labelTrainIds.png,b4ad7c74f1f64961485a9a8ee028e12695046935eee8f18c7d7d674ec3cc3c2a,62b7db21c31d894bf262292d0449c17b27312e702c3913c33f9acb7da51468f8
rgb_anon/rain/train/GP020400/GP020400_frame_000978_rgb_anon.png,gt/rain/train/GP020400/GP020400_frame_000978_gt_labelTrainIds.png,2d9167906220548d06757ff337f1b44cae5d8a1d827e050553d36007b40fff4f,56e3cd3c5d9a44038e558f945b830d907070d9a9218fafe7479c5f4c614a5027
rgb_anon/rain/train/GP020400/GP020400_frame_000991_rgb_anon.png,gt/rain/train/GP020400/GP020400_frame_000991_gt_labelTrainIds.png,976df8004137d237c7218aa74387b5cb234aaf42d76e2ad6cdf0dc023e3dc253,6a87ba187243b5e69de4c5154781fa34ee633f7663a3048268795e4e8a423893
rgb_anon/rain/train/GP020400/GP020400_frame_000998_rgb_anon.png,gt/rain/train/GP020400/GP020400_frame_000998_gt_labelTrainIds.png,8fe19f20ae93308f2c9b1371fcdf64ce876bc5b996b8689d5a3420ab006dc180,8adae328acaf160157c2f535f67187b43ca8fa5ce7a2fa09b386269fd037a451
rgb_anon/rain/train/GP020400/GP020400_frame_001004_rgb_anon.png,gt/rain/train/GP020400/GP020400_frame_001004_gt_labelTrainIds.png,77ff1fbb0de827f9a549e33c9860b44450574ba4bfcfd45f7fc60b56e7160d4f,5f23cc3eb06793029489c651c577554b9966c95ef8d6171ece6f65f3c7e04317
rgb_anon/rain/train/GP020400/GP020400_frame_001026_rgb_anon.png,gt/rain/train/GP020400/GP020400_frame_001026_gt_labelTrainIds.png,6c92d30817e8b4ba3e217be4eac1c39386874b5e1dca71c94df48c9b40844440,0ce1acf8cb6ced782ec7794c0777c4553cc4b601377053da177c6d8bc5cc2d0c
rgb_anon/rain/train/GP020400/GP020400_frame_001038_rgb_anon.png,gt/rain/train/GP020400/GP020400_frame_001038_gt_labelTrainIds.png,0ebe4c830336fa50a02a7efa86049bdd6025affb14266550691fc8b18fe6c59f,729e812004675437cd87afcd588d920adbd90a675ab88b798dc5c9f17f9ef60e
rgb_anon/rain/train/GP020400/GP020400_frame_001042_rgb_anon.png,gt/rain/train/GP020400/GP020400_frame_001042_gt_labelTrainIds.png,3214c0ad94faf06013934e3e6335a469b106684333387438ac2e472651a3f2c4,cf603f2aba533222e7de4365455ce7de7690db596012c98840f4a4025d9fba9d
rgb_anon/rain/train/GP020400/GP020400_frame_001050_rgb_anon.png,gt/rain/train/GP020400/GP020400_frame_001050_gt_labelTrainIds.png,a4d39cd59abe8b6187d30a6361e2313ba33a8bbc9d58fee02f053c38b23ebeed,4b069a6af35cfa06633d21d4309caa5e9eae2338729090115d13cfd356453a92
rgb_anon/rain/train/GP020400/GP020400_frame_001058_rgb_anon.png,gt/rain/train/GP020400/GP020400_frame_001058_gt_labelTrainIds.png,2b63b7b6385e8ca49cb04834e63c26f2cec16bb52c651393af83cf02aab5fd75,d7bde04f760b1f788bcc33d55f9db411ee78b5463f8b6f36bbe490801261e33f
rgb_anon/rain/train/GP020402/GP020402_frame_000001_rgb_anon.png,gt/rain/train/GP020402/GP020402_frame_000001_gt_labelTrainIds.png,40c9edd41d67ea406ee45fcdba06b49dbe0d6893385a8f47c1fff4dd90aac046,c02500a0ae5f28ddfdc15ecf6979f9d88b39ea9e82518365adfa51ff618aae95
rgb_anon/rain/train/GP020402/GP020402_frame_000007_rgb_anon.png,gt/rain/train/GP020402/GP020402_frame_000007_gt_labelTrainIds.png,576e24aa2b49a4b593821ee8a94bb3f909de93c2c2d9bbb5a782262c58c9e760,5848f1e54499fe5cc2c1e7d961f35febbbf21aefcbb421dd26e2604ebf9ff43a
rgb_anon/rain/train/GP020402/GP020402_frame_000013_rgb_anon.png,gt/rain/train/GP020402/GP020402_frame_000013_gt_labelTrainIds.png,c3c1ff2be98d61377eb868628b1cd4abe6992d641c9dd5ec451deec03c51688c,522e0eb12d7c26ac508e8fd7d607c864890bfe04a88fead050b0ba8ce2f8a284
rgb_anon/rain/train/GP020402/GP020402_frame_000018_rgb_anon.png,gt/rain/train/GP020402/GP020402_frame_000018_gt_labelTrainIds.png,eea2aa067154a02890bf00128a06733b64580092d22e8b189a5960453ff25aeb,3ee4864ee1aa87431db5394c7465a97c5862b2f22d0a08012aab6d0e66a5fbf6
rgb_anon/rain/train/GP020402/GP020402_frame_000023_rgb_anon.png,gt/rain/train/GP020402/GP020402_frame_000023_gt_labelTrainIds.png,89f7974b353a4f7fdef740b2e837b7385fe9a1523a15e47d5198b89e2de1a47c,0ff7ec4fb9a5adbe4581c7859a15ebcf7a53cc70073d2debb6bbad67c9ad9960
rgb_anon/rain/train/GP020402/GP020402_frame_000028_rgb_anon.png,gt/rain/train/GP020402/GP020402_frame_000028_gt_labelTrainIds.png,335a87053d1bf021d48fe7de073d189a6e22d5df150d5529c6c5e81d8a8685e9,e6c8fe7c424e7d88a808ec9d6a2dce2f5dd477604a2bf7de8cbca5f4b78f60c1
rgb_anon/rain/train/GP020402/GP020402_frame_000043_rgb_anon.png,gt/rain/train/GP020402/GP020402_frame_000043_gt_labelTrainIds.png,1e02864b98c234263bfc6bc4f9a054fd678e5aac06bde8c7b6ebd7f80218e270,fea02ba32084b27f49f52f8a7be5139c64b1d9c4b00bc988bd01ec0a8ebabe1a
rgb_anon/rain/train/GP020402/GP020402_frame_000048_rgb_anon.png,gt/rain/train/GP020402/GP020402_frame_000048_gt_labelTrainIds.png,27dabf693daa2927aa49d0a6620e2f0ed6864fae3d2338388496dbf9bd5336c4,2e49101a9244d2d23ae37cea40d010c539b0245b99139fe3959eb0f3403990bf
rgb_anon/rain/train/GP020402/GP020402_frame_000053_rgb_anon.png,gt/rain/train/GP020402/GP020402_frame_000053_gt_labelTrainIds.png,bbc9b365e2e9effb20e9356cbc12989cb1cd768b0b271cb3a923fd37d4fd4412,03c34a1de482051bfa8a1c22507f22eb600d4d9116db031cf43ff164543cce41
rgb_anon/rain/train/GP020402/GP020402_frame_000058_rgb_anon.png,gt/rain/train/GP020402/GP020402_frame_000058_gt_labelTrainIds.png,0600bd7dc5e2380fec77ae738d8bc59f84673bc45843dc2612e04f27628ae01d,ba52b1c2ac6007a675f174d3a2941ed529a42a06e5f953a4c3569184015d867f
rgb_anon/rain/train/GP020402/GP020402_frame_000064_rgb_anon.png,gt/rain/train/GP020402/GP020402_frame_000064_gt_labelTrainIds.png,e8034c6299469bd360a537d3cc4d294a3677b9c6e608ece92f302581e4a031a2,58f07456a683881b97297779a8fd825dbae44072650a7f3a1ff7dc67ee9aeb22
rgb_anon/rain/train/GP020402/GP020402_frame_000070_rgb_anon.png,gt/rain/train/GP020402/GP020402_frame_000070_gt_labelTrainIds.png,d22e4e6756961249c2197ec98010d5b394c84ccab0250643964a97064df829d4,3535cef87c955fd665d9e8c3df294a36435b3a8ef58908d99945692c102bed8c
rgb_anon/rain/train/GP020402/GP020402_frame_000075_rgb_anon.png,gt/rain/train/GP020402/GP020402_frame_000075_gt_labelTrainIds.png,488d22e7ff0e3f25ca9b3d7d4968bc7c7da3e702d9fb4825ad30471f14be6e7c,2b654dd929cccf245ba40d41f6eabd5db05cf76b88e52bc24fcfa90a596f2277
rgb_anon/rain/train/GP020402/GP020402_frame_000080_rgb_anon.png,gt/rain/train/GP020402/GP020402_frame_000080_gt_labelTrainIds.png,2416bd30517da2d67a88cb927617eec0d948e70b728584e86cbcbb4a081a38ed,680abf3e1a1bee6b9a870607283c726964e84985b8159a2d946dfa19f81703fe
rgb_anon/rain/train/GP020402/GP020402_frame_000085_rgb_anon.png,gt/rain/train/GP020402/GP020402_frame_000085_gt_labelTrainIds.png,3b7e259543d124f7f2b07c2b4715eb0697fed948eb3e763bbbf413a3eb197247,618e98392d35f972a987ad5012cb70274dddf6c0882ca14f6f6aa77704dba3b7
rgb_anon/rain/train/GP020402/GP020402_frame_000090_rgb_anon.png,gt/rain/train/GP020402/GP020402_frame_000090_gt_labelTrainIds.png,face9de23005ecf63ea6d9f26d9bea0d7aedd1fe06cef57f0dca52d150ffab71,02eb9526161980a93c7c607d33fc7fc84c9be0d72c6ac5331cdb9a067462dd01
rgb_anon/rain/train/GP020402/GP020402_frame_000097_rgb_anon.png,gt/rain/train/GP020402/GP020402_frame_000097_gt_labelTrainIds.png,42fc3ad404b537f713cd799c7083c285d85775fdbefe31abb0142689eed43967,07c75c0cc05857b9e33343fb91f7068afb1e800fc64d58c2e2cf4822ccb24e8a
rgb_anon/rain/train/GP020402/GP020402_frame_000111_rgb_anon.png,gt/rain/train/GP020402/GP020402_frame_000111_gt_labelTrainIds.png,45697b669d0795c5f5ba82e78c78e2b381dc69ec20d42035ddc1c67d77951109,a63f3eec2bc2ea40a49beb6b686dea97afda26e03e334a5e2219153563ce627e
rgb_anon/rain/train/GP020402/GP020402_frame_000119_rgb_anon.png,gt/rain/train/GP020402/GP020402_frame_000119_gt_labelTrainIds.png,48e98dee8c52e81bb9cd16540ce17b072167ed5e0b643ba81951017199c74ff8,ae5e656e9c8ed3195eb3f9d2371fa7c4cb1daa4384c5b7865b501838501ab913
rgb_anon/rain/train/GP020402/GP020402_frame_000125_rgb_anon.png,gt/rain/train/GP020402/GP020402_frame_000125_gt_labelTrainIds.png,4c54416a74fbce5420402de04d8fe92bd6b535d5e6601e1c06037223aa0096ea,9ce32dca0cf593d06d3065597530a631a84cf39f27ac52b0c7813239c484fcf6
rgb_anon/rain/train/GP020402/GP020402_frame_000131_rgb_anon.png,gt/rain/train/GP020402/GP020402_frame_000131_gt_labelTrainIds.png,7c882b00d227cdade69ff198b90a3ad5145177183ddf64d385173994912fce5d,6faab7a9bee936c8adbee5ab49735584400547d1814b56a435639c2779d03f1a
rgb_anon/rain/train/GP020402/GP020402_frame_000137_rgb_anon.png,gt/rain/train/GP020402/GP020402_frame_000137_gt_labelTrainIds.png,d8aeb98caa72b8c542762388c2b7101132541f118c9d950b86bf80bbb48318d6,5a0884ae2bd4dcdb3f993c5fd78b0e952829a3a371714501e8ec60cb1a34a898
rgb_anon/rain/train/GP020402/GP020402_frame_000143_rgb_anon.png,gt/rain/train/GP020402/GP020402_frame_000143_gt_labelTrainIds.png,1b720c51a480f8066f6b7ac5d98ee1c5a8fbf6fdf08b0c1220433e1303dc7b72,140b6ef61ed10042ab40d8ffa52cd5fe2d0ba6ec21ecf77551aa582462273405
rgb_anon/rain/train/GP020402/GP020402_frame_000148_rgb_anon.png,gt/rain/train/GP020402/GP020402_frame_000148_gt_labelTrainIds.png,d3e356c6491b4c6904a1877e2ffff2de13c8a9d7b23608c4d4d18829a7f085ab,6e26ce7931525776a376c9861b3ce8aeb05a8f64020f73c62a2df1c04674c2c2
rgb_anon/rain/train/GP020402/GP020402_frame_000153_rgb_anon.png,gt/rain/train/GP020402/GP020402_frame_000153_gt_labelTrainIds.png,d199591f84528f69ad91cb5baa781804071892cb4cd86bebe696971e0b18e677,243dad50d638aa3d71ab2a625ac0737b79df9d37477c69b8ce00a558fa790581
rgb_anon/rain/train/GP020402/GP020402_frame_000159_rgb_anon.png,gt/rain/train/GP020402/GP020402_frame_000159_gt_labelTrainIds.png,1b5d9b3880ba125f307bb89c8ba5c970e945c26ead8d4974466d029b11122a68,5d5f9c25c0df01135d2bdc6d2826a87de4174976a374aac8fc7996cecfda46df
rgb_anon/rain/train/GP020402/GP020402_frame_000165_rgb_anon.png,gt/rain/train/GP020402/GP020402_frame_000165_gt_labelTrainIds.png,42e232ac3acd032289ee8076cb82211733e4e3c3ff09a602cb5436ecabda3460,d2786d5854d037a52405b8652a0d867434f021461dd62db76d2e44d7957990cd
rgb_anon/rain/train/GP020402/GP020402_frame_000171_rgb_anon.png,gt/rain/train/GP020402/GP020402_frame_000171_gt_labelTrainIds.png,f25f7377ccf63b7d74a944e9f89f5fc9c908a6dcf3aee407b0f0391b3527374e,43b7c14fe26cacd323396466603ac83c24afa255623cbfcd2ea6590486f464ed
rgb_anon/rain/train/GP020402/GP020402_frame_000191_rgb_anon.png,gt/rain/train/GP020402/GP020402_frame_000191_gt_labelTrainIds.png,4d1ab794df9c2da677602bb4bd882e92a2ae94d1a4932c5940977cba7382b8aa,6244eb8069db2957dbdb0142ce9ea3121cdd24fe8d4df8f474c55d0d504ec4f3
rgb_anon/rain/train/GP020402/GP020402_frame_000211_rgb_anon.png,gt/rain/train/GP020402/GP020402_frame_000211_gt_labelTrainIds.png,b5bbac65da1d1aa1d25e30f546a50d3f4e0bd9560d0d0472d943071457a451cc,ba93a1b8ca4207a79c3445a082f94bc9df3ae020396b076453335c6716657c34
rgb_anon/rain/train/GP020402/GP020402_frame_000231_rgb_anon.png,gt/rain/train/GP020402/GP020402_frame_000231_gt_labelTrainIds.png,57bf1cc184c2b190b4070c35e91e63524fb968c919a5ceaa185d7340f2a594fa,d5af25e41d6037870fdd25195ca0875b7d65fb1ae5aa5fa126544570eb54098d
rgb_anon/rain/train/GP020402/GP020402_frame_000251_rgb_anon.png,gt/rain/train/GP020402/GP020402_frame_000251_gt_labelTrainIds.png,ecab352a9758f2df1cbf409f21a97677ce94bd97a0d786ec1ec173fdecb77cc5,5c1a867dd05a02559b1b74225fe8235efcd4d80f2f16f43f2350b2b6706b5d0f
rgb_anon/rain/train/GP020402/GP020402_frame_000271_rgb_anon.png,gt/rain/train/GP020402/GP020402_frame_000271_gt_labelTrainIds.png,aa8e3b55357cff810281fe301bd5c46e9a62ff412cacc113b10f1dd7ef77004d,bbd4065a6decd7090fa2dbbb568a7e398026e37b807dfe2d67da689ac9db6919
rgb_anon/rain/train/GP020402/GP020402_frame_000277_rgb_anon.png,gt/rain/train/GP020402/GP020402_frame_000277_gt_labelTrainIds.png,6aa72a478b1c73c087dfc79e029445a5b8cb2a6b6879630e1901f9ca36962037,77c10765d5a4d55f3a3bb65cdf04e659b07752299efbd6fe08c8ae9d3a2120bd
rgb_anon/rain/train/GP020402/GP020402_frame_000282_rgb_anon.png,gt/rain/train/GP020402/GP020402_frame_000282_gt_labelTrainIds.png,e3351a075576ac1fc2b8a59b27e6bad54d69cc0f5bf6088176cdea557f7497a8,67747a938532ea163987da518a4b08d7be73e1b9988e7c8b657e06aca724e131
rgb_anon/rain/train/GP020402/GP020402_frame_000288_rgb_anon.png,gt/rain/train/GP020402/GP020402_frame_000288_gt_labelTrainIds.png,bdd3d4a53b31f11c5677f069213a55dd96d80c5bd9fef232a0daf349a295b6b3,44daba236d16dbd26cf974482b5e1a42a3c393c6de73f197e9743cfd24adb2c5
rgb_anon/rain/train/GP020402/GP020402_frame_000295_rgb_anon.png,gt/rain/train/GP020402/GP020402_frame_000295_gt_labelTrainIds.png,b36424a80ae247fbf93b5877317b9eac94b280aed5850178d02b20804fd63c2f,732408b1690d3678b922e5a107129b9db7fee0f66b3602e9838d2f0570c1f195
rgb_anon/rain/train/GP020402/GP020402_frame_000301_rgb_anon.png,gt/rain/train/GP020402/GP020402_frame_000301_gt_labelTrainIds.png,fe7798c520f302d0cb1ac28dfe90c4619710178b42e6d696e0940c9bd8677f10,e5cab8ec0d0aa7e20bddfc902d02764facd1309330bcabc8e18a6eef289dd76c
rgb_anon/rain/train/GP020402/GP020402_frame_000306_rgb_anon.png,gt/rain/train/GP020402/GP020402_frame_000306_gt_labelTrainIds.png,c88aacebc70885c2a08c233002f6963a0de0be2614cb936b935ca51d0f58f6c2,4695b361477ae741d7196473ef73331aee1a58a61b3a54eb27cf62df7ec8e029
rgb_anon/rain/train/GP020402/GP020402_frame_000311_rgb_anon.png,gt/rain/train/GP020402/GP020402_frame_000311_gt_labelTrainIds.png,963d710d4684ce3b2ded3e5c99ec6056ee4d2e54583d65dd28aa756c64815205,076a2fed9c2d37361b1a579e92a0b7f548de000478f9c7e287652f1ce1a0b0e3
rgb_anon/rain/train/GP020402/GP020402_frame_000316_rgb_anon.png,gt/rain/train/GP020402/GP020402_frame_000316_gt_labelTrainIds.png,8416eae6535b7c1263f83ac04d21a995018aa99f869cbd939176194758f2fd9a,ac3742333e780a98a609dc4339fc0362430bd3fbfba90f2d3cf9bbadb4265268
rgb_anon/rain/train/GP020402/GP020402_frame_000321_rgb_anon.png,gt/rain/train/GP020402/GP020402_frame_000321_gt_labelTrainIds.png,288164ace30d13646655cb9eb941c73ada4c5aeb27aaaaaf3bba62fb0d975344,0f924c51d375f170ed9c12e0db5f92e26d28c04aef7bfbf4745a09359ac2741f
rgb_anon/rain/train/GP020402/GP020402_frame_000326_rgb_anon.png,gt/rain/train/GP020402/GP020402_frame_000326_gt_labelTrainIds.png,5ef19d36e2af6b5a6275373a620b197278c98528cec131fe115cfeabfc903249,48bb138664109ecafd7d28435a4b1985f3318d5c44ee6083d8df8c89ed84ae0a
rgb_anon/rain/train/GP020402/GP020402_frame_000332_rgb_anon.png,gt/rain/train/GP020402/GP020402_frame_000332_gt_labelTrainIds.png,e2868dd8abc76b8932c72df28bda386e40e4a4c66d723ae4e5eedcc9f0b5d9cf,88470bfc102dce029caf0b2974fa1f6993d465d8a747453c2ea96150892fd7a6
rgb_anon/rain/train/GP020402/GP020402_frame_000352_rgb_anon.png,gt/rain/train/GP020402/GP020402_frame_000352_gt_labelTrainIds.png,e28d67c599f0f67c9d0eeeeffe84bd5fda1d331616e52591dd4bb640f6e8d0d8,1dfe5b82055c945605a6e30e38cc4b27e198801f7dc520bf95fb4276a16bf4c2
rgb_anon/rain/train/GP020402/GP020402_frame_000362_rgb_anon.png,gt/rain/train/GP020402/GP020402_frame_000362_gt_labelTrainIds.png,a2d0d3040f93ed3a6e529a030355bd0ad44094b391857f5df8f74a51589ea6c4,b2c537eac1a2019cef25387577482ec056def38d11b95cfe70fc2eb0294f042d
rgb_anon/rain/train/GP020402/GP020402_frame_000372_rgb_anon.png,gt/rain/train/GP020402/GP020402_frame_000372_gt_labelTrainIds.png,8768e0bff1e10ee2b46d83d5b445afd35263c04d6d088261122d5bdcb6e17766,74cc58bb47e1b541456fe45700e0decca1b6f7c5d857f4d84d7bb151343e092b
rgb_anon/rain/train/GP020402/GP020402_frame_000383_rgb_anon.png,gt/rain/train/GP020402/GP020402_frame_000383_gt_labelTrainIds.png,8b6b05b480998f2eabc7429c6d24dd9596bf5f38723cdf7169776c79d46cd407,f2b3ca76ef3ae0e1651b4ab5f5e5a600c2e1b56edc033241141f73693cf327be
rgb_anon/rain/train/GP020402/GP020402_frame_000389_rgb_anon.png,gt/rain/train/GP020402/GP020402_frame_000389_gt_labelTrainIds.png,fe073771878c5c1da64388b82c6a9a4659260d72288ec8974fd8e2083bcb7173,1845ac72955f9bff2654c43734f8144413ab33a194492746a5d544982237f5b2
rgb_anon/rain/train/GP020402/GP020402_frame_000404_rgb_anon.png,gt/rain/train/GP020402/GP020402_frame_000404_gt_labelTrainIds.png,5f8fa5d0b93abd63002b10b37a60f87ba6c2c013ab7baf315b5826099b461216,b58f58a6ab057fe474bb0cdab3b9c7b3111c44aa324f4e79a98b66907606c801
rgb_anon/rain/train/GP020402/GP020402_frame_000409_rgb_anon.png,gt/rain/train/GP020402/GP020402_frame_000409_gt_labelTrainIds.png,9995271668e735c5f4dba505bf94ebb4833bc01ec96bfe19145b93d8f074af7a,0e1818c76e366f6cd1dabdf6f069696e278d5b76b5350358f0ed6aa9e0f717c2
rgb_anon/rain/train/GP020402/GP020402_frame_000414_rgb_anon.png,gt/rain/train/GP020402/GP020402_frame_000414_gt_labelTrainIds.png,aaa74d8a1c0627099f562da2f287c53f5c93022687554f6373bb91e798fef5c5,efb0ddb06345a6a505512939dac3639043d17ae389b9d61b3eb963e028f139ae
rgb_anon/rain/train/GP020402/GP020402_frame_000419_rgb_anon.png,gt/rain/train/GP020402/GP020402_frame_000419_gt_labelTrainIds.png,2c6dc4ddb6ec3fb73b63087675fd95e543f14fe3f4fd4d85266ad575bd1d1d0e,6edbf014148b13fde8c1dbaee3a1579a5413a0d727d52c4df047ab9c6ad5dbe2
rgb_anon/rain/train/GP020402/GP020402_frame_000424_rgb_anon.png,gt/rain/train/GP020402/GP020402_frame_000424_gt_labelTrainIds.png,f97c5a4988dd2e0aa40dd307e9ab9eb042204470a44b802df2c2ce95d9564144,e0effda88f3c2c6b63492b5295a7d7fa6691c569a376049b65886748ff874390
rgb_anon/rain/train/GP020402/GP020402_frame_000440_rgb_anon.png,gt/rain/train/GP020402/GP020402_frame_000440_gt_labelTrainIds.png,19c40ae35893614c71bde3c552641b33f8049c970eb7ae83240395860fda1004,f2db5da8e04082140eeef8af14cac6eced7a36158613c440a385558e22e47d87
rgb_anon/rain/train/GP020402/GP020402_frame_000450_rgb_anon.png,gt/rain/train/GP020402/GP020402_frame_000450_gt_labelTrainIds.png,bb75f210d90e2411d43e58230b788131c74ac5ebf2680d330f84f31c962c4df9,8db478c0b701e1460aad5c1a3d673bc36c20b8f3309599aa0e282bad66c30757
rgb_anon/rain/train/GP020402/GP020402_frame_000457_rgb_anon.png,gt/rain/train/GP020402/GP020402_frame_000457_gt_labelTrainIds.png,2fea333a1ed93a4451b8864e1b1c197b6b393af9daaeaea686ed0bcee7875189,02ead352c6b6d4e5c24802726cbf872bbbd1a726bb4bcafda030b5aee9a55ce7
rgb_anon/rain/train/GP020402/GP020402_frame_000465_rgb_anon.png,gt/rain/train/GP020402/GP020402_frame_000465_gt_labelTrainIds.png,25c0ce0ace8a3d223a291ffbe442d1335e346509d470f66f5e1677882d4479f1,d4fd53051abc2a006e915a67589f9034cdeea63028afc97cbf076fa3302d88e3
rgb_anon/rain/train/GP020402/GP020402_frame_000472_rgb_anon.png,gt/rain/train/GP020402/GP020402_frame_000472_gt_labelTrainIds.png,e314b02ed2fc3a34ec713d540e5e41526a3f3e142c3d32e7471636ee2ef9d7d2,167e398ff5970b91fd6cd6590bc96cb1166817a6bf12eb34cb1a044decae5bbd
rgb_anon/rain/train/GP020402/GP020402_frame_000478_rgb_anon.png,gt/rain/train/GP020402/GP020402_frame_000478_gt_labelTrainIds.png,1bc7eaee8f876afdcf7db521cb9d3e69ca586becb4cbaca93523b66069828976,d4692f0c97a6263d3d53e52525500c3245210945fc2cd712e26027fc50317a93
rgb_anon/rain/train/GP020402/GP020402_frame_000485_rgb_anon.png,gt/rain/train/GP020402/GP020402_frame_000485_gt_labelTrainIds.png,f5225baf309e0f8e0c139d4df1b9e89b1cb9ce67db4208a54d4335524f181445,72b488297797d80dcbb380e692db3f01b8c1440ed05e9c7272c29e59f4853b40
rgb_anon/rain/train/GP020402/GP020402_frame_000505_rgb_anon.png,gt/rain/train/GP020402/GP020402_frame_000505_gt_labelTrainIds.png,dc0853b520204b6d2eab7ac78aaf32f766572a76773411d3781622111ab3c4a3,2028ab83c58ecc1399316099af66de4eee8f955080134824bf72be53a52427a4
rgb_anon/rain/train/GP020402/GP020402_frame_000521_rgb_anon.png,gt/rain/train/GP020402/GP020402_frame_000521_gt_labelTrainIds.png,6deed7ba88755b1793af4dd20138f59ceafab4a2fb54dd94dc7f431984de6c58,33e76b88458c916f9961ae6d077e0e2839b8359f5118eb543cd6105635ac6814
rgb_anon/rain/train/GP020402/GP020402_frame_000531_rgb_anon.png,gt/rain/train/GP020402/GP020402_frame_000531_gt_labelTrainIds.png,710c7b7f61f30455b260e036e72457ba383cc57f80f02cf6f132e40491ede856,66294aa82537d4fcf140cff93ce05fe3a4524f084aca66b2b5e55a4214718cfe
rgb_anon/rain/train/GP020402/GP020402_frame_000545_rgb_anon.png,gt/rain/train/GP020402/GP020402_frame_000545_gt_labelTrainIds.png,76e46e44556b163f5fa3656a2ebe95ecbb99d96ebf9f011ce6f9ed5e791d8c05,9c37a9340b5d1e96d17b64453bcd2bc4b9bb08563e9e4daf1bc99282a4f13136
rgb_anon/rain/train/GP020402/GP020402_frame_000554_rgb_anon.png,gt/rain/train/GP020402/GP020402_frame_000554_gt_labelTrainIds.png,362d91319fda10efc61639edb2fac7c4312cae256c0d5438fbea8e891fa8f0bd,18cb2fc53e8d19b3bdec4f18178dbdaa25acdcf9cb99558d34e9a4926c53f9d3
rgb_anon/rain/train/GP020402/GP020402_frame_000567_rgb_anon.png,gt/rain/train/GP020402/GP020402_frame_000567_gt_labelTrainIds.png,434eef6d8a44672570ea7a8cd24f2cd434b76356f999eb6ca887a0cda760247b,35fbe312b45046deb43acf128cb01822d757a25a2e0f71b692c419ffdf8917af
rgb_anon/rain/train/GP020402/GP020402_frame_000578_rgb_anon.png,gt/rain/train/GP020402/GP020402_frame_000578_gt_labelTrainIds.png,76462bafb9c94f6d49c535adb88019fc25f65ed39b2d406774b903b719f7f998,0bc26f7551a6b81e4afd60c7476f95b70271951ca7031324224b09a85f2399c2
rgb_anon/rain/train/GP020402/GP020402_frame_000587_rgb_anon.png,gt/rain/train/GP020402/GP020402_frame_000587_gt_labelTrainIds.png,2d58a87b216a2a5ec785b9f92748058b602f518a4e92594bc5b56b8e7f88db0d,f32d067b88ef4ac12d62f0eaaecc52c1911ba2934ff135c3eb98867e24fc8c38
rgb_anon/rain/train/GP020571/GP020571_frame_000638_rgb_anon.png,gt/rain/train/GP020571/GP020571_frame_000638_gt_labelTrainIds.png,81b78856c91598cfe39760158f85d16d7f0e5b0375ba0600c560bf8ac38afae6,1b6726ad07749d7befa6444cb876bcdfc53a154c70cd7e49452c5aa46853f931
rgb_anon/rain/train/GP020571/GP020571_frame_000646_rgb_anon.png,gt/rain/train/GP020571/GP020571_frame_000646_gt_labelTrainIds.png,3483a4c9f15c6122dd9a731c03275ac41121aca33ebd11e8ee8fe2ed1c9f8c64,5b1f106f17f2b71552906f153b18f7b7b7669d93c17e87aaa49e4e9a6a94ee6f
rgb_anon/rain/train/GP020571/GP020571_frame_000656_rgb_anon.png,gt/rain/train/GP020571/GP020571_frame_000656_gt_labelTrainIds.png,cf2b51f0d93fce3f66b7271d704f25a3476d182f85c976c92e8e3025a65e1b35,d612a819771d60f788a30d5ae75bf0c23d490e11e7d634ba09a6b5f1cbe29aec
rgb_anon/rain/train/GP020571/GP020571_frame_000666_rgb_anon.png,gt/rain/train/GP020571/GP020571_frame_000666_gt_labelTrainIds.png,e477b29b8809d0a6a21e4cb412129bff33df4186c78abdd9ec2cb64e0e616cdd,7c409a39463206ea5c0b471ba0886506e0e8475eeb340ddfb71ebfca1351b3ea
rgb_anon/rain/train/GP020571/GP020571_frame_000675_rgb_anon.png,gt/rain/train/GP020571/GP020571_frame_000675_gt_labelTrainIds.png,39060a6a17b6faea3bee725e78f7e58f7c214110dc91b3cfd14f104c73a0f7dc,7af59b50d0b00a69e790864c9be7af1c5fab149e03e37b0c267ab601189527c0
rgb_anon/rain/train/GP020571/GP020571_frame_000695_rgb_anon.png,gt/rain/train/GP020571/GP020571_frame_000695_gt_labelTrainIds.png,73be73e9ba9954d628989e7942771a6efefba7411a483670e5574521cfa21732,618d2c0a8d3b13fcee55c99373c83c3a880f230c3a48ba3f7d05d06b0c150f7c
rgb_anon/rain/train/GP030400/GP030400_frame_000005_rgb_anon.png,gt/rain/train/GP030400/GP030400_frame_000005_gt_labelTrainIds.png,fc6b68f133bcd316c332057db1f901ab551ad103f781fd2c33b3888a432d9fde,b051f43f95791a9dd617a55bd817fa68594dd35980284355f496065ff09730e3
rgb_anon/rain/train/GP030400/GP030400_frame_000035_rgb_anon.png,gt/rain/train/GP030400/GP030400_frame_000035_gt_labelTrainIds.png,5014be6001eda61f580aa1e6fbc90d7391bcee6653be741aa97f2a76a1530b96,730aa714d0afb42cd3262f520d9475e93cfcd7e52130e4dbca2a1d015bc6c984
rgb_anon/rain/train/GP030400/GP030400_frame_000045_rgb_anon.png,gt/rain/train/GP030400/GP030400_frame_000045_gt_labelTrainIds.png,d8605421e585d68644c3808f27602ab61f8310f62df66817058b74b19c8b9bc8,35774e6e9319eceef37191b2b20e5c5f04d8a6e1bb6242d293d118b56bf2289c
rgb_anon/rain/train/GP030400/GP030400_frame_000050_rgb_anon.png,gt/rain/train/GP030400/GP030400_frame_000050_gt_labelTrainIds.png,87380d31d7ea254ed9cb09f724321c82e8b5c158013114edaba2bc386d4ccbb9,c9a07c40f3cb06c6c9202a8b594380b2166b06ef9d6bcf400081ea5823bbc597
rgb_anon/rain/train/GP030400/GP030400_frame_000055_rgb_anon.png,gt/rain/train/GP030400/GP030400_frame_000055_gt_labelTrainIds.png,6423639376ab174f2b409caac2c9b4a1ea3a9b900f2f45c714647c0e4c7f505f,4126750cfcfb68360e80574e4f973fa055ff065922478f5acf55a83f32dc26cb
rgb_anon/snow/train/GOPR0122/GOPR0122_frame_000161_rgb_anon.png,gt/snow/train/GOPR0122/GOPR0122_frame_000161_gt_labelTrainIds.png,2d6b37f1acbc50b966e1c9730830a19bdc1b9b8c5339bd736853e571fed523ec,eb987f602690edc32400dcd90f323279d03ab8bd43afc8d82913bb6a55cf898e
rgb_anon/snow/train/GOPR0122/GOPR0122_frame_000176_rgb_anon.png,gt/snow/train/GOPR0122/GOPR0122_frame_000176_gt_labelTrainIds.png,b81433a7ef27c9b5b6f237b0b0fc76cdcece43e54bb8bb1c670def1e67d3173b,5a0a7f863bf337ade5806d5aeb917992dd275fff3fc47ae1313c51749c266d64
rgb_anon/snow/train/GOPR0122/GOPR0122_frame_000185_rgb_anon.png,gt/snow/train/GOPR0122/GOPR0122_frame_000185_gt_labelTrainIds.png,eaf277e08f5e573cb8bdadd73fca734b49d93dc1d99dcd8ebd7ea3789fd93a52,6bd3cff4fe71eed2b20f470122fd42b33ce5f28c05d63168ba0f492db09187bf
rgb_anon/snow/train/GOPR0122/GOPR0122_frame_000192_rgb_anon.png,gt/snow/train/GOPR0122/GOPR0122_frame_000192_gt_labelTrainIds.png,6019aa2dfe329220696396ad2799fd1e8852e36b017d3016ba36f813bca8bae5,c3cf08e8e8571b7751b624f17d1092045fa5a083065419267e690f9a95ba76d9
rgb_anon/snow/train/GOPR0122/GOPR0122_frame_000198_rgb_anon.png,gt/snow/train/GOPR0122/GOPR0122_frame_000198_gt_labelTrainIds.png,1c8918a07f142ef3657a758306671d758e8ce72f940a3277a587d065674ca45b,61c9a16a4e5c4e54ba0d6a18876d649b7c3e07d1ee6006947bc89899d799b73e
rgb_anon/snow/train/GOPR0122/GOPR0122_frame_000205_rgb_anon.png,gt/snow/train/GOPR0122/GOPR0122_frame_000205_gt_labelTrainIds.png,12a33226935f9c99577b3eea19e69765c4306990021b440ffea2b1f7e008070a,d80a0b468bc5d7838fea1da1f69e819cdb054e9248f668eb4c7528eb769f669a
rgb_anon/snow/train/GOPR0122/GOPR0122_frame_000212_rgb_anon.png,gt/snow/train/GOPR0122/GOPR0122_frame_000212_gt_labelTrainIds.png,8e6dd83742d5e3116608577f93df7ea70d2f0af8d96b944a1e070b3548137767,8df6a33e1d203857b83a164768ace82e952f235eae969165c8c107ca540d526e
rgb_anon/snow/train/GOPR0122/GOPR0122_frame_000221_rgb_anon.png,gt/snow/train/GOPR0122/GOPR0122_frame_000221_gt_labelTrainIds.png,049a1b13fbc737eb7b7840a4f6bbfd9b4e8b11e7f56e9e1f9eeff529c25a774c,f1d757842f22a99b363b3d1af3c999de9696e249db2cc7ee255ccb446d573280
rgb_anon/snow/train/GOPR0122/GOPR0122_frame_000227_rgb_anon.png,gt/snow/train/GOPR0122/GOPR0122_frame_000227_gt_labelTrainIds.png,115f11b6772901338f211d098d3be23addf147e633aab79fd601d468fada85d7,c71c134a474a9a4276ebc87c5227567fe312c714105523970441b96d7d1745bd
rgb_anon/snow/train/GOPR0122/GOPR0122_frame_000234_rgb_anon.png,gt/snow/train/GOPR0122/GOPR0122_frame_000234_gt_labelTrainIds.png,6b3622c0b60ae10ddb357ec9fb3357675641c6158cb7d19e40a927bbd1c26f9c,e7a82af351dabc45d7834361cc39d32a1922c584d725cda0dc7a17994cdb54b9
rgb_anon/snow/train/GOPR0122/GOPR0122_frame_000248_rgb_anon.png,gt/snow/train/GOPR0122/GOPR0122_frame_000248_gt_labelTrainIds.png,4de8e4edc03bfcc1fa549e78d38216304c02375cecca42dc88a09067554a70b6,bab9d5622e1367ed9c1355a6a6ac626ce41ff77027e120975e17a2c91ca93bf7
rgb_anon/snow/train/GOPR0122/GOPR0122_frame_000265_rgb_anon.png,gt/snow/train/GOPR0122/GOPR0122_frame_000265_gt_labelTrainIds.png,c57ff34ec3e7dbc4dab68ad52e2f518fe3f30fe72c1c70e35f4bf3e14a8b607f,30241db9e933edf9ed9e5b3e3a42b70d2c82733cc634c088be54726484a7514e
rgb_anon/snow/train/GOPR0122/GOPR0122_frame_000275_rgb_anon.png,gt/snow/train/GOPR0122/GOPR0122_frame_000275_gt_labelTrainIds.png,b223da2a79f77100010ce85eb41c224b6ee7c029b72828982c344109b675a665,32de509f688a1ba8576fd29c67da1674b39f924958f9f33daa3b44183d44a792
rgb_anon/snow/train/GOPR0122/GOPR0122_frame_000287_rgb_anon.png,gt/snow/train/GOPR0122/GOPR0122_frame_000287_gt_labelTrainIds.png,f571d0fb1a594e1bbe43bd32fcbba7b28de073438784d5c8623b4282eab95395,d8531574445230a46740f4fbf63846dd14d44ed9f9d0ed4e4b4fb1e4ce04f4a7
rgb_anon/snow/train/GOPR0122/GOPR0122_frame_000294_rgb_anon.png,gt/snow/train/GOPR0122/GOPR0122_frame_000294_gt_labelTrainIds.png,0fcdb539c6144fb36ec1037af84f1b4b9175549ef4563ddc55a6ce6c9df59a34,24f7fa04873951148ff3a1ec878aa9b0e72eaf4a0e502417618545299c06d182
rgb_anon/snow/train/GOPR0604/GOPR0604_frame_000496_rgb_anon.png,gt/snow/train/GOPR0604/GOPR0604_frame_000496_gt_labelTrainIds.png,28d88f049763f70a666fb3bc9592e98c771347f81432ba5a1474cef5ce230b19,4bf52411da4dd3b58f17f77b1648b04bb1de1d7a9476485c533c9f706485252b
rgb_anon/snow/train/GOPR0604/GOPR0604_frame_000504_rgb_anon.png,gt/snow/train/GOPR0604/GOPR0604_frame_000504_gt_labelTrainIds.png,925e51540212ecd0d4d615b143d5bc7cb695ace1cb57133f7a1551dd9e22b508,ad9fe9053c988b13eb4f3ed1901c33b07e3d3a0ba32de57832a85ba0e5d3cc02
rgb_anon/snow/train/GOPR0604/GOPR0604_frame_000515_rgb_anon.png,gt/snow/train/GOPR0604/GOPR0604_frame_000515_gt_labelTrainIds.png,f78e8588e04ca5a91b016b2dd98ad895d0ca4b688cecfd6780c706102cc0d857,e830d2f66ef775e652cd4e1c4cc3e4dd9091cbcf282199a1caa3245b5361bd26
rgb_anon/snow/train/GOPR0604/GOPR0604_frame_000521_rgb_anon.png,gt/snow/train/GOPR0604/GOPR0604_frame_000521_gt_labelTrainIds.png,c49436a1f4979b088b6e9d5d2038ffe914f2f903eb92ab124c691c1f58f2e587,5aca4d37798863bcd48886431de0a2bf695fd9850e4c8a7710a89f54befe6fe0
rgb_anon/snow/train/GOPR0604/GOPR0604_frame_000527_rgb_anon.png,gt/snow/train/GOPR0604/GOPR0604_frame_000527_gt_labelTrainIds.png,40d0c7f87a58090eca58b5a6038c96a404dcc775f37d901caa5d9fe49a22fbb7,3b8d84453a93020041defac0c4391554c8077b00224f1278f945aa37f1e16988
rgb_anon/snow/train/GOPR0604/GOPR0604_frame_000543_rgb_anon.png,gt/snow/train/GOPR0604/GOPR0604_frame_000543_gt_labelTrainIds.png,5d8ba1607f0d9498b21c10030b465611b5cdf7ac766a8028bf57d1b90d80a2e5,a0dbc68445ac1ea916069810a8e34264b2b23fb0a934930fb8904ed4e37603cf
rgb_anon/snow/train/GOPR0604/GOPR0604_frame_000558_rgb_anon.png,gt/snow/train/GOPR0604/GOPR0604_frame_000558_gt_labelTrainIds.png,bca02407d565e6dd476405259ac3cd077dc7a1e1b14a3da55633b50125b7c19f,c24eaea0efa35c35fb5cd16e161ec4f2dbce7f75f53bfc9eb60581456a718168
rgb_anon/snow/train/GOPR0604/GOPR0604_frame_000563_rgb_anon.png,gt/snow/train/GOPR0604/GOPR0604_frame_000563_gt_labelTrainIds.png,59ec23fae26e0412449fe872eddb494161b898458d2e1f2d8e0279ab46ff8947,cdcc64060dad56bb2a88b66aca2614fc2e537a794e94ee2aac922bae114ecf1a
rgb_anon/snow/train/GOPR0604/GOPR0604_frame_000568_rgb_anon.png,gt/snow/train/GOPR0604/GOPR0604_frame_000568_gt_labelTrainIds.png,b92a5a5fbaaa8a398fcb43d138bab27b230280eeb1e75f277cab4c46acff4bc1,abf04d7966bbf6bdf1172f1f422257f8ffd0fcc107a904e5cad3bf7ea366f361
rgb_anon/snow/train/GOPR0604/GOPR0604_frame_000573_rgb_anon.png,gt/snow/train/GOPR0604/GOPR0604_frame_000573_gt_labelTrainIds.png,5b470475e70ca11539c94ab46b0afc7c3de0d211360863efbfd16b0250c492dc,d5d1a48657f6b170225c0f28a6dba4932a0b083a102825ad88123574b3829eb9
rgb_anon/snow/train/GOPR0604/GOPR0604_frame_000578_rgb_anon.png,gt/snow/train/GOPR0604/GOPR0604_frame_000578_gt_labelTrainIds.png,aee25a096aac36ac92d4795ade4995ee1ec15d878ff3b4f7884567a8fea50a45,ead0a68bdc93f9a5e2618d797b285b552eb7fd4c248b6da99a057dc9bef6543b
rgb_anon/snow/train/GOPR0604/GOPR0604_frame_000584_rgb_anon.png,gt/snow/train/GOPR0604/GOPR0604_frame_000584_gt_labelTrainIds.png,777912036c366688af4638b889924ed9e5f3b83977ea1fb14d3108bdc4237e6e,0cba1a1f2f6230e0fffc177b704bb2bebf27a04d3ec8e4008db3f80eeb204604
rgb_anon/snow/train/GOPR0604/GOPR0604_frame_000593_rgb_anon.png,gt/snow/train/GOPR0604/GOPR0604_frame_000593_gt_labelTrainIds.png,e30c422f876ab179131040e3ca20c39443937eeb9003ce90dea1f363bfc986ce,305e027633f625abbb792246df509fdf0171ab49b1b3d12215f28cfb1fa4c2e5
rgb_anon/snow/train/GOPR0604/GOPR0604_frame_000599_rgb_anon.png,gt/snow/train/GOPR0604/GOPR0604_frame_000599_gt_labelTrainIds.png,44abc500749ce38d6cb0abf290b7c9ea49b6435fd6313283bf1a9db11e3a59b9,b80fff5289d90864ff0d560d0d4cb5b7e9988be414efdd7287111d64448018fa
rgb_anon/snow/train/GOPR0604/GOPR0604_frame_000609_rgb_anon.png,gt/snow/train/GOPR0604/GOPR0604_frame_000609_gt_labelTrainIds.png,85da0a7303d1322b585698cc45fd3f9ecb11ee72aa6c075dc6d404e34e6ccfb6,7ec551ffbb853049e2f0375d4e3f67347897fddf03b1eea10f0dab5053b3e19f
rgb_anon/snow/train/GOPR0604/GOPR0604_frame_000614_rgb_anon.png,gt/snow/train/GOPR0604/GOPR0604_frame_000614_gt_labelTrainIds.png,2aaf858c4b0f8c415a2b7a61dacb0e9d6fd44f7f376b116326640389d9142731,a7c521ef3f8bb9db385a20727e6b90bced4683e6e40dfa197f40e007a430a9ad
rgb_anon/snow/train/GOPR0604/GOPR0604_frame_000619_rgb_anon.png,gt/snow/train/GOPR0604/GOPR0604_frame_000619_gt_labelTrainIds.png,9a9f1be8346e31733d356c24bdeadaa4be0d8fa21b437f821b6bfba97f7dbeaa,e00b0594977538de25ad3d593376c11e898d7d61dfa278692e336c926507ff1b
rgb_anon/snow/train/GOPR0604/GOPR0604_frame_000625_rgb_anon.png,gt/snow/train/GOPR0604/GOPR0604_frame_000625_gt_labelTrainIds.png,17fdebdc2383c9add1d38811123b88bbf190b574cfe1fd499ff2636e34430d00,03734382ca688d3bb233b5f99abd98f464407ae398d5676f0d4b520a40b53234
rgb_anon/snow/train/GOPR0604/GOPR0604_frame_000632_rgb_anon.png,gt/snow/train/GOPR0604/GOPR0604_frame_000632_gt_labelTrainIds.png,60fa4f19c328e934f9a416089b804e6b171ffc7221b0c7a40ad2779218902443,e7b074bccd36a0e642cbb600b6a5a9f7bea39d6f47e53b0eea1a7660e758d3da
rgb_anon/snow/train/GOPR0604/GOPR0604_frame_000652_rgb_anon.png,gt/snow/train/GOPR0604/GOPR0604_frame_000652_gt_labelTrainIds.png,11b57524eef577c44b9134807a4758ef2e9ed4c735f7dcf4772e3db57e993ded,620dd8db5cf7eeba039f39f21d5128bf1f406c1f0ae203a31dbf78f1fc8919d8
rgb_anon/snow/train/GOPR0604/GOPR0604_frame_000672_rgb_anon.png,gt/snow/train/GOPR0604/GOPR0604_frame_000672_gt_labelTrainIds.png,f8c8135cdc868cabef8438cd53eaf9a0afb2779c9b89dd12dfea369f3631fdcd,4c120c6e6ced6bb269a0858eb550ddb7d64291148e7e420765114f4778ebbc3e
rgb_anon/snow/train/GOPR0604/GOPR0604_frame_000681_rgb_anon.png,gt/snow/train/GOPR0604/GOPR0604_frame_000681_gt_labelTrainIds.png,f63027cbf3455307e79288499f72fa6f53db8b93bb1296f177b7594ef27d6ee6,c54840f22c876aaa18b5aeec39600abe3344d8a33d67c6757eab07ebc6de7c44
rgb_anon/snow/train/GOPR0604/GOPR0604_frame_000693_rgb_anon.png,gt/snow/train/GOPR0604/GOPR0604_frame_000693_gt_labelTrainIds.png,f2cb10871c32acec7cb7b198ad3d5cbdc02b933c5e70fe70413ec301cffff914,55dbe356c28830982e8d00a3950cc72d737b8ce362af36fcc246052381572c42
rgb_anon/snow/train/GOPR0604/GOPR0604_frame_000699_rgb_anon.png,gt/snow/train/GOPR0604/GOPR0604_frame_000699_gt_labelTrainIds.png,4d843035d66de93f1cdb38f166d1be5436a438ef02d2cb5ec9ee338c64cd4fbe,9cc96de8c5a82e3316f199ea49cf02fb3e82116ebf74b3d38ca979709675370b
rgb_anon/snow/train/GOPR0604/GOPR0604_frame_000704_rgb_anon.png,gt/snow/train/GOPR0604/GOPR0604_frame_000704_gt_labelTrainIds.png,e63a22a6d949c3c2b35963f4dadb5803ae93aadae6eb3ce33aeffe3a84dbea28,ff7eb70ac8fff833fafe4bed4f64602fc35facb5d9e8ee59b0ab6d273371ad66
rgb_anon/snow/train/GOPR0604/GOPR0604_frame_000709_rgb_anon.png,gt/snow/train/GOPR0604/GOPR0604_frame_000709_gt_labelTrainIds.png,b2357caa5afec3d813c2f281e7d97516d6358d83e7a6d2e52b4b58baea5aa432,451895a7d80880ec141268ce3ac3293644220b3db5e62afdffd2720b2a92f0e0
rgb_anon/snow/train/GOPR0604/GOPR0604_frame_000714_rgb_anon.png,gt/snow/train/GOPR0604/GOPR0604_frame_000714_gt_labelTrainIds.png,84df585a82aea469b922b19e716d2e1b6bd2e696cef0fbad7e777f7c4a030548,b9dc0a44b5282110b77f1a45bcc6a2208c8294db7a5723d43d1a8b54712c0e35
rgb_anon/snow/train/GOPR0604/GOPR0604_frame_000720_rgb_anon.png,gt/snow/train/GOPR0604/GOPR0604_frame_000720_gt_labelTrainIds.png,6c30b0a8c5a6a11dcfc51da5f2042f84483a3661988188e3853dbfd75854e8c4,2bfd837318e246fdd256c119654e26150a88f256fb022fe92b6192e1b206aa1a
rgb_anon/snow/train/GOPR0604/GOPR0604_frame_000740_rgb_anon.png,gt/snow/train/GOPR0604/GOPR0604_frame_000740_gt_labelTrainIds.png,1005b0ce413de76003c2706807d237fe52569588df1ab2db348ef0e2a22efef2,5877575be6a8067077a021079c1a5d6ace1ca53ef5e0069b64b0c892eb8d5461
rgb_anon/snow/train/GOPR0604/GOPR0604_frame_000758_rgb_anon.png,gt/snow/train/GOPR0604/GOPR0604_frame_000758_gt_labelTrainIds.png,34066265d037706a77cb28e9c8c642f0746459e993dbba09908854abcfa82af3,090c0bbe8f6f54656069f7a2b5294c9dd35ba7d3e6dedb9210cae8b26e4ac0a3
rgb_anon/snow/train/GOPR0604/GOPR0604_frame_000768_rgb_anon.png,gt/snow/train/GOPR0604/GOPR0604_frame_000768_gt_labelTrainIds.png,b54ca8a10814c01792cf63687c7e3250cbea6c8934a475b1eded2d6ebdaac946,d7adf94c2ffbe7165a3e130ef54378153d7ae3eca0de7ea55802ebc83ebf23ad
rgb_anon/snow/train/GOPR0606/GOPR0606_frame_000479_rgb_anon.png,gt/snow/train/GOPR0606/GOPR0606_frame_000479_gt_labelTrainIds.png,73a93baa62fc8cf64ea48d5cf2e8deb6539c8256d3f754f8152a654ec7cfb6d7,ccbece1499f80ce744d41d9c259bb5675b187ad56d1bbe61671e0b20193750d9
rgb_anon/snow/train/GOPR0606/GOPR0606_frame_000489_rgb_anon.png,gt/snow/train/GOPR0606/GOPR0606_frame_000489_gt_labelTrainIds.png,79d70efa2dfc93abc3d6752831d59f6c5c3a3d8b3f8b668c10ec14374eba56a0,6c8431114ef183f041e8fe15cb180b9b406a7402e6d7505842a84c1128d0085e
rgb_anon/snow/train/GOPR0606/GOPR0606_frame_000494_rgb_anon.png,gt/snow/train/GOPR0606/GOPR0606_frame_000494_gt_labelTrainIds.png,e7839da3c46d64313d10476a25e0b500c92ec7d0c9115281a71069f71af54016,243b1f1c29db9b5c8bef08e7eeef78555d891a73401e78981aa293aabf995805
rgb_anon/snow/train/GOPR0606/GOPR0606_frame_000503_rgb_anon.png,gt/snow/train/GOPR0606/GOPR0606_frame_000503_gt_labelTrainIds.png,3e48729b6baaa37f196476f08e4aee34214414175d818ac7390a41b2ce00c81c,f9b1c070c7d61bb353b1dde35f3479c174eaa598ee96304d82dbf135403c7106
rgb_anon/snow/train/GOPR0606/GOPR0606_frame_000508_rgb_anon.png,gt/snow/train/GOPR0606/GOPR0606_frame_000508_gt_labelTrainIds.png,83dc2a8e4b072cae3345ef7539d5a35bf9739a78888c1a284e25aab7084a7024,ae41cd6dd3fbf7b274f67b4eb59003ff868915c8ee93b703cee3fa17b0d6fcb3
rgb_anon/snow/train/GOPR0606/GOPR0606_frame_000513_rgb_anon.png,gt/snow/train/GOPR0606/GOPR0606_frame_000513_gt_labelTrainIds.png,2bce4efd34c870990f7346a632af9c6aa1d0179cc889dc8d50d69b12f34dd94f,50f8d1ca51ae0aa01ea2a5c47aeb052cb652d4b7dcb5c0cd288cdee9b73fc18f
rgb_anon/snow/train/GOPR0606/GOPR0606_frame_000520_rgb_anon.png,gt/snow/train/GOPR0606/GOPR0606_frame_000520_gt_labelTrainIds.png,75578077b9414771c2ac4a0dd2bbd16bb6368c087e56b134282cdf838dc97367,e8dcd80e906bebd537fe4c62180d17012a6461a352eeb1fe4215d91f8aac6adc
rgb_anon/snow/train/GOPR0606/GOPR0606_frame_000525_rgb_anon.png,gt/snow/train/GOPR0606/GOPR0606_frame_000525_gt_labelTrainIds.png,cd53c4c28123038fbefb4adba881c2f958261c9b694b579038ac2f81533fd7f4,8ae2163b260811a22b02535c729f1cc4acfe39b2ff60f916513b5489a9784410
rgb_anon/snow/train/GOPR0606/GOPR0606_frame_000530_rgb_anon.png,gt/snow/train/GOPR0606/GOPR0606_frame_000530_gt_labelTrainIds.png,821745a870566d2c93a8be6672cf64082e099ad972e42aad9d281f6df976c6a3,a45561d3ab423859cb33dcb8317fef7c3eb67ebdcd855eb92d2eab0fe8383d4b
rgb_anon/snow/train/GOPR0606/GOPR0606_frame_000540_rgb_anon.png,gt/snow/train/GOPR0606/GOPR0606_frame_000540_gt_labelTrainIds.png,e20d9b6d853df9dbf61588d823fc1a6c1a1f6038f8c3769ce437b9cb9bb71559,545f7e5c39f433b31867a7905af17bfe51726c48f3432b083cb29db072b1f2f4
rgb_anon/snow/train/GOPR0606/GOPR0606_frame_000545_rgb_anon.png,gt/snow/train/GOPR0606/GOPR0606_frame_000545_gt_labelTrainIds.png,64ea101a235448a4825d77fa176511c77b5e75be86d7ed48e792416119f69926,63f2334f2f2188e5f87df1168c17b1f45bb42fd8e9d959274e7fc71c5aca408d
rgb_anon/snow/train/GOPR0606/GOPR0606_frame_000550_rgb_anon.png,gt/snow/train/GOPR0606/GOPR0606_frame_000550_gt_labelTrainIds.png,301d370b511225e9eb25d32553cc67e51bf316f9a89075f779260b34090077a7,21b4880f2ab1d6a4333798be40d716bf717ccc6aece47b029b555357029ef240
rgb_anon/snow/train/GOPR0606/GOPR0606_frame_000555_rgb_anon.png,gt/snow/train/GOPR0606/GOPR0606_frame_000555_gt_labelTrainIds.png,ae838980cf63690128bc3cad59c6ebf53af5eeaa1a16c0efe05789bca265f9f3,b1a443970a3a4b6a56d44a348274ece885a175a7c396e8ca9ff4a62151e85e5d
rgb_anon/snow/train/GOPR0606/GOPR0606_frame_000560_rgb_anon.png,gt/snow/train/GOPR0606/GOPR0606_frame_000560_gt_labelTrainIds.png,8c7078ff85ff14157ad332aafda3eb944ae37ea965a907c188b88041b78a08d9,81b2b7c9c5be3968397e2d5c262fd96c9893ca639d7b906ccb73ed044f30219a
rgb_anon/snow/train/GOPR0606/GOPR0606_frame_000593_rgb_anon.png,gt/snow/train/GOPR0606/GOPR0606_frame_000593_gt_labelTrainIds.png,54c53016ebaf147241fbe54a6ff9f1605b383c20be9edd117e56fdd524bbb96a,3dc9791de9598730182599027cd40603bdd6d6d78a6ede5abe88866e0fa3e8c1
rgb_anon/snow/train/GOPR0606/GOPR0606_frame_000603_rgb_anon.png,gt/snow/train/GOPR0606/GOPR0606_frame_000603_gt_labelTrainIds.png,d80107049bc1dc217fb98437de8520cc2ee251c9535160469ca2930c8b315b97,1f94194974d6f34b223626613449d880073880c55f8c4e471b6444b25a1b0aad
rgb_anon/snow/train/GOPR0606/GOPR0606_frame_000618_rgb_anon.png,gt/snow/train/GOPR0606/GOPR0606_frame_000618_gt_labelTrainIds.png,e2eb3538d3f4cc5fbd69eec8228d99c30ad0f86b3d2d48c1532527a391cc4355,7fa696e2fc0105d905a51f70753fd56b749181337e4f79dbbc9d0e9d82618474
rgb_anon/snow/train/GOPR0606/GOPR0606_frame_000626_rgb_anon.png,gt/snow/train/GOPR0606/GOPR0606_frame_000626_gt_labelTrainIds.png,e0a5fffa5c6cb21d93b9261dfd214cf7d005108942280ee0293dae32db96336d,6e9be163c97fab828acdcf5c0b5ddf1f9c76d7c6b1d661865af2a6358b3ced33
rgb_anon/snow/train/GOPR0606/GOPR0606_frame_000661_rgb_anon.png,gt/snow/train/GOPR0606/GOPR0606_frame_000661_gt_labelTrainIds.png,ad743e34d49720e21e2e13d8995750d4c4cca584928533faac80977b2cbe8383,e64274764d258eac01af0c1f926a01ef02f1c12bfb2160ef6527289a52ce1c27
rgb_anon/snow/train/GOPR0606/GOPR0606_frame_000666_rgb_anon.png,gt/snow/train/GOPR0606/GOPR0606_frame_000666_gt_labelTrainIds.png,a6662d8c30c2aebc8e0fa5d22c335b009522b006334289b444d3ba0130e35d5b,6e74e7887825510056883319e767500fe10bf3f33b687f9f29dfcb70c8cf7e96
rgb_anon/snow/train/GOPR0606/GOPR0606_frame_000677_rgb_anon.png,gt/snow/train/GOPR0606/GOPR0606_frame_000677_gt_labelTrainIds.png,99446e9f909b50b3a2316d3eb5e9b8c7202772ca40171cdea71539fb25212aa6,b33184093286dcbd4a043398bbf35449f4f8bf5071bd4fdbe5aec8e173ce5d72
rgb_anon/snow/train/GOPR0606/GOPR0606_frame_000683_rgb_anon.png,gt/snow/train/GOPR0606/GOPR0606_frame_000683_gt_labelTrainIds.png,4b75a99bccdc0106e0cf76c689d464820ee38791619665b422d6f0d346816fde,8333e1b2a09f69004ad771eac03a680af1fb04b042217b8a028c3be97b0df30a
rgb_anon/snow/train/GOPR0606/GOPR0606_frame_000723_rgb_anon.png,gt/snow/train/GOPR0606/GOPR0606_frame_000723_gt_labelTrainIds.png,b46d1e1981241d0e4471154b508b6d657f3871f5d0edb9167aa0f3ef6c08508a,d7d84aeb38fcc1ad64b1c0fafd03a8455ee100cb2e2c049b28768da2e3bb3d35
rgb_anon/snow/train/GOPR0606/GOPR0606_frame_000741_rgb_anon.png,gt/snow/train/GOPR0606/GOPR0606_frame_000741_gt_labelTrainIds.png,bb218d37da703f4b90b13359a8430b0ec3997a002bc2a9882c0fdd1154572b7e,fc3523c7068b7db916bb329b7983d37f921cae2dd67af91400aa4fba8946abf3
rgb_anon/snow/train/GOPR0606/GOPR0606_frame_000750_rgb_anon.png,gt/snow/train/GOPR0606/GOPR0606_frame_000750_gt_labelTrainIds.png,c79a0d3556f8e904583a5bc8aa4bacaa32cf2ab5de71f7147c90bf9e1c52a533,6151f3c35b5057aa40af1201dd60f53f2759026a8775e9e1f6f7cfa1b2d79ac0
rgb_anon/snow/train/GOPR0606/GOPR0606_frame_000784_rgb_anon.png,gt/snow/train/GOPR0606/GOPR0606_frame_000784_gt_labelTrainIds.png,0f7565174a7a7ecfde24d67d806fce7550e59678e722049bc7aabc613940aa56,7c81f6745c4839bee4f63a94bbf457445882ef3c40d3791722ca11e7c68c5fa3
rgb_anon/snow/train/GOPR0606/GOPR0606_frame_000799_rgb_anon.png,gt/snow/train/GOPR0606/GOPR0606_frame_000799_gt_labelTrainIds.png,c66ae8a2fced38f286b2fee167de8035ecec53c75ab79dfc48b0887c35e405a5,9beb138b64c3461ec87b87876047c29254a0a30aeac0209bf3b3a8fb07887cf3
rgb_anon/snow/train/GOPR0606/GOPR0606_frame_000804_rgb_anon.png,gt/snow/train/GOPR0606/GOPR0606_frame_000804_gt_labelTrainIds.png,5eb531345da6ac91f7f81c83b786d296353411a955f940a117c7dab380094e18,c851278da9a725b3d59f26bca06026b4ab17f26b36ff4b844fcf8fcce4bc6893
rgb_anon/snow/train/GOPR0606/GOPR0606_frame_000809_rgb_anon.png,gt/snow/train/GOPR0606/GOPR0606_frame_000809_gt_labelTrainIds.png,41aa5942dde2b90e3f204626c7ed590bfa0c642a2b00f70ec07c2079e1382b84,432d838c320c3aff6b5de5b943f5a95c75e7009b6dd5831ca971e8f953426237
rgb_anon/snow/train/GOPR0606/GOPR0606_frame_000814_rgb_anon.png,gt/snow/train/GOPR0606/GOPR0606_frame_000814_gt_labelTrainIds.png,086bbeae441b8508ab990b82d2d9b5edcbd137d4ac8ff008d9caa901bc153645,243b72e622941c39769f6632d3b21d4ec32ee0e5240b4e6e1b56555983717433
rgb_anon/snow/train/GOPR0606/GOPR0606_frame_000822_rgb_anon.png,gt/snow/train/GOPR0606/GOPR0606_frame_000822_gt_labelTrainIds.png,5bc590ed6aee648e9ac9ec89b31da7a2f87e61da21874362acaebf430a8081f0,94a68a192961478923fc7b2bc8e80316ec0efd8b594fe1b7dd89d7f0e7e26015
rgb_anon/snow/train/GOPR0606/GOPR0606_frame_000836_rgb_anon.png,gt/snow/train/GOPR0606/GOPR0606_frame_000836_gt_labelTrainIds.png,617fedb61fa890d3586cefd0feb391e44d273f292cf8f3b77322527e8e791cfe,40d3b9e82f1d3c1e5216221f0fb72b479bf06030e98c62aff9491a4a6989086f
rgb_anon/snow/train/GOPR0606/GOPR0606_frame_000845_rgb_anon.png,gt/snow/train/GOPR0606/GOPR0606_frame_000845_gt_labelTrainIds.png,508f55b65c5899bd0a10de00e3a942c13a3413e411828c8133f8b45ccdb91b1d,e0b9e6a48a3fcaf41076487cb855586f962e283958f24c2b9d1d15d2b711510d
rgb_anon/snow/train/GOPR0606/GOPR0606_frame_000878_rgb_anon.png,gt/snow/train/GOPR0606/GOPR0606_frame_000878_gt_labelTrainIds.png,1753f0c069b496d004f6297b73c1c6546e1388227f6d964602dcef48507a0135,732c49d5326fc0b0e72c1e81abb313a5fcff43209a9bfe2f2cc0ee33a87bcdb6
rgb_anon/snow/train/GOPR0606/GOPR0606_frame_000885_rgb_anon.png,gt/snow/train/GOPR0606/GOPR0606_frame_000885_gt_labelTrainIds.png,7d32ea87248f05e32a3bac24156617953cce115f73bfd68301fc8deccf6261ed,c8cc6e690087b314128864b15b763e815e2c6af1cc0dc95b861860eb2845d713
rgb_anon/snow/train/GOPR0606/GOPR0606_frame_000893_rgb_anon.png,gt/snow/train/GOPR0606/GOPR0606_frame_000893_gt_labelTrainIds.png,6e2ffc76ae6fdb5d41a718c121ca47ddd1431125385250b8d75d5ae003cae219,de6bf875e4b5939c66530daf473c5e341bae0140f9d006cacfdd2ebcd22550ae
rgb_anon/snow/train/GOPR0606/GOPR0606_frame_000899_rgb_anon.png,gt/snow/train/GOPR0606/GOPR0606_frame_000899_gt_labelTrainIds.png,602ba04c87f20ec04a6ec206c503cd93b5f64f6ad361a0edb833743d559d567d,74c875446a2d59fd57d02bd6d245e1873a2f51c885d4df1151724fa86686f186
rgb_anon/snow/train/GOPR0606/GOPR0606_frame_000909_rgb_anon.png,gt/snow/train/GOPR0606/GOPR0606_frame_000909_gt_labelTrainIds.png,df298206df7137e91b2ef90b5d56da615ecbbaa97e00efa11ae84191e7ce26eb,c0172b68ff26dc41d2ebf6164ab4ca323d2ba924195bc13b692626b546dac2eb
rgb_anon/snow/train/GOPR0606/GOPR0606_frame_000919_rgb_anon.png,gt/snow/train/GOPR0606/GOPR0606_frame_000919_gt_labelTrainIds.png,d662af6778c7a2dd944f128511d4ece80a1aa350f5bc303df5a468bdf2fd4db9,9e5dd299827536043088ebbd4493ad62c353deb555658781b219225898d569cc
rgb_anon/snow/train/GOPR0606/GOPR0606_frame_000929_rgb_anon.png,gt/snow/train/GOPR0606/GOPR0606_frame_000929_gt_labelTrainIds.png,4dd073efc2fb1b1fbcbf7d8af40073423983a2665104d8922c8db2779600511a,d192449cb02956d3bbaca880c5214a3943c0251947353351476a36388069b556
rgb_anon/snow/train/GOPR0606/GOPR0606_frame_000934_rgb_anon.png,gt/snow/train/GOPR0606/GOPR0606_frame_000934_gt_labelTrainIds.png,99ee904ba04290362ccce70c07a4b5d82429855a22f66cc5960c44d64713edfc,2acf51f932341212950cc54aa6388496d24ea7fd19c8bab98a81878121cc42f4
rgb_anon/snow/train/GOPR0606/GOPR0606_frame_000945_rgb_anon.png,gt/snow/train/GOPR0606/GOPR0606_frame_000945_gt_labelTrainIds.png,72dc87d4d93e353987ceeaf85adacdccd2230e6ef84726d7e5353d3f435bd03e,c86202b225216ea16ccf625b3e9075e12a0f28533dab3c67aace01716abcc0e0
rgb_anon/snow/train/GOPR0606/GOPR0606_frame_000965_rgb_anon.png,gt/snow/train/GOPR0606/GOPR0606_frame_000965_gt_labelTrainIds.png,1d843e520e335743055d23800b0d6ecf6a25f7af416e68c0aa43cb28b259a644,93f77fa7d884713eed4a06cce38a0d612746fc09af0f5278787165508967d24e
rgb_anon/snow/train/GOPR0606/GOPR0606_frame_000988_rgb_anon.png,gt/snow/train/GOPR0606/GOPR0606_frame_000988_gt_labelTrainIds.png,7eaaa8fb95ca93fa869050f65dd021fbf16fcebd1e15d7b69c4511e3d710bd2e,eafc96d4aebd5cd7a34290142f41dd2cc06995cda5ab77586d93cb02afe1a9b1
rgb_anon/snow/train/GOPR0606/GOPR0606_frame_000994_rgb_anon.png,gt/snow/train/GOPR0606/GOPR0606_frame_000994_gt_labelTrainIds.png,7a1de7c3d5922eb808536dbaa4cd38a1943cade5fd08fd0924846cb8c4974a72,5738382bb7ab7e7ca05890f42b8b73cd24a7659a59da5c1ae53492683f60b260
rgb_anon/snow/train/GOPR0606/GOPR0606_frame_001004_rgb_anon.png,gt/snow/train/GOPR0606/GOPR0606_frame_001004_gt_labelTrainIds.png,1849618dd585fdfa2c68b6cfa52270166a514509985c6a925509924ebb89a7a0,512971add57b49e42e706c3f779d81930d859ad41c74022fa146ac0b00306005
rgb_anon/snow/train/GOPR0606/GOPR0606_frame_001009_rgb_anon.png,gt/snow/train/GOPR0606/GOPR0606_frame_001009_gt_labelTrainIds.png,8ccdaa2afb82f2caf2b2fd1f72bd33747ff6c1ed435239d8f4d1aabd43db7661,ef8bab8ad454d823bc74088014a4462431b27bb38fd4909cca2a15aa4f12bae6
rgb_anon/snow/train/GOPR0606/GOPR0606_frame_001019_rgb_anon.png,gt/snow/train/GOPR0606/GOPR0606_frame_001019_gt_labelTrainIds.png,9a07bf7c07bce7856690e07a14a1fe66abada9cc8273534ad79118a3f97baa8f,8c08d31a3c5b5755ce0aaa84183ae15a5403c4367efd66acdb129cb77d8daa5d
rgb_anon/snow/train/GOPR0606/GOPR0606_frame_001024_rgb_anon.png,gt/snow/train/GOPR0606/GOPR0606_frame_001024_gt_labelTrainIds.png,5841f634fd6cb488b060d13c4030adb7b02ea3efb48d18ca5d954cee9261009c,40c321a3657b03d3fe13b2658bc6dee817ad604a254c7b5f3da11cc654b0dffc
rgb_anon/snow/train/GOPR0606/GOPR0606_frame_001034_rgb_anon.png,gt/snow/train/GOPR0606/GOPR0606_frame_001034_gt_labelTrainIds.png,8e4c84899d1cfe7d610f8188545e2f1534cf3e727ebac9a424ce18c79b019c8c,4d0123c53fa1106a6042dcfd6ecd9004000ddfbe5009af33011e98d85c864db3
rgb_anon/snow/train/GOPR0606/GOPR0606_frame_001040_rgb_anon.png,gt/snow/train/GOPR0606/GOPR0606_frame_001040_gt_labelTrainIds.png,4830ad5e9230852e6f5fa097410052219145db7d3bca6aeb5ec843ee291e8c61,7c3f2fc1f5052b34bad26a93be5e153d89f06c46bd712ba2b959e57fcdfd32e3
rgb_anon/snow/train/GOPR0607/GOPR0607_frame_000038_rgb_anon.png,gt/snow/train/GOPR0607/GOPR0607_frame_000038_gt_labelTrainIds.png,843bb4e195e1a6c761454ceb2e4c4a03d46305c024364c29da2b52804c967da6,d29c4ac754276209eb95538611747f7eb31684f8ab875db3907c93ef03df25dd
rgb_anon/snow/train/GOPR0607/GOPR0607_frame_000058_rgb_anon.png,gt/snow/train/GOPR0607/GOPR0607_frame_000058_gt_labelTrainIds.png,f5661a00e30733ce6339c8cf8e45175bfe4805ef9b1569eaebbc6800ca03fead,ae01ec5862b2e62029b2af4001999b8cd2d606f5bf42b82e27b634348de7d199
rgb_anon/snow/train/GOPR0607/GOPR0607_frame_000078_rgb_anon.png,gt/snow/train/GOPR0607/GOPR0607_frame_000078_gt_labelTrainIds.png,e5fca96a1733d99c6e59f5c18e5709c6b0d631ff4c13c715b02663cc2fff16ad,18acad59c1153bba2004763748a316d387fd7cb3e5f5e555ad3381f31ed44681
rgb_anon/snow/train/GOPR0607/GOPR0607_frame_000098_rgb_anon.png,gt/snow/train/GOPR0607/GOPR0607_frame_000098_gt_labelTrainIds.png,7e2541dfcd0f3286f9e73aedbcdd1584a7617594502d5f0b4161316f37e3b425,0ca24b157bad37143910335d09c04f607b8456dc74ee9c3cc6b22c4aee6644c1
rgb_anon/snow/train/GOPR0607/GOPR0607_frame_000118_rgb_anon.png,gt/snow/train/GOPR0607/GOPR0607_frame_000118_gt_labelTrainIds.png,d4e62beb2edf3af825b242b385d8ce9ab627b7f4c56d8f4c608403ebe4ccd106,5af062ca355728ae47e3ee9daad9236f1eb32c3384ed4ba8b0e0b1744b41ea67
rgb_anon/snow/train/GOPR0607/GOPR0607_frame_000130_rgb_anon.png,gt/snow/train/GOPR0607/GOPR0607_frame_000130_gt_labelTrainIds.png,d3cf6ce2df028cba94165df921db8e417f5df3b3eb56cfd66594f1a7b78d2753,4dd61376de9dbf2bf0aa22e2f3963f27b5aafbbe394dd14308f6656d81c7440c
rgb_anon/snow/train/GOPR0607/GOPR0607_frame_000139_rgb_anon.png,gt/snow/train/GOPR0607/GOPR0607_frame_000139_gt_labelTrainIds.png,053d259441fb4a59072a9561143b7546797d3978b76fc11a15b923ab0a83cd90,a520f3f09c01badbca37996fb264f3b76f434f0844484652a9625e002c65c693
rgb_anon/snow/train/GOPR0607/GOPR0607_frame_000159_rgb_anon.png,gt/snow/train/GOPR0607/GOPR0607_frame_000159_gt_labelTrainIds.png,b4d06d0edfebb358a4a7be6b6550e335e79cdfcd23320ea94440a4a8302a5692,260fbd0bfbd53aae8a008d6dd63719a359b853f87aeecac62bd27dca766a0bb1
rgb_anon/snow/train/GOPR0607/GOPR0607_frame_000166_rgb_anon.png,gt/snow/train/GOPR0607/GOPR0607_frame_000166_gt_labelTrainIds.png,3e661d8ed61cab8472b17394b4322290bca7daefb4990260883be4b4c47a7f47,4265d54fa7d3481519b3ea297086bfb45c3c847b93957d440e86d5e75e114e1f
rgb_anon/snow/train/GOPR0607/GOPR0607_frame_000172_rgb_anon.png,gt/snow/train/GOPR0607/GOPR0607_frame_000172_gt_labelTrainIds.png,408f297f72a6f371be524f64897f6a3c9dbbd7dc6b8563807c0bb00f9e19773c,e47d48bca17a6bf1b89000cb382f972d663e730b16b81647142d9b4f540a0199
rgb_anon/snow/train/GOPR0607/GOPR0607_frame_000177_rgb_anon.png,gt/snow/train/GOPR0607/GOPR0607_frame_000177_gt_labelTrainIds.png,ffe87cc2a28ba1f7ea2db8ee4a3d92c129587a9cd70a0ce2b25aca5aaa21841e,9d9081324eeccedcfc2df984e8984f7792a4973008894cccc6faaf6a32b5b440
rgb_anon/snow/train/GOPR0607/GOPR0607_frame_000181_rgb_anon.png,gt/snow/train/GOPR0607/GOPR0607_frame_000181_gt_labelTrainIds.png,dc269b850917799f41e86e7d976d0639e52ae857d6b45f786daf7b2a2129b5a1,3dd588ed6dce255d0208ade9b1fec0a400b900a0dc997f5acaf275f02df5d2fb
rgb_anon/snow/train/GOPR0607/GOPR0607_frame_000185_rgb_anon.png,gt/snow/train/GOPR0607/GOPR0607_frame_000185_gt_labelTrainIds.png,3cce93579f4ae9260ae05bf35b42df439d380aa18521a4bf6f744417bbdaf0f5,27c93504c16e59011bb3641ee97f989cb0f1263542574f5c712953c5fdd8479a
rgb_anon/snow/train/GOPR0607/GOPR0607_frame_000190_rgb_anon.png,gt/snow/train/GOPR0607/GOPR0607_frame_000190_gt_labelTrainIds.png,2536cc4a0a96a3dea40ef3cf7ecb6550bc6f0f471463b07fdd26fe224401187f,366227be52b34767c8bb7dbc80126858de76b030c96c726c0a078e45c7d9a24f
rgb_anon/snow/train/GOPR0607/GOPR0607_frame_000195_rgb_anon.png,gt/snow/train/GOPR0607/GOPR0607_frame_000195_gt_labelTrainIds.png,0e502152c0b718c2dd9540d351744dc9963e311d2a7a8b58419f63b67d709096,081803796f4bd82370b8aeed00583848e2ab17d871d0e64895ea0f94028dbb30
rgb_anon/snow/train/GOPR0607/GOPR0607_frame_000207_rgb_anon.png,gt/snow/train/GOPR0607/GOPR0607_frame_000207_gt_labelTrainIds.png,34c62b37a489d984bc034d8feb2de8dbfbba78cf5e7a9d4bd126069bd99aa676,48fb9de879466b24be36d967e97d0321d74788dd038580bedba11f181dd8a90b
rgb_anon/snow/train/GOPR0607/GOPR0607_frame_000213_rgb_anon.png,gt/snow/train/GOPR0607/GOPR0607_frame_000213_gt_labelTrainIds.png,fa3dbb48fe2f663d0a008d216712b9bbfdd3d92d611518527e8423302d3b1c75,7caeaef2ce6e39a131292d0d905dbd017484a1c40a23329f09b5d4ff65b353b9
rgb_anon/snow/train/GOPR0607/GOPR0607_frame_000226_rgb_anon.png,gt/snow/train/GOPR0607/GOPR0607_frame_000226_gt_labelTrainIds.png,a38336a8dde8752a9796a199159def573d423a48cf41672249bcdfc5cbbd1699,5ce1f6ecdeb9fb17c9605749cc9a4af324e59d3b7c3876ce3188db6d08a5acca
rgb_anon/snow/train/GOPR0607/GOPR0607_frame_000246_rgb_anon.png,gt/snow/train/GOPR0607/GOPR0607_frame_000246_gt_labelTrainIds.png,02ec3f57a91ed33b18e795decb74fca19a4a0def11ffa15e5331ba69d33830b3,441f07c5b88a4221559b1b3d57ef450ce7c67f611f0a6122242e6d4a4e3cc23c
rgb_anon/snow/train/GOPR0607/GOPR0607_frame_000266_rgb_anon.png,gt/snow/train/GOPR0607/GOPR0607_frame_000266_gt_labelTrainIds.png,6eb181c5472c0693fe747f2e3c6cba4baf7ce82a411ca964d1d27cd7843053d9,953ca600299e0c02d0358492b07eda14262b946496c3761bc7187d06e1ab6459
rgb_anon/snow/train/GOPR0607/GOPR0607_frame_000286_rgb_anon.png,gt/snow/train/GOPR0607/GOPR0607_frame_000286_gt_labelTrainIds.png,5b0aa4a58b880738fc14b4214e34656bbc202bc32859c7ff6bab753eb3b1d923,f55bdaa8bb491811d643bbb3aabd7ece9a3b16c28331f3463366a405167efbe3
rgb_anon/snow/train/GOPR0607/GOPR0607_frame_000295_rgb_anon.png,gt/snow/train/GOPR0607/GOPR0607_frame_000295_gt_labelTrainIds.png,de634817bf1d8d0e8f677d91049268831eb70dd24732fdcfd9bd378e108d85d0,6661473016d670c9f44e1cf74443702fcaa07e09df19f39446d6de686ca76bc5
rgb_anon/snow/train/GOPR0607/GOPR0607_frame_000302_rgb_anon.png,gt/snow/train/GOPR0607/GOPR0607_frame_000302_gt_labelTrainIds.png,2e88d3d5dbddd448e3c2082f468970327855cfc71dc22a50224f5cb132fe5599,554328a6e8547c9267bd33857df34c776ba696181dd5401f88964eb0d0b083db
rgb_anon/snow/train/GOPR0607/GOPR0607_frame_000527_rgb_anon.png,gt/snow/train/GOPR0607/GOPR0607_frame_000527_gt_labelTrainIds.png,04bf0a41f2096ac0a47c2c19b2d142fcf9c75c2943c2edf9f2abe649f991a6af,a34a219985426ae6ada18b46a14aac445f57c20459a9d1ee8b8abdd5f9a43b07
rgb_anon/snow/train/GOPR0607/GOPR0607_frame_000533_rgb_anon.png,gt/snow/train/GOPR0607/GOPR0607_frame_000533_gt_labelTrainIds.png,f65ce01218ab97d739b68172a13a46a40a80a47d6b812f257dc197db49ba0be6,03a2a49df2c1afe16611c340df75c3f811c0c85542d676572d51ce64bd4a8bdc
rgb_anon/snow/train/GOPR0607/GOPR0607_frame_000558_rgb_anon.png,gt/snow/train/GOPR0607/GOPR0607_frame_000558_gt_labelTrainIds.png,22d43909a2c4147be8df0a451f35e99b3076f6ae768b91d7306e4b4480fb07ca,3efe4839d3c7192a26af83805104f57fdace8bb35d7c34e54e2ac9f62b36046f
rgb_anon/snow/train/GOPR0607/GOPR0607_frame_000572_rgb_anon.png,gt/snow/train/GOPR0607/GOPR0607_frame_000572_gt_labelTrainIds.png,9e06ea0f53f11bb1603ed62a21667002b56990fe8f58cd325fdfa8a7720cd277,470f0498c8820f270919c348aef5edd5ff68e38ec4314ea9ede71ef057fa97b9
rgb_anon/snow/train/GOPR0607/GOPR0607_frame_000580_rgb_anon.png,gt/snow/train/GOPR0607/GOPR0607_frame_000580_gt_labelTrainIds.png,8070e2f9bd908606f618b2fe55c8fc2ce55ad32d139800800fb004949c4d8f80,6821abd697c65365c1b7ad9bffe7e7d1f10e341b95aee5651a0ecade45b221e7
rgb_anon/snow/train/GOPR0607/GOPR0607_frame_000600_rgb_anon.png,gt/snow/train/GOPR0607/GOPR0607_frame_000600_gt_labelTrainIds.png,014a6e9481f976b9a6d5071600f98d252add8820161e50e7d338f22345b0b412,7e1e77f62fd24108ccf78b4477678b7a6cc85cab5092b6057dcb02a81abf1a25
rgb_anon/snow/train/GOPR0607/GOPR0607_frame_000620_rgb_anon.png,gt/snow/train/GOPR0607/GOPR0607_frame_000620_gt_labelTrainIds.png,f1badc6617bfd3390449b6f115947e0e6625fa0885a692fa1f175927ded832dc,cf3df4f8b08256e0cd52cf6f3594293a304682d35ab36f62944c157759da4422
rgb_anon/snow/train/GOPR0607/GOPR0607_frame_000640_rgb_anon.png,gt/snow/train/GOPR0607/GOPR0607_frame_000640_gt_labelTrainIds.png,abd6c60994c2b9e81fd6a02151d80e6d5585355dd0f774b588cd6b0380a1d38b,f2d9d07e0db34bb7b06461c6424ad908a59a701171600f6f4499dd9130aab31d
rgb_anon/snow/train/GOPR0607/GOPR0607_frame_000660_rgb_anon.png,gt/snow/train/GOPR0607/GOPR0607_frame_000660_gt_labelTrainIds.png,ae90b9d338e23073e5483e9b67337c28d515f22c32306bf63a30422e290ea68d,ea13bb4b5b8cbb96df67d88af541403af10a3e89ebaedbf2097408d4da39c92c
rgb_anon/snow/train/GOPR0607/GOPR0607_frame_000666_rgb_anon.png,gt/snow/train/GOPR0607/GOPR0607_frame_000666_gt_labelTrainIds.png,29e48ea943ffacc01d32f7488aa8b036ec5cbb545b70fae086f408a74f3d3a38,5ea34883b01aefd99073d057282918669931e43f896f354ae4c92dd98ecb6f40
rgb_anon/snow/train/GOPR0607/GOPR0607_frame_000671_rgb_anon.png,gt/snow/train/GOPR0607/GOPR0607_frame_000671_gt_labelTrainIds.png,c6495ff77a8f14164eaa63b84187b1e4c0e0ce572d3baf6ffc0d41f72ba5c7b8,f896f676fab936c170f048946b9a0ae10ba48c0787a04340b1c15ef521a2aacd
rgb_anon/snow/train/GOPR0607/GOPR0607_frame_000689_rgb_anon.png,gt/snow/train/GOPR0607/GOPR0607_frame_000689_gt_labelTrainIds.png,60babed300defacea191b36e8d1df41bfef735f9bd4eb569f309e05032f27929,3c8cab70bbaf032a50a6060c898924251833e821035a87ec0789766b22f24276
rgb_anon/snow/train/GOPR0607/GOPR0607_frame_000699_rgb_anon.png,gt/snow/train/GOPR0607/GOPR0607_frame_000699_gt_labelTrainIds.png,6da32bc18e4e9059b236054a4dd12406a8b23395b127c847cff2e0dbd0f34c84,e8506b2b8ca7abab5927f4ff40f61d21ec644ccff5de484ec5241e02c37ac2d2
rgb_anon/snow/train/GOPR0607/GOPR0607_frame_000717_rgb_anon.png,gt/snow/train/GOPR0607/GOPR0607_frame_000717_gt_labelTrainIds.png,9efaf0ef70cf630ce4d5877153a662636fbb366847c0a99c5ce3e04193ec363f,a0d37ba2c3cd1b2180ef40b87f227fd35d9fb0c90565d3dccb9e061c886a3f6b
rgb_anon/snow/train/GOPR0607/GOPR0607_frame_000723_rgb_anon.png,gt/snow/train/GOPR0607/GOPR0607_frame_000723_gt_labelTrainIds.png,fdbf61d62c12a75bbab2866d4a6fdccc41da224b477eedef3aa24050284a361c,5eefc143c6243a51cd50999b583e8fc5750dcdedc4a1ebbdf0a32688e1bba411
rgb_anon/snow/train/GOPR0607/GOPR0607_frame_000729_rgb_anon.png,gt/snow/train/GOPR0607/GOPR0607_frame_000729_gt_labelTrainIds.png,f0c296502756750d6085178f997909091a54ae0c91784eaa6275960145634d9b,bee7aea6043689c3fc7afde61909a37eb4dddc32b453007052cadf6cb1d556b8
rgb_anon/snow/train/GOPR0607/GOPR0607_frame_000734_rgb_anon.png,gt/snow/train/GOPR0607/GOPR0607_frame_000734_gt_labelTrainIds.png,f2b244808670b44d5164aca01d80e3a08cef7cf5352858d7009c3e3c95d36e26,16e44c984a949974e77518f555c5cb9456e36e07dfc24fe3339593f00d6c81dd
rgb_anon/snow/train/GOPR0607/GOPR0607_frame_000739_rgb_anon.png,gt/snow/train/GOPR0607/GOPR0607_frame_000739_gt_labelTrainIds.png,faee436e3138ead681e43022f926d0c1b8dd34d23b7c11e5e20248b9d9fb60e9,16d97d53ae3d45a63b0ebe7146bce0dc1b5baaef237a774a9880b4f4fec91f2d
rgb_anon/snow/train/GOPR0607/GOPR0607_frame_000755_rgb_anon.png,gt/snow/train/GOPR0607/GOPR0607_frame_000755_gt_labelTrainIds.png,9da77f4efbf28551850d892a741f2c8efba8dab14669c354e29df6218623a2ef,0b18bf337cd05bd27b7c57398bf211c0cabd49a0e211b36cb84482eca4a80ab8
rgb_anon/snow/train/GOPR0607/GOPR0607_frame_000761_rgb_anon.png,gt/snow/train/GOPR0607/GOPR0607_frame_000761_gt_labelTrainIds.png,366a83a54ca522f17d37931755f12881cf1612b4cb168ed2f3170fe2af03e16c,2b7628309d7eb878b8ee7453d56903a862b631d2398f63b4f01b4f4a288139ce
rgb_anon/snow/train/GOPR0607/GOPR0607_frame_000766_rgb_anon.png,gt/snow/train/GOPR0607/GOPR0607_frame_000766_gt_labelTrainIds.png,4456a2aa25fdc5f5d9b59b456d0a0e1d8053018a711442704ba1e9a80ba188d0,3e7db2d6eef359e39d7efa145ad9fe1d549c3eb3ec7987c901d4439765052517
rgb_anon/snow/train/GOPR0607/GOPR0607_frame_000771_rgb_anon.png,gt/snow/train/GOPR0607/GOPR0607_frame_000771_gt_labelTrainIds.png,c1b11b773597ed32aca81dfcc75df3bafd98eb28a35f0e4c37e3ed317d7f8246,a9b7c5b48e9c998d1c18908e121934f0a808adf304de3901831602c5690e24d3
rgb_anon/snow/train/GOPR0607/GOPR0607_frame_000776_rgb_anon.png,gt/snow/train/GOPR0607/GOPR0607_frame_000776_gt_labelTrainIds.png,e71a19c6fbda69d8e69c9f1f7d87b1fc60c605e210dda737078d65ea21156f55,bf664ab8206fd8d4a2460d81f985cc0dd97a3272c5e8f47e84cb06d99fb98e46
rgb_anon/snow/train/GOPR0607/GOPR0607_frame_000796_rgb_anon.png,gt/snow/train/GOPR0607/GOPR0607_frame_000796_gt_labelTrainIds.png,54cbeaa6306268eea2b792e4c02119c06d9b0246945f2e366b82cb45764c14a2,f32aeaf65f1c2d85cc3db4be9501fa7f7e6b5ed0e432fb5e5ed4cfe96eea89bd
rgb_anon/snow/train/GOPR0607/GOPR0607_frame_000812_rgb_anon.png,gt/snow/train/GOPR0607/GOPR0607_frame_000812_gt_labelTrainIds.png,e0953bf7978499676129d1cdfbde365814dfd1039e9b862741738a62c2b43f3c,651019f3dfb3d6dd92c402ed64d33bcf168bc74a29268d835988919aa9296dc2
rgb_anon/snow/train/GOPR0607/GOPR0607_frame_000819_rgb_anon.png,gt/snow/train/GOPR0607/GOPR0607_frame_000819_gt_labelTrainIds.png,9b1f375ad974a82739996d1cdbf59c11cf7e0a80d5439cdc26fe4653e558ae33,5d070a93883815e4ff007ad15f8ebbe8a186ecf436558aee515726ad8c23e2ec
rgb_anon/snow/train/GOPR0607/GOPR0607_frame_000824_rgb_anon.png,gt/snow/train/GOPR0607/GOPR0607_frame_000824_gt_labelTrainIds.png,cb24720099d0606f40e0263c3486c77739c3c94b54094a2180ab609a2c6ad4bf,f1799fc4612c48bf2b4960bbbc4160133a92f9c489bf742a18c2fbe36f435c18
rgb_anon/snow/train/GOPR0607/GOPR0607_frame_000834_rgb_anon.png,gt/snow/train/GOPR0607/GOPR0607_frame_000834_gt_labelTrainIds.png,88c12c2d2bf86e633cd0a9d6e3cbf3684aa9aa6e16d90380c91640fd8d18fe53,4634616ad6e0c67c981b54415160428f3fcd345d95a66f77deb1fcf3d56f993b
rgb_anon/snow/train/GOPR0607/GOPR0607_frame_000844_rgb_anon.png,gt/snow/train/GOPR0607/GOPR0607_frame_000844_gt_labelTrainIds.png,aa4590deaf0f401b1bc06538cd2c0d984d15401bfdaa69c3005f567b0e102368,b58e043cab4d23335096f92ae5b7aec55747826851407c409df2337109f2d487
rgb_anon/snow/train/GOPR0607/GOPR0607_frame_000850_rgb_anon.png,gt/snow/train/GOPR0607/GOPR0607_frame_000850_gt_labelTrainIds.png,4f4e6ac439521749ba85f22b5340d4518fbb0ae8fa3fa957573b8d00cadfe0d5,e1209e24941029bd8068d986eb0b146ae2054c6753256a414638704947ec9629
rgb_anon/snow/train/GOPR0607/GOPR0607_frame_000873_rgb_anon.png,gt/snow/train/GOPR0607/GOPR0607_frame_000873_gt_labelTrainIds.png,6823ec3cb23bbe7b65bda2b048c9c7fd54aad96e93206cc037d11c1655478810,d3de1e2d44feb25ca43a525e62dd168490057a34d12b415b0e345f251c308fe9
rgb_anon/snow/train/GOPR0607/GOPR0607_frame_000880_rgb_anon.png,gt/snow/train/GOPR0607/GOPR0607_frame_000880_gt_labelTrainIds.png,c919ae362f19796067a71e547315855c148e4662e9aa345faef3e8fb69d9d36b,2929ad13f1c6b39e1f5e4fcd52e47fb4f37a995184f260c8e4cd643228a2eb8f
rgb_anon/snow/train/GOPR0607/GOPR0607_frame_000887_rgb_anon.png,gt/snow/train/GOPR0607/GOPR0607_frame_000887_gt_labelTrainIds.png,be57bf573946b95170f72d7afac91e8ab36b617f01c69cac962defee6a342704,d641a806e1ed0efaa4ef42f2dbdc7a4cfed09b5e889cb811b0999ce2e2fef5dc
rgb_anon/snow/train/GOPR0607/GOPR0607_frame_000893_rgb_anon.png,gt/snow/train/GOPR0607/GOPR0607_frame_000893_gt_labelTrainIds.png,38f347d73e83640b31f7ce9b2ffa68be39650d396f55b76211ae1a4ca004099b,c6e003dcd83fb08fc5c3cf9a7733a430849a1641f8dece59bce0d6773e41f3ca
rgb_anon/snow/train/GOPR0607/GOPR0607_frame_000920_rgb_anon.png,gt/snow/train/GOPR0607/GOPR0607_frame_000920_gt_labelTrainIds.png,36bd1b4159f59be9b4170b3a18c0ee74a83a2450f5b6954cba9d823ecb746065,03f6c015707d5dd58d2b62f52329d6888093e0998f4879d8d6a8493ddc94c211
rgb_anon/snow/train/GOPR0607/GOPR0607_frame_000960_rgb_anon.png,gt/snow/train/GOPR0607/GOPR0607_frame_000960_gt_labelTrainIds.png,04013e36a9738597fc2194447cdae7859bb52ffaf9183b1f396e6e0ea82f82ab,87808ec99c8f33e164ad560ce87b7b3f2f9e21d12b19a699b9cd3d789898ab54
rgb_anon/snow/train/GOPR0607/GOPR0607_frame_000988_rgb_anon.png,gt/snow/train/GOPR0607/GOPR0607_frame_000988_gt_labelTrainIds.png,4c1426336a6ed869bb476e74c4123c850045a2e82e5c80f102627205d1707ca7,f37397461c5355dd6f4651450ef91261907604e874c1da438208d29c28a247cd
rgb_anon/snow/train/GOPR0607/GOPR0607_frame_000995_rgb_anon.png,gt/snow/train/GOPR0607/GOPR0607_frame_000995_gt_labelTrainIds.png,bc2f761e239a1786c9cd6327b88877cb094234f563fd4a5b9bb587407ef6641f,c3ed457857ef9a09ee17ba2e0d5f11253f6bd2f94814cc9bc939479475afd358
rgb_anon/snow/train/GOPR0607/GOPR0607_frame_001007_rgb_anon.png,gt/snow/train/GOPR0607/GOPR0607_frame_001007_gt_labelTrainIds.png,fc729b412945ed1ee146955d655761f39143203e7b91d8e5399b8aab103c827a,2494c7e7163c45387729f84677659790880a4384d708ecdd2372876578c285e0
rgb_anon/snow/train/GOPR0607/GOPR0607_frame_001045_rgb_anon.png,gt/snow/train/GOPR0607/GOPR0607_frame_001045_gt_labelTrainIds.png,ca0c59ac303047f28342ae90ca13d88d7c60e685e1b2b9a4d3049db9f112fb26,f0952ba0dc7bd3e56b7ce7fcf58828dd1edbab0adf579e39d0c107421abaa784
rgb_anon/snow/train/GP010122/GP010122_frame_000387_rgb_anon.png,gt/snow/train/GP010122/GP010122_frame_000387_gt_labelTrainIds.png,42c63bf306b980939afaa5aa2a2246a9d830e9ffd1c959f489fe91578ee3af27,f299dc6861269122b99136661d7bfa37d522e7911c8a4abe9adba13c4167d758
rgb_anon/snow/train/GP010122/GP010122_frame_000393_rgb_anon.png,gt/snow/train/GP010122/GP010122_frame_000393_gt_labelTrainIds.png,ed0476f93d14aeccbd02d3d24ea5192d8024fdef93665200c2a0c2a90a8de1d9,70cfd244846cf8ecfa78753bf5baad6305088b8ef3e836f7b5b12ecbd131f2c6
rgb_anon/snow/train/GP010122/GP010122_frame_000399_rgb_anon.png,gt/snow/train/GP010122/GP010122_frame_000399_gt_labelTrainIds.png,0ca891507597c477202f7423711ba26001026dfe4ed7d5245b8c9753f5331808,207ff9468d8a473e3e5074613904007c5306f9e36998d4bbd2551bbb674bce7b
rgb_anon/snow/train/GP010122/GP010122_frame_000405_rgb_anon.png,gt/snow/train/GP010122/GP010122_frame_000405_gt_labelTrainIds.png,4003e5ff1f6ecdff0f46e6e7a517131ea410e7240df8e8aed2e7d6bc65d96a6b,82b94708d88bc09636c7d53948c821712ae60f5e553263165ab86fb7c5495f11
rgb_anon/snow/train/GP010122/GP010122_frame_000411_rgb_anon.png,gt/snow/train/GP010122/GP010122_frame_000411_gt_labelTrainIds.png,e18f83164a0c71a845b278f7a8c102e8ec4a0a32098131c6338eb232f7748681,19f7e20a4e729438cce104e984f11942167a0d8fccdc0a1a974310aa8be3d36c
rgb_anon/snow/train/GP010122/GP010122_frame_000416_rgb_anon.png,gt/snow/train/GP010122/GP010122_frame_000416_gt_labelTrainIds.png,9abce2897e56309ae430fcd020ba6e61438d99963bcc047b06a949d970bbd381,cd0140711a5d47934f46c6acb6959655d9d1cc5dd66a66676564488f1f911223
rgb_anon/snow/train/GP010122/GP010122_frame_000421_rgb_anon.png,gt/snow/train/GP010122/GP010122_frame_000421_gt_labelTrainIds.png,43ceccec96f66ff632f37aa16c7b91c1b7fe7c49435c749ef9c8f887a246e1b1,98d8d13425f0927599c4aea05da4dd93ee88cf99ceb98ad973c1965bddd144cd
rgb_anon/snow/train/GP010122/GP010122_frame_000427_rgb_anon.png,gt/snow/train/GP010122/GP010122_frame_000427_gt_labelTrainIds.png,d7063237da0130f52aeaf52ec3be9248ec74575aa83f4685066eaaec938af8a3,d14ac3e8779f0e9e90b781f3e03509268a92ec3d1e8947cb0c5f2b23b77ce9f2
rgb_anon/snow/train/GP010122/GP010122_frame_000433_rgb_anon.png,gt/snow/train/GP010122/GP010122_frame_000433_gt_labelTrainIds.png,b4fabca1b39c26b5fe293e70a1cffeae4e4f3de82f3577231ba57f8111277514,81b8249ac5f063f035f648de8c4d5a9bd205d6bb4d5a91c1632fee730006b94d
rgb_anon/snow/train/GP010122/GP010122_frame_000453_rgb_anon.png,gt/snow/train/GP010122/GP010122_frame_000453_gt_labelTrainIds.png,0b8a5c7bd0c444ab80aa9e673c2ef4de1010cf54ef43eb0932ca5261a39c92ab,5da91629a6de0cf9bb9178cf6b609295e419dbbe459884d3259cbc1fbfaa452b
rgb_anon/snow/train/GP010122/GP010122_frame_000473_rgb_anon.png,gt/snow/train/GP010122/GP010122_frame_000473_gt_labelTrainIds.png,73939813777fa87316cdb12a60ee027e8ac32250fc1c372c109ba46103173523,14dfaba0b8cff9dca98171da135ba6c9c9d2b8e5184034e84c081aab3dd8cb5e
rgb_anon/snow/train/GP010122/GP010122_frame_000883_rgb_anon.png,gt/snow/train/GP010122/GP010122_frame_000883_gt_labelTrainIds.png,fc58b95b8921c5af6e9e945b18c6d6420ca6c1252908c1239a8fd5de7160b4f0,000585ab1cd8c08d9bbf82a9ad97283744e971016a886b0190d826d9aa45c459
rgb_anon/snow/train/GP010122/GP010122_frame_000890_rgb_anon.png,gt/snow/train/GP010122/GP010122_frame_000890_gt_labelTrainIds.png,8252c4c78260d7cfa76219df2155340382e54aea0be781ee1dcd20fb3129bd26,8711a9f314f6a9d64de3d17b2ada07170b714ae0a0b5e100879c5baae3834748
rgb_anon/snow/train/GP010122/GP010122_frame_000896_rgb_anon.png,gt/snow/train/GP010122/GP010122_frame_000896_gt_labelTrainIds.png,1ea48185016c8019c420f72c1a624d60712f46b4bf6f5dfcb3600004ee394e12,b4b3c75d14c4b136dc8a84f959f073bf4e9b617d756620922742503a829df981
rgb_anon/snow/train/GP010122/GP010122_frame_000901_rgb_anon.png,gt/snow/train/GP010122/GP010122_frame_000901_gt_labelTrainIds.png,3de0a4017e8fe9b98fd8da06c23d9a89d8a5f2fd9af9fd1a101803d22be65df9,ea1a0bb9b66dbca35007670ce78324415104bd7a197d7ad649ac67ff5b9e7328
rgb_anon/snow/train/GP010122/GP010122_frame_000906_rgb_anon.png,gt/snow/train/GP010122/GP010122_frame_000906_gt_labelTrainIds.png,c5e51594c6ef14e3b89c8ffbbdbc27351305169df68260ffce9c1d901a775a8e,b9e1a54819566ee05f70b808e840031b053676025de89a966fefafed9c16113d
rgb_anon/snow/train/GP010122/GP010122_frame_000911_rgb_anon.png,gt/snow/train/GP010122/GP010122_frame_000911_gt_labelTrainIds.png,2e46c2d49d49b2baf0b1259f71beae63cf2a4ff5fc0650f53b0a1f29de1083cd,bae52c7068eab355ba299559393152c2374cb777ad123059c806f49630d35ddc
rgb_anon/snow/train/GP010122/GP010122_frame_000916_rgb_anon.png,gt/snow/train/GP010122/GP010122_frame_000916_gt_labelTrainIds.png,9721d75b3ce89ec190ca4a01567d1716a3e258b22d1c9dd08713dd3f3ece1a93,b75396ec1ed4cd0a23f4c827929153c56d0c07e6a3665f92bee744da33f2702c
rgb_anon/snow/train/GP010122/GP010122_frame_000922_rgb_anon.png,gt/snow/train/GP010122/GP010122_frame_000922_gt_labelTrainIds.png,221a246be26557949e001fa0903b66c301a430c9cb433824b5d34301529ff6d3,68a0ac789b4d000f19ce65762d5225cc1b297b502c48a7c122ca779de837de41
rgb_anon/snow/train/GP010122/GP010122_frame_000942_rgb_anon.png,gt/snow/train/GP010122/GP010122_frame_000942_gt_labelTrainIds.png,e9bc1f998b4a943868d8580aa153b51770fcf17ec2797f51ba2c57a495b516c8,d906d9a587e6800514a08437e9032cfdb391a6714d5d297f0e384782ce104c9b
rgb_anon/snow/train/GP010122/GP010122_frame_000957_rgb_anon.png,gt/snow/train/GP010122/GP010122_frame_000957_gt_labelTrainIds.png,7f834243d92a33e964454c29df30f260f920367db48a1203311f998bdddc442c,ac41c48a41ec52e3d477d3014d2898e7f440a15afda57f06a52f5c76dfa976af
rgb_anon/snow/train/GP010122/GP010122_frame_000967_rgb_anon.png,gt/snow/train/GP010122/GP010122_frame_000967_gt_labelTrainIds.png,282fcd175c4039771686c603be807b4a39c148853b58041e8dab5a068319f1c5,489fc66c7976a458e054e2f9c08624f28b08b9c35e7da4445cbd9fb635bb3219
rgb_anon/snow/train/GP010122/GP010122_frame_000987_rgb_anon.png,gt/snow/train/GP010122/GP010122_frame_000987_gt_labelTrainIds.png,5a5f748fbb104bd229e966732d18309e5b3cd7f8aee0971e2c20619e1cfdc990,509b7752d1bf23283aa6aa15638f746f6fd084db9d2bf79ee4359092032cee8d
rgb_anon/snow/train/GP010122/GP010122_frame_001007_rgb_anon.png,gt/snow/train/GP010122/GP010122_frame_001007_gt_labelTrainIds.png,a49c97eec76a9af4a2ece788ca3b12a8b9993434ca54b646a8d00ae54ec63195,2b38529a68ec2a274985c53116639c6bb2600393f772e92f65c27dc4a9ee21df
rgb_anon/snow/train/GP010122/GP010122_frame_001021_rgb_anon.png,gt/snow/train/GP010122/GP010122_frame_001021_gt_labelTrainIds.png,ad5597f37779697f40a48ffb318c5a5def08a9c90d1eeedbf3d931af82788001,7d99b2b9a3042843c9257d2775d0eb44c077c819bee7ac784ec59e1a6aa893b2
rgb_anon/snow/train/GP010122/GP010122_frame_001029_rgb_anon.png,gt/snow/train/GP010122/GP010122_frame_001029_gt_labelTrainIds.png,4cecaff741235bec0e3476a77c1202f1844e44e37f33e6aeaf8ea29645158cc7,3d9e2b345000ec2dc4b39750b88ae5075091d727d55310055f13fa4f20f103a0
rgb_anon/snow/train/GP010122/GP010122_frame_001041_rgb_anon.png,gt/snow/train/GP010122/GP010122_frame_001041_gt_labelTrainIds.png,f568ed271cac748c66994baa5723ee94cd874b6625ed4628dd6a65e217afe360,ce13c4336e0645278b4b83ad20e9c90abb7d856c08f183421051bcbceb2e20d3
rgb_anon/snow/train/GP010122/GP010122_frame_001049_rgb_anon.png,gt/snow/train/GP010122/GP010122_frame_001049_gt_labelTrainIds.png,36d92a8346572ab245a0e03b648bafddc5a601ae21cc8154c1002993a7020af0,85f2e6b8486f1ae1ce08047b73e6aed9fa1f2b88b90a004f70f83e76d5616de0
rgb_anon/snow/train/GP010607/GP010607_frame_000080_rgb_anon.png,gt/snow/train/GP010607/GP010607_frame_000080_gt_labelTrainIds.png,9a370a44a6de143f73045c7bb95a6de74c638f413f5be55216559f7c87f74b3f,dff2a67c17910f5d25d1daaaed52f5240273afbe18b71182a0d3f386ec6b06e4
rgb_anon/snow/train/GP010607/GP010607_frame_000106_rgb_anon.png,gt/snow/train/GP010607/GP010607_frame_000106_gt_labelTrainIds.png,f6ef16ac265d43fd45d64f4374623c77ead1971345014ccbe205ef06516fb2cf,7b8d339aa492700bce3e5145ab0670db7384c63f00f8abba56d00d0e56d2dab1
rgb_anon/snow/train/GP010607/GP010607_frame_000112_rgb_anon.png,gt/snow/train/GP010607/GP010607_frame_000112_gt_labelTrainIds.png,4fa004135e923d6638a510fef871846658b83149e3675c1b4113cf1c87cd229f,718e2881bb409394750ca2349b095d658efce31502f1a39e50595ee68c34c7e8
rgb_anon/snow/train/GP010607/GP010607_frame_000118_rgb_anon.png,gt/snow/train/GP010607/GP010607_frame_000118_gt_labelTrainIds.png,56f4bcf23426eb0868c97f279dbfb5fe724ff01587c0350f4ffd956719d76fe5,34b5644b16790e15fd6c206b1f0ec80059886952d3fbbf18d993f678efd70657
rgb_anon/snow/train/GP010607/GP010607_frame_000123_rgb_anon.png,gt/snow/train/GP010607/GP010607_frame_000123_gt_labelTrainIds.png,787f9b3f686974dcde668b11d098cca5adbedfef96207682c1cac31b13b6e660,20c2f968a30c54f8459d98fe49ddc7ca2c227cd58e6ee7d6f44bee2b449d57c8
rgb_anon/snow/train/GP010607/GP010607_frame_000129_rgb_anon.png,gt/snow/train/GP010607/GP010607_frame_000129_gt_labelTrainIds.png,a36aa087f2027cdec8a5b02ee104c516cda9de00cb9554bb57bb1e70d857d897,d824a7f115a73dedb4bca97b888cd6548808c0b52ea72aa463d1e428ffc81429
rgb_anon/snow/train/GP010607/GP010607_frame_000138_rgb_anon.png,gt/snow/train/GP010607/GP010607_frame_000138_gt_labelTrainIds.png,944f3b7727f914e734c38762499c0036f6dc339a881cc53224043fedd942bea2,2f5e69f514b6a7a7c7c6676ff688039e9fd15946d47979dd4cf0cbab86f4eec3
rgb_anon/snow/train/GP010607/GP010607_frame_000144_rgb_anon.png,gt/snow/train/GP010607/GP010607_frame_000144_gt_labelTrainIds.png,893e83af0e5a7bcc42afa6d96d7421f073b67cc45494061cc2a36a1d6f67edad,32f35f95748c011f2470022d8a55213a051cfb158b115a6c376ece92a0805361
rgb_anon/snow/train/GP010607/GP010607_frame_000175_rgb_anon.png,gt/snow/train/GP010607/GP010607_frame_000175_gt_labelTrainIds.png,ec01a5b12657532b019036b1452d7c6d3fd915d51b1206044a60e0e20e4dc056,09b1480d79c47d5896af8d14283a5aebef5b4b7a790f00a8031b98452d5a538b
rgb_anon/snow/train/GP010607/GP010607_frame_000181_rgb_anon.png,gt/snow/train/GP010607/GP010607_frame_000181_gt_labelTrainIds.png,4baf9fe4fecfb108e6b8ce17f8614e478f3ba1dd284340b95edcccbb9ee1be01,ba824028d25a5ee2044d36da89ca996f1240a5df3739c7da9596275de9c3c3e1
rgb_anon/snow/train/GP010607/GP010607_frame_000187_rgb_anon.png,gt/snow/train/GP010607/GP010607_frame_000187_gt_labelTrainIds.png,fe3ee97995ab106b64305d049d6c5d1f59790341528ce3c2ff4709636b08e8c7,afdb56bab2e300aa25a627c941697e16fb23170cf1381a5b5c040646999bc3c2
rgb_anon/snow/train/GP010607/GP010607_frame_000207_rgb_anon.png,gt/snow/train/GP010607/GP010607_frame_000207_gt_labelTrainIds.png,2b6d6a2f41d96deef8b8e315ecd42fc784c831af3116b612ec001ec163d201d4,4579c4167592f2f186b835af56dcd2cdf28f2fac4bd6dee2f4be08dfe9e9e713
rgb_anon/snow/train/GP010607/GP010607_frame_000227_rgb_anon.png,gt/snow/train/GP010607/GP010607_frame_000227_gt_labelTrainIds.png,7dd19ec177be3b472d820f72d75549303877056d16de7cd46d64d0962ed70a33,83d59ebe3f64072ccd5bf9c0bf62dd141dc5874c06040bd6181f40ad3ead2cea
rgb_anon/snow/train/GP010607/GP010607_frame_000247_rgb_anon.png,gt/snow/train/GP010607/GP010607_frame_000247_gt_labelTrainIds.png,e90e1c97ed6f7e33b8d8203a1b9764ac57f6e5ae4ecb16bafaf80008e7979289,c58897d7b970b28bb1c11f26fd8d7a34ff471f9a0ba6db5f5f13223503a3f92f
rgb_anon/snow/train/GP010607/GP010607_frame_000267_rgb_anon.png,gt/snow/train/GP010607/GP010607_frame_000267_gt_labelTrainIds.png,47ec48e2e69edde3eb9fb3e0cdd84b3a51b058cd40411988a43de7523c09f68b,f30096c1bd256074f30c444673bc5d0fa266c7bd81adcdeec52afe887ac1165c
rgb_anon/snow/train/GP010607/GP010607_frame_000304_rgb_anon.png,gt/snow/train/GP010607/GP010607_frame_000304_gt_labelTrainIds.png,0befb8bdee7a04d6129d5022973b8b7c6f28bdb59095e67f33ea58892bd4dcb2,55895237ba56a2aea616904b85971f0f5ee5c54dd08ab6ce3ed834d22fcb6a8d
rgb_anon/snow/train/GP010607/GP010607_frame_000324_rgb_anon.png,gt/snow/train/GP010607/GP010607_frame_000324_gt_labelTrainIds.png,6f0e8486460b93aa80c34beac37b57336106ee8a6028e0dad056bd707e7a3b5a,1fec28b68ca9e51ff8a5cf1bcf6505d2dca235a8172053a22c03d64600e272f5
rgb_anon/snow/train/GP010607/GP010607_frame_000344_rgb_anon.png,gt/snow/train/GP010607/GP010607_frame_000344_gt_labelTrainIds.png,4475fcfad239975ddb31bfa35f8fbf8def919867813d350ab913c5d0c26fccf1,2377840c9a5f04be3f6fda6e1f6152ad8cb05201d024ec8a2354945ea33a647a
rgb_anon/snow/train/GP010607/GP010607_frame_000355_rgb_anon.png,gt/snow/train/GP010607/GP010607_frame_000355_gt_labelTrainIds.png,6c0b6f62b443774743317080a54f190cf2d53ebcf9e6e0788bf197362adee710,b35d5786cf5f99bd0202c5339277d7c3dcb4051afcb46cd2999ba96800d3f4fa
rgb_anon/snow/train/GP010607/GP010607_frame_000375_rgb_anon.png,gt/snow/train/GP010607/GP010607_frame_000375_gt_labelTrainIds.png,543477170c5a5c166bee0b613e49603ff14247c9d6d645fa179f601b95389935,b10112a047a1ecb944904ed744a6ccf48b07249eb4131e8b6f4bf300b02e5211
rgb_anon/snow/train/GP010607/GP010607_frame_000382_rgb_anon.png,gt/snow/train/GP010607/GP010607_frame_000382_gt_labelTrainIds.png,c45573bc7b3b9e8d8d43bd30bf58b5746dbb014912569b77983adc0cbbd78276,001598d2d28d1a821d86e9cf4bb0e5f3dabc1c8b0eeb4fdda19d51b18c56eb9f
rgb_anon/snow/train/GP010607/GP010607_frame_000457_rgb_anon.png,gt/snow/train/GP010607/GP010607_frame_000457_gt_labelTrainIds.png,680b43cac910576fde4cafe00bd50d6ed2338147e722162ee82f6e8f2572edfb,565cbe076fabd05863d2848e2d84b0668ac759be8de91a407df1c0bf7b3fe5ea
rgb_anon/snow/train/GP010607/GP010607_frame_000487_rgb_anon.png,gt/snow/train/GP010607/GP010607_frame_000487_gt_labelTrainIds.png,b3489ac436aff71d3cac2af5645528e450079a86ffbc01dc77a060765756918d,d5e99c2a5a390631c596abeb655a5edcf9dd8ebb580963ea7facc41c52fe6231
rgb_anon/snow/train/GP010607/GP010607_frame_000497_rgb_anon.png,gt/snow/train/GP010607/GP010607_frame_000497_gt_labelTrainIds.png,7f5585d10d837a9a0c19f828449a024e98ade06e705b5e89f760ffb7d95da121,2db311f665c27d7144d5139e290d455eb119d01fbf35d7e4f74a094ea18fb137
rgb_anon/snow/train/GP010607/GP010607_frame_000517_rgb_anon.png,gt/snow/train/GP010607/GP010607_frame_000517_gt_labelTrainIds.png,870bcb61d4783f2177df99cd06a30785d26edb7a83245de207ac632afdb99757,46bbf7c4752233d1cbe7f2562cec03be519c935318af9ac2e12f4fd2c9a78093
rgb_anon/snow/train/GP010607/GP010607_frame_000537_rgb_anon.png,gt/snow/train/GP010607/GP010607_frame_000537_gt_labelTrainIds.png,386074404243b5da7d5e97c673267786b4f8418bfb10465496e69cd8e25e4eab,3ad8abd8e5f14fe2b045b9bca3693d3c09a9ed57dba2ec9f1e0c8547c87b3a52
rgb_anon/snow/train/GP010607/GP010607_frame_000576_rgb_anon.png,gt/snow/train/GP010607/GP010607_frame_000576_gt_labelTrainIds.png,2aa3c91d4d68a2ed4cbf6cd752675790cef653d1b6cc81299eb7e004fa781e16,85a03384892d2b5e89de94adb41c18f870f309d0b4c51a84242c9868f5e8af8f
rgb_anon/snow/train/GP010607/GP010607_frame_000588_rgb_anon.png,gt/snow/train/GP010607/GP010607_frame_000588_gt_labelTrainIds.png,e42a5e7846294fd0fdb485e01cda6c524f49541a54617ebc181d3813b1f27384,8edea95ec153c3f5f6755ac9446c7b8e2904d0193460bad799c025c5974e5b3d
rgb_anon/snow/train/GP010607/GP010607_frame_000595_rgb_anon.png,gt/snow/train/GP010607/GP010607_frame_000595_gt_labelTrainIds.png,f0729dd95438ff01cfdb2cf8a498e24929d36c1569f660c6f403e452e747673f,bd00eb2fdc0bcaa5e8bc96ba36918feaf702208fec107666141713c9b644fb2a
rgb_anon/snow/train/GP010607/GP010607_frame_000633_rgb_anon.png,gt/snow/train/GP010607/GP010607_frame_000633_gt_labelTrainIds.png,7eb50cfea36d0dd07d6477464c7b14175c4bedc642374234491c6bb6dc040a71,9361d52f85a7fb5eb00684b0c16c8d01b0cd2784a352d1223a15674458eeb462
rgb_anon/snow/train/GP010607/GP010607_frame_000639_rgb_anon.png,gt/snow/train/GP010607/GP010607_frame_000639_gt_labelTrainIds.png,27a6853ec05d9938705a5c138dddf23e42c609e862c010014f03292a00f57d9e,61abb27ad1f693493ece7fb19cea2fe7e7bc8e8b80b202734ffca6e6d269f410
rgb_anon/snow/train/GP010607/GP010607_frame_000645_rgb_anon.png,gt/snow/train/GP010607/GP010607_frame_000645_gt_labelTrainIds.png,26f359d06289eaa458ab26807ea6f92691187c554131d751f85e7408a5500d68,fbf5b9d908e1bc4818d66605fc71a089169ba781dd97b38256bc54a3c4b7246f
rgb_anon/snow/train/GP010607/GP010607_frame_000665_rgb_anon.png,gt/snow/train/GP010607/GP010607_frame_000665_gt_labelTrainIds.png,10a96ec3b50f246d9bbde98f74041fb5287a98aa5e3917d868677017a08c5538,f57a23dcc7641e11ea8a04f234d16448f5d711da8bb380d23d4c2fa6e02238ec
rgb_anon/snow/train/GP010607/GP010607_frame_000685_rgb_anon.png,gt/snow/train/GP010607/GP010607_frame_000685_gt_labelTrainIds.png,2d8c01ecf5ae585b7198370f289c63f5c9216d5f48a30f4e0568e3355b3f34ff,e1f3a77613349427559d7c7c63f60a5d9d8cedbe7750f5e336ab9814cbada979
rgb_anon/snow/train/GP010607/GP010607_frame_000691_rgb_anon.png,gt/snow/train/GP010607/GP010607_frame_000691_gt_labelTrainIds.png,6c6ff78d07397b38bf377b0b6bc3cc1cf8f090534fc4e07b739122d305a55369,24d28fc297717f8497ee5b154bcc44071ff344d0ff36b4b1357788e9db8ce962
rgb_anon/snow/train/GP010607/GP010607_frame_000702_rgb_anon.png,gt/snow/train/GP010607/GP010607_frame_000702_gt_labelTrainIds.png,7d0fcc06a442e6d05d76af21412d41fb99084c7164242a37c90b95ace53059c0,a5be353e430ad16cfb1efc87f67cad3da041637c809f45be2248791cf9d51a65
rgb_anon/snow/train/GP010607/GP010607_frame_000710_rgb_anon.png,gt/snow/train/GP010607/GP010607_frame_000710_gt_labelTrainIds.png,f9442480cae1093b7ed28904efe8638cc162f0bcd77ce7e05aae9039b3246eed,6eb65e1b40992d4c512088d01e25b6ea546d1989230a7b9ae2afe27f8be03a17
rgb_anon/snow/train/GP010607/GP010607_frame_000718_rgb_anon.png,gt/snow/train/GP010607/GP010607_frame_000718_gt_labelTrainIds.png,a006a52020bd8834960b5901b3e6ae2dbf8e54656f11ad1a3858dfa99c5db3e8,381e61321cdabd4bb8cfc0066ddee1f9b03613da77d76966ccc2812c11135f05
rgb_anon/snow/train/GP010607/GP010607_frame_000734_rgb_anon.png,gt/snow/train/GP010607/GP010607_frame_000734_gt_labelTrainIds.png,b214dfa594d85de318ae58a9a56ddc039a41d79fd6ee96766c319a960ede2146,a35d032ce7ffc575af050bcebc2a9e640eb28fee27d4f2ef23709029866bd86a
rgb_anon/snow/train/GP010607/GP010607_frame_000740_rgb_anon.png,gt/snow/train/GP010607/GP010607_frame_000740_gt_labelTrainIds.png,877e619f8e02e533a666bc9ab44a064ee2abc976cdce9fc7daf5d4085704265f,8487f956a50f1673f603df76e2a7ce6722542a799d8877fe16126413332f42de
rgb_anon/snow/train/GP010607/GP010607_frame_000745_rgb_anon.png,gt/snow/train/GP010607/GP010607_frame_000745_gt_labelTrainIds.png,c7303e26146dbe329ce0dde4337fe30b3bc24159f605ae38752681f5cde9dd1a,9eab6f535270a343df8dc776a4082094fbc79f07a1511382258610a3bdc66310
rgb_anon/snow/train/GP010607/GP010607_frame_000755_rgb_anon.png,gt/snow/train/GP010607/GP010607_frame_000755_gt_labelTrainIds.png,9167d18f3330f986b3a2514919470adcc8a42395a798e933af4c13dacf8e4aa0,c20554666b7c5a992b61ec06c81049c4f87e13cb681e5f8501fb22b874e2ce4d
rgb_anon/snow/train/GP010607/GP010607_frame_000760_rgb_anon.png,gt/snow/train/GP010607/GP010607_frame_000760_gt_labelTrainIds.png,f1546458a37571d39a647a77deedd527726a1ae78b845d4ddecdb2352ffe1d83,9b339ab611a0eefea497d1b8f74c08477055d9407826b0b1285899890a5181a5
rgb_anon/snow/train/GP010607/GP010607_frame_000764_rgb_anon.png,gt/snow/train/GP010607/GP010607_frame_000764_gt_labelTrainIds.png,89910a1c90eb0afe5d8abf67791f84505fa8e317a040e86784a8a75594d4d85e,3a5670dc14edeeb48268a7c38c45546f9d7e5dd649d3f996202b5c80e9409e38
rgb_anon/snow/train/GP010607/GP010607_frame_000768_rgb_anon.png,gt/snow/train/GP010607/GP010607_frame_000768_gt_labelTrainIds.png,9777e2656dbb5e51413916adb39a071c93653236709e7e26c849bd3f90cb4a5a,a199b27c6a7d3fe86bc9a4f6818c365300e205afc3559ea82ff808f9657af671
rgb_anon/snow/train/GP010607/GP010607_frame_000773_rgb_anon.png,gt/snow/train/GP010607/GP010607_frame_000773_gt_labelTrainIds.png,a93ca1a9ea59529aacfa983e149c1f146751b8682c2e0f8ea6bdefee39560e5b,a62387df99010e548a3967fe12cba137b4f83117ede9772b83d227c9fa4dbc78
rgb_anon/snow/train/GP010607/GP010607_frame_000788_rgb_anon.png,gt/snow/train/GP010607/GP010607_frame_000788_gt_labelTrainIds.png,e10142dcda59792d23ebc8922a79c4a01c9c0909324a955e0db9c5c4537e81d6,718b7675f122c059dfe1f48fa6f1b23ab0f72df1ae88e9c0ff42f7de95aa2334
rgb_anon/snow/train/GP010607/GP010607_frame_000794_rgb_anon.png,gt/snow/train/GP010607/GP010607_frame_000794_gt_labelTrainIds.png,959071910210ced0da66deb79aa0789d24098ef52694a57f13ed52cad564f39d,363c8d9a29da4a55b45738861b358e9199278fd80fd41d6f12501dbc45681db5
rgb_anon/snow/train/GP010607/GP010607_frame_000799_rgb_anon.png,gt/snow/train/GP010607/GP010607_frame_000799_gt_labelTrainIds.png,3ec285c007580555cf91b018ff0d211f49cfb867bd1e4d589ef1b9b6f1612936,c0e32754c0700941c9319217285970d22b03b53de41a9ed4fc007c5c8151d594
rgb_anon/snow/train/GP010607/GP010607_frame_000814_rgb_anon.png,gt/snow/train/GP010607/GP010607_frame_000814_gt_labelTrainIds.png,3b5a0f501eb9a3258cd47512dc42325f67a14fc4bc9f4ee9be0abc33e607fe7e,23f7236b9fc4c7e0e7a4e48fba97844abb1a01bcb3b485ad1e0ab24938fb5ff8
rgb_anon/snow/train/GP010607/GP010607_frame_000819_rgb_anon.png,gt/snow/train/GP010607/GP010607_frame_000819_gt_labelTrainIds.png,6eff8fe61777e906846e74cb73fd03fdd69d60b72a3e38b3666501568ebb4188,8c50e65848ecefae949a323a6e42a594076b462f8d607fce80fb291fe7d20a8d
rgb_anon/snow/train/GP010607/GP010607_frame_000824_rgb_anon.png,gt/snow/train/GP010607/GP010607_frame_000824_gt_labelTrainIds.png,77766a880aa026a7617dc0564d633a76618c6512263570ca69ca9e1e33d6da73,c3f1789dd73246d353e5b7c1e75a93b13e753d05d489c60beefe885f7b546074
rgb_anon/snow/train/GP010607/GP010607_frame_000829_rgb_anon.png,gt/snow/train/GP010607/GP010607_frame_000829_gt_labelTrainIds.png,82c2fd0e173d3f86719bcc93ce482df0079f7f47af4fed0366b72fe58e5d0947,c7d401171f98cbcfc62a0487d1c31e1c4aa4d36126603e7fcd6092bc77d03b3a
rgb_anon/snow/train/GP010607/GP010607_frame_000834_rgb_anon.png,gt/snow/train/GP010607/GP010607_frame_000834_gt_labelTrainIds.png,5a40eaa238d59de0005a3aaeb8211f86c83f7823b11662156af6f1328c2d796e,2e87cb5fd409a9a4bb5c1f36010f045a0952c669c26ab0bcc71aabfa3ebe9d05
rgb_anon/snow/train/GP010607/GP010607_frame_000839_rgb_anon.png,gt/snow/train/GP010607/GP010607_frame_000839_gt_labelTrainIds.png,98ca75cb838d553cb8398a1378b4c874f6536822e8652081b36b764bef8bdf98,1e10cecbe9585b72b5a4dc21fff53ec77cd80dced24592c1685e42b1d5b4ba1c
rgb_anon/snow/train/GP010607/GP010607_frame_000844_rgb_anon.png,gt/snow/train/GP010607/GP010607_frame_000844_gt_labelTrainIds.png,5543f24e093dd04b7b594b2e49f026c58b5bc915689e4a39d199c14363fd2fba,08c4bf6017269d7a57124c8ac8387dfcad5c70fed2146022fb5d64a36f12f909
rgb_anon/snow/train/GP010607/GP010607_frame_000849_rgb_anon.png,gt/snow/train/GP010607/GP010607_frame_000849_gt_labelTrainIds.png,de06091ee75df0c1d10fd3109efca48af352917d89e42fc144508e7c6ae60b63,9a6a6893f497400701205ea1d50402b2b773c2ef53e6bc7b4493cb0cb0165116
rgb_anon/snow/train/GP010607/GP010607_frame_000854_rgb_anon.png,gt/snow/train/GP010607/GP010607_frame_000854_gt_labelTrainIds.png,c6e25072739d9a45ef6f7f9ccefe2f0bf4d907e1d87d5a66fbfaa47bab2ea017,eb0826649c607983b44b88369ef40ab0b3664c4ac59fe40ed46e628731b4bf0a
rgb_anon/snow/train/GP010607/GP010607_frame_000862_rgb_anon.png,gt/snow/train/GP010607/GP010607_frame_000862_gt_labelTrainIds.png,5d6758a088f29086200894a845089290906751494132247f6e5b29613183b4c9,debc5a7366d63a95d30bf31eebf939624d32879b6767c72a418c9d18c78c2cf4
rgb_anon/snow/train/GP010607/GP010607_frame_000867_rgb_anon.png,gt/snow/train/GP010607/GP010607_frame_000867_gt_labelTrainIds.png,153ce68b4a11638be7c19e8c824fefb9909e5f2f153e7fea926ad5fbed0c7cee,54418d27a20aae55053d22229df3191a3f47ee541cb088825240430b99490f86
rgb_anon/snow/train/GP020606/GP020606_frame_000470_rgb_anon.png,gt/snow/train/GP020606/GP020606_frame_000470_gt_labelTrainIds.png,221464bf58c021c723f211960757fe8a715b6ccf6434326e297098baf848326c,c6ac511dc127155ae68f887a1bea5296fdb6ad8413f3aafae7a4fa0025f0aaa2
rgb_anon/snow/train/GP020606/GP020606_frame_000487_rgb_anon.png,gt/snow/train/GP020606/GP020606_frame_000487_gt_labelTrainIds.png,4623aa8f7363b51ec3c9373b6e10a87853b988c8ad8d1093aeddbefc41e74258,d0408713188028044c5355dc345654b794ffb93a57a3766bf83c2dce2dfa5e56
rgb_anon/snow/train/GP020606/GP020606_frame_000503_rgb_anon.png,gt/snow/train/GP020606/GP020606_frame_000503_gt_labelTrainIds.png,c9b3a38d5ee4b021a986eccd36eb3d78a3278f2929974737606108e8d98f78e7,13bbc5e1b88f13aa210aa72eb11127a3ab613a2e2e99bdbcbe094cf7349a486a
rgb_anon/snow/train/GP020606/GP020606_frame_000508_rgb_anon.png,gt/snow/train/GP020606/GP020606_frame_000508_gt_labelTrainIds.png,d27672624a435db1ebb1965ce35ae6171080ea23cbfc0f1b81322c21c5fac713,10378577b3da69ddc648b1075eb060c3557a5ce3221c8dd7b0aba0130ed8f6e6
rgb_anon/snow/train/GP020606/GP020606_frame_000513_rgb_anon.png,gt/snow/train/GP020606/GP020606_frame_000513_gt_labelTrainIds.png,0fb091083c77155f35bf49fa465dafc6fb4c40fddb3ff9ba5972f73738c83172,99cceb904208043ef799766da2a9d106d4d61d257fc3d202eff85f209d9fbac6
rgb_anon/snow/train/GP030176/GP030176_frame_000745_rgb_anon.png,gt/snow/train/GP030176/GP030176_frame_000745_gt_labelTrainIds.png,a7b5e52ed9ea0dc7cf11fe32c5082b534e5056c99b1d2ad088c788d969460b59,81c352025178e25cbcc694c29d9f8f70df062b0611fa2cf3ef7c89bf0c7173ba
rgb_anon/snow/train/GP030176/GP030176_frame_000766_rgb_anon.png,gt/snow/train/GP030176/GP030176_frame_000766_gt_labelTrainIds.png,e094a20aaee6602cf48b58a198c71e604279f002ac22fef8c5ee6ca4cddbac48,ec0402a0be157d7004c35a6cda8c5b81a36cf9be18454694add8b251ea31c4e0
rgb_anon/snow/train/GP030176/GP030176_frame_000775_rgb_anon.png,gt/snow/train/GP030176/GP030176_frame_000775_gt_labelTrainIds.png,6a8217905a2693ce02df6b10bfe9683bbee0b7410cde860ed23682ad652670be,42a47dd37e769352828a5f3c59c476f2fec4bbd98d507953308db4454133bb30
rgb_anon/snow/train/GP030176/GP030176_frame_000795_rgb_anon.png,gt/snow/train/GP030176/GP030176_frame_000795_gt_labelTrainIds.png,e8297734cf96c34055b9d81ee672352141a29972456f714a0e001f281a97b9dd,b52164c95cd8838dc5a55283b6cd5daa2e905a3dd5a3122ffd1e200af7f82c4e
rgb_anon/snow/train/GP030176/GP030176_frame_000815_rgb_anon.png,gt/snow/train/GP030176/GP030176_frame_000815_gt_labelTrainIds.png,652f33453f11c4600c51b40ed1d348a39b686cf9ab45f758daccb025fb8bed19,a83afc03f15da9e2fa66c98921f828e0d8ef0501466fba69bbbe64a07e667415
rgb_anon/snow/train/GP030176/GP030176_frame_000835_rgb_anon.png,gt/snow/train/GP030176/GP030176_frame_000835_gt_labelTrainIds.png,f11a861d6b9a4a850bfb2935d20cb7bb8acfa71a7b0e44d93e68a36e500a9ba7,81e26acc565121ff7f97ccecd1cef3ff087fcf18e33b232e6cc6b874087c80f8
rgb_anon/snow/train/GP030176/GP030176_frame_000875_rgb_anon.png,gt/snow/train/GP030176/GP030176_frame_000875_gt_labelTrainIds.png,014a18db32f56b194c3f772d3e5150b421c5d194475e2d43108574f0b48f4586,171ac856dfdfe7375512340bc1969c891ce19e2a14c90f69fcd48f4b785d59a9
rgb_anon/snow/train/GP030176/GP030176_frame_000895_rgb_anon.png,gt/snow/train/GP030176/GP030176_frame_000895_gt_labelTrainIds.png,7e021244fdd2c7e7db17110bf62ca0f8dd84d71466854db58cf713e1df988891,58db97790d27f6d2cb4b35ddfd74cd024f76bc16e2cbf93ff340172f7118b172
rgb_anon/snow/train/GP030176/GP030176_frame_000915_rgb_anon.png,gt/snow/train/GP030176/GP030176_frame_000915_gt_labelTrainIds.png,534c6bd4addba87ddb45f9eef402cd9cb924c59482c6eb89b9abcc1eb59ac08b,3fa3e14f1b70662fa9e275fdda55d664440fa8a7023cca946136f15c86f95fb2
rgb_anon/snow/train/GP030176/GP030176_frame_001034_rgb_anon.png,gt/snow/train/GP030176/GP030176_frame_001034_gt_labelTrainIds.png,4bf4698ef786671a8f091d764cc61328dad9ced45aad7ce7c4aac15f6f124168,0b047dee76e62826e6bf7b9c11d8a8fd9d7b8afdef5f16cf157b281d00dcd932
rgb_anon/snow/train/GP030176/GP030176_frame_001041_rgb_anon.png,gt/snow/train/GP030176/GP030176_frame_001041_gt_labelTrainIds.png,a4c6113e4430498ad5b994dea64642de9b552735dbb854d1210ee61f8f446d30,c30d1c845ba2703c766e0005025ed5ad1d5022bc93721007f717aa8b2c7ca319
rgb_anon/snow/train/GP030176/GP030176_frame_001047_rgb_anon.png,gt/snow/train/GP030176/GP030176_frame_001047_gt_labelTrainIds.png,fe38f13e5940a8d719648ac9b49f25ac4d3385e8034bacb71bba06a1e68b2f4a,0c1e0d8f3bd7ed46974a329ea71225e9ba1d47e57bb4fca1fe4b40e143156e37
rgb_anon/snow/train/GP040176/GP040176_frame_000001_rgb_anon.png,gt/snow/train/GP040176/GP040176_frame_000001_gt_labelTrainIds.png,daa3caeeb91cdc010ba73771a300b4c38809407dbde4740b9e1b5b1c6b9ba2c6,366d4fb3053c17f8043a9b1424f1051b7a8f3d652c25dd3912f2d53ef8a59771
rgb_anon/snow/train/GP040176/GP040176_frame_000024_rgb_anon.png,gt/snow/train/GP040176/GP040176_frame_000024_gt_labelTrainIds.png,51e57fb752237a8a4b14ac6ad4c109ae7f84d35b6206a6fc79c0c3471224d4ca,41f3370832f697aad412fbb210a195139544b5e40a167defe152ca1758cb594c
rgb_anon/snow/train/GP040176/GP040176_frame_000032_rgb_anon.png,gt/snow/train/GP040176/GP040176_frame_000032_gt_labelTrainIds.png,9c78727b2a1ec588136a86ee314d361bdaa0b349ab96c19b231f374e6d04c3fd,0a87a236c80cd6dde0cbb50bf68abb5a51023be2345523f7dd9301e3f4dc2dac
rgb_anon/snow/train/GP040176/GP040176_frame_000044_rgb_anon.png,gt/snow/train/GP040176/GP040176_frame_000044_gt_labelTrainIds.png,738c2a7968be0b448c6cf63edea8a1fc2bf8c451211a389e68a5ce4753e854d0,95f3f37ef2d28e04bf0d5c4fb83370b157f27a368c98efb277d7467d3a4d66dc
rgb_anon/snow/train/GP040176/GP040176_frame_000049_rgb_anon.png,gt/snow/train/GP040176/GP040176_frame_000049_gt_labelTrainIds.png,81977989e1701e39484bc1deed5fbc755ca074b7d08209a9a707b54869859d35,7392589c4b4610eed178b1746a2e16c64b9a824738d96b20bd423102b4130e1d
rgb_anon/snow/train/GP040176/GP040176_frame_000054_rgb_anon.png,gt/snow/train/GP040176/GP040176_frame_000054_gt_labelTrainIds.png,827344ec262315bb0046ca2cceb22623c26bfa26765adfd9d766394d13d774ca,bdfe24f93fc261e77e537154aca3f19b84af2c315c749338c3d77eac6cb4215e
rgb_anon/snow/train/GP040176/GP040176_frame_000060_rgb_anon.png,gt/snow/train/GP040176/GP040176_frame_000060_gt_labelTrainIds.png,065caac88bbce6c0710791348c29c41dd81747e7c6b2c8f17197a72b268663b7,b554b89624c88acf2bc23095c7da2a2ba71cf2cd6adeb40c61ac4b21365c6772
rgb_anon/snow/train/GP040176/GP040176_frame_000067_rgb_anon.png,gt/snow/train/GP040176/GP040176_frame_000067_gt_labelTrainIds.png,47dea5dc4a7afb4c91879425cd030547c2481e0fac572d1eeae7ea0eb2e77019,1a50d562ec9bb69b18822b8788a0b00e7d953775e4eee32dbcfb5a2d81d780c2
rgb_anon/snow/train/GP040176/GP040176_frame_000080_rgb_anon.png,gt/snow/train/GP040176/GP040176_frame_000080_gt_labelTrainIds.png,6b149a716a0a22d6fa30a45bbaee5c927bc9c62ec662e9744e80e2605f0840c7,33646eda82d3308b8cd55bd2426329d9628c98f32aef50cf1fc07d40221a3222
rgb_anon/snow/train/GP040176/GP040176_frame_000088_rgb_anon.png,gt/snow/train/GP040176/GP040176_frame_000088_gt_labelTrainIds.png,584c72adc84aa77ea5844d4c46ce2ee938c7177c57e9af7e1a3f84cb30fee5c8,e7d1f2e31ce7894a8358e2195c97f552dcf013117d73ea9f3d452a43029fc449
rgb_anon/snow/train/GP040176/GP040176_frame_000100_rgb_anon.png,gt/snow/train/GP040176/GP040176_frame_000100_gt_labelTrainIds.png,58a18d729a7da5bd91777588e4e6db8bed91c9406911c918105271eba0712cf9,9c554a39ce3a3a6306bca70d460a15deb737e0d8bcb7d8fffa0d6846bf3e76eb
rgb_anon/snow/train/GP040176/GP040176_frame_000110_rgb_anon.png,gt/snow/train/GP040176/GP040176_frame_000110_gt_labelTrainIds.png,53f44f6a56eae6aacbe71dab61fda377127e8ce74e875c2e34ce4d6950900135,05508e133532caab67dab46e36b7237052b35b0e1d9cb29c0ca4c1e37af000e7
rgb_anon/snow/train/GP040176/GP040176_frame_000130_rgb_anon.png,gt/snow/train/GP040176/GP040176_frame_000130_gt_labelTrainIds.png,60033ed459f7411519c02c99d19116e517436e80b622a9de0d29efbc0d173afa,bc928f6aa8d2d1980f9fa233198b89b5e5457c28c2616f6b873e1b9f4f1efc90
rgb_anon/snow/train/GP040176/GP040176_frame_000141_rgb_anon.png,gt/snow/train/GP040176/GP040176_frame_000141_gt_labelTrainIds.png,37b76fe0f0ae1e493840fb02bca112186fc16dbee786acd1d222c3d54227f897,9ccc73f052ac42f0588a0655a114f35f865f14a66184c215734a5ab765ebdb2f
rgb_anon/snow/train/GP040176/GP040176_frame_000152_rgb_anon.png,gt/snow/train/GP040176/GP040176_frame_000152_gt_labelTrainIds.png,37c98e23294b40cfbf45329a1270b590f4414379220652196bb8c98e3bef2148,e70e2c20df3d076c73fe042ba6d7f55fd67ad8790af75d1423cb4d94b029fe79
rgb_anon/snow/train/GP040176/GP040176_frame_000158_rgb_anon.png,gt/snow/train/GP040176/GP040176_frame_000158_gt_labelTrainIds.png,5b67c7112aed702bcc534789ef82014f503e571161244a0d0b26ff7977513f49,b664c4a7c4a3d82d4592242ca9bc03323d6835c083efa54259ef72305cc6f2d6
rgb_anon/snow/train/GP040176/GP040176_frame_000163_rgb_anon.png,gt/snow/train/GP040176/GP040176_frame_000163_gt_labelTrainIds.png,c9082cfa3daa176443e5e45a36f8f1a16f787c0ec8fe90206dc0709cd3d3c18f,09a010d6e3a2aadf36d5c11c27b9bf688dc43bb7145c2da96081ad9cb1c5cecf
rgb_anon/snow/train/GP040176/GP040176_frame_000169_rgb_anon.png,gt/snow/train/GP040176/GP040176_frame_000169_gt_labelTrainIds.png,249ce6bac69d08193872961febe13b2e31f0ba8779cead339c41d1942db39831,2fe3807fb9d7fc8d9b5de4bc445cdda01d7df145351d6f4a08dd8a0c152bff0c
rgb_anon/snow/train/GP040176/GP040176_frame_000181_rgb_anon.png,gt/snow/train/GP040176/GP040176_frame_000181_gt_labelTrainIds.png,ad72e7d965a13e64cceb1f6e3daa0509d905dc9451637c06f4172b4271a78612,e9c2cdeaee17d6a143a52bb9a0d04cd83fbbc75b4d5bf5f4d647627a36f28338
rgb_anon/snow/train/GP040176/GP040176_frame_000188_rgb_anon.png,gt/snow/train/GP040176/GP040176_frame_000188_gt_labelTrainIds.png,eb31fded59f09ace857450b1f80ec9d673738f2f2cc148b21dbfcffb9b9bc01b,feb62a23b7dd0b7f3ec4c5a3cf07cf97707eb0085a5367bd385a72b86d4a1790
rgb_anon/snow/train/GP040176/GP040176_frame_000208_rgb_anon.png,gt/snow/train/GP040176/GP040176_frame_000208_gt_labelTrainIds.png,f6dd37999dbd4832f3f072434ca4905c18e36002b4f8be5d960d84b7eac9735f,da2074e320a10e512b426b212d2b560f92d5c59c5767c051d805df88f756f808
rgb_anon/snow/train/GP040176/GP040176_frame_000228_rgb_anon.png,gt/snow/train/GP040176/GP040176_frame_000228_gt_labelTrainIds.png,4cb4581aeab90efb2de80f5344c226331c335fa9d5c5ac41de57e5635a8c0de7,0d8e0e9974e5d1ffed4b5f6c65a23d587ebff13c209840efbe6498141c83f4ba
rgb_anon/snow/train/GP040176/GP040176_frame_000248_rgb_anon.png,gt/snow/train/GP040176/GP040176_frame_000248_gt_labelTrainIds.png,fd1714063c5111b9e23c371e3656f749e600abe9b06a8f0f0e3182745d713fc6,0c387e740d497a4e3db4bc73864b2fbc1c46a35bf6a6ddffdb305e1073371594
rgb_anon/snow/train/GP040176/GP040176_frame_000268_rgb_anon.png,gt/snow/train/GP040176/GP040176_frame_000268_gt_labelTrainIds.png,eb6ef7c006cb72c33970884f3b537e5f578d2b6d5f4ac3ac5624d00fee8fed82,6d9eb1fee870ad182179c3e43611806d1d467d1cc955f96ff6299075bbfab269
rgb_anon/snow/train/GP040176/GP040176_frame_000288_rgb_anon.png,gt/snow/train/GP040176/GP040176_frame_000288_gt_labelTrainIds.png,62878d307d540baaf954b567064dd9ce63de808a710c2c2679cc855556873aa9,c2304791dd18bc6f7da84b9600ba62cc73dbfd1477a3d549d41b6b31e483fd71
rgb_anon/snow/train/GP040176/GP040176_frame_000308_rgb_anon.png,gt/snow/train/GP040176/GP040176_frame_000308_gt_labelTrainIds.png,129cc33634dba8cb090b280fa19e167c8b335da82b30df0cdf6e35266deda474,a0dad1e34e726ba289a99e4aab2c59649ed110170fa8c668482d5ffa54823eb6
rgb_anon/snow/train/GP040176/GP040176_frame_000328_rgb_anon.png,gt/snow/train/GP040176/GP040176_frame_000328_gt_labelTrainIds.png,1ecdd499fe062c4f03dc980c4b72762a74553a32029cccef50ed24f0ee629c16,70aaf882e5343ecfa6ac5d72c10f3bfc55b44b5da9063c1842c162ca57526354
rgb_anon/snow/train/GP040176/GP040176_frame_000368_rgb_anon.png,gt/snow/train/GP040176/GP040176_frame_000368_gt_labelTrainIds.png,f6bd3f91e214632a1f7cafc88423e57b461973dfc05be426d17e8699473927cb,7e9092d50fc2c2ce43493002587a16ef78b05563a18c84a282bdb856d56c1690
rgb_anon/snow/train/GP040176/GP040176_frame_000388_rgb_anon.png,gt/snow/train/GP040176/GP040176_frame_000388_gt_labelTrainIds.png,6a02738a3576918045664bb613ef8e50126d5ca3f760ae7f5069d168d059d909,c0941bb99ab6305980321b850ab1f99a095927770870fa13209f1a64cad946c2
rgb_anon/snow/train/GP040176/GP040176_frame_000408_rgb_anon.png,gt/snow/train/GP040176/GP040176_frame_000408_gt_labelTrainIds.png,d54e2ce075d2f0975a8c90632d30347bd3c281e5c7435d484fd8374a37e9ed41,49da298c2478eb65babb591d3b715faf3bfad361a7e975c8b30b7c7b2b0a3221
rgb_anon/snow/train/GP040176/GP040176_frame_000428_rgb_anon.png,gt/snow/train/GP040176/GP040176_frame_000428_gt_labelTrainIds.png,67ba8a726b5a7b1f2de0a880397644d82412f9c516df051845f2660a7a8fc7e2,1bbd23c52e7f1d8cd937b75aa1582e4d856810f233c070ad8fa482e102b9a4fb
rgb_anon/snow/train/GP040176/GP040176_frame_000448_rgb_anon.png,gt/snow/train/GP040176/GP040176_frame_000448_gt_labelTrainIds.png,a0aaf6050758ab13f22f0a4d3a3d32a14d3c50a2dff7382a2e1ca0ac6fce1ef0,8aed84b24fe21b9e1986ba13340d17fa652789dd39f0b9d1caf3c74fec66f352
rgb_anon/snow/train/GP040176/GP040176_frame_000464_rgb_anon.png,gt/snow/train/GP040176/GP040176_frame_000464_gt_labelTrainIds.png,7306e2b39c1873ea4cebb8c6cb04b94ebfd7e091c5b0644973d2428799b4c55e,18b78b4c1fb9e2c31eb2d1633120f3359fb772d121f7d44fe8b16d4b0cd35cad
rgb_anon/snow/train/GP040176/GP040176_frame_000484_rgb_anon.png,gt/snow/train/GP040176/GP040176_frame_000484_gt_labelTrainIds.png,9addfc20191a1e73edbcd36908525606e13656cfdf3216d4bf98358d7c0e2ed2,e5c2c7682a46429ffca35c355546d953af519f6ef5c90f7f38c74a8f9d9a80a1
rgb_anon/snow/train/GP040176/GP040176_frame_000515_rgb_anon.png,gt/snow/train/GP040176/GP040176_frame_000515_gt_labelTrainIds.png,21a5294a64ed69ff160247ab8bf06f61bb061124560fa16dfed2838aa5ecd75b,6d7204ea9ead0f6ab099f5c3bb42540cd5d1fd0e5a684efec08ce938c19c0791
rgb_anon/snow/train/GP040176/GP040176_frame_000523_rgb_anon.png,gt/snow/train/GP040176/GP040176_frame_000523_gt_labelTrainIds.png,71cc7569b4f97255a2278c0cca21d7dd3b413e733d1cfdfb43cdc8f68c9baeff,c26e1bce173a0c02a4630a08bdf1c0572033d964b84f3e8a54321b7397ea50bd
rgb_anon/snow/train/GP040176/GP040176_frame_000529_rgb_anon.png,gt/snow/train/GP040176/GP040176_frame_000529_gt_labelTrainIds.png,c9e61be6fe0a37bceca38b1c7bfce7f9196935db22cc432910138d6455fbe821,92d9de4b7fac96ec3c8b065879d2f1eb4c956e39b1072c35db6050208f1e41e2
rgb_anon/snow/train/GP040176/GP040176_frame_000534_rgb_anon.png,gt/snow/train/GP040176/GP040176_frame_000534_gt_labelTrainIds.png,98ce4b5723070d73f09541de613edd025275ce52b46b9a114df30b59cffd0b3d,39f7e48eadcb96c182c8b2f6a15defc7257150edf8e5e5c4972ad4eaf8cc9ef5
rgb_anon/snow/train/GP040176/GP040176_frame_000538_rgb_anon.png,gt/snow/train/GP040176/GP040176_frame_000538_gt_labelTrainIds.png,49ef0c3e214a4ed4dac58498550933cb1971c9c84cab3935a6bcf8e96f386729,1b6eb618b1093374a6c0c1ce50753943d1a5540f5a0675c88d154c94dc644caa
rgb_anon/snow/train/GP040176/GP040176_frame_000542_rgb_anon.png,gt/snow/train/GP040176/GP040176_frame_000542_gt_labelTrainIds.png,d1d238b9cd1a45f16a90a7657601d127a3d0d9ed052e417a3463266a5ce9bd68,844ccac3825d25579fff667d33a058d3e41f4a1c6e96167277451dc8e9420eb7
rgb_anon/snow/train/GP040176/GP040176_frame_000546_rgb_anon.png,gt/snow/train/GP040176/GP040176_frame_000546_gt_labelTrainIds.png,41ea740091c24eb6cc99854aa78802d11d95b7327168d5ef4eed12c671767359,787f5f54a22e69e7089b015801d99f0bcdc4b07ffa0c9ac0e4ca7b9bb4ce4580
rgb_anon/snow/train/GP040176/GP040176_frame_000566_rgb_anon.png,gt/snow/train/GP040176/GP040176_frame_000566_gt_labelTrainIds.png,7c8497e396e38eea8d4f08b50784ab7801518b2168c79414be24f54191f43521,670b5c1ab39bbbbe1989ac93afe5966710e714b73f3a5e3aad6d1219de7c326b
rgb_anon/snow/train/GP040176/GP040176_frame_000580_rgb_anon.png,gt/snow/train/GP040176/GP040176_frame_000580_gt_labelTrainIds.png,2117006e30e7f24ad13143767ce8cc932629261ecc5f8d07f35298d7edf712eb,4d7deaedabed59221f5accc145b1a2cfc51f1fdf78b3d815db3efc8026f1c5ba
rgb_anon/snow/train/GP040176/GP040176_frame_000589_rgb_anon.png,gt/snow/train/GP040176/GP040176_frame_000589_gt_labelTrainIds.png,eef59360250bb4269fba1ab71ce6215d69f14851ea4444076c2645a19cdab27d,d14adeb115c79393e7f8012792b83c1ca19d91c41b4cb6b7a7d670328b14d8ba
rgb_anon/snow/train/GP040176/GP040176_frame_000609_rgb_anon.png,gt/snow/train/GP040176/GP040176_frame_000609_gt_labelTrainIds.png,dda5db7c6edf9202a350037f9a09787e18afefc72267bbe3d14232ec66f0d30d,965c70f641872b32ef09f7f0acd30b584dc8b4a797b33905e6681f0a0aafa487
rgb_anon/snow/train/GP040176/GP040176_frame_000629_rgb_anon.png,gt/snow/train/GP040176/GP040176_frame_000629_gt_labelTrainIds.png,b5c93ec87ffdbd29c8fc67ba2453385fa7c6d6fff4c0113ed5342992eaf30cc9,1ca84483785c98652dc96bc574a70bed8e8a9c29723fc377ec579ff31e7560b5
rgb_anon/snow/train/GP040176/GP040176_frame_000649_rgb_anon.png,gt/snow/train/GP040176/GP040176_frame_000649_gt_labelTrainIds.png,01eb50b0623a56f74afb4f8aede78fbb41d6c656fa58da6f7e49ac44b15f2c83,18e2fa851aa7e77c30ced0c3eabcfd04e3730c4d0f95c805fdc0a7f2dfb906fc
rgb_anon/snow/train/GP040176/GP040176_frame_000669_rgb_anon.png,gt/snow/train/GP040176/GP040176_frame_000669_gt_labelTrainIds.png,b5e739cdca3c9d1d64f7582ad845aa29a854a4627649acf49b0da61029b5113e,2aea81e7ee86929eeecd4ead66b9ad4b2a0ec810d6a3477902e100a15b993730
rgb_anon/snow/train/GP040176/GP040176_frame_000689_rgb_anon.png,gt/snow/train/GP040176/GP040176_frame_000689_gt_labelTrainIds.png,1c138ae473a69efac04434e49ca914765dd17a4d36faae66c3e50314d2a87997,b6230d5cf5fafae869660a9f43438e2f8f38bc173c29b30bbb9d182491b5a8f9
rgb_anon/snow/train/GP040176/GP040176_frame_000696_rgb_anon.png,gt/snow/train/GP040176/GP040176_frame_000696_gt_labelTrainIds.png,56c1ae2eabbffbfeabdcc5297e7aaaf2f37bba030041634825bb3c691691dcde,29f7e1ff915bf50e516905505169e0302d42f1413dcc8b257df0d2a4165284f3
rgb_anon/snow/train/GP040176/GP040176_frame_000701_rgb_anon.png,gt/snow/train/GP040176/GP040176_frame_000701_gt_labelTrainIds.png,e33d3fbbbcafa8b5216b714ba54a3b77117b5364dc25511325a73553335e3f56,f82f3d072c78d0b5659cd4f7d217f76ffd284c2fd3fe1df9297c58fbf5183439
rgb_anon/snow/train/GP040176/GP040176_frame_000707_rgb_anon.png,gt/snow/train/GP040176/GP040176_frame_000707_gt_labelTrainIds.png,2da79a857748e52b8dcafae29226715fa5a882dc80035b55e1325ed9a80a608d,1eb87178103198325f8966061350e4656ca4a45cb8b3563d845eed4b3e0c2c12
rgb_anon/snow/train/GP040176/GP040176_frame_000714_rgb_anon.png,gt/snow/train/GP040176/GP040176_frame_000714_gt_labelTrainIds.png,a1cd78ef91efe04a1bb33f360f03207bdea594706a99c9e273b169434d2cb3f7,41c31cca2683d62fa36aef941fad9fe5986a7d5b8ed3931b34127c3af7ad319b
rgb_anon/snow/train/GP040176/GP040176_frame_000734_rgb_anon.png,gt/snow/train/GP040176/GP040176_frame_000734_gt_labelTrainIds.png,01c87746ab620b1003804b5d3e9f3a9c1dbe9d1460fcd6a76c6b228092d64869,6e00f11f6984095773110a45e392b554287622ba4ca899fb454d05f75f415f74
rgb_anon/snow/train/GP040176/GP040176_frame_000754_rgb_anon.png,gt/snow/train/GP040176/GP040176_frame_000754_gt_labelTrainIds.png,de73b39f7b8dfb2a268d5be2d090bf7e47bbfb38964c7371828f8ee80ad1a133,5149000f5038ea83e00d0fefa0707c6c04599d3d2ce20477719a2023d3d2c19a
rgb_anon/snow/train/GP040176/GP040176_frame_000765_rgb_anon.png,gt/snow/train/GP040176/GP040176_frame_000765_gt_labelTrainIds.png,da0f784f42352caf09f96ee35de06608a935f107ae60c949f8bb7a3e2f754ec4,792bfb5574ccd7bc99bc3d951980175ef6e732404369696c83568fc672fb1f22
rgb_anon/snow/train/GP040176/GP040176_frame_000775_rgb_anon.png,gt/snow/train/GP040176/GP040176_frame_000775_gt_labelTrainIds.png,9fec2112c689884c53162e1f93aa9100d93d83f3327a535ea395703844d3ec0a,e27e2cd58f8275a88f271be263de73622c6cc907e61d4f91406de9c9a3cba1f7
rgb_anon/snow/train/GP040176/GP040176_frame_000782_rgb_anon.png,gt/snow/train/GP040176/GP040176_frame_000782_gt_labelTrainIds.png,fea69dc21c14225a406624d7b6ccf07cdc1af08072e3bc7c753895036d9dec35,b06f175e069ebc991ab360caa15e0cbbe12a8a9dadcbc5648086a6a325b6acdb
rgb_anon/snow/train/GP040176/GP040176_frame_000789_rgb_anon.png,gt/snow/train/GP040176/GP040176_frame_000789_gt_labelTrainIds.png,1fa56ad59aa796c78a650eb80f1096ef81571d88287bf9405cdf42bffb8c8ddf,6e43a1a0f8bcbabd17b417132e6e3c6269699b6c3c37b41f1b58028564fb5e6a
rgb_anon/snow/train/GP040176/GP040176_frame_000795_rgb_anon.png,gt/snow/train/GP040176/GP040176_frame_000795_gt_labelTrainIds.png,a4034a096087404f8ab37d66bd014807fb05ef80d83969dcd92cbe8a101a0c80,20141c10a8f4cc1e8976212fd719a984b02a7268415b47bf83d93ef8c24d58c0
rgb_anon/snow/train/GP040176/GP040176_frame_000801_rgb_anon.png,gt/snow/train/GP040176/GP040176_frame_000801_gt_labelTrainIds.png,94cf65f832513c37c6e5ee9c1beafd706da48c90e1eb369f93506f14e8182c55,040454ac7f31ef625419430516f19213c88a3579b09fe4f1f5a99a9d1222837e
rgb_anon/snow/train/GP040176/GP040176_frame_000813_rgb_anon.png,gt/snow/train/GP040176/GP040176_frame_000813_gt_labelTrainIds.png,9d917032c26aced71c14c75d8401b19bc96935ed83d640d16cc25cd5eec6914b,61926d3e377774365bb50dae314e191c5b9e306800d5ce960f348bac357c8a8a
rgb_anon/snow/train/GP040176/GP040176_frame_000820_rgb_anon.png,gt/snow/train/GP040176/GP040176_frame_000820_gt_labelTrainIds.png,3a38077d1b43092f474d0c69f01d7a52090ae997db26545e8956665c64b51f63,72cf9a31cb161012222ac30580f3f7f13e7e2e7d66d134a09f42685c60a6c47f
rgb_anon/snow/train/GP040176/GP040176_frame_000826_rgb_anon.png,gt/snow/train/GP040176/GP040176_frame_000826_gt_labelTrainIds.png,ddd17b7afe4f46b13f545ad83b8b27de49e5c145d2b397db86fae065c8d77967,f6b1bbf439c3297eab2ca8b07de91ff9bb032f5621ba76554944620ef37e72dc
rgb_anon/snow/train/GP040176/GP040176_frame_000832_rgb_anon.png,gt/snow/train/GP040176/GP040176_frame_000832_gt_labelTrainIds.png,512d381271720c5ee420185307986eb47846d774ee35efe14ee388fef5a83337,c20600d022cb799e62e8fc4192f18d974e6e093edb7ff19c555e073be5c8b7fe
rgb_anon/snow/train/GP040176/GP040176_frame_000839_rgb_anon.png,gt/snow/train/GP040176/GP040176_frame_000839_gt_labelTrainIds.png,7663054a5db277c47ac5daacbaea1f27827d58fdd5355519349ea2147aef9562,4444c697752f397b2922ea69b10253204087e528fbd4d60a9ed20a83048d35f1
rgb_anon/snow/train/GP040176/GP040176_frame_000847_rgb_anon.png,gt/snow/train/GP040176/GP040176_frame_000847_gt_labelTrainIds.png,965e40941b985bf6970ed3a6c8941119b54ce5f78dc7d40722217a5dc8d26c0f,fc3c7e4b3460b564c17a26d3b012417db9e9d44c760af96e8e4544a52a8b13dd
rgb_anon/snow/train/GP040176/GP040176_frame_000867_rgb_anon.png,gt/snow/train/GP040176/GP040176_frame_000867_gt_labelTrainIds.png,4f6d957c580bc1dee5109c80c6be4fdae32de07dcb9a498ce61bddad86fad3a9,ffc9af096549acba8a3108cafcfc9c9509c482e87c5f77902045afbd5e5030f7
rgb_anon/snow/train/GP040176/GP040176_frame_000887_rgb_anon.png,gt/snow/train/GP040176/GP040176_frame_000887_gt_labelTrainIds.png,765683b62cc776d8257c7de179229de00e3b2e81b5fc9da1a7db3b157deaac9f,e34252a58d1e567226495d213fd5392a66474c68d4a38c65d44b34a5562072c5
rgb_anon/snow/train/GP040176/GP040176_frame_000894_rgb_anon.png,gt/snow/train/GP040176/GP040176_frame_000894_gt_labelTrainIds.png,4dcb04efa3c13232951531edb5eeab4a3e67180769b48d1462a97658be8b58c5,be595927a2d2289f698d89710414b21240526665d1abf5a24bc516e082e7a90e
rgb_anon/snow/train/GP040176/GP040176_frame_000900_rgb_anon.png,gt/snow/train/GP040176/GP040176_frame_000900_gt_labelTrainIds.png,2c80870440078c374a716bcd1e417e78261d4c0d08d7a403d5bae37ddb19292d,7c1d50bec732cc248aedafcbca23949ddec037455c0be6967ae303e6d579bf91
rgb_anon/snow/train/GP040176/GP040176_frame_000906_rgb_anon.png,gt/snow/train/GP040176/GP040176_frame_000906_gt_labelTrainIds.png,fedcd20ed33adc2fa814de2dff92ff7577c8f30e106c57f92050b2f60679cb81,1a8bb8e7e619f74ae8f2e85d34ae468543fb0a8ed8dc133a63d14169a677223a
rgb_anon/snow/train/GP040176/GP040176_frame_000912_rgb_anon.png,gt/snow/train/GP040176/GP040176_frame_000912_gt_labelTrainIds.png,93b12d7cbde825f08b03f08c1a77db6cb3668d8c56acf8e7dd90094a2a9e037c,e93563bea114948a8622146a9e1fe243f04e5b32fdc8f924238e181c5be651ad
rgb_anon/snow/train/GP040176/GP040176_frame_000918_rgb_anon.png,gt/snow/train/GP040176/GP040176_frame_000918_gt_labelTrainIds.png,7869ae96eff80b8917a1bbf53a7517e2e8124eeb9731ad0148157076abf61212,22ab5057596f12bba90c0317dc5f326b0d47b1dbd70faf1e20295f711df3f7f0
rgb_anon/snow/train/GP040176/GP040176_frame_000923_rgb_anon.png,gt/snow/train/GP040176/GP040176_frame_000923_gt_labelTrainIds.png,af4f5b3b1634cdeb5194840c2f35556ce6e0fba57b00103f959562c949f4c450,34661c1bf0e0108da3ea95d0a465cb1d3622236308eee3124b31445765705cae
rgb_anon/snow/train/GP040176/GP040176_frame_000928_rgb_anon.png,gt/snow/train/GP040176/GP040176_frame_000928_gt_labelTrainIds.png,14f5e44bd1a1a200770ff6e67f88bfd3613abe2b3b568387264a43d25a83f330,4c3d487707dac10d96223201c18cda6ba13860af3edf72eb014c8625609ea03a
rgb_anon/snow/train/GP040176/GP040176_frame_000948_rgb_anon.png,gt/snow/train/GP040176/GP040176_frame_000948_gt_labelTrainIds.png,54d0b6a51502076dc82e71d5691b10749cfa525a6d1c0fb7d06ce20d3432332f,6b603444eb224b606ce4da2502c5a7e8d3774b159ee0422c9bbbe87c2124cc90
rgb_anon/snow/train/GP040176/GP040176_frame_000968_rgb_anon.png,gt/snow/train/GP040176/GP040176_frame_000968_gt_labelTrainIds.png,8862912e77b2dd90ca6bbc20c3ffbf00632496ddceb3369ce933aef1a09eb751,25658df8784e650b41b27ca9183a90d9fff88f83411461d7dd445f1ddf62124e
rgb_anon/snow/train/GP040176/GP040176_frame_000974_rgb_anon.png,gt/snow/train/GP040176/GP040176_frame_000974_gt_labelTrainIds.png,4c927c8e77a7200ad19667b908404e508291ceff7d0a736771e371c76131e6a6,82db3dd16e1b04ce98b316c48d49d6a767883fe90fe49182796ebc5d9bf6526e
rgb_anon/snow/train/GP040176/GP040176_frame_000984_rgb_anon.png,gt/snow/train/GP040176/GP040176_frame_000984_gt_labelTrainIds.png,51b1fa7346ad578d4e3b75816fbbd03f318bf243ed7e29f6ee0d10fe8924ea33,8a391a7e6172de789130103962cfa173aed386e3581bf7f5f1573b53e44516f0
rgb_anon/snow/train/GP040176/GP040176_frame_000989_rgb_anon.png,gt/snow/train/GP040176/GP040176_frame_000989_gt_labelTrainIds.png,524b85be1013d7960a7ae35b00f4f7ea991b52a090e5cd49829679202d08e7e9,63a1ce85a10505ba20c6db0e473b4376be7d0135b85c040fefde704b9849da75
rgb_anon/snow/train/GP040176/GP040176_frame_000994_rgb_anon.png,gt/snow/train/GP040176/GP040176_frame_000994_gt_labelTrainIds.png,ffb1a39a0385be0984a855fe17f556f3f6c1b909cf937e4b93f507d0af6e29a3,cb8c83aa94dba5736860aefecde2878cf7765d5921ed8d679c8b90c501e9091b
rgb_anon/snow/train/GP040176/GP040176_frame_001014_rgb_anon.png,gt/snow/train/GP040176/GP040176_frame_001014_gt_labelTrainIds.png,3db3d7bd7e5ac446997fefe996d2df7383963f56f5fd17f047b2a3dcd535e2d9,c1d97e51b851210aafbdb1d63e51fe3c75c9ca1699444a15fb6c4f6f2eda513e
rgb_anon/snow/train/GP040176/GP040176_frame_001034_rgb_anon.png,gt/snow/train/GP040176/GP040176_frame_001034_gt_labelTrainIds.png,458b5658da122141ee31d36924bf34ff62e50d6e77b6e1305eebb1957e73e4f8,ab5c71c483bd9fb6611c4e1af5654181ad71dfb0c1386796811f310d5abf62a6
rgb_anon/snow/train/GP040176/GP040176_frame_001042_rgb_anon.png,gt/snow/train/GP040176/GP040176_frame_001042_gt_labelTrainIds.png,bf987a386515c9d7f158d178b8f2aa59d93e18eb1263d99919c3fbd0669ef7c4,162cc4edc20b5c02cdfd2d7cb68712e33e8c2c3e123b489df7393fa6d33b66bd
rgb_anon/snow/train/GP040176/GP040176_frame_001049_rgb_anon.png,gt/snow/train/GP040176/GP040176_frame_001049_gt_labelTrainIds.png,dce6ac4cae63010330cb8a8aa70e56e08c8605e07a161c2cf2c29f121819e04e,9af4c2bf3cfe75ba0583562993a932acc8a190f27a951800eb1ef8674a2aff4a
rgb_anon/snow/train/GP050176/GP050176_frame_000001_rgb_anon.png,gt/snow/train/GP050176/GP050176_frame_000001_gt_labelTrainIds.png,34cf85fd360101beaa5ba39ea51c92320048ae0daea70b7ce3d6d8c769659be0,ce48178abd731e6764c69902929e191ce51907ecfe046db72ef2c530d433ef3e
rgb_anon/snow/train/GP050176/GP050176_frame_000021_rgb_anon.png,gt/snow/train/GP050176/GP050176_frame_000021_gt_labelTrainIds.png,587312985405516a407758a8e3d75db1e0257f04d9f31dba618d1225299f9ec4,b7f016b04b5bf080bdc5b4e989c1d264cd01bf7bdf0c1b7eb6b15d633d072275
rgb_anon/snow/train/GP050176/GP050176_frame_000041_rgb_anon.png,gt/snow/train/GP050176/GP050176_frame_000041_gt_labelTrainIds.png,758c7469f1a7bf433fd4cf83463d6eff5c5115b6f41f7f0bec5fd73a3003020f,7520530880c4ebfa4c7486e2650c57bb18b3e408e10f62aebb7d1f7e6a733862
rgb_anon/snow/train/GP050176/GP050176_frame_000047_rgb_anon.png,gt/snow/train/GP050176/GP050176_frame_000047_gt_labelTrainIds.png,6db0b0484fdc9c834c6605376484185624839aadd28aa7ec2e13b3a6c98d9ecf,fa68ea22ddeb497016f01d55829c09ba86aa868207dea05e0ef65762a3ef26f4
rgb_anon/snow/train/GP050176/GP050176_frame_000054_rgb_anon.png,gt/snow/train/GP050176/GP050176_frame_000054_gt_labelTrainIds.png,1e9f477c6d6136ed07c34ec223102e759886c4359a00ab2ec2f79b71bb422547,43b7c04cf6a3b487370a46d7986a633e92718e5aa2ea9d8a306b0b923d07b65f
rgb_anon/snow/train/GP050176/GP050176_frame_000068_rgb_anon.png,gt/snow/train/GP050176/GP050176_frame_000068_gt_labelTrainIds.png,6fce98f85ad7d5ab3b2dd97d3dbebd1289557d7175c75421e25e84afa6ac37a4,710ebaaa1a54838435d1b35365b514848dee15b6529476081a450dd9ddfea9be
rgb_anon/snow/train/GP050176/GP050176_frame_000088_rgb_anon.png,gt/snow/train/GP050176/GP050176_frame_000088_gt_labelTrainIds.png,93c2a3c61de16cad08c73685749fcdec3fdb6eb985173db7dac70d70e07c16f3,f62907ca4b1e69f0e2f884d9d406c6361ebe2f75da58317b16117051da14ebac
rgb_anon/snow/train/GP050176/GP050176_frame_000128_rgb_anon.png,gt/snow/train/GP050176/GP050176_frame_000128_gt_labelTrainIds.png,d8b13f17724f01700443133d155eda7d72dabe570bf4568d8944dd9add54c30c,0700290a569e97278b6446efefb70cb5fbc609a81a07cfa3deef8cb44836c9cf
rgb_anon/snow/train/GP050176/GP050176_frame_000168_rgb_anon.png,gt/snow/train/GP050176/GP050176_frame_000168_gt_labelTrainIds.png,f55d8b196ebd93aebfff2cd2a3e2023b7d8175b332b936ae45b4a7dabf0579e7,074e57ae9109525f3d16b0741e5892129523cfef7f6e53e27cb1cc7ed9bd5c06
rgb_anon/snow/train/GP050176/GP050176_frame_000188_rgb_anon.png,gt/snow/train/GP050176/GP050176_frame_000188_gt_labelTrainIds.png,1df2bcf8fc336d2add1ec365d100a8491f8366e4125c596ec7ed14a0d81793aa,3f4ad8c40b4e694096fd46135adc08c5c21e5905134df65bb197bd4e9af1f5bf
rgb_anon/snow/train/GP050176/GP050176_frame_000228_rgb_anon.png,gt/snow/train/GP050176/GP050176_frame_000228_gt_labelTrainIds.png,8e7f99d2cd23897c4c42ff344fefffaaeced9e13df410ab17695f3430819ba4d,d9d2347541ecc77e753720bb9167c224dacc97892ffdfd0a1427df0aa8b9c2af
rgb_anon/snow/train/GP050176/GP050176_frame_000248_rgb_anon.png,gt/snow/train/GP050176/GP050176_frame_000248_gt_labelTrainIds.png,7f9015a34d25f7b2bf1d0bb7a32301fc7c1ab0cd047521bf4589c091f1cde154,9130efb12fa02109aab505f4dd9bca78943544a86ec34c6841acce676bb729a4
rgb_anon/snow/train/GP050176/GP050176_frame_000268_rgb_anon.png,gt/snow/train/GP050176/GP050176_frame_000268_gt_labelTrainIds.png,6eca59b4f511069742e31d469b45ef62ccf6a1c4a8d92fad88130b6da0740834,2ff5afb9408f20e6c21edfdf84b671e7da7475b497f96761342b340851945f9c
rgb_anon/snow/train/GP050176/GP050176_frame_000308_rgb_anon.png,gt/snow/train/GP050176/GP050176_frame_000308_gt_labelTrainIds.png,97930812b5ad22a408336222801be5a4c42aa59b502c1e6d40bf106747d9ddd5,1e2a108f4daf8559f8c19218bff7deceddb86300c97d782034bed79e79b4f3e6
rgb_anon/snow/train/GP050176/GP050176_frame_000342_rgb_anon.png,gt/snow/train/GP050176/GP050176_frame_000342_gt_labelTrainIds.png,fe5f8d0e4b76a5c023974edbe64f4b0004bd892361ab8535c82edf640fe57aee,19c172ddb5f62fce8800a3a188df2872c3abbb97a7be05c8600d4ca2ee83fcae
rgb_anon/snow/train/GP050176/GP050176_frame_000362_rgb_anon.png,gt/snow/train/GP050176/GP050176_frame_000362_gt_labelTrainIds.png,61532f196aa56190371812ea7defc684ccef3da5431449278b305d571df18b07,856ff7748818667bac64824fd54a88d7d34ff5f27ffcdf0cfabb59eadd871144
rgb_anon/snow/train/GP050176/GP050176_frame_000382_rgb_anon.png,gt/snow/train/GP050176/GP050176_frame_000382_gt_labelTrainIds.png,2410c38aa74e5b0d30df4698f4363048ae284cc80d43bde0f408a77537b17cd6,82db52aa92066ed0077664fe69521ed45e6e2a90b5c725cb2fcc4924ebf21c29
rgb_anon/snow/train/GP050176/GP050176_frame_000431_rgb_anon.png,gt/snow/train/GP050176/GP050176_frame_000431_gt_labelTrainIds.png,ac17180294fb0f55f1513a0d4b9fce3604c03da143e7a26f1b598d8876254922,df2981099acc8da79b27f1b9eaba0c4735514c4d0ed6a5b658d26f33d6b51738
rgb_anon/snow/train/GP050176/GP050176_frame_000440_rgb_anon.png,gt/snow/train/GP050176/GP050176_frame_000440_gt_labelTrainIds.png,cac607271763239bd2159e939138b845842af86cb570571d98596c0f600f6371,b46f1b7003581a5a4153ad377b53d308f95d001146125d4d03d5fd555300ec52
rgb_anon/snow/train/GP050176/GP050176_frame_000452_rgb_anon.png,gt/snow/train/GP050176/GP050176_frame_000452_gt_labelTrainIds.png,f5526aac0b4bd5f3dce8e81672b0a92b6c51469b57191b2291dd1c528f401cdb,6ec801ba889f2e48597e4287214882a34c685db97aa428a3c70bc58f2764fef9
rgb_anon/snow/train/GP050176/GP050176_frame_000458_rgb_anon.png,gt/snow/train/GP050176/GP050176_frame_000458_gt_labelTrainIds.png,b5d27ffbeb13df7155285fbfb5776160d307dc2628489b86ceb6144a873cd4a0,1162c0d840d989009000e8686a07dd75b6d7e4ae13b5da0bb04e7da75e554990
rgb_anon/snow/train/GP050176/GP050176_frame_000469_rgb_anon.png,gt/snow/train/GP050176/GP050176_frame_000469_gt_labelTrainIds.png,59e90ee917981eea84b60a31505de8fca2a18fbc187c865ce2b2300a5dc2c067,d95913f7207877d4f0ea838267e912c9214998ba040e7e647c8d1d9dd15b71c1
rgb_anon/snow/train/GP050176/GP050176_frame_000489_rgb_anon.png,gt/snow/train/GP050176/GP050176_frame_000489_gt_labelTrainIds.png,d5fc5665c89e7cd1049bec701da472b178abd352e1a828d6d8943ed0ab2f7f68,a82ade8a3060b4486b1af49da9d8520974c77258fb812c8b1391e7940ac3f12f
rgb_anon/snow/train/GP050176/GP050176_frame_000589_rgb_anon.png,gt/snow/train/GP050176/GP050176_frame_000589_gt_labelTrainIds.png,87360b14b40a61c4cdafb4e5250f2260f6614917f799c49ba62fe6baa0dc0ac5,06b8c66fef30375e26bcb99a521caa438dfbb3a022ecb46f37985169376fbc39
rgb_anon/snow/train/GP050176/GP050176_frame_000609_rgb_anon.png,gt/snow/train/GP050176/GP050176_frame_000609_gt_labelTrainIds.png,1b29eb9c95015380a7bd0111028133f3f0b5d9999553d5357177f63b159bfbbb,8593c1243226667a74da738af06e0d6263695c4a86d9e6681f15c9b986944d24
rgb_anon/snow/train/GP050176/GP050176_frame_000629_rgb_anon.png,gt/snow/train/GP050176/GP050176_frame_000629_gt_labelTrainIds.png,8733bbaccbd16a5f10f54c922daccaa8e68aab3edd4ed7abac1b9dc2e6899c6b,43e5a4e1cfce0e708ce65b91176f9cc1c6f392e8768afc51d0ff4cdd20f6e210
rgb_anon/snow/train/GP050176/GP050176_frame_000649_rgb_anon.png,gt/snow/train/GP050176/GP050176_frame_000649_gt_labelTrainIds.png,5a172deb15a22743daa92f6fc37a8cd8587be192e35ab28083f60503e9376891,0270ff6a471c3dd1c5ab87b184c032ea21ba5f5c3b229bf79c8dda9ff2321558
rgb_anon/snow/train/GP050176/GP050176_frame_000669_rgb_anon.png,gt/snow/train/GP050176/GP050176_frame_000669_gt_labelTrainIds.png,04b760151ece2dcea895c538437d0dc979a68a184dba03ff356dcd8ca01e196b,3ea6aca1c13aeba9f8bb6d64b8918c42a2533f8c62b61f1fee94c6fe003fdc1b
rgb_anon/snow/train/GP050176/GP050176_frame_000683_rgb_anon.png,gt/snow/train/GP050176/GP050176_frame_000683_gt_labelTrainIds.png,45f4eeafb33230fc5affd29ea68d0b90c7c4f60452ddf4fe2758940f0433672d,c024929d38a438b7b2edd8bc898f69ced076d61fe8536d595b0d11eb1e7e85ff
rgb_anon/snow/train/GP050176/GP050176_frame_000703_rgb_anon.png,gt/snow/train/GP050176/GP050176_frame_000703_gt_labelTrainIds.png,a2bc796b972b3fe973170b6d2827600ef8729ab4dfc2b53b041c42c639cce9f9,858ee26575d7e5fe734ff48e8ff7cc2fbb6f7abd56ae641462e2b0383c36e274
rgb_anon/snow/train/GP050176/GP050176_frame_000723_rgb_anon.png,gt/snow/train/GP050176/GP050176_frame_000723_gt_labelTrainIds.png,277a3ac5bb86298b1856f902ab7a3ffd60c559f8f052b99245614252c9cd86e7,9595b75b4fa1ac74e4c2fb72bb831fb56b0c2f7a38b6c1003abce0f272bf9ecf
rgb_anon/snow/train/GP050176/GP050176_frame_000743_rgb_anon.png,gt/snow/train/GP050176/GP050176_frame_000743_gt_labelTrainIds.png,346dba63eed1aaf67a123591fdeddc3f984f301a741135bd869495a4985df89e,2deac9dd9239cb4a46b5e4f23cfffd1667fcf9f1363096cd992ac49cf56b63ec
rgb_anon/snow/train/GP050176/GP050176_frame_000763_rgb_anon.png,gt/snow/train/GP050176/GP050176_frame_000763_gt_labelTrainIds.png,beba8ce2a4d80645d615d41046fc32169e493b04b37e4c2d12d39e5db0536fdb,cad167c26de96199d70152b6fa462ecf06d17ae50ede7403578271c6e8a6c667
rgb_anon/snow/train/GP050176/GP050176_frame_000779_rgb_anon.png,gt/snow/train/GP050176/GP050176_frame_000779_gt_labelTrainIds.png,70a93f77dc6c15dfe2ca12cee8895957d4881ece493c99b99aea1e333228a3da,87bee77cc70f2ea8b751170f13e964aa39ec843c6d67a331c5307959e316fb60
rgb_anon/snow/train/GP050176/GP050176_frame_000788_rgb_anon.png,gt/snow/train/GP050176/GP050176_frame_000788_gt_labelTrainIds.png,4f70117221f72a61ea3a7f72cdf62253a92bf80fd4ce794d6ab1197625316fa9,2db2eb1c30e94ab9e2d5e6e815565066dfb7cfd5ddfcb89b3dc9ee5f78ed764f
rgb_anon/snow/train/GP050176/GP050176_frame_000794_rgb_anon.png,gt/snow/train/GP050176/GP050176_frame_000794_gt_labelTrainIds.png,a229a8c2b0f0ca1349f899bf531965f46d62d9e30efb72ed46870b60ce9fa201,0fa5fbee77e2ab4848895a8bf7b8a0a25cd460ec60d42840c0390c5461acc81c
rgb_anon/snow/train/GP050176/GP050176_frame_000800_rgb_anon.png,gt/snow/train/GP050176/GP050176_frame_000800_gt_labelTrainIds.png,1d4b47a6c1e354d9f493ec58ee81e07c362ce269bee0b802935e8535acf187bd,f9b1a090fd5bd77908c805a3ea66f3e05764370c09ee2946b39af71f6980c3b0
rgb_anon/snow/train/GP050176/GP050176_frame_000807_rgb_anon.png,gt/snow/train/GP050176/GP050176_frame_000807_gt_labelTrainIds.png,0f915da13ca0abd8bbead2f996a9e3ab2885353a3c2780b144730c7d3a6e924c,926c21aa35a5a814a5bedf6e3d0cca15dfd87141abda871cff5da880f82cd280
rgb_anon/snow/train/GP050176/GP050176_frame_000813_rgb_anon.png,gt/snow/train/GP050176/GP050176_frame_000813_gt_labelTrainIds.png,840af9321ec928a87e2014f39a6cebfb7708dd3ca113b3962c38cad5c1f2d9cb,72660129d5177ad21a83e9fbdb180d8c7d2ec726953cd3a08d55b5b8d699eff2
rgb_anon/snow/train/GP050176/GP050176_frame_000833_rgb_anon.png,gt/snow/train/GP050176/GP050176_frame_000833_gt_labelTrainIds.png,e8d0b73f3f7aaf3e1859101298ad5ad4e6ed7dafb8b9080411dc678991e852e8,45ae5693aaca9c6f5e9d0b445eeb8cdcde3bfda3a218a87ce8120c6d0e9a7ce5
rgb_anon/snow/train/GP050176/GP050176_frame_000853_rgb_anon.png,gt/snow/train/GP050176/GP050176_frame_000853_gt_labelTrainIds.png,6e81cf4fdb6cfa37a142d876e05181d50b7463eb5329bcca7e3557dcaf4def2e,51952da2cfbbf35cf43cf888064d49810be5a55808d406a20eb33dde6a1ccbc3
rgb_anon/snow/train/GP050176/GP050176_frame_000873_rgb_anon.png,gt/snow/train/GP050176/GP050176_frame_000873_gt_labelTrainIds.png,0c02f17148e491f0cd17e06cd1226d53fe0ad045dc5a15227b9dbf94ea129731,dc799af7c7d7e4586f6512f7918303d8704f63d6479082bea9a5529fde1f59df
rgb_anon/snow/train/GP050176/GP050176_frame_000885_rgb_anon.png,gt/snow/train/GP050176/GP050176_frame_000885_gt_labelTrainIds.png,2cbc7ef0fc9d2078e173a9652152d92694a9a31e626efa2d4f70a5a2d0a1958f,68eb1073a95afcd637e9ff449ebcef925a6b369830a3bfbdcbb915eed2f7ecc3
rgb_anon/snow/train/GP050176/GP050176_frame_000891_rgb_anon.png,gt/snow/train/GP050176/GP050176_frame_000891_gt_labelTrainIds.png,b58a3cad976836240b55666a8c8e44e8766befe7a047beaf542e02eb99ec944b,54d7871f1c2b998a1549468c92adf20312c1b7fa78a4838a72b4b4f34026a0f1
rgb_anon/snow/train/GP050176/GP050176_frame_000897_rgb_anon.png,gt/snow/train/GP050176/GP050176_frame_000897_gt_labelTrainIds.png,268e5906880e24b45146a6a014ac7527f31fb605b0bcf42d77ce34074a414959,657e33e5a2a0b15b98a81434993dcb619d24d614f4ca40b3dbf34fbdc6b21405
rgb_anon/snow/train/GP050176/GP050176_frame_000902_rgb_anon.png,gt/snow/train/GP050176/GP050176_frame_000902_gt_labelTrainIds.png,454970285cdd870914c00b2003890f5e6e6942e37993e5437b5ac7269b3f798a,a1d892bb85443046e5b11ab3655b8c9586f62959e4e50cb6d51dc7cca6f540a4
rgb_anon/snow/train/GP050176/GP050176_frame_000932_rgb_anon.png,gt/snow/train/GP050176/GP050176_frame_000932_gt_labelTrainIds.png,e7f125f6206e09b058ea227aa668c6925d29e8db95fcd4c5f52fed4b24b44509,3195488020e43b4201e324a9c8bd7471f53c5f036de5e126912377b60b869380
rgb_anon/snow/train/GP050176/GP050176_frame_000952_rgb_anon.png,gt/snow/train/GP050176/GP050176_frame_000952_gt_labelTrainIds.png,6c0ab2780d40d46fbb175377aa762e3bc19fcda0de9625052a68518a5031d236,b89b76a0122cd5383b74f2c3ec56f4d6cd30fb958d70a3b9e98729dd6fb4e6a3
rgb_anon/snow/train/GP050176/GP050176_frame_000972_rgb_anon.png,gt/snow/train/GP050176/GP050176_frame_000972_gt_labelTrainIds.png,e2b5e736b8dd9ae4879b194b07905dd6dca26dfc2e810b58478c3b318c11967e,b0fdbc865a91df322c8c595ea6ebfc645259c89b05d3ade8e1a64ea65f2197ba
