image_path,label_path,image_sha256,label_sha256
leftImg8bit/train/aachen/aachen_000000_000019_leftImg8bit.png,gtFine/train/aachen/aachen_000000_000019_gtFine_labelIds.png,609ed9a96d70dba716aed3758398164f9fd6865596ee5d7973beb5b29d05a9ea,a2686dd14c84e475be324e8f1c4d096ee6b95bb9a139a9f7174eac055693e517
leftImg8bit/train/aachen/aachen_000001_000019_leftImg8bit.png,gtFine/train/aachen/aachen_000001_000019_gtFine_labelIds.png,6550c536dc5df197000d2ce063c82858b93254a1be40842e79ab6104ddc59adc,fa2c780153a80525e3570efdb4f48ad01ff16e140bbcbf8c1575c43096b1b122
leftImg8bit/train/aachen/aachen_000002_000019_leftImg8bit.png,gtFine/train/aachen/aachen_000002_000019_gtFine_labelIds.png,1c3264ba60d63f6fb0f00227de44ce9c79e2e591abddf6911d72f43d6bbd7ce8,2c08a9051fcc368a0cbf060250d1844543b94f84167648daf4c5759fdda3106a
leftImg8bit/train/aachen/aachen_000003_000019_leftImg8bit.png,gtFine/train/aachen/aachen_000003_000019_gtFine_labelIds.png,481e35661b852698e8c655ca7e91d41eb14c4bbc7f84da008c07f6ec55810e8c,e5f25caeceabcb4a32b15a54a234053006422dcc37e84d99a04e5533537e22d7
leftImg8bit/train/aachen/aachen_000004_000019_leftImg8bit.png,gtFine/train/aachen/aachen_000004_000019_gtFine_labelIds.png,e710ef1da0fabeb5c54ae6191d85dcc706fe74759b191221f3f865c9e378c927,b4bffa8e1bdb1166716318b133f0124835f8d0402d60e111b99e30c049149a8d
leftImg8bit/train/aachen/aachen_000005_000019_leftImg8bit.png,gtFine/train/aachen/aachen_000005_000019_gtFine_labelIds.png,bdcb3a864b3d350635c37c7fb59d75ebd6e085a0c7d110b2b5d6789ea5a3b80a,7c649ae81d57352c321566a36c7b23e287d0452e52c3bf342290408cbaf9739f
leftImg8bit/train/aachen/aachen_000006_000019_leftImg8bit.png,gtFine/train/aachen/aachen_000006_000019_gtFine_labelIds.png,6c39ce8435e9477a6f1ae7924a15731983bc910379babeeeb3ce986318a035da,3bb815d88fe5f34737fff40f3bd018bfa3c421cf684969474162ed39d649c673
leftImg8bit/train/aachen/aachen_000007_000019_leftImg8bit.png,gtFine/train/aachen/aachen_000007_000019_gtFine_labelIds.png,75fc5b8681410bc86a7ac717fd98c1c07cf3fab4f3990f7bd9f4f583ead37b0e,d3919684da8d4278f2974219bb2a783bbe305b9e460c4ad4087382bcd1e82f87
leftImg8bit/train/aachen/aachen_000008_000019_leftImg8bit.png,gtFine/train/aachen/aachen_000008_000019_gtFine_labelIds.png,dd7c75942cb2fef20d99d6e71e75a4b9ca12898a17c664e9437ea12b9f64684b,596e1867721be077c53e8222f567b6ad26562912ebb7e27d263690c6ba14f8b4
leftImg8bit/train/aachen/aachen_000009_000019_leftImg8bit.png,gtFine/train/aachen/aachen_000009_000019_gtFine_labelIds.png,6588e0cf0e7ea580c3570b088cb460ca169d224253cda9eb7e6fa9d1fdb0d09a,a3619fbb419dee596235122fb5a600498ff10b5ce2e58169c7cb8825ce2089fa
leftImg8bit/train/aachen/aachen_000010_000019_leftImg8bit.png,gtFine/train/aachen/aachen_000010_000019_gtFine_labelIds.png,1dfb68113e85e86fb2e94578d9dc9fc1f6f12fd8398f2aba84f5f1e5d1b0624c,8bd61b13a0d27f95028edbe8fe582b4b2b3f5079d71eaabdb335ea3e6a22802e
leftImg8bit/train/aachen/aachen_000011_000019_leftImg8bit.png,gtFine/train/aachen/aachen_000011_000019_gtFine_labelIds.png,57225ffde605e7d3c32420358cde715edc58a700f303743c27a584d12098e82d,d7d6d7b09de90230dc1401b978b10adb2bc953a07caf4ca687fbb360d06ff554
leftImg8bit/train/aachen/aachen_000012_000019_leftImg8bit.png,gtFine/train/aachen/aachen_000012_000019_gtFine_labelIds.png,bf57acb95ebf4b7f69b4500c4b286d0f6159e077821184535b771367fc270db3,45872b4ff807752a790981d5c2b1b908ba902ad99ad9e7e3e99e196d8e0e6d87
leftImg8bit/train/aachen/aachen_000013_000019_leftImg8bit.png,gtFine/train/aachen/aachen_000013_000019_gtFine_labelIds.png,58d0e41bc1790b7494c5f513f294116099efb43144b495897bbdb703680b8eaf,1697dd2573db02aae0203905c58b79b53ac0dba5836a09b5381a11d8e71d7e1c
leftImg8bit/train/aachen/aachen_000014_000019_leftImg8bit.png,gtFine/train/aachen/aachen_000014_000019_gtFine_labelIds.png,a8bd214bb04b24121038535f8a4decdc4cd86e0ca8954472b1ddf1dc74f400a6,a0d02f093eebc5450931560eee98a145c80caeb9a77b37a4057e54f24e392eef
leftImg8bit/train/aachen/aachen_000015_000019_leftImg8bit.png,gtFine/train/aachen/aachen_000015_000019_gtFine_labelIds.png,2c501df27f0963c51ea61579a1abff688f49eb16873fdd8c9065288f68d87283,74a34898f57afc01a580fbb3fb961d81d5fb301d0ebd1403ce9f668572b26642
leftImg8bit/train/aachen/aachen_000016_000019_leftImg8bit.png,gtFine/train/aachen/aachen_000016_000019_gtFine_labelIds.png,272c8c1d29710a38695bc2f9ffb47a9aca7ffcf2d642e94161d730e836c05608,f031738522dddc314bc0549cddf6ca2210e16b6a0b6077941e62aceee0c7b5be
leftImg8bit/train/aachen/aachen_000017_000019_leftImg8bit.png,gtFine/train/aachen/aachen_000017_000019_gtFine_labelIds.png,d396f78242af8295a7ef4ac1ce236fd38c9d91fa190ad55c5b706215053bccc9,07b71649705412e9ba8493c4ae1e28f218aa63d40d20883164676f53f02dff87
leftImg8bit/train/aachen/aachen_000018_000019_leftImg8bit.png,gtFine/train/aachen/aachen_000018_000019_gtFine_labelIds.png,76c7b95b8fc3280065c2177baa0a6b8167dc38e0672423a603e1817ce2033d72,e1d540f8dfcf9c97d41f7fa4075592cab8ac4cc6a1404cab94acc5be31dd9d26
leftImg8bit/train/aachen/aachen_000019_000019_leftImg8bit.png,gtFine/train/aachen/aachen_000019_000019_gtFine_labelIds.png,b78f3696a8f7775126201dba9d4f681a0177bc14ba4a4cc96f8a051cc0b88b44,45b1a299ad0987618946812bf637a5f286cff656df55954ec91584277055707d
leftImg8bit/train/aachen/aachen_000020_000019_leftImg8bit.png,gtFine/train/aachen/aachen_000020_000019_gtFine_labelIds.png,b44a7e5c2f2ce943b4edbb9e3cc34e9869879b03b4ff2cb524223220c96ce380,b0a95ab46051df9640608f8b0b6483d0ea5c6211262e46cb20f0ffbdeb83316f
leftImg8bit/train/aachen/aachen_000021_000019_leftImg8bit.png,gtFine/train/aachen/aachen_000021_000019_gtFine_labelIds.png,a7f0b718ad75db34f3794c8ab472ad960e480bfbce77caffc2f08bb739918e57,60210eca6f4146476f874961c9205d03db171f068ce58e3cd42209e0e2a7aa19
leftImg8bit/train/aachen/aachen_000022_000019_leftImg8bit.png,gtFine/train/aachen/aachen_000022_000019_gtFine_labelIds.png,f56ee571a30a150b071adda29068e88a9cd15f77d83133b6fa3744a8b9e2ad8d,bcecc0da0cab6bab9f66cfd355c56be4ad888229b1bdeff09973af5dd3988c1f
leftImg8bit/train/aachen/aachen_000023_000019_leftImg8bit.png,gtFine/train/aachen/aachen_000023_000019_gtFine_labelIds.png,626c0b5372422fa1c463c84741d938a10203e92ecd7d5f58186f729b1e939fdb,1efec9d46f00ea084e86974fe8d70227350a9132b03b09ede36ed4e4e4fb623f
leftImg8bit/train/aachen/aachen_000024_000019_leftImg8bit.png,gtFine/train/aachen/aachen_000024_000019_gtFine_labelIds.png,272955fa52ee045f2fd054aee2dd46438a5ed53ac37e656bd795e8d02ab556de,627dd5db6fdadfe136475fe55e4d36e35f703cc19c4cf9378d784337c12c09fb
leftImg8bit/train/aachen/aachen_000025_000019_leftImg8bit.png,gtFine/train/aachen/aachen_000025_000019_gtFine_labelIds.png,cdc6afcd9b17e07f5373ed81285b9e8ab8079765eb0291721b1034fcd830d8c7,fb22a66d0dc74a6cba826f1d7f1fc991c48b114fb3878dc91b5f55868607e431
leftImg8bit/train/aachen/aachen_000026_000019_leftImg8bit.png,gtFine/train/aachen/aachen_000026_000019_gtFine_labelIds.png,d11464ddc2db7bc43b480169b161005bc8e8e121f3cdf40434b5770d495cc277,c870826caac0ccf6be43772afea0caa59d06888760ca9a291af1ee1edddd09f9
leftImg8bit/train/aachen/aachen_000027_000019_leftImg8bit.png,gtFine/train/aachen/aachen_000027_000019_gtFine_labelIds.png,09d12d691ab990aa01e1f5a8b6cc93799eb1f76076135ac60ff05770d39aebc8,3d1323e325309e68c55ae7c5dabd5cba137ad1b21463f9e0ff008bac460eadf4
leftImg8bit/train/aachen/aachen_000028_000019_leftImg8bit.png,gtFine/train/aachen/aachen_000028_000019_gtFine_labelIds.png,b95a62d89de4e4355d80bbc1faa5353758ab25bef0e2b906460c3c6d0824e9e1,c6dca733c7c2206319551bb2dad0da985833b3d19112ec38c2e2242ba768dcbb
leftImg8bit/train/aachen/aachen_000029_000019_leftImg8bit.png,gtFine/train/aachen/aachen_000029_000019_gtFine_labelIds.png,65ccb6c4bf89eb4912c70f806fe6ae968a4f3a8a578abc7a0db356c9a706ab5f,1f279b55b703949d570b388adfddefdaf3a085cd2a54aec1b1f8d116a15b0ff8
leftImg8bit/train/aachen/aachen_000030_000019_leftImg8bit.png,gtFine/train/aachen/aachen_000030_000019_gtFine_labelIds.png,5eb13241b2832678d1643e1036933a50c07fafd040fdb7420cba0a719b6ac2d2,9763029a0fe43b696b804dbfb96eb3b305c2f6696f160b1826b539f47503cac3
leftImg8bit/train/aachen/aachen_000031_000019_leftImg8bit.png,gtFine/train/aachen/aachen_000031_000019_gtFine_labelIds.png,719983b4ff18c552dae0a91dbb72f62e47a17e09e1b8e612746382e925517021,030ba1483fd57ab6cffdd98abc6471141f6c856512e552dd3c6424d997ae6a8e
leftImg8bit/train/aachen/aachen_000032_000019_leftImg8bit.png,gtFine/train/aachen/aachen_000032_000019_gtFine_labelIds.png,8409793e562b530d96469d82bc7ee325d8991485dbad7e531d141920da1b232f,c2977355b85555fda9ca850c3e353dd9dd8a84a32ecf9d9f104c89edd649cdbc
leftImg8bit/train/aachen/aachen_000033_000019_leftImg8bit.png,gtFine/train/aachen/aachen_000033_000019_gtFine_labelIds.png,73d07c9dfb3fb408761a3cc6190492878b628021372908a7910efc68d88add97,34c31b5549f8cb85d8f6655f8a80598c7fe741915ce70a27dcfb118e3fded6a9
leftImg8bit/train/aachen/aachen_000034_000019_leftImg8bit.png,gtFine/train/aachen/aachen_000034_000019_gtFine_labelIds.png,113137dd351156832fb287db976d7f06e4dd0943e54e2b39a0e09c94211fa42e,6e3531868fc25ecf95d0b609e356b754754eb39dca47c9133d17e3a2e758a6ef
leftImg8bit/train/aachen/aachen_000035_000019_leftImg8bit.png,gtFine/train/aachen/aachen_000035_000019_gtFine_labelIds.png,3c9813e62a47c252677a53fcf39c14eebe1818532bce9ef5df6562f22b62644e,9738484766bbcb4d3038ce7e514fd615be08b7185c94d0e87fc9c4b7c540e89d
leftImg8bit/train/aachen/aachen_000036_000019_leftImg8bit.png,gtFine/train/aachen/aachen_000036_000019_gtFine_labelIds.png,e3482c0f47ec27db6e15d39983742bd8215d9220664dafc2654ad92068dc6d43,6c73194844965e735a32c6be3c9407d259c14b88b2c6994aa05e7b12522d6932
leftImg8bit/train/aachen/aachen_000037_000019_leftImg8bit.png,gtFine/train/aachen/aachen_000037_000019_gtFine_labelIds.png,57dae23636ebbc18742662dce4a8980c07e87b618a9c007cc29adf5b7d6088ff,90508a187097ec37308ed1850ac14d84c360f25ca10d5cb1e61c05739d956e7c
leftImg8bit/train/aachen/aachen_000038_000019_leftImg8bit.png,gtFine/train/aachen/aachen_000038_000019_gtFine_labelIds.png,c2c81d3cf4f3c005f5377b26febe86f7dcd09023f928526bfd07718253cbc109,6bc2aa0ba1412c7891b55ff43e68fcd2ac115950b53f024a503e6285d34fae5e
leftImg8bit/train/aachen/aachen_000039_000019_leftImg8bit.png,gtFine/train/aachen/aachen_000039_000019_gtFine_labelIds.png,36e48db373efc7f7587017e61b5ce6a7d9d7c73d467f84fe045f64d9ea44795e,fb76180c4159a46354adb7ba3c66c8fb5154662bed9e5f78b4019492657b15d6
leftImg8bit/train/aachen/aachen_000040_000019_leftImg8bit.png,gtFine/train/aachen/aachen_000040_000019_gtFine_labelIds.png,4760f95c4e36843127940be8bef7f211dba5acf80a15c7f1b681dd40bb2fcfbb,8fdfea2c6a63f386e07ddfa845c197625438ff2ed984296f8d9d9182b363ce1c
leftImg8bit/train/aachen/aachen_000041_000019_leftImg8bit.png,gtFine/train/aachen/aachen_000041_000019_gtFine_labelIds.png,75e04ef64191c65c4f56296d9f3283c1fee6953219ae1f34d2b37f5f6a1e2db3,d71762630f026795b9b355111d077b55b94a1d62fa91898ecf02fb061d103a2b
leftImg8bit/train/aachen/aachen_000042_000019_leftImg8bit.png,gtFine/train/aachen/aachen_000042_000019_gtFine_labelIds.png,282cb8f9419775411c6bd0b716e0faceb3f6264d9d0ddf3f27b162f5442158ec,9cb6b8f36eae14ee584ab394ca4ecd193bf4aa81423037ab783441eb8312d8a6
leftImg8bit/train/aachen/aachen_000043_000019_leftImg8bit.png,gtFine/train/aachen/aachen_000043_000019_gtFine_labelIds.png,e33b60d03feec37ab734906345e552e3e741e1809a7f8f6a92e512c407bc3c2b,f3ee34292375718e6363ab57eab4eaef1f1bff5ddc61c4abe576e71a9c39a346
leftImg8bit/train/aachen/aachen_000044_000019_leftImg8bit.png,gtFine/train/aachen/aachen_000044_000019_gtFine_labelIds.png,3147c727a85f4b31a4b0c46dc7a6e0eb70f5fb81770d79fc9d7fc7eaa917bd93,803619f0726f5d0898f97fe2fba66768f583cad58ac33baa17856b60e9b0d286
leftImg8bit/train/aachen/aachen_000045_000019_leftImg8bit.png,gtFine/train/aachen/aachen_000045_000019_gtFine_labelIds.png,80865640f41474a9351f6a10db1c9503ba08c440a3ab10726513cc49f6e10cd8,5a3c3bddf69552805b009badaf8fc3eab8944fb3b395587c647d94d028c441b1
leftImg8bit/train/aachen/aachen_000046_000019_leftImg8bit.png,gtFine/train/aachen/aachen_000046_000019_gtFine_labelIds.png,a68618bb6b445e7f6145e8da7b9b09c04223a3b5cf3c6a9da0665e2f64dae7c8,2ae3204576d7a9dfcabc739323307ecdf0a75be1b5ec0088956620f3e5b7c4ca
leftImg8bit/train/aachen/aachen_000047_000019_leftImg8bit.png,gtFine/train/aachen/aachen_000047_000019_gtFine_labelIds.png,4248048d854c64ca250a8a9cf18913d864e1fca6220748b2e790a036a62fdfa4,f3c2c8d9ccbdec5ba459ff474c247af87e28855d083b75d92de8d3bd63c3473c
leftImg8bit/train/aachen/aachen_000048_000019_leftImg8bit.png,gtFine/train/aachen/aachen_000048_000019_gtFine_labelIds.png,5e6697b9bbe65ffe6239e54f1d4431a8d54af7def92a9a6e0b5cfa7c819f696a,ce847586d9d66be34b5dd442b3bae3e611e96ddef0af6e1d51f2653597c4df9b
leftImg8bit/train/aachen/aachen_000049_000019_leftImg8bit.png,gtFine/train/aachen/aachen_000049_000019_gtFine_labelIds.png,4bf0ad8845f852b9f38ff602c0e3c5074ff22dffbdd69c0f76cb4f44db29a7fb,13779fd15b3efa2b6d4ffaad1bc149822a85ec0f3bbdfe01d8b11e7e7eed7ec2
leftImg8bit/train/aachen/aachen_000050_000019_leftImg8bit.png,gtFine/train/aachen/aachen_000050_000019_gtFine_labelIds.png,e7674ce696774818492793eefbffea251b1b356402d830b02e893026ea70a5f6,05c96660360a1afec754919ae9d414882708e9e09aff6c5974c709a5af895759
leftImg8bit/train/aachen/aachen_000051_000019_leftImg8bit.png,gtFine/train/aachen/aachen_000051_000019_gtFine_labelIds.png,9e45b26bddba2614842d9cae753ac8715a70453ea5b6adc6e36d4b9c521ab1b6,927c7c89d1a1663fb9d5270bc55c4ca3d85f6b11a631041f461edad1e3288aa0
leftImg8bit/train/aachen/aachen_000052_000019_leftImg8bit.png,gtFine/train/aachen/aachen_000052_000019_gtFine_labelIds.png,74d9a874c1a6cae209d858b99956a7fac88e4f6fe64600182d398bb4260ec1cc,d1951eb1da4fa3295c5a45be57ba9bc3db845335388484eb5c4e490fa11168a4
leftImg8bit/train/aachen/aachen_000053_000019_leftImg8bit.png,gtFine/train/aachen/aachen_000053_000019_gtFine_labelIds.png,8a5a83c745c10c87718cdd28130011a8e8c3ba11c23eca2e230ad0feecbd16ad,a969dda8c3218997a02db93ddde9aaf16b3679bbabdb03e34feb38436b521c3e
leftImg8bit/train/aachen/aachen_000054_000019_leftImg8bit.png,gtFine/train/aachen/aachen_000054_000019_gtFine_labelIds.png,b3d43aced12df57b11360894fb94be1f80d61e21a9904f6f506bb3549d3b2211,6c3da1f36c6796716c7a4e97ed55e7ecd749d85461017f372edb61bebe2b6fcb
leftImg8bit/train/aachen/aachen_000055_000019_leftImg8bit.png,gtFine/train/aachen/aachen_000055_000019_gtFine_labelIds.png,3d47a6390b8fa815c49da6d5e739fe7546357a02a5af7dce8d3f31a064a31f23,27d925b1805ee49365fbe05e74570947936dea30cd7516614b8b5ce4e1ac9704
leftImg8bit/train/aachen/aachen_000056_000019_leftImg8bit.png,gtFine/train/aachen/aachen_000056_000019_gtFine_labelIds.png,df4439df8f61bbd27826a7272b49b3fe9c5c099a4ebee6b0382b24d05548a019,fbca125e01b4e72af89efeab9fd9b8644a2fca56b4fe921c75a411be1c6b4d49
leftImg8bit/train/aachen/aachen_000057_000019_leftImg8bit.png,gtFine/train/aachen/aachen_000057_000019_gtFine_labelIds.png,44c15c8fcb2adb6871630ba7f07f515729de4dbbc01d7d1ad0a9bea3072c3f47,7ee6c72584618d3cd3d9962b5c80506c73e580fc70dc7820cbc58dffa7f664d8
leftImg8bit/train/aachen/aachen_000058_000019_leftImg8bit.png,gtFine/train/aachen/aachen_000058_000019_gtFine_labelIds.png,7367bf562b5435fb590da789d6dac138f6783242ddfb98cbcda5cba50c3e63fd,09baa92841f630eb93a008a6dfa29e30cb7ebc08c0b49784c10f49348bcfac16
leftImg8bit/train/aachen/aachen_000059_000019_leftImg8bit.png,gtFine/train/aachen/aachen_000059_000019_gtFine_labelIds.png,904ba409fc6b8de0a6e603f4d0e99421b9db663fc2a3308a3fd09178c4bee817,6e93245429d35f3cefea0dce8e34fcd575e9be6538da4cb1eb2be8f3a4e7c348
leftImg8bit/train/aachen/aachen_000060_000019_leftImg8bit.png,gtFine/train/aachen/aachen_000060_000019_gtFine_labelIds.png,ebed4ebd4e8c370ba43d57a83bb6f40b0dc7f93754286edf5b07fb32065dc059,dd023680e7ade66a28fd706e26969351a23cf3a615cbbe8b58cac7d29a002ddd
leftImg8bit/train/aachen/aachen_000061_000019_leftImg8bit.png,gtFine/train/aachen/aachen_000061_000019_gtFine_labelIds.png,09f62641384b7e48386bf20ddbad3a58020b37beff82dbe69a814771be5be28b,7dae0a0ff4cb74551539fdffa3ab91ea40a8946ea4e7d24e9f969b76cce5c1df
leftImg8bit/train/aachen/aachen_000062_000019_leftImg8bit.png,gtFine/train/aachen/aachen_000062_000019_gtFine_labelIds.png,994d5a2b4f27749edd7ed0840281ff6e1b49e06bb35f22e804d952416df45f28,6950244df238abed356940f3523dfab79892aa22efe8be710fdde14ba5b73803
leftImg8bit/train/aachen/aachen_000063_000019_leftImg8bit.png,gtFine/train/aachen/aachen_000063_000019_gtFine_labelIds.png,c9522b1dce1bd7d64677d57ca5431b31f3577f9fe8bfb6b4269c3e6d4253450b,4703a8630397d76f44bffe0a6cc04525a103e151edcec0bb8ecd72d474c0b96e
leftImg8bit/train/aachen/aachen_000064_000019_leftImg8bit.png,gtFine/train/aachen/aachen_000064_000019_gtFine_labelIds.png,d4b05d65df48060519ae7199bb0f886b2cfca971f63bbfa7f747017013a9a991,32cfead28dfdfc84ce7662a1187c10789aad632dba1eab6a8a93c991606dbc25
leftImg8bit/train/aachen/aachen_000065_000019_leftImg8bit.png,gtFine/train/aachen/aachen_000065_000019_gtFine_labelIds.png,0259847ed4eedcf4e5fb90a835b903de8520c25f30d75038b42197faf7af79c0,c8bdb24a3df4e2d583de9a55845c7110f7da6e2caa49d485b1fc26ff27f0fa9f
leftImg8bit/train/aachen/aachen_000066_000019_leftImg8bit.png,gtFine/train/aachen/aachen_000066_000019_gtFine_labelIds.png,3dd1cb442252a5da06d16c2380dd81fb14bc7375e8fcbf68e30793961a3cfa88,1876fd805c9eb57f72d49ba8f41fb96fbe4a5c52da6e5d92eaac1c069d80f552
leftImg8bit/train/aachen/aachen_000067_000019_leftImg8bit.png,gtFine/train/aachen/aachen_000067_000019_gtFine_labelIds.png,6b02dc5c528b16f2a59907c3319d904360fa17b3f0f48917b0827094cd1c8e33,ec282853670f2925b6806a52f2d14e753d33c4f8bc8d23f1850594cd9808de88
leftImg8bit/train/aachen/aachen_000068_000019_leftImg8bit.png,gtFine/train/aachen/aachen_000068_000019_gtFine_labelIds.png,e264166747f34e1c3fd88ed50e6bb563ae90c6f9636abffc1e21c862caed3957,95ddadd7718ac1f50f21ab4b146f9fcd154fcce60739ef5592f6c463d7b3a169
leftImg8bit/train/aachen/aachen_000069_000019_leftImg8bit.png,gtFine/train/aachen/aachen_000069_000019_gtFine_labelIds.png,50977b6e2c01bdae7517840d7401ac0fa418b6124874e8b1d84d56fda9218e39,e251ccb39843ad2cb1886b73cb0fd206e7c73c2fb40a940d688ffdeb896a1d58
leftImg8bit/train/aachen/aachen_000070_000019_leftImg8bit.png,gtFine/train/aachen/aachen_000070_000019_gtFine_labelIds.png,c0f22b28903b56b9484338292b148729584e063740b5c5cfe4e800ad4293fad9,7cac623a7e6c71f37e1a0575fafdccda545ae3d3079b6cb1f9d44f82926a7d21
leftImg8bit/train/aachen/aachen_000071_000019_leftImg8bit.png,gtFine/train/aachen/aachen_000071_000019_gtFine_labelIds.png,100031daed8b43a0ef0ad7da9c67210884047c04602674594097e92302053c56,08567b36e8c57fb04369e16ad2a9d4c60a4265f8e4076bec5300d2be9033156e
leftImg8bit/train/aachen/aachen_000072_000019_leftImg8bit.png,gtFine/train/aachen/aachen_000072_000019_gtFine_labelIds.png,32dd1448c274c4a432dccbdd683883b106ab62b628625c29a1e88e5f4f9b1f2e,0edbc6c228c4561e607a4c2bdf2048d6f42a72cecfde153cdc71a092e51dd118
leftImg8bit/train/aachen/aachen_000073_000019_leftImg8bit.png,gtFine/train/aachen/aachen_000073_000019_gtFine_labelIds.png,815364e3495c65678781936ee5f001c944dee19ca9c42497047dae05d7374add,00885f2859a184f2c09ba2ef85a886dd249ea64f1b330f2fc7b9f30fe8159614
leftImg8bit/train/aachen/aachen_000074_000019_leftImg8bit.png,gtFine/train/aachen/aachen_000074_000019_gtFine_labelIds.png,8c7b745e9dd40387c9fca56b31919567229b0c01008b0b0b43f539d815fa24b6,4e94b522fecc5957ba41f50c3cc82627c0cc6f1dabbd8949b8f28526440615d2
leftImg8bit/train/aachen/aachen_000075_000019_leftImg8bit.png,gtFine/train/aachen/aachen_000075_000019_gtFine_labelIds.png,2947fe499f704102a26dea90b387e52edd2b843e3e42413dd114023f479031e2,d830cf9e7039fe2960c1ceec7072fc80a90a903debb18420320a3b52c7b54109
leftImg8bit/train/aachen/aachen_000076_000019_leftImg8bit.png,gtFine/train/aachen/aachen_000076_000019_gtFine_labelIds.png,e4039084eaaeabdb2a98c9a46d0c171e30cccdf57de9135d9567eb6f3d22b431,710758a3cffd5a8d08a4e932bf9c2a3e408b7fc213fa62bb7da9a0121889bfcc
leftImg8bit/train/aachen/aachen_000077_000019_leftImg8bit.png,gtFine/train/aachen/aachen_000077_000019_gtFine_labelIds.png,020dacb142068d14cfa67f6616ad4259999d9d6a019b171ebd06935dee4183cb,00fd78362fbaca43c1023aa98c1869aeea1f1be130596c15582c864331f50b29
leftImg8bit/train/aachen/aachen_000078_000019_leftImg8bit.png,gtFine/train/aachen/aachen_000078_000019_gtFine_labelIds.png,96630f93dafeb80c1db50eef3f1eb3ea2fef9729c38ba4c2b6782106232acc3f,38372fc4efbc7315540fc99850722638acbe6a2fb65df54259b75fcbe5485d46
leftImg8bit/train/aachen/aachen_000079_000019_leftImg8bit.png,gtFine/train/aachen/aachen_000079_000019_gtFine_labelIds.png,a61628525bcc31021bff8752eb9f4c0b434e5e5f231b2e68d9e05c5a03e49879,1a4fb66ca49c61a7cadc66e715d8822fc890e60adfcb75faef3906c3b22b70f1
leftImg8bit/train/aachen/aachen_000080_000019_leftImg8bit.png,gtFine/train/aachen/aachen_000080_000019_gtFine_labelIds.png,12e2361e885a9ad5b9af7136fafc8129b064227cc85a827928630d468f7df0f4,b80803670504ec0a40bdbabbf81b652e6b903c50c723fb01701c96298e4f0216
leftImg8bit/train/aachen/aachen_000081_000019_leftImg8bit.png,gtFine/train/aachen/aachen_000081_000019_gtFine_labelIds.png,5afb6f9479979fe7b37933834b4ce3fe68e0f4287f1fa5dac55a7500551e2b91,705c49e6f775bf1147e262f690783ca4c4e05c5fd2916e261d6c53a6c9ad0fed
leftImg8bit/train/aachen/aachen_000082_000019_leftImg8bit.png,gtFine/train/aachen/aachen_000082_000019_gtFine_labelIds.png,c0cbc92d097f98d8643d32ea9f329c11f4fffa4ceeff32cfdea202a8c7aa5601,3ceb5fa02ed687fdcb40ad6321f4a0002dc1d13144b38b2b5e60c13ed50db227
leftImg8bit/train/aachen/aachen_000083_000019_leftImg8bit.png,gtFine/train/aachen/aachen_000083_000019_gtFine_labelIds.png,4171af16c79a12182235430a8721bab63e4e3b131a46adfaea94dabb86964bb9,be676266e9d6a4b1b01b33340decca33a5055c8dc0af410358eec28ae704cf22
leftImg8bit/train/aachen/aachen_000084_000019_leftImg8bit.png,gtFine/train/aachen/aachen_000084_000019_gtFine_labelIds.png,42a48b297cf9851dcebe04b7e7249bc55861c22ed5cb4b1ce61a9178f00ba6d5,6374f5419a048b4edb43ce2a2d4ddf176dff6c70546cb352cd94d15cff018f2e
leftImg8bit/train/aachen/aachen_000085_000019_leftImg8bit.png,gtFine/train/aachen/aachen_000085_000019_gtFine_labelIds.png,05095c40f1e002404fd96ff0d131f4e87d15af6b9e4994b9d084e3919abf899d,6437e6ee351a56d38c41f409bbec8b3d28e8e774964b16ead389c1da0f962a01
leftImg8bit/train/aachen/aachen_000086_000019_leftImg8bit.png,gtFine/train/aachen/aachen_000086_000019_gtFine_labelIds.png,7a353b5e4af9c80894283d2545f61be5b1dfff7437c4ffd9d21ba4daa298a2e7,d91a91bd424bd4ecf891c01bd634d153ed286c085b0639754a68adf7c7b96f4f
leftImg8bit/train/aachen/aachen_000087_000019_leftImg8bit.png,gtFine/train/aachen/aachen_000087_000019_gtFine_labelIds.png,bd3d520cee515e82108515b8b5c24d734ff1f04eda9f8956135b3dc20709e317,0acbe07f65eb8b8eea7a27bd9114b94787336324f0be82ef515e1e16c97ce3a7
leftImg8bit/train/aachen/aachen_000088_000019_leftImg8bit.png,gtFine/train/aachen/aachen_000088_000019_gtFine_labelIds.png,16984fd3707613171efcf1d18c60c5876048cfae8bb95a4fbc49b319ac443712,e20c5353d2944a74468270f27f78c74f125ef388e9cdc2d1bfdd0e3c9b502f26
leftImg8bit/train/aachen/aachen_000089_000019_leftImg8bit.png,gtFine/train/aachen/aachen_000089_000019_gtFine_labelIds.png,0799dd1ca6b907699998192ab80b123c66c06cc5548957aa15327c5cb701a593,09ba35131b1d72b4d8d7ae4c430e87161b0d72010049b182f2ea230f05dfb3cf
leftImg8bit/train/aachen/aachen_000090_000019_leftImg8bit.png,gtFine/train/aachen/aachen_000090_000019_gtFine_labelIds.png,1192f0688a6dbbedc65a43097ab134bc82d61e4ba137c28c5ccb26fd06bc381c,f1f24f7ac3311882d0138c73676af60bfbd2312fe5ab40a088052caa09a2413a
leftImg8bit/train/aachen/aachen_000091_000019_leftImg8bit.png,gtFine/train/aachen/aachen_000091_000019_gtFine_labelIds.png,52890fba833ba29c930c684c6491297273bc9ffd8120fb519a2e54439002154a,c4237f419568df348406bd780ba896fc388283f15c4b86a8ab4ca83fbf16fa6a
leftImg8bit/train/aachen/aachen_000092_000019_leftImg8bit.png,gtFine/train/aachen/aachen_000092_000019_gtFine_labelIds.png,bdf5f7ef81da2c0eab633378a7616b517b5c4a62787455e5a258e2f6eb573352,7ca3121c2f1a46df5d5888c807e70358ff823f7e63021e9267b408e32a79220a
leftImg8bit/train/aachen/aachen_000093_000019_leftImg8bit.png,gtFine/train/aachen/aachen_000093_000019_gtFine_labelIds.png,ee5b2b3d356753e7888f6e9751bc9c05edf011253195db43d0330ae16762d3ed,b9f7189f082a807016fdae330c8eac77fefeec8f9f4a0a13d1e49e5404996fb5
leftImg8bit/train/aachen/aachen_000094_000019_leftImg8bit.png,gtFine/train/aachen/aachen_000094_000019_gtFine_labelIds.png,c978b75ac987fb21ccbe85e5d0f75d400786416e290829356cab54e0e64bb3e6,f6a02384cd0a91a4a91f5814f065613a3fdd4d1bc01cb3f9847aa513f24a858b
leftImg8bit/train/aachen/aachen_000095_000019_leftImg8bit.png,gtFine/train/aachen/aachen_000095_000019_gtFine_labelIds.png,a18a6ae8dd0f2d6a978fe333e617c8227097371b8e95c1a1db9e0bae6753186f,d93ff94e7e3f8124971d8009c37429a4d98cee0ee4fcc98d20365fc561262f4c
leftImg8bit/train/aachen/aachen_000096_000019_leftImg8bit.png,gtFine/train/aachen/aachen_000096_000019_gtFine_labelIds.png,9a516f1bdef506c656dc1ae5985213953cdb018b6bf81d66bced46d1efbf535f,0b78998115945dd0a846f4acd9a2441170a2352fa3e323e11dadc8dfdab0e090
leftImg8bit/train/aachen/aachen_000097_000019_leftImg8bit.png,gtFine/train/aachen/aachen_000097_000019_gtFine_labelIds.png,3acf313f101f4b05ce4b7714547391be6350e7f5a08b8c90c9c8e728b6df7501,d853a0cad0a2acb3a981403a0d99af5a953b4c4239ec35e7c5f701e5efd8f809
leftImg8bit/train/aachen/aachen_000098_000019_leftImg8bit.png,gtFine/train/aachen/aachen_000098_000019_gtFine_labelIds.png,6da7ccad3fed9134834b8d47eb8b795ab9cd63869930353a3b246d4bb27c8a6a,8b2535fb828897982b2de9f9eee93c43bf8fdbe559ec0c6a686c9818c1ae1da7
leftImg8bit/train/aachen/aachen_000099_000019_leftImg8bit.png,gtFine/train/aachen/aachen_000099_000019_gtFine_labelIds.png,c40cd330c81e073ebe2a5808f6a14f0438c3b47e23131bd639e91157f1f21322,910bd125fc02a548a29e8b4805050026b6f41d6c781e93058cd7d568c52f1930
leftImg8bit/train/aachen/aachen_000100_000019_leftImg8bit.png,gtFine/train/aachen/aachen_000100_000019_gtFine_labelIds.png,b60a07dd243a29ccab8e5d107939569a3a6f46a36dab695757621370f6c38ea5,3cae0e0fbc8cd5f019bb20feba4a4546f28ddb8a23abc9f4882d9001b4e2552a
leftImg8bit/train/aachen/aachen_000101_000019_leftImg8bit.png,gtFine/train/aachen/aachen_000101_000019_gtFine_labelIds.png,dd9f9251c92b2253bc423f859a8499167d3f0a65687921deed9df68e6646e96a,082dc928106118c35f3c222b0c947a0314bbccad26367fa33746db6ae5321201
leftImg8bit/train/aachen/aachen_000102_000019_leftImg8bit.png,gtFine/train/aachen/aachen_000102_000019_gtFine_labelIds.png,f7e3933f0851d33b5d4833f889a078fe7be86cc0e8c3ad537a5a3bedcd326e19,4630a6888acac36901857d154016e7d5f33bd2120bc93395e537d3b147091c44
leftImg8bit/train/aachen/aachen_000103_000019_leftImg8bit.png,gtFine/train/aachen/aachen_000103_000019_gtFine_labelIds.png,b46f985fce6939c5738bb889780d979dbdc1c4e62affda5db4d3759e4cca0e7c,3f122797c10b1a0dfcfaa2a63e6ab619ca97afdad82153363dc3c903e65b2ebb
leftImg8bit/train/aachen/aachen_000104_000019_leftImg8bit.png,gtFine/train/aachen/aachen_000104_000019_gtFine_labelIds.png,f75de5fbcdeb7da07aed5b86bb3cad637beae6e2362f5d378e8d1a7a9f295645,3dd2179f77f102aeb1f1c96db2a20600b17ea7bc15dada761d15c3c3d70bf875
leftImg8bit/train/aachen/aachen_000105_000019_leftImg8bit.png,gtFine/train/aachen/aachen_000105_000019_gtFine_labelIds.png,83d6952ed73e18ceff6d49b9d14cec85f8eb203b9041f692b362d11b5d6cb84c,ff010b5d02bf125bf71ea77a0d65381fe0e7fb3025e9d6379dca783600cf9f6f
leftImg8bit/train/aachen/aachen_000106_000019_leftImg8bit.png,gtFine/train/aachen/aachen_000106_000019_gtFine_labelIds.png,76372115287f7f83638bf16d8607a55f9c3bd11de14857240fcd38c991a0f584,d1b061f1c0a9de250e77040a6ae86ede3acb96d01a17f86ac32b39870f15f71a
leftImg8bit/train/aachen/aachen_000107_000019_leftImg8bit.png,gtFine/train/aachen/aachen_000107_000019_gtFine_labelIds.png,0749e00720fa8bd82192199d24ac042c1c3c6f030495cb3215af6bb89980f337,3c30f086db6b79443325d23a7c343ad3aa2acf1c5f6dafe060dfce03fd01c41a
leftImg8bit/train/aachen/aachen_000108_000019_leftImg8bit.png,gtFine/train/aachen/aachen_000108_000019_gtFine_labelIds.png,9ec86065ec4dd9742d8310bc10b9a596452dea0265a7e5d2cdaa9863fa867f55,80b0293e72f11d82f4e195cc9aefb13f0dd69acae15e9a4f612b62372a96836d
leftImg8bit/train/aachen/aachen_000109_000019_leftImg8bit.png,gtFine/train/aachen/aachen_000109_000019_gtFine_labelIds.png,266c6f84652b2c0fd498ed51755b1ab6a15fa8345c2b3150c6a82103db2a224f,5fd17cd015ece5b0fa5595d9b29a56256f6eb0b0fea0f05b50700e3b4d3a6ad6
leftImg8bit/train/aachen/aachen_000110_000019_leftImg8bit.png,gtFine/train/aachen/aachen_000110_000019_gtFine_labelIds.png,7c0312f0000f6861f87fc853ff96ebd1ed1596b74078485b206e7b9881c8b7d8,c1288f61000bc017ddbb055ca1133cee9b1967ebc34d43334fa6cb2f763e21cd
leftImg8bit/train/aachen/aachen_000111_000019_leftImg8bit.png,gtFine/train/aachen/aachen_000111_000019_gtFine_labelIds.png,70c66fa868f543fa53c84d15b4bf2776bf4db91c6f98b8bd5dbd083b88489569,11ea82513b1925dfc041700ceef3a5529a6bd658363b29c83d8ff166c24d9d92
leftImg8bit/train/aachen/aachen_000112_000019_leftImg8bit.png,gtFine/train/aachen/aachen_000112_000019_gtFine_labelIds.png,f888fbe89fa5555f6b95ae8e9b60b644dfb2350dc1426cfd60fb8a209ae22ef1,c2f99f928a246a59b102b1d796bc7888ca0bc05bf88431aa87f37391cfc429e6
leftImg8bit/train/aachen/aachen_000113_000019_leftImg8bit.png,gtFine/train/aachen/aachen_000113_000019_gtFine_labelIds.png,0e209c8afb3da063a6face63bf972c57dbe28331ba9fb6420cc1bea83ba331ab,d13e49e40659ea4dfa5f2eec8490c60a689bafe2659c9c081ad55373832472f6
leftImg8bit/train/aachen/aachen_000114_000019_leftImg8bit.png,gtFine/train/aachen/aachen_000114_000019_gtFine_labelIds.png,2e3cba8c6038713b9542f1f0f0031ba614bc2448b4b0273a9d6803176f4f64cd,133025660b8c55de58fd0ca2b3fab8cbf0a5a5ef52e15441cdc68b20e3167405
leftImg8bit/train/aachen/aachen_000115_000019_leftImg8bit.png,gtFine/train/aachen/aachen_000115_000019_gtFine_labelIds.png,2e0f7bc036bec166ffd320d82796fbbac0aa58c03a1f3018816573d2f10d35a7,968ed4b2399ff4b52176ff4a63149d3b2d758f39daca489f2e9c7e625a3fde0f
leftImg8bit/train/aachen/aachen_000116_000019_leftImg8bit.png,gtFine/train/aachen/aachen_000116_000019_gtFine_labelIds.png,ed36c34bac7592cc59f4f43a4420da67483c44fd21746fd1cb279980029b92a9,eb67e111e6715853c8d067fafc2ec0011357f25663b67651f3c01351eb84b615
leftImg8bit/train/aachen/aachen_000117_000019_leftImg8bit.png,gtFine/train/aachen/aachen_000117_000019_gtFine_labelIds.png,f9069aa859189da73683db9159e493a1107fb9289856f47bde8fbd4a6d20ae44,06fcec88e05fed9d0ad26513abbcd650d033ae31f9f7da72f4b1b7ce51008184
leftImg8bit/train/aachen/aachen_000118_000019_leftImg8bit.png,gtFine/train/aachen/aachen_000118_000019_gtFine_labelIds.png,7bf987ba725097d2b7dc3f3c736056bdcef7ee31feae8b4c2dfd8594df853a9f,cffad1d2b812f654f2e6f9374f065430705c7fb9495e17fa393e7b8f7df90dd4
leftImg8bit/train/aachen/aachen_000119_000019_leftImg8bit.png,gtFine/train/aachen/aachen_000119_000019_gtFine_labelIds.png,90d435e0f66cfd69a5c4175b71c9d552939058fbe10b200616d1663e29194b37,35913427b808497f951f1d32acfe5e6d756111ad79644dd8f3fb99ab53b35725
leftImg8bit/train/aachen/aachen_000120_000019_leftImg8bit.png,gtFine/train/aachen/aachen_000120_000019_gtFine_labelIds.png,6d700ff896765f70485006e6cfd2dc554830094a9eb41f11a7a22264ffea6bd0,0da3b0636282a120dad1ff7b8e61b2c9b9919991a696911c5cea3c9069e025b4
leftImg8bit/train/aachen/aachen_000121_000019_leftImg8bit.png,gtFine/train/aachen/aachen_000121_000019_gtFine_labelIds.png,a3c73f088bc39004705d0a5f7572e7c4f009a45cb3d0310372796750e297e2c3,51bda650e7032f315c5ee0afc5d6d7f300a77e41644f4305396a9381bb4f3fee
leftImg8bit/train/aachen/aachen_000122_000019_leftImg8bit.png,gtFine/train/aachen/aachen_000122_000019_gtFine_labelIds.png,35ea425f8427a1513a78210a2387638d1497d70108fe4069dcba749bddc34e19,fcfcca9c1ea0e5c931697de2a0020bfee6b95df261c74dafe5a77363d43d3cf4
leftImg8bit/train/aachen/aachen_000123_000019_leftImg8bit.png,gtFine/train/aachen/aachen_000123_000019_gtFine_labelIds.png,ef6787211cdec3131aa8fe5e24fe5988be59cecd4cbad878ec1105f1c0e62206,97cbdb32cad282084649eb1e464a6f69e847fe3e66d6039100b58c3a3665e63f
leftImg8bit/train/aachen/aachen_000124_000019_leftImg8bit.png,gtFine/train/aachen/aachen_000124_000019_gtFine_labelIds.png,ca7b7006b3557b95143b9594120695b726fbd613743fe34ee6fdf2db29acae80,8d68b472e7a9c263d557db93806c5304004f2109fa3eca85e8d6a259a4a7b3aa
leftImg8bit/train/aachen/aachen_000125_000019_leftImg8bit.png,gtFine/train/aachen/aachen_000125_000019_gtFine_labelIds.png,ba798975b15c7f68a5510e9eb63b5aef03d4a0f8af3c0933eaa109f9610b7bd6,e93795ba0afb1627784c24f9554e082c9b19ff39a67116504c3b12fa3b886439
leftImg8bit/train/aachen/aachen_000126_000019_leftImg8bit.png,gtFine/train/aachen/aachen_000126_000019_gtFine_labelIds.png,a21e9264bb8994113c26196ca762e5cee2e0a2a5482f56428a7cbee513992169,e082fba57d9d6dc248505874ab3dc3f872582afb6fc50692ed5e0dee1776d840
leftImg8bit/train/aachen/aachen_000127_000019_leftImg8bit.png,gtFine/train/aachen/aachen_000127_000019_gtFine_labelIds.png,3971012b60c66df008aec53f5987fec4a8f8d03a627fc2752f3e3fdc32a522fb,4630ee314a40f835db106e730778b4f0572af3b7e0abf866a4348c11d96c72bb
leftImg8bit/train/aachen/aachen_000128_000019_leftImg8bit.png,gtFine/train/aachen/aachen_000128_000019_gtFine_labelIds.png,ee807d900b2a82bdd52c0925b2b5840bf2db31d54731dfda53b01be717abbe1a,dea766f3e390f36f22f10a02220eeac3602e5aca2d8e1f95523b11beacd06d90
leftImg8bit/train/aachen/aachen_000129_000019_leftImg8bit.png,gtFine/train/aachen/aachen_000129_000019_gtFine_labelIds.png,e874eeebe34a35e5948e02aa3e8fd7d46898bfd8dcc05b1aef0b4706d477b035,e17c88d29fca53e93549e938529e199164644cd4796d40809590f2541247f107
leftImg8bit/train/aachen/aachen_000130_000019_leftImg8bit.png,gtFine/train/aachen/aachen_000130_000019_gtFine_labelIds.png,fe06424063ae94c0ca2684cb5721d9393ae84a5a2b3f352eb8b32d5566d5add6,e72030d621c50542bc8157518d196a30116a50ae73783bf3d9aa120834488a43
leftImg8bit/train/aachen/aachen_000131_000019_leftImg8bit.png,gtFine/train/aachen/aachen_000131_000019_gtFine_labelIds.png,74261b34def43952145066809bd7423d10ad144fd02c29bd182a7f85f686bfbe,34edfbae47d54f9bbb7a8cd986821cb26ac860983e8110b85a45bf3a7c8bf468
leftImg8bit/train/aachen/aachen_000132_000019_leftImg8bit.png,gtFine/train/aachen/aachen_000132_000019_gtFine_labelIds.png,a02959aadeb4a5c93367a2749030a089739c91dd72831d161f3e49a25d670cec,71f35ef86473b6dfc09d5f3b482099e4fac537b1af8b9f50f388bd7df85eff4b
leftImg8bit/train/aachen/aachen_000133_000019_leftImg8bit.png,gtFine/train/aachen/aachen_000133_000019_gtFine_labelIds.png,38bcfd871f0d45c8a68bebe5e4f431a6d55e7888f59ed27fa5c51b5e9bd9c2ca,1291edaeaf63838b471fc806d3215da756db0ac94e0c874204704f51fd220884
leftImg8bit/train/aachen/aachen_000134_000019_leftImg8bit.png,gtFine/train/aachen/aachen_000134_000019_gtFine_labelIds.png,074278c1335220cb6e69395ab24fd1e8b71c562260fd4bd966fbf9464d1e5499,48a7579787e75cf189fc4883dda0189c36f0de3173292bc2873427a5f221ed97
leftImg8bit/train/aachen/aachen_000135_000019_leftImg8bit.png,gtFine/train/aachen/aachen_000135_000019_gtFine_labelIds.png,dabee4d67197d52d6a019d6fd6bd869008fbaaa216f12c528fc17048dc6db780,6591a5a4e5cce770911dc4f97a3afcf4da0164ba3e2a41d24cc9ce39a36d3b94
leftImg8bit/train/aachen/aachen_000136_000019_leftImg8bit.png,gtFine/train/aachen/aachen_000136_000019_gtFine_labelIds.png,62629daa18ed29ee843a1bc183a8276b48faae1e78b3ad9fdd0ac1900688678a,2dfb5912abc0be9d19b3bcbf0d664cd9f44da430083b40d8e9c14f166fc4208f
leftImg8bit/train/aachen/aachen_000137_000019_leftImg8bit.png,gtFine/train/aachen/aachen_000137_000019_gtFine_labelIds.png,e5eeda5dec4724935577cf354c1ad768364d67436b3789b53bb266d05b0730aa,b2f99be026009fb1013e9eb18a3286f1e4763c38171873c19544ee0cb5111f52
leftImg8bit/train/aachen/aachen_000138_000019_leftImg8bit.png,gtFine/train/aachen/aachen_000138_000019_gtFine_labelIds.png,15468f2a2c73682fffc0c08039bbda022d158f65eaa74f8e2c54bf29046fc257,aa2c17611537b4e12f6109761a5bcccd2c1f50a506bbc3fdd9288d3a9d37b144
leftImg8bit/train/aachen/aachen_000139_000019_leftImg8bit.png,gtFine/train/aachen/aachen_000139_000019_gtFine_labelIds.png,9c200a9ee873ab159801120947a739858cfc4a79564fe201fb697976edbf0069,c4c29f7d4eb16e7f4cba0eb16562e89dbdff69324b8ad102a995329e6d599a85
leftImg8bit/train/aachen/aachen_000140_000019_leftImg8bit.png,gtFine/train/aachen/aachen_000140_000019_gtFine_labelIds.png,20363877f71948516cd094664d54f69fa5cba8e702b4c2202313f56abc169501,94cd64311887ebebe231d63a7395a09d46916971a43209cd730c8fd79708f0fc
leftImg8bit/train/aachen/aachen_000141_000019_leftImg8bit.png,gtFine/train/aachen/aachen_000141_000019_gtFine_labelIds.png,9fe5b5516e7819a754d0d5ac3325445b323ae7671224a683cfd07a2c4bddff26,4159e381e67ea43d7bbbc0724aa554e04d05774e195ae5829bd9ae0edbe01f32
leftImg8bit/train/aachen/aachen_000142_000019_leftImg8bit.png,gtFine/train/aachen/aachen_000142_000019_gtFine_labelIds.png,48b158626b2b27d4fdfaa7d9921c3eb16b6eb7d6ba2912f2ff2d6d5954730039,c373b0d0c84191323f2e7e62147df2317517d3390f215d3762f8c9044134ee30
leftImg8bit/train/aachen/aachen_000143_000019_leftImg8bit.png,gtFine/train/aachen/aachen_000143_000019_gtFine_labelIds.png,6e23b8624ac5f17af69a34aec3a55a7a140257a88f29b45a4ddfb5800ea0d35e,517738f5ab73b70ccffaab7508112649b4cb83298d8257c00f79fb7b4f69b54d
leftImg8bit/train/aachen/aachen_000144_000019_leftImg8bit.png,gtFine/train/aachen/aachen_000144_000019_gtFine_labelIds.png,1df4e32ac1a6d93858f9ae2b2a24dfd89d0d2dc7d6b8133ee8225b7e577c685c,4cf3d46bf34366bbfd9ccf7be6cb85fb58ad81e4c156aebf0621f46641eef780
leftImg8bit/train/aachen/aachen_000145_000019_leftImg8bit.png,gtFine/train/aachen/aachen_000145_000019_gtFine_labelIds.png,8a79271bceefa0d20c5be6066f6efd1a488a6e51db09305c869e6089fa9caa91,04c40dbda86175db02d763b90ed328bc3145f467e40ddf2ea5d97aa4ba4318ec
leftImg8bit/train/aachen/aachen_000146_000019_leftImg8bit.png,gtFine/train/aachen/aachen_000146_000019_gtFine_labelIds.png,8521dd844b9ed4403bdd1a01efaae42654a434c82e74f3dae6eee9c0b7ae48b0,8437fc4bfdc73ccae336f3ef81d58a4845fff18a17edd5f70798f3f1aae9b37d
leftImg8bit/train/aachen/aachen_000147_000019_leftImg8bit.png,gtFine/train/aachen/aachen_000147_000019_gtFine_labelIds.png,b61035bf591ed98831d738e41130325df91e5b4ac504dce9a729bec8e9e5c589,4ee3ef14924fb2acc53f6dc2602fedcfabd9a379be6fd479fed5e1071e4c935b
leftImg8bit/train/aachen/aachen_000148_000019_leftImg8bit.png,gtFine/train/aachen/aachen_000148_000019_gtFine_labelIds.png,1ff4c9084016763d908166b7c02dc0ba6110f3af53671c4913a92fb4bd8f106a,b68ccb6429120c6315653114d3bbe34ff8bab82a2ecd6f585ced8ed95d8752ea
leftImg8bit/train/aachen/aachen_000149_000019_leftImg8bit.png,gtFine/train/aachen/aachen_000149_000019_gtFine_labelIds.png,dca7a7c5ea4cf090ed6807ac9c5b4ef7035a2fe2fe6314c84c347c1316888c6d,8114c6ce6e4c816865cdc2adb7250a36bba13e5dd2811dc1bda6bbb81210edb8
leftImg8bit/train/aachen/aachen_000150_000019_leftImg8bit.png,gtFine/train/aachen/aachen_000150_000019_gtFine_labelIds.png,715ce66b66f7552cd55b000e643aec06bb09c17e2e550c3189cdf968175f9ac2,6812d89d945886118ff386228d0b21c7f7e459450299919bfa21a52906c306d6
leftImg8bit/train/aachen/aachen_000151_000019_leftImg8bit.png,gtFine/train/aachen/aachen_000151_000019_gtFine_labelIds.png,01e02ffe618593baccef7a46708b670463621b30299fc340a9c65c6eee519930,c0c72a50be6d20d33e3e5aad030029014141f2bcf34457edb79f9736660d8534
leftImg8bit/train/aachen/aachen_000152_000019_leftImg8bit.png,gtFine/train/aachen/aachen_000152_000019_gtFine_labelIds.png,b3d9329243518fc0cfef82af9249429cd7587de5b56a381583fca93db77f9d17,9604471b526d673cd7ce384d0425885f94d8e348d18a6d2cdb7afc516e191adc
leftImg8bit/train/aachen/aachen_000153_000019_leftImg8bit.png,gtFine/train/aachen/aachen_000153_000019_gtFine_labelIds.png,846b4d5e8f38fa4e97f557bd64635aa3118fe4e2b1a90e98fd9c58d5bf3dea0b,5714d0c7443bc925996ed4e805739d601b5d6d20bc4b673d3f0473a50b73340a
leftImg8bit/train/aachen/aachen_000154_000019_leftImg8bit.png,gtFine/train/aachen/aachen_000154_000019_gtFine_labelIds.png,453bc1adc216d44a7371c437bf50535772e4a9740341127587b6d134ecae2ce4,2c28c8151110c8ef6dee25575fde3f89000c3b2776a39424eac101c8dd1c979f
leftImg8bit/train/aachen/aachen_000155_000019_leftImg8bit.png,gtFine/train/aachen/aachen_000155_000019_gtFine_labelIds.png,e6db48abf9931d2c23838eef0b2648736ca21040e242e112efd9cb8887ca74d4,0cbdf5fda50c0ce09f19dc2c5f2a13db2e71a47a5ae818f88733ef647113732e
leftImg8bit/train/aachen/aachen_000156_000019_leftImg8bit.png,gtFine/train/aachen/aachen_000156_000019_gtFine_labelIds.png,d3705ba9ec43c50fbe3f46bbdc1ad2c0073311ca300b8b2c7a3ff401927c80ce,aadc2e0383b4e85bd1c6139e9b44b4d59fffe72fbfb475cf5d9cd50e225f459d
leftImg8bit/train/aachen/aachen_000157_000019_leftImg8bit.png,gtFine/train/aachen/aachen_000157_000019_gtFine_labelIds.png,079a47e01143f1bc83b7c76dbbb7663d814eda5e214890ea36ba891e2d030697,5123291c02275b69f4cefdf84ed5cff9e9de488507ac41a1006aa499a4f4d580
leftImg8bit/train/aachen/aachen_000158_000019_leftImg8bit.png,gtFine/train/aachen/aachen_000158_000019_gtFine_labelIds.png,39c880c70a64ac86284a41cbf2f24811642ea6ae6421a060770eaf3e01e14397,2220e0fc90848e5c7a9ec75cfeeab704df669d4177a4d28196544f6a3e13dd9a
leftImg8bit/train/aachen/aachen_000159_000019_leftImg8bit.png,gtFine/train/aachen/aachen_000159_000019_gtFine_labelIds.png,93ae3b5618907afa1954b41d51ec0c2ce90b798267a2fb0e38b0c596c616f349,65eef950044bbe4e5933fd79644437a94ad6c7f74cf16f82001c686842131fb3
leftImg8bit/train/aachen/aachen_000160_000019_leftImg8bit.png,gtFine/train/aachen/aachen_000160_000019_gtFine_labelIds.png,b4535aeaf4c9cf08ce63dc386d675ae7ad41a2c14a9f355835cfcb805752dded,9fedf553eb7da13b6c9c239653b9b16501c9b4b4ae9c4dcfde27f394348f2c41
leftImg8bit/train/aachen/aachen_000161_000019_leftImg8bit.png,gtFine/train/aachen/aachen_000161_000019_gtFine_labelIds.png,084448e19bb4d3fc026bbdc6dc0e1c0d745f9ea4cfd512714a058bfc2bfb1135,de784b4359742f2d4ca8c7a0e8e4429ae9c7918efe43df1bf40b422f76dee1e2
leftImg8bit/train/aachen/aachen_000162_000019_leftImg8bit.png,gtFine/train/aachen/aachen_000162_000019_gtFine_labelIds.png,8a24e6b5aeb7575167df18e6ff5363304578c98fd4137ef9d62b1ce9bfc62fec,4a9a567c0a927fe94bcf10e99b0ecf34f759d56db09a5aa6553facbb268f9860
leftImg8bit/train/aachen/aachen_000163_000019_leftImg8bit.png,gtFine/train/aachen/aachen_000163_000019_gtFine_labelIds.png,8c9953fef9df8c5d5d43ea56f125450ee6b5b16bada8e0aa73163ca566caac5e,8255660574f6512ae225d321bfda5ff7f5f6d5529d4b68efc4f667772271af74
leftImg8bit/train/aachen/aachen_000164_000019_leftImg8bit.png,gtFine/train/aachen/aachen_000164_000019_gtFine_labelIds.png,c1e54f160e6d520b92ef7bc6e1bb6510a79dfb81c67ff9f7bff24cf5832835f7,f82ae1843e9975a3c8d5ae3d9c07c3fcea8a6338da1482badfa50f1ad8e739af
leftImg8bit/train/aachen/aachen_000165_000019_leftImg8bit.png,gtFine/train/aachen/aachen_000165_000019_gtFine_labelIds.png,7a31b6a25050c51b980d267c69189db8753fe7497df282172a5d1892fdbc700a,daf1eea88f5e0c531d0e64c00a77917d7835130958216bbb01dccc69c5e8471a
leftImg8bit/train/aachen/aachen_000166_000019_leftImg8bit.png,gtFine/train/aachen/aachen_000166_000019_gtFine_labelIds.png,a8d53193486758a32443c19b69be67562708b2d4447e9d7c0cc47a4e4822c03e,cfb837b5ab279fa2d2859221ccf9bd7aad5679a709031702c9ed8051ec94e7a2
leftImg8bit/train/aachen/aachen_000167_000019_leftImg8bit.png,gtFine/train/aachen/aachen_000167_000019_gtFine_labelIds.png,41940d74b7f4eb4460a7997a4d254331d19bae217569b2e19f8b3a9749cea0cb,16d75940ac3a3bc537ed10c7d8c6c12368f4ae855b80892004808f6613e17912
leftImg8bit/train/aachen/aachen_000168_000019_leftImg8bit.png,gtFine/train/aachen/aachen_000168_000019_gtFine_labelIds.png,26ca677546703f482d19e98de0d875d234982086bd657f3d9f4327b20fe4be75,8cf100ce8aaaf0fb104a2b39aa1c0ba263dbf46608f4d32963114dada6d81bc7
leftImg8bit/train/aachen/aachen_000169_000019_leftImg8bit.png,gtFine/train/aachen/aachen_000169_000019_gtFine_labelIds.png,5f90cb9f3690556827c543c10ffcde171e7e9ab96ac6e38ed38ed7ae18a951db,8af8df97076a7251b6d7a7fcec579d7731b5ed50408c5b1db1ca5389947b34c5
leftImg8bit/train/aachen/aachen_000170_000019_leftImg8bit.png,gtFine/train/aachen/aachen_000170_000019_gtFine_labelIds.png,0b62adc163293a84160d056b9a5cd5fcf7bebf694220174e2edadd1723987a7c,13558ddcc265afa5160a60d3830c6e821945b59188a72a4092e9f9154ae7b4c1
leftImg8bit/train/aachen/aachen_000171_000019_leftImg8bit.png,gtFine/train/aachen/aachen_000171_000019_gtFine_labelIds.png,30a3f66943b1dc0349bc6e56450e69d79dfddbc4fc258324e87a635af5fb2440,1c99a09bdf255d68d4bf54cf6fc99af4667dcd19f93592adc77d72c0f4f894f5
leftImg8bit/train/aachen/aachen_000172_000019_leftImg8bit.png,gtFine/train/aachen/aachen_000172_000019_gtFine_labelIds.png,4e1015e512c7021af51b2901f80c798c9028b77e01e57046cdf5a157c4ed92ec,ffa9172788b794c1c51d3c468ec00b814ecf9b74ad08c4d6dd93efd025d4e5c5
leftImg8bit/train/aachen/aachen_000173_000019_leftImg8bit.png,gtFine/train/aachen/aachen_000173_000019_gtFine_labelIds.png,34a663391ddeed9bbcc98c605d881fadbf7bb05ff02a8ffe4136d52599efc630,794d0d01be8481d2d1f92827ca2653960fe0d7c3af947f2aa90928f283de97bd
leftImg8bit/train/bochum/bochum_000000_000313_leftImg8bit.png,gtFine/train/bochum/bochum_000000_000313_gtFine_labelIds.png,e505c9d2b078781ed9daab06c9926af9e0f425fca43cdab6ad41ce3f8054762d,3556e32dfe16539d231621cb23b8e406dcda84db81f6d77927f4dcd8eb72f074
leftImg8bit/train/bochum/bochum_000000_000600_leftImg8bit.png,gtFine/train/bochum/bochum_000000_000600_gtFine_labelIds.png,e6d3b1cd5f6b011982a58c56bb99d434e846032f4a3da6e8d40c7826194db520,c002496f0193c2493aec9bb76a3833d7edb46c9cd0bf65c3f293a5bb59f0be69
leftImg8bit/train/bochum/bochum_000000_000885_leftImg8bit.png,gtFine/train/bochum/bochum_000000_000885_gtFine_labelIds.png,d7c76f820b0741a5df13e257b6cd51e2bb8fe7681f69c79cfe45b0f5620fb11e,350bee31c6cf664c5b676b19c6040642b29ff3a1ba64daa522b6ba50c67b023c
leftImg8bit/train/bochum/bochum_000000_001097_leftImg8bit.png,gtFine/train/bochum/bochum_000000_001097_gtFine_labelIds.png,e2f846420ce6eea842fb8fcdbde3ac6f27dcb7dbbaf4b28d09599f86030ccd79,0397b844f2d401ebd2826b200fa9b5be10908a8de78fe32d3a5f5ad51f0ab850
leftImg8bit/train/bochum/bochum_000000_001519_leftImg8bit.png,gtFine/train/bochum/bochum_000000_001519_gtFine_labelIds.png,346c260ef1c57eb0f7d7d3d2f3ecfdfc264c915b545c7a84c6c09b2fdb2d99a5,3ccd354a8ab77ec56cbe2abd9edae8ebc753da302ce51227778e93de3a57cdf5
leftImg8bit/train/bochum/bochum_000000_001828_leftImg8bit.png,gtFine/train/bochum/bochum_000000_001828_gtFine_labelIds.png,11f7431d59bf00d99e1f077d3f3833135d0cb1cb8cb6adbc1af034a6daaf94cd,301b512dd7a6ab4702db317df5f410276f39fe8e4fc9f20d15d9c86e1276f469
leftImg8bit/train/bochum/bochum_000000_002293_leftImg8bit.png,gtFine/train/bochum/bochum_000000_002293_gtFine_labelIds.png,8260d16942e7cf7b52b55ebadd3b07b564d7d1a897e85022fff2633d3839320c,a84c25b00de6c20f89959fe2492c43c798832258956a56285ef7d1fd8c1c4c72
leftImg8bit/train/bochum/bochum_000000_002562_leftImg8bit.png,gtFine/train/bochum/bochum_000000_002562_gtFine_labelIds.png,175fc16df987955d2351187d9d8cd50b37416d673ea810345149ec5e2074d0c3,a87df03197dc41126f0086a2f31b3822e8b3399b60e02d39c4776f8fd8976f59
leftImg8bit/train/bochum/bochum_000000_003005_leftImg8bit.png,gtFine/train/bochum/bochum_000000_003005_gtFine_labelIds.png,ae54e96519311ee8fd0210c36993e9d68fa498d026b4c79e00ada1ff7940ec2d,ea833bb74264251a7ca4b6e07b05f55d455cd6c0c53ad8e5013f274928bae210
leftImg8bit/train/bochum/bochum_000000_003245_leftImg8bit.png,gtFine/train/bochum/bochum_000000_003245_gtFine_labelIds.png,c179e00eaa31dc4ad4b4eefe5140639f953df75722e7fbc24089d738812ce2d6,37b5856fcada2ee4715aeb5bc28488c596f5221c654e8859256061fdbcff0911
leftImg8bit/train/bochum/bochum_000000_003674_leftImg8bit.png,gtFine/train/bochum/bochum_000000_003674_gtFine_labelIds.png,722c4d4049806d69e092173cd98af7cdd1a0d0ad77d61830ad2a6a2b28057abe,9aa79d5c3108364c3e6625534d0119ebc3254060ef5321b76fbfcfc74458adcb
leftImg8bit/train/bochum/bochum_000000_004032_leftImg8bit.png,gtFine/train/bochum/bochum_000000_004032_gtFine_labelIds.png,b6dc0fa8a323ba5028d7478f7f5114965ee28e8056aced21223e78d70c15db20,efb0e396a035ab070bfe436942a3e06affd8f33ce64546b66bc6c5d3449df258
leftImg8bit/train/bochum/bochum_000000_004229_leftImg8bit.png,gtFine/train/bochum/bochum_000000_004229_gtFine_labelIds.png,4f4871c1cca9c2a0290cfe1ecf81437dcd6d34ebb6b9c36ab1910056c82cbea8,546c2e7724ea510f60eb638cc7feaa628f485c12f024ec2e5a2952ddb70b81d4
leftImg8bit/train/bochum/bochum_000000_004748_leftImg8bit.png,gtFine/train/bochum/bochum_000000_004748_gtFine_labelIds.png,c28d8f294bf4f1a451c15c046b90778e8d05fbb0396f2471e26703617d994612,a15d58066081e4cdc4cbeb67db713dab87cf5fe6311a3d82ccbfc66a370932c4
leftImg8bit/train/bochum/bochum_000000_005537_leftImg8bit.png,gtFine/train/bochum/bochum_000000_005537_gtFine_labelIds.png,535c88ef93d70a75a3f853644495e41e3172153420cedab00591036de4d07db0,0318c23460fd3e7d47632f4cfaf9b2de571ce1727c7e4ddc70493635805a4064
leftImg8bit/train/bochum/bochum_000000_005936_leftImg8bit.png,gtFine/train/bochum/bochum_000000_005936_gtFine_labelIds.png,1e6645033d4c457e2a31248e7f52488f2bd7ae927310a907b88896db8964875a,0b04621388a3b9a6938af9171dfb472f72d567992d218cc23b0a9a0ae6145454
leftImg8bit/train/bochum/bochum_000000_006026_leftImg8bit.png,gtFine/train/bochum/bochum_000000_006026_gtFine_labelIds.png,ea33c1fb694f90ddb643f25a707f05b3ad63bdbd5d319554a2613925d26667af,8c5a99f4393d2308b3c8b881b7a790d1f9cec8930f69365cc54e933e7d320c95
leftImg8bit/train/bochum/bochum_000000_006484_leftImg8bit.png,gtFine/train/bochum/bochum_000000_006484_gtFine_labelIds.png,bfe929bb5067a777d908b3ab2acb3fe0f4eb70d7922ae19ef3e9032927eece13,680d91d1414ac9c47e9dae2a7994e892962e86e22517dd87fa3d92e0abf58487
leftImg8bit/train/bochum/bochum_000000_006746_leftImg8bit.png,gtFine/train/bochum/bochum_000000_006746_gtFine_labelIds.png,cd6150856d3d7a98fa9e6a5e5f642ec2bdb06246d25bb5073ed098dee75aebcc,e68be2219f1dd52585f547730ebcaf4b48d8d43470a7e2d998b93a4e362bf47a
leftImg8bit/train/bochum/bochum_000000_007150_leftImg8bit.png,gtFine/train/bochum/bochum_000000_007150_gtFine_labelIds.png,e0368d86fde5c77fabb84c8a1892035e707066612667aeb5c596b156ba64c2ff,76d46e7b2b0ea3b0843a9d004066156cf6b49f9d74fb51da80be058e5aaa363e
leftImg8bit/train/bochum/bochum_000000_007651_leftImg8bit.png,gtFine/train/bochum/bochum_000000_007651_gtFine_labelIds.png,4ac50a6954a0c463e25d47b18e81ab91417a34f53b52773183fd38cde72a4055,a79cad098e1a995976bcfdbbbed0f02a3399f791caf3d2559ddd8af4ae560485
leftImg8bit/train/bochum/bochum_000000_007950_leftImg8bit.png,gtFine/train/bochum/bochum_000000_007950_gtFine_labelIds.png,c710f6da88d3c2b78cfa963ba1615060537a4764fdf2dde3cf70f8f48bca5013,2ec6dea1c636d1ba85cdab1538b76841e61a9fd4c60416bcc4a1e9eaa6aef160
leftImg8bit/train/bochum/bochum_000000_008162_leftImg8bit.png,gtFine/train/bochum/bochum_000000_008162_gtFine_labelIds.png,3e12ffed6b3e00cd8f61c6b05b05d69d38d13fd43882502f2ed29e4ec8c12645,7b038600047fe1e6524ba2faed52d5383ef5576e1e8ed86cecbd993b669e83a5
leftImg8bit/train/bochum/bochum_000000_008448_leftImg8bit.png,gtFine/train/bochum/bochum_000000_008448_gtFine_labelIds.png,7323d5e6f83fa2c1ba5038218b7f10322c5c9b0afa67390c6a624d1f4c14db10,c4567d88115e211a68daaa705c5a92965035d634bcb455eb314fdb77690f6f50
leftImg8bit/train/bochum/bochum_000000_008804_leftImg8bit.png,gtFine/train/bochum/bochum_000000_008804_gtFine_labelIds.png,cef724c5378a361272c3958886b17cc695c37d6e6dfa9fc1d74044fdb08def7a,5a3aa88b22acc1f84683153c7db94376272119ac9bef4ce548feb75c3bc3501c
leftImg8bit/train/bochum/bochum_000000_009554_leftImg8bit.png,gtFine/train/bochum/bochum_000000_009554_gtFine_labelIds.png,6f9d82e1eb379364f81218dc75638c25da3f407310a109877be2d0532f18ec2b,ef0df44d3bc825857e314c2f9b6f5335a4ed813a6a297a2dc05b3f1ea1a47d93
leftImg8bit/train/bochum/bochum_000000_009951_leftImg8bit.png,gtFine/train/bochum/bochum_000000_009951_gtFine_labelIds.png,fbb1b8b8856797138aa5580ebdea1f41a3bbd5e89c73ce53ff12fdc08523d734,c03689d3fee87b58c01d28f1bc20617720146c2b5a9da10bf76f6e6c75d2838c
leftImg8bit/train/bochum/bochum_000000_010562_leftImg8bit.png,gtFine/train/bochum/bochum_000000_010562_gtFine_labelIds.png,49ad8cdb649a452d066f0c4bbe9b028ea2afe8307e408aa84b96102e12c8e2ea,b5e7321f47df6d814d1ea85602d7503ff7c8199ac44a3458b634d6758772b2f5
leftImg8bit/train/bochum/bochum_000000_010700_leftImg8bit.png,gtFine/train/bochum/bochum_000000_010700_gtFine_labelIds.png,a36eaa514bfe1cf949e7fae43f82a87dd14eb771f2eab13db560df3e3633a392,7ce14872c760329b7135272e8b958d51d0a4f67b9788eb2e6ca372c272ad1c03
leftImg8bit/train/bochum/bochum_000000_011255_leftImg8bit.png,gtFine/train/bochum/bochum_000000_011255_gtFine_labelIds.png,262c4fa40fe9bc3c0ce802e9f3426db05c6544698a2e294ff1364d4c87ffadb4,bca58a5cdabbce9fa08520be408139d59f822ef8a5f4771950aa6a2edaacb8f1
leftImg8bit/train/bochum/bochum_000000_011711_leftImg8bit.png,gtFine/train/bochum/bochum_000000_011711_gtFine_labelIds.png,1f1d2b2779e08e9edcf01b65fc81c2c971107e9cee5b584c810a1c51ab6d630c,d89073dbc47ac3b8721de665750995619c3c9ec760b0e83f6d697199686ac773
leftImg8bit/train/bochum/bochum_000000_013209_leftImg8bit.png,gtFine/train/bochum/bochum_000000_013209_gtFine_labelIds.png,21f2523835978d443a9472ed2051dc9acc3074906227ecbe7e7eb4848fd76bdc,f3dd16ca4c1453eac69354c591ba0543f88ba0cd12dfe8b4f2729ccc4b0aff2d
leftImg8bit/train/bochum/bochum_000000_013705_leftImg8bit.png,gtFine/train/bochum/bochum_000000_013705_gtFine_labelIds.png,20b85c34ff5feac093bb38ace559efdfc5e5997066c4594a0151bb9abe9dbf76,c0e8ce2462d3d5dbb7ca0f65c3d4c11a442bd409aec966be369ffef6af53b4c1
leftImg8bit/train/bochum/bochum_000000_014332_leftImg8bit.png,gtFine/train/bochum/bochum_000000_014332_gtFine_labelIds.png,4f776115566bdd6c2b7f1ad747ff8202f235453a1dff30395c8852b0f9750544,50a22edde510f919568669c65a244f694e3fe1a4d14b48997f62dbe6cf3a9f3d
leftImg8bit/train/bochum/bochum_000000_014658_leftImg8bit.png,gtFine/train/bochum/bochum_000000_014658_gtFine_labelIds.png,970e4fbffcd29f11bbc1f68965d1fd5afa64fc0cd47de252b38e29fd45300b52,e4ed3fd70e298854f847921f22cb96c769662fc451476ede2fa878b4a39760ef
leftImg8bit/train/bochum/bochum_000000_014803_leftImg8bit.png,gtFine/train/bochum/bochum_000000_014803_gtFine_labelIds.png,598cb3da5ef3c1ba5a45605cae1fe1bdd2f304bee77b2547764eeadf74771e1d,c835e364eb7cec00ead83ef4160f90d6923c777ae8c6373a4d2e7901018cd691
leftImg8bit/train/bochum/bochum_000000_015038_leftImg8bit.png,gtFine/train/bochum/bochum_000000_015038_gtFine_labelIds.png,5fd25139293e05516d285eae878baa05c3aa6c81decdcab8a4ccad0fe843df2e,7680bcb961bd88a37efcaa0e6d3094b3dc6d897a047cf45ec2af7a47fe7609b5
leftImg8bit/train/bochum/bochum_000000_015321_leftImg8bit.png,gtFine/train/bochum/bochum_000000_015321_gtFine_labelIds.png,f2c62b7bef463c9f382eb7e1986f0c74ff889873ed9105b1afbeded869d6683a,a87176b3bc2c0dbf8567c52211265aa480567acc86a0cbc51a31578bfed3b9e4
leftImg8bit/train/bochum/bochum_000000_015645_leftImg8bit.png,gtFine/train/bochum/bochum_000000_015645_gtFine_labelIds.png,43567b253ec9187c8ca32e1761f6d336c7c99affa90b61094d72910371564366,f3ac58fb1e49ff17852f3d04c5d2d8a1dfd509d0763952b1fb4b46f3c7d6ea66
leftImg8bit/train/bochum/bochum_000000_015880_leftImg8bit.png,gtFine/train/bochum/bochum_000000_015880_gtFine_labelIds.png,24f254a9b054ecd90f77bf2bbb4fe39b872cdd0325ba4795b3e11ba98d24c1ba,02fc508168b6a6e9cc4e3239188cc45616fd5c2bbb1a54543a3593036c98b4ce
leftImg8bit/train/bochum/bochum_000000_016125_leftImg8bit.png,gtFine/train/bochum/bochum_000000_016125_gtFine_labelIds.png,e80907f5468a30616b9ad68770d2a7a3c62e8637154912335de83ebf420708c8,dcf3847326c013438f596685565cfce17c3937c01158d0cca8634a7ac7fbcbf2
leftImg8bit/train/bochum/bochum_000000_016260_leftImg8bit.png,gtFine/train/bochum/bochum_000000_016260_gtFine_labelIds.png,700e2e3d74f936b978df461dd17f089065e49626d4da5b29194ab7c813d582bc,d089707ce54d58b30245bfd4228e364a4986f918d45fcec5abf32af01c640b3b
leftImg8bit/train/bochum/bochum_000000_016591_leftImg8bit.png,gtFine/train/bochum/bochum_000000_016591_gtFine_labelIds.png,5172568d70ad764877a7eb3010884afe0042ba80b84ca8e18dfc0bd95998de89,2304e5d0f7fad1febe9024acaddc9ac3d78624e69f40887cd7192dc2186e2e10
leftImg8bit/train/bochum/bochum_000000_016758_leftImg8bit.png,gtFine/train/bochum/bochum_000000_016758_gtFine_labelIds.png,d4fb01602dc5cd6de08745d9b0b16c00b14dbf78b744f4e1b685f36abc72860b,ab16aa79b8f87bebb5e5e315a37bc88140514037d3ebc6e329e100e5251dc447
leftImg8bit/train/bochum/bochum_000000_017216_leftImg8bit.png,gtFine/train/bochum/bochum_000000_017216_gtFine_labelIds.png,8b35ca7d6a2bfa35b79312e205ea4b310e648b0d51d2f48c4679d2d12d97d8d3,0d1316a1f8375dfb9fd160643f91e34274aad651f17e626523492860ed9527d6
leftImg8bit/train/bochum/bochum_000000_017453_leftImg8bit.png,gtFine/train/bochum/bochum_000000_017453_gtFine_labelIds.png,097d78de77cbdaf50a2292e09fe65692026269da11572f78f1bc32f9a0de8477,97e3478328aa58e59dbf828f02c098c1d3f6e75c74f51c2b108ada4da6921e17
leftImg8bit/train/bochum/bochum_000000_018195_leftImg8bit.png,gtFine/train/bochum/bochum_000000_018195_gtFine_labelIds.png,49d8d109bce3e803f7b6a33c5a74b33018e7109ac08db6430f47d190a7a18b06,dbe1e845b41fa16a2ffc6e5ec67e2e147d194b598fa4b0cff844f7ccac3821ae
leftImg8bit/train/bochum/bochum_000000_019188_leftImg8bit.png,gtFine/train/bochum/bochum_000000_019188_gtFine_labelIds.png,49469a730b858a70fc24f01e860466c50d7918fb8b2a965b57f8f09a071fceda,d528f0cc81461dee37b960b50114d8a60f69009e8c18fef431bcf9f0595c4438
leftImg8bit/train/bochum/bochum_000000_020673_leftImg8bit.png,gtFine/train/bochum/bochum_000000_020673_gtFine_labelIds.png,14498ba39e3b946a18889f0e19ae052fae27f20c10cc07b56245116228d1cf4a,8c1021042ac59d7bb92d821a8db8da1f560820af3c1ab31546efa7a7e51d78c3
leftImg8bit/train/bochum/bochum_000000_020776_leftImg8bit.png,gtFine/train/bochum/bochum_000000_020776_gtFine_labelIds.png,61fc637e7c808135920258f62a2c8de77c624429a149a5a9bfdfb1bd92b4a91a,a6b18e8ea969ad95b8758b54595e932e71df0445bd6cd724aa4e019d1f76cc0e
leftImg8bit/train/bochum/bochum_000000_020899_leftImg8bit.png,gtFine/train/bochum/bochum_000000_020899_gtFine_labelIds.png,3ecbde1b1bc04d8d9b31d162acbb0bc176544afe4602ca831394d825c0d017a6,69dc09e4f2940e1f7b46fdc955513da7db88f1393412a0b7b851aaf3effa781f
leftImg8bit/train/bochum/bochum_000000_021070_leftImg8bit.png,gtFine/train/bochum/bochum_000000_021070_gtFine_labelIds.png,120f9eb16b71e1adfc31809039e31497579fe56db4d399d8e134cecef49712c2,a1dd36cad64a8b3d9a3dacf450fe49f2b97ff53d4d51d3be885aa024ab5c4e7b
leftImg8bit/train/bochum/bochum_000000_021325_leftImg8bit.png,gtFine/train/bochum/bochum_000000_021325_gtFine_labelIds.png,d6cf71a687dc86e36e7f2ed5dec156fdc715bf13efadff5d4e3eb38910705ec0,ff8c8f75902a3910f15c689335522becc2127a9e4bbfa017ed62ef846597c5d2
leftImg8bit/train/bochum/bochum_000000_021393_leftImg8bit.png,gtFine/train/bochum/bochum_000000_021393_gtFine_labelIds.png,07352ab1f3a9f42bd67e911678c96678e8b478bde8faeb2c2ba86e8e1c475036,51e235137eecd0e5d1175145f5561dcd58642bd8124f697dcfbe1a8eb460d81d
leftImg8bit/train/bochum/bochum_000000_021479_leftImg8bit.png,gtFine/train/bochum/bochum_000000_021479_gtFine_labelIds.png,6a7233c49a9dd24cfd15cdf435b47818794f0e022dd68d7ba55a46ea6d66a588,7a9145cf2d65f60f470ca9daa7c0314dbcea4a2335678b2359c861ba191979e3
leftImg8bit/train/bochum/bochum_000000_021606_leftImg8bit.png,gtFine/train/bochum/bochum_000000_021606_gtFine_labelIds.png,4aa743baf2ac56de9bbe7e61dcf530740ab7a39fa0c5d683c5fd1cba351860df,dd8c917a640f178e337de1e5afd905a4b8b15a56ce4dd823cc19260206e011f7
leftImg8bit/train/bochum/bochum_000000_022210_leftImg8bit.png,gtFine/train/bochum/bochum_000000_022210_gtFine_labelIds.png,8412143d622100c75196ac1bb1d1075864f3e741aaa42b5da92f44d45216d2c6,51e1ac51e6b6bec681973e892d09f3e40c5c7198ebd150c5aa7281d9f7ca61d3
leftImg8bit/train/bochum/bochum_000000_022414_leftImg8bit.png,gtFine/train/bochum/bochum_000000_022414_gtFine_labelIds.png,9f91bdf54d5c6fcec92dd6533c8903da1f97c72edf49cf938353e30168eee28b,fde36023043a4bc6a7e43b74e727f51325649d877a518eeaf28df6da2f3a653d
leftImg8bit/train/bochum/bochum_000000_023040_leftImg8bit.png,gtFine/train/bochum/bochum_000000_023040_gtFine_labelIds.png,f8a4bcdd8f25b7658a51c76839ee077a75dc9e31fa24856d519248a2cfb134f0,7a7a39e5354a8a626a12851f8046366062840e7456410f19e7e0b576dea81c95
leftImg8bit/train/bochum/bochum_000000_023174_leftImg8bit.png,gtFine/train/bochum/bochum_000000_023174_gtFine_labelIds.png,68153628b00a9e18971a536a44cb06d72169f36459a6ba9445d24bd091932cd8,8a00720d5f96fc96f59fafb0b9783921109b488076b325d3e6f2afa0b80bc243
leftImg8bit/train/bochum/bochum_000000_023435_leftImg8bit.png,gtFine/train/bochum/bochum_000000_023435_gtFine_labelIds.png,696af2f210d8b2bed14575b8922552f139aac846f033786bc687e5536338e244,a5c6b85b8c981af6fd8b653e0c11362df52948ef32ca17561c93eea70cdb6d01
leftImg8bit/train/bochum/bochum_000000_023648_leftImg8bit.png,gtFine/train/bochum/bochum_000000_023648_gtFine_labelIds.png,ae9ac73e2419dd3b2732e212d53dcfccf73734be12631ec8d0b7f05aad745fc7,b4d8620c9fed7d462a401315390738b057df98c9c1aa5f687502e232a2901632
leftImg8bit/train/bochum/bochum_000000_024196_leftImg8bit.png,gtFine/train/bochum/bochum_000000_024196_gtFine_labelIds.png,f726da1a54ff4c47b0dae493ecea2fefa91ae9bbd890e56371ddaeea16ef6201,a99edc7838a58638730ad4f32f440b3dfcc0c8d6a60c0cd44f2a938f107b66ad
leftImg8bit/train/bochum/bochum_000000_024343_leftImg8bit.png,gtFine/train/bochum/bochum_000000_024343_gtFine_labelIds.png,fa7db67536126bc68430a1bea808ab52111c383748ba6317bd120a0c037e2e4a,384d782239aa64215af7624d72313b56a72a31889abe8a75053af00bceb257f8
leftImg8bit/train/bochum/bochum_000000_024524_leftImg8bit.png,gtFine/train/bochum/bochum_000000_024524_gtFine_labelIds.png,a1f65eeafcea9fda9443968b4037b87ae4efd5f76c3f0c44604b27aff2f38e04,cd94c49d36e36414ccf85160bcb60eec2a8ed3aaf8ff5b7a0301bf5718ed0dc4
leftImg8bit/train/bochum/bochum_000000_024717_leftImg8bit.png,gtFine/train/bochum/bochum_000000_024717_gtFine_labelIds.png,c0b0eeb365c449193207476959cc8c0757dd879586ea6a465222f648fcd9b5db,19e20190eb96224e2bdc6a05462dc4fa61dc354dc148f96ab0689763d1f19e7b
leftImg8bit/train/bochum/bochum_000000_024855_leftImg8bit.png,gtFine/train/bochum/bochum_000000_024855_gtFine_labelIds.png,aeb50e3db91babf5146acd22b0407c87cb505d15471dcfb30200d4d31b291b0d,f41a58c6be85766d069761a17d9271c08bd328cd610d929cb051e247a094cf17
leftImg8bit/train/bochum/bochum_000000_025746_leftImg8bit.png,gtFine/train/bochum/bochum_000000_025746_gtFine_labelIds.png,eca3a37c4b407490ed14115dee97f81fa8caa6e1eff5cfd42634427ce077e9a7,e31c73244fe88718dcb7fd7d2ee55093b65d1cdafc9669acdd879f11d1117ff5
leftImg8bit/train/bochum/bochum_000000_025833_leftImg8bit.png,gtFine/train/bochum/bochum_000000_025833_gtFine_labelIds.png,a3a16ff6f4de80934fe692ff77a8ab680b10ba3c772813cd51a6e9a56428ed5b,028ea78999b473a7c40c53559b5d61824f0ae0584bc94b3e31b962dc0ccf7a26
leftImg8bit/train/bochum/bochum_000000_026056_leftImg8bit.png,gtFine/train/bochum/bochum_000000_026056_gtFine_labelIds.png,239cdfe0e758919b7b77b624db4d1233c3e957f9e5deeb22aaee8a012a35f01b,6790ec7ae52b1bdc4a9d31dcc507e748175fbc7aa524078a65e8e63a5e6f66db
leftImg8bit/train/bochum/bochum_000000_026634_leftImg8bit.png,gtFine/train/bochum/bochum_000000_026634_gtFine_labelIds.png,3e72fb091c7485b8ca09feb2af277b2db432e8d89531c0794221be0ce241362b,ae0498ce1fdde3144a39aaa261d8c8550b80b5228c93dfdd777416d8964b3441
leftImg8bit/train/bochum/bochum_000000_027057_leftImg8bit.png,gtFine/train/bochum/bochum_000000_027057_gtFine_labelIds.png,684bf5499628d552ef96b7c9a3f71bcbb68b61ba32c36c3986560a783cb2082d,6e2b20d80df6471812f8ec9c18c9f9e2e458403cf613731cb7b06fd19ec148e8
leftImg8bit/train/bochum/bochum_000000_027699_leftImg8bit.png,gtFine/train/bochum/bochum_000000_027699_gtFine_labelIds.png,ba42ab00ad4f41c0b06f408592240448992873080c3621a815182929d06bdff5,e6489d185badc58d2f0963dd37db4b5044f0f191847816816ea58dc6ba6ad97a
leftImg8bit/train/bochum/bochum_000000_027951_leftImg8bit.png,gtFine/train/bochum/bochum_000000_027951_gtFine_labelIds.png,c4150bfde8032717e8f63d008c688cd410ba08520611a93dcb207714fda9d0b5,77f8c524cc3c3e7f736d43312e8077989eed08e83c909d319b138cd7c86fbdfd
leftImg8bit/train/bochum/bochum_000000_028297_leftImg8bit.png,gtFine/train/bochum/bochum_000000_028297_gtFine_labelIds.png,cda197c37dd548985900d43e6496b0622d2c26f106b2f97420a5e27641430d41,308ab09e1c72b9e15d2bf971480fcbbf007ed7636c6dae7d690e96e12b03dcc1
leftImg8bit/train/bochum/bochum_000000_028764_leftImg8bit.png,gtFine/train/bochum/bochum_000000_028764_gtFine_labelIds.png,0e7033800beae923c43377afa913f0a9a3e0e205c380ef3bb83f8ccf83eef71b,2d00d5e6876a5d7e9afca4701613818359203449ee6c9a3b3dc34c6b4a3577d5
leftImg8bit/train/bochum/bochum_000000_029203_leftImg8bit.png,gtFine/train/bochum/bochum_000000_029203_gtFine_labelIds.png,34a7b460dfe34bb6dd0e191fd08589d7029f3879ab6f89a30b1a658a0bbee6e6,332c3f89bd0b75003b4405877e5a1c30b7a6fe2323129c35c6e89dee91182fac
leftImg8bit/train/bochum/bochum_000000_029721_leftImg8bit.png,gtFine/train/bochum/bochum_000000_029721_gtFine_labelIds.png,eed5cf5e52d3a78f51552b3ee6772704d0cbbd6e976bee180aac3d2626a1d834,c8c54dd29f209a5cf007f8ddf890742c14d86474d2d629cb3303c487c2007df3
leftImg8bit/train/bochum/bochum_000000_030913_leftImg8bit.png,gtFine/train/bochum/bochum_000000_030913_gtFine_labelIds.png,37cb8bff2988698f21573f5aac0694698961ef4c71f86109e1e7a48a5dbcf350,8fd3700ece22ecaac9b8ddebca673fd343755ffba6fabc8dc1643025508e3c00
leftImg8bit/train/bochum/bochum_000000_031152_leftImg8bit.png,gtFine/train/bochum/bochum_000000_031152_gtFine_labelIds.png,80ecb88e3e687a1aae9f8f6ccf05a6be8527afc62381d6b3a8a4c40e6e7cbf73,89a646fa827adaa331b6d02552763de2b5355018a8635fbb0a08a5095bbb5e59
leftImg8bit/train/bochum/bochum_000000_031477_leftImg8bit.png,gtFine/train/bochum/bochum_000000_031477_gtFine_labelIds.png,4db28b00cc63bcc8d4d2dc1017dfd2ed44d2a8ed961d9a87c87da6d8242a354f,7e2a33616dcbdf664fd87c118d7f638d4661d2a96cc4f4051e2314795fae6ef8
leftImg8bit/train/bochum/bochum_000000_031687_leftImg8bit.png,gtFine/train/bochum/bochum_000000_031687_gtFine_labelIds.png,2d28933a73db4f6ce341165457bf391dd81e1d42b4b5c11492e918df33da5a0e,13c9cd93cc71c7bd13bcb3af99ce226a060c39b0af41ea08a05f1451dd89f319
leftImg8bit/train/bochum/bochum_000000_031922_leftImg8bit.png,gtFine/train/bochum/bochum_000000_031922_gtFine_labelIds.png,7e430f4791d938877bb97dbb68f15b19222c199d454ba7052b8d14fbadb1268d,3aea1c3cc57c5e785b808436591ac44c4afd3d0545136d370f9d2ee0b7b2ba60
leftImg8bit/train/bochum/bochum_000000_032169_leftImg8bit.png,gtFine/train/bochum/bochum_000000_032169_gtFine_labelIds.png,897e618ba7cd17a31cb0c0ef3de286bc384c418ae1e705eafe70560483d5994c,e5bc43e82d47230c65d652c819119249e85da3918bdd66b2239775e2be5f1dcb
leftImg8bit/train/bochum/bochum_000000_033056_leftImg8bit.png,gtFine/train/bochum/bochum_000000_033056_gtFine_labelIds.png,cb08f44eaa646e7c141887e079ef86c5d1e8988603ce1554905c51db949bec71,4847390752e1c916a2b1790f1027e1d6299531f8af08e16417ddae39116e8120
leftImg8bit/train/bochum/bochum_000000_033331_leftImg8bit.png,gtFine/train/bochum/bochum_000000_033331_gtFine_labelIds.png,f6ca7fa49909f5535c2b1e065a7ea0ac13d477969b91b6d84235a54c9d43eb03,c03b20555c5f90b7cc3de9103b195c10448860dd808e44b66e7eace85198b978
leftImg8bit/train/bochum/bochum_000000_033531_leftImg8bit.png,gtFine/train/bochum/bochum_000000_033531_gtFine_labelIds.png,ff1c5d8fa27a78457642c16d5a1f4f5707ae813ca6597671340e5d6caede66b5,6b4c373d153e1d119acc90b4343fe3ccd9ad4b6a442ca89f0eef3e7f34d324e8
leftImg8bit/train/bochum/bochum_000000_033714_leftImg8bit.png,gtFine/train/bochum/bochum_000000_033714_gtFine_labelIds.png,9c8e6e43e2cfea700f8338204111aac199a590acdfd3e3b4432e626574590ae0,42a295fa4dc9a7adbbd3d7fdd0b3aad46da4a8f03b2365e812628c171bf5e534
leftImg8bit/train/bochum/bochum_000000_034936_leftImg8bit.png,gtFine/train/bochum/bochum_000000_034936_gtFine_labelIds.png,ff24a25cd75b62253b8031438a5b608d11d59e51bf6ef26a44c48d1161e36299,6dd19c76a2a8c13c0e96b837a77408ed898ffe4738f59e180919c82635a8d390
leftImg8bit/train/bochum/bochum_000000_035958_leftImg8bit.png,gtFine/train/bochum/bochum_000000_035958_gtFine_labelIds.png,f16439fd90b2600214891717f382c60517ef6b6a1510a0aacf63f11d8e3ca989,5ce731d4cbb54fdeccfc1d0730b1254e13dc3aab7741a196c9387d275ddfc675
leftImg8bit/train/bochum/bochum_000000_036606_leftImg8bit.png,gtFine/train/bochum/bochum_000000_036606_gtFine_labelIds.png,2670e5d425bb054e67a04873cae187a0b422ca3c47b1a036f36d7c74b42283f0,6285379d11444ff53211f7bacb9eb6c8d05ebec127851797f4255fd9fcc35ec4
leftImg8bit/train/bochum/bochum_000000_037039_leftImg8bit.png,gtFine/train/bochum/bochum_000000_037039_gtFine_labelIds.png,debfc4b82274309aa999cc9277a58d4e7819d5b501a7e6004f0a876f6dd6aecc,997533205b132e60ae20e4639337f596d364260e0de850fd012e47308f6411f4
leftImg8bit/train/bochum/bochum_000000_037223_leftImg8bit.png,gtFine/train/bochum/bochum_000000_037223_gtFine_labelIds.png,e011d96655b3b7caa8a1f409ace2532138a360fa4645202a1e24f4ea9d5e1627,b5d2a105f482054c0951cb639a6e554b5cfc6cbba10bb1b1a0b3ff262e522c87
leftImg8bit/train/bochum/bochum_000000_037829_leftImg8bit.png,gtFine/train/bochum/bochum_000000_037829_gtFine_labelIds.png,99542b112a6e12f977af49a77b562bbcf4da4660997fc63863ea0cda4d25c64f,577ab22009cf9918e76cbfd31081858a71d9445a2ed9fde86f01bde5c6cf38b5
leftImg8bit/train/bochum/bochum_000000_038022_leftImg8bit.png,gtFine/train/bochum/bochum_000000_038022_gtFine_labelIds.png,f67b256ef927af86e41e64712a55d838799a1dfaaf325bc6dff7fb79b4b51208,703e1b5344bc00f1668b2bb259904b03d0cba252e4bd1f28c0e7da976461486e
leftImg8bit/train/bochum/bochum_000000_038150_leftImg8bit.png,gtFine/train/bochum/bochum_000000_038150_gtFine_labelIds.png,4e0b44e122eaaddc0f14b8c777e548ddbe9c4269ac5ec5a77a2b02d999ce67d7,f0461f709924bc16251fd9051ba7d572e46374038049c710e0afd4b531bdcf1a
leftImg8bit/train/bremen/bremen_000000_000019_leftImg8bit.png,gtFine/train/bremen/bremen_000000_000019_gtFine_labelIds.png,da8e58b678165eb9c6250465a9e8001f071773d878a6777791a87b460326000f,22a31ff0148ac7e9392e83351b9a5d94752f697c295203059b44a7506accb55f
leftImg8bit/train/bremen/bremen_000001_000019_leftImg8bit.png,gtFine/train/bremen/bremen_000001_000019_gtFine_labelIds.png,1599e5a68d27e5cf1f0f1e1374c4ba73e7a07897aeb0bb0eaa8fbfc176f561a8,2ff2a781b1b658bca54601e8ad062f2f3a7d9ca617274d29a10ad08a2f841a64
leftImg8bit/train/bremen/bremen_000002_000019_leftImg8bit.png,gtFine/train/bremen/bremen_000002_000019_gtFine_labelIds.png,9de3502c227dd5bd82431d05ebcff5bdecedc91962291c54e672c4ff8afac50b,d8e8fa82cc997b8b83c877729652c44daf30adc9d8a4ec486b0b791184245748
leftImg8bit/train/bremen/bremen_000003_000019_leftImg8bit.png,gtFine/train/bremen/bremen_000003_000019_gtFine_labelIds.png,32cc0cd05049916aa43bf1f19d97301feace343888e6f0a2d361b6a5d46e9926,e67778bf0d70ad19c344535c31f93de55a7d58714850a12740483252f859919b
leftImg8bit/train/bremen/bremen_000004_000019_leftImg8bit.png,gtFine/train/bremen/bremen_000004_000019_gtFine_labelIds.png,78d4550b7836524347f73de919d0ff83d1d616b5616945b2becf06c7d21ef556,db3043e9cc1d284c96034815e627e82f2c8fb9f972d1b84c329df991fc15a568
leftImg8bit/train/bremen/bremen_000005_000019_leftImg8bit.png,gtFine/train/bremen/bremen_000005_000019_gtFine_labelIds.png,66be7e4f92259f7d3e25bc5a283ea8b739758e34a5dff657ae11beedb2cd8bc5,6660d7b7f9f0032e2d34320b9c0e5dc939aed7f56cb133664a2fd5277ba9b38c
leftImg8bit/train/bremen/bremen_000006_000019_leftImg8bit.png,gtFine/train/bremen/bremen_000006_000019_gtFine_labelIds.png,b4c00eab7f3aafcaec9f31cf5a7fa37fd988dc3a1e46cc8d5209e7fe2b5c681a,51d605b4fc679a298224feb87e10c82b0a4a0038003b8a1b79675ea9afd297ae
leftImg8bit/train/bremen/bremen_000007_000019_leftImg8bit.png,gtFine/train/bremen/bremen_000007_000019_gtFine_labelIds.png,3f40a2178c3835b0a42d8e1494dc87e196868e57272aad075483d38ad588dd15,6c12e86b290b94af5909e180e1f71dd8204f3e0c6bee919701b7fcc903201a5e
leftImg8bit/train/bremen/bremen_000008_000019_leftImg8bit.png,gtFine/train/bremen/bremen_000008_000019_gtFine_labelIds.png,8d75f628efefa8799711cb16dee2b60b923f714717a98882914cc9cfb4399ec8,0b6482d4a6f36dda0d3c1250124b1851d963fec1672f4382ff1ea3bcedf07efc
leftImg8bit/train/bremen/bremen_000009_000019_leftImg8bit.png,gtFine/train/bremen/bremen_000009_000019_gtFine_labelIds.png,27bb2c4e66930c1c149c95f90a66ec9218f53425a9c26d56f1157ea8535bd962,253808154b09f639a2e4b5cd9bb5ac77e9312908965f32db296059eab001643d
leftImg8bit/train/bremen/bremen_000010_000019_leftImg8bit.png,gtFine/train/bremen/bremen_000010_000019_gtFine_labelIds.png,d6042d91aff40522144f0dca6602e61c4b3abe96d661b6421076658901dc873f,0f26cad71053714f16f1d9c476a68e37eb652870caf7cb57edabff356eeeaf3f
leftImg8bit/train/bremen/bremen_000011_000019_leftImg8bit.png,gtFine/train/bremen/bremen_000011_000019_gtFine_labelIds.png,434e716b1e129c1e147d44c712225cd649652a0b8c8453282c5f155863835b7a,7341cc21c12c9dc9fcb224e95ac4202030dfd92388c17112c8597860d6e0e049
leftImg8bit/train/bremen/bremen_000012_000019_leftImg8bit.png,gtFine/train/bremen/bremen_000012_000019_gtFine_labelIds.png,9715fe3424c198b0b4a6eb40ca1971e8bcf828816bc71a9bee82c1974f311695,2d7f9316e0fa639e35e4bec6de3bbdb8d9f9487a1fb1ea096728a9de1e2dd575
leftImg8bit/train/bremen/bremen_000013_000019_leftImg8bit.png,gtFine/train/bremen/bremen_000013_000019_gtFine_labelIds.png,88bc7211f2e9ad82f4f2cae2e2e375a4e189e40501ad19309b3e6d5e4ca61b86,8013be7067505716f7976b6ba0fe04cc37b65fbfb7421742930aecebd8de225e
leftImg8bit/train/bremen/bremen_000014_000019_leftImg8bit.png,gtFine/train/bremen/bremen_000014_000019_gtFine_labelIds.png,9513a29d526a8d3d41f3f9938ba701e9d58beee93dd4cb5ebfd0cdca7c3c7d10,de6d162610d56485d08f464f5d3729d3dfa64685e92ec8a8348d9f1d57b564b0
leftImg8bit/train/bremen/bremen_000015_000019_leftImg8bit.png,gtFine/train/bremen/bremen_000015_000019_gtFine_labelIds.png,71b7e074dde12f5ccfc944f0f624fdd62c2ea55f9bee3dd289a59946881f6463,ccc3522ad94c99953e3a055ad0204eaa2a85f2ad12c55c8a3a2d6b6dcc7628ed
leftImg8bit/train/bremen/bremen_000016_000019_leftImg8bit.png,gtFine/train/bremen/bremen_000016_000019_gtFine_labelIds.png,db225314ba69429401498537f01f0601b3bfc588eac1b464e1c6fde91cd5b269,b6db53244464eab3139594d6a2b615e33540b0250e64d2f1d5685865574cd1f4
leftImg8bit/train/bremen/bremen_000017_000019_leftImg8bit.png,gtFine/train/bremen/bremen_000017_000019_gtFine_labelIds.png,6f80aaf70725aba0665389a075fda049efcf5b6108720dc8b7217fb31d112636,6d4dfc7912e07d168889bfe17ee8ec02f168c13d7ad62218e7c4ba2c7b088475
leftImg8bit/train/bremen/bremen_000018_000019_leftImg8bit.png,gtFine/train/bremen/bremen_000018_000019_gtFine_labelIds.png,4382f77c7813c67bdd1411ceea16f4daac2e03df8a75c27f686eabbaa6de13b6,2e1f96ef43e5b39c945047f39de539f60f5a0ae461c0b94dcf528e8577228539
leftImg8bit/train/bremen/bremen_000019_000019_leftImg8bit.png,gtFine/train/bremen/bremen_000019_000019_gtFine_labelIds.png,149bf39450e10a6e22707782e7ca52308c4bcf67ceb37e8f52c77d65f9d25a09,2d5b2c0fad18eeadbe24ed7916c5dc337a1ec86b8e7ca615f8813e745b4a50b6
leftImg8bit/train/bremen/bremen_000020_000019_leftImg8bit.png,gtFine/train/bremen/bremen_000020_000019_gtFine_labelIds.png,8a93e3db0d2ed15ba91687d3b6b3d2f07ae9d9784418f84bda3f38ef2c390f5b,5ebd521968e39b64cbc0bd9616d890bf5365b4cecacaec5c320411969a90605d
leftImg8bit/train/bremen/bremen_000021_000019_leftImg8bit.png,gtFine/train/bremen/bremen_000021_000019_gtFine_labelIds.png,8dc02bb4e87b8a544396565cedb997030012428b4fcc7ffc0043ee9584c2ebd9,e369e29afaa2fe8f192ec2ff0cb77d526cebc5be3dcdba6cfb3632b8e683682a
leftImg8bit/train/bremen/bremen_000022_000019_leftImg8bit.png,gtFine/train/bremen/bremen_000022_000019_gtFine_labelIds.png,a1e489c0478b6a6eacc57ba2e39db122aade4ce39f3efb3d1e8dcfaaaabb60cb,a068b26eacdbc0fb8961ae031825c556df0d6069652da58ffd335198d6d0f940
leftImg8bit/train/bremen/bremen_000023_000019_leftImg8bit.png,gtFine/train/bremen/bremen_000023_000019_gtFine_labelIds.png,2b85e81074fc803de271209f70ead9d265ae458775c514a3480323407b8caf86,e4a1d479b34b872347423b52c8f4738fb92962bd4f47b804bf0d15dd8657df55
leftImg8bit/train/bremen/bremen_000024_000019_leftImg8bit.png,gtFine/train/bremen/bremen_000024_000019_gtFine_labelIds.png,08d09f725754ea5a75841e18cec9545d4c790eef1062d8bc6c5456a173cb8819,073f869f2248e1e0e20d1c1b31abc86d327117e5f05df1dc77ed288e48147187
leftImg8bit/train/bremen/bremen_000025_000019_leftImg8bit.png,gtFine/train/bremen/bremen_000025_000019_gtFine_labelIds.png,0888395e85b11eb3b2d0e2f5c7fec6b5ba44353bb426ed2dc7a9fb37753d33ea,e3f2e19fe2a72b13ee473cdecff52cd7ba5cc7be3cd23e70ec0c733cab8ce343
leftImg8bit/train/bremen/bremen_000026_000019_leftImg8bit.png,gtFine/train/bremen/bremen_000026_000019_gtFine_labelIds.png,ec5044f4fc412ad36b4791c25be707ff7dc86cd24ec1f6f801eae9ad08524234,4bd3b7d830d512b2d0faf68bcb09e6cee109a26c780538db487cd2c71eb801e5
leftImg8bit/train/bremen/bremen_000027_000019_leftImg8bit.png,gtFine/train/bremen/bremen_000027_000019_gtFine_labelIds.png,286fe4ee24f766a7e90e5973adf15679aaf550a9ff0b43526aff0b0d048afea2,d3ddcaebeebb4b287946f7ade8ceaa4e9d921f6fff103b05dab4d44db7d33ec2
leftImg8bit/train/bremen/bremen_000028_000019_leftImg8bit.png,gtFine/train/bremen/bremen_000028_000019_gtFine_labelIds.png,ee31f751c7cc66348a012dbc52855b09c0ad3e6329285174511f3b0b2c496508,f710eb394ad5c9f532bfab5e83fe6004889aa00b43ca6415b583fb9a04e50622
leftImg8bit/train/bremen/bremen_000029_000019_leftImg8bit.png,gtFine/train/bremen/bremen_000029_000019_gtFine_labelIds.png,bb8d7bb88febb3c1abd74b418957badbea09d35e45ff9a88e5b4021968f57fd0,83b7b00e6f69495c89ebce13d3d92b957830ad24042523413d57a3b4a456064f
leftImg8bit/train/bremen/bremen_000030_000019_leftImg8bit.png,gtFine/train/bremen/bremen_000030_000019_gtFine_labelIds.png,57d930f4c217cf12250cc3ea935e39471b37cc8c0294c34fa9027687978179f6,3c4d6556607d1557be64b37b5e1aea7454ffa461513cbd73d32103f59b9caf16
leftImg8bit/train/bremen/bremen_000031_000019_leftImg8bit.png,gtFine/train/bremen/bremen_000031_000019_gtFine_labelIds.png,a7a80618ccf916e010b9215d4a3d61a2273a728f872915bfc131729bdaca8830,53fca9868b54bb8038fc1e5fef6e3089ed3f7f58bfbb9cb6b0d2d281db33bb5d
leftImg8bit/train/bremen/bremen_000032_000019_leftImg8bit.png,gtFine/train/bremen/bremen_000032_000019_gtFine_labelIds.png,a0cf5525bf921201c86ab55cbc5a8701bc23b115b53fdcfbd605a5f4b1164b1f,e44b81a636a5dde7bb17560ebb9d68358a6a67cf9a159091f9673f3edabebc66
leftImg8bit/train/bremen/bremen_000033_000019_leftImg8bit.png,gtFine/train/bremen/bremen_000033_000019_gtFine_labelIds.png,b3d8ebc87da09946d4258f79ad3fb7ad2332ce1950aa8b122994a11c2c2737f0,e18cd6d3fad7b303acd59e6893a5e36af97388cb97cf1cfbdbbc51bd00529b89
leftImg8bit/train/bremen/bremen_000034_000019_leftImg8bit.png,gtFine/train/bremen/bremen_000034_000019_gtFine_labelIds.png,707697ec6000ea5ad9ca4f89a402ab91a495d6c32d02a8ff196d0338304c5302,bef0b37c525e04c8ab4c0c6c82636721596b43e9e021d1a1906b28cb7628b3ba
leftImg8bit/train/bremen/bremen_000035_000019_leftImg8bit.png,gtFine/train/bremen/bremen_000035_000019_gtFine_labelIds.png,5dac5b46fa6b04ef75296f59b130d353984f3e2f0d4858e136c77d96f9cc0070,4f565a81f1bb782f36203e42042dd98f2ad78a94c4e0fd47c2955f3a32c4f42f
leftImg8bit/train/bremen/bremen_000036_000019_leftImg8bit.png,gtFine/train/bremen/bremen_000036_000019_gtFine_labelIds.png,bfaf3fac9fdaca0b0756e6f8e107945cc45c9ea741ec20da917b054482be0f0d,da1ba5c1039e694c4838db1546c5cdba9e51f9eae8a9a578567cd71244720782
leftImg8bit/train/bremen/bremen_000037_000019_leftImg8bit.png,gtFine/train/bremen/bremen_000037_000019_gtFine_labelIds.png,c886ee735a4e899be07e0df6ce7cf51a871c44ef2b88172c1479725cfda36fd4,b0761b9694f6d95e426481fa5877f94e57846896150b3f07f9092fe96bafa7e3
leftImg8bit/train/bremen/bremen_000038_000019_leftImg8bit.png,gtFine/train/bremen/bremen_000038_000019_gtFine_labelIds.png,0ff67f4c60bd872081813db3bdcfb0ad9429adf4393222469746c6ae89057a0f,832b15a1233abadd3f74fcf95896205eb6acd4b59ac0f6db79dc578ae302a949
leftImg8bit/train/bremen/bremen_000039_000019_leftImg8bit.png,gtFine/train/bremen/bremen_000039_000019_gtFine_labelIds.png,49fe67d4262b4f668c54042888641c51474c73198e12f8910d07e6111e2ad7af,27a5808d7230dbf22ae67859c93bc3ed18705c0cffa95979a8da09c1afdc7c40
leftImg8bit/train/bremen/bremen_000040_000019_leftImg8bit.png,gtFine/train/bremen/bremen_000040_000019_gtFine_labelIds.png,2b4ab2537dc9bc1b2f3b89e8581d0ea3622a35ee4e4a20d85341c11fa0b4beb4,bc128e80c3143bd45f6dc10bb9dbd1dea293861e9ca97ef07d520fab8fb510c9
leftImg8bit/train/bremen/bremen_000041_000019_leftImg8bit.png,gtFine/train/bremen/bremen_000041_000019_gtFine_labelIds.png,39e5c75e3431426b902f403ba8428dc653958192d3755adec6ef1d9ead04ff02,79bd7094778053c3f739b24238015a4876621c372f8f586f79b1dd98fe6cf5ad
leftImg8bit/train/bremen/bremen_000042_000019_leftImg8bit.png,gtFine/train/bremen/bremen_000042_000019_gtFine_labelIds.png,e43134e117bea3beb110b5ce150df0b5193a58ca419646778a65729e6d5a62ca,f8de6e5947e8fc938b1de7c03bf803e69058e72bcb3131392f01c318626596cb
leftImg8bit/train/bremen/bremen_000043_000019_leftImg8bit.png,gtFine/train/bremen/bremen_000043_000019_gtFine_labelIds.png,e8f629d08c188779e4d5a14d94ccffd0269c4967b980e53d08e592a34ba8a3a2,a3075634f0ccf0f3956ee579ae484c99cf3db7e47ed415da5fd9b44aaf9d6028
leftImg8bit/train/bremen/bremen_000044_000019_leftImg8bit.png,gtFine/train/bremen/bremen_000044_000019_gtFine_labelIds.png,d9e90308d518c2b35810c67c9ccb8ac3a51397e07eed3815ac291134456b3c38,1e23a4ae0d9acc0a61550ce136f98ce95cc63a96921879fbfc9741010b5f8583
leftImg8bit/train/bremen/bremen_000045_000019_leftImg8bit.png,gtFine/train/bremen/bremen_000045_000019_gtFine_labelIds.png,e1b146056472b42b9879d352605e70ec3b254b367615460aafbbe19128682e6c,8b9a427d582214f68d9d70d6cb1be6b48c025124e6ec4617ff3dce07b02fd78f
leftImg8bit/train/bremen/bremen_000046_000019_leftImg8bit.png,gtFine/train/bremen/bremen_000046_000019_gtFine_labelIds.png,b4747dd1679fafed9de21abaf514b6b39714072ebc7e79ac0ecb3d5f02883d66,2b257e31fb3f91d6ff9aba60173865be0289af6cd4b2778601f8cc8f706cfd32
leftImg8bit/train/bremen/bremen_000047_000019_leftImg8bit.png,gtFine/train/bremen/bremen_000047_000019_gtFine_labelIds.png,d6bc48d3b2080761f0353007080663a4f6ae46be70307e61ff39e61e29f6c5a6,eb585ac128c9f34c65f1ca20546441149e7a664e2bb6f5a7cbf7b8ba01bc4d94
leftImg8bit/train/bremen/bremen_000048_000019_leftImg8bit.png,gtFine/train/bremen/bremen_000048_000019_gtFine_labelIds.png,61daad9b6c550515a9f34bf58159aa84212d513f1a36e2b7cc4bd0d5fe240314,a90a086c073d5f7519993ed7c9fb68df6543d22d577c90e29540858e1b781909
leftImg8bit/train/bremen/bremen_000049_000019_leftImg8bit.png,gtFine/train/bremen/bremen_000049_000019_gtFine_labelIds.png,f54d9d9acda342fc347d5e4962def892505303447289a1871e2ed1d02ee84da9,be6944755801e3a27ce422b42ccc69be2961be9e57fdebf176bce94705f3e6cf
leftImg8bit/train/bremen/bremen_000050_000019_leftImg8bit.png,gtFine/train/bremen/bremen_000050_000019_gtFine_labelIds.png,647253cbd96c63b7452b8d5ef0211c7288ad772edb09b2d0eeba779bb3e8fc00,277457ebf9842a06fbcfcb8634b8ee1f63db03aa75fdff34a7e835c7c2256c19
leftImg8bit/train/bremen/bremen_000051_000019_leftImg8bit.png,gtFine/train/bremen/bremen_000051_000019_gtFine_labelIds.png,3ed59f675ec29c8bb2a26d8277e5f256ecda0e337fec8b1b08f108d090d676fb,a1152b701773ef8d4be2caa64c04ff61dc65ce15e2ec7f7750fc5584d7998e63
leftImg8bit/train/bremen/bremen_000052_000019_leftImg8bit.png,gtFine/train/bremen/bremen_000052_000019_gtFine_labelIds.png,bd5fea5f6d33754afb34464404aa3cff69cbdd38583193c0979e2572dc2f6dea,63340fe3ae43ab5ec7a99eeb7608f33134dc907badc82bd86797f49052c0d574
leftImg8bit/train/bremen/bremen_000053_000019_leftImg8bit.png,gtFine/train/bremen/bremen_000053_000019_gtFine_labelIds.png,19e0b57ff57af5b566585f1e5dac6eede4af328f205dc72f223ddfdf61772faa,60f3e9906e7755a0958c2fb11e31e92c0cc089233c631c22228195f7a891d8f0
leftImg8bit/train/bremen/bremen_000054_000019_leftImg8bit.png,gtFine/train/bremen/bremen_000054_000019_gtFine_labelIds.png,8dcb483d08e6e2bbb2136a572a1d6a2e046d90906252ee334ef6528e1a150759,9947ec564ae0f0b04db1c9e0e2cdbaafa95a0571741215e7dcab9d0d703584c4
leftImg8bit/train/bremen/bremen_000055_000019_leftImg8bit.png,gtFine/train/bremen/bremen_000055_000019_gtFine_labelIds.png,6d03f1faa58d1a9705f188eee0b31f04af92a9ffe817e0ee776d846be89cbd9b,03f4663f8592941c5acbdafeb810cb431ce84ee3ed1a574ad07d13ed464b3854
leftImg8bit/train/bremen/bremen_000056_000019_leftImg8bit.png,gtFine/train/bremen/bremen_000056_000019_gtFine_labelIds.png,1c5d86128466e9dfb5414e7a608c0ec60d46dfe8d39d0dabd1f8abb59db2040f,504cabc3343ed5c5dbdf3473dfd16eb605b60ffae67d94ad2de419b94bf75849
leftImg8bit/train/bremen/bremen_000057_000019_leftImg8bit.png,gtFine/train/bremen/bremen_000057_000019_gtFine_labelIds.png,c4cda1704d18f5843ae8f1a34fda0feb6d8444f62a575dcc6eb73e1a5964dc60,7515776393eb97900184404e7131abc1662073b4181fbbc0303bc90f6990a23d
leftImg8bit/train/bremen/bremen_000058_000019_leftImg8bit.png,gtFine/train/bremen/bremen_000058_000019_gtFine_labelIds.png,3ddd672abf662ce0af33f987e60d1790cafd9f4d9859c1c42eabf96ca315dcbe,5adea73291ae938c6b3d5097ddbf5c5efa95edd068bed31030ba663f9064f7b5
leftImg8bit/train/bremen/bremen_000059_000019_leftImg8bit.png,gtFine/train/bremen/bremen_000059_000019_gtFine_labelIds.png,cfa80d542ba63cc16ccb0f8a176223a63e5980240d793d47e67b68beb3c7c90e,58eb7b24a4d4c8f7e1b3bce400f58483c309ff295b39f9fa54baf296dc7c688c
leftImg8bit/train/bremen/bremen_000060_000019_leftImg8bit.png,gtFine/train/bremen/bremen_000060_000019_gtFine_labelIds.png,8145958ef67ba45c3af4819f2a5a62a22131d9f48adcf06759ed9dcf1e628875,c3a666e4ee49a54ca148d81665824a2b4b21276260bcf3c5a8118e95a1f6f681
leftImg8bit/train/bremen/bremen_000061_000019_leftImg8bit.png,gtFine/train/bremen/bremen_000061_000019_gtFine_labelIds.png,5bdc8ec65861cf3dcacf8be3892b45cce3632335bbb9e80a774d3dfcf6c8c940,b67730cf9ad6517497a9a63e8c370d8449ba9674a6de7786df2aaee5c25c757b
leftImg8bit/train/bremen/bremen_000062_000019_leftImg8bit.png,gtFine/train/bremen/bremen_000062_000019_gtFine_labelIds.png,49ff28972048c3341277f6b5cd988cd55f245d1083e32c2a94f4e2cf2a214c86,31bf589f7512736b78ea16bd1c82c7d98a16e4f891cdc2d09d82271cb6c232f3
leftImg8bit/train/bremen/bremen_000063_000019_leftImg8bit.png,gtFine/train/bremen/bremen_000063_000019_gtFine_labelIds.png,0744bd09d8a3794fc384bbd16f108859292ece611cad6a83d8d377008fcd0001,da8d2e205e4d61717e6acf9af22bf039fe3d3fb32056064f63e95fbfca59aa00
leftImg8bit/train/bremen/bremen_000064_000019_leftImg8bit.png,gtFine/train/bremen/bremen_000064_000019_gtFine_labelIds.png,8cf4076e93c1ddd3148b7c9ca648875fcdfbd349c79eae01e9b898587bf42818,37521e2b95b263eef8ef3df23a4d33818c51043575879d8d919efeb9f3c309cc
leftImg8bit/train/bremen/bremen_000065_000019_leftImg8bit.png,gtFine/train/bremen/bremen_000065_000019_gtFine_labelIds.png,85bb89ae005cdd57c0a3b5b8587912d42e5df0cf7fb5f693a170f50dffeeabaa,2758f00a3088701897e55089d9a0a76b42d279d947ce0251e3066900ee50863e
leftImg8bit/train/bremen/bremen_000066_000019_leftImg8bit.png,gtFine/train/bremen/bremen_000066_000019_gtFine_labelIds.png,4b90545c8969d7b1b0c179ff6b8b269d99a8a90ccb4740a881263818420541ad,b3dd4ec17fab16b89ef184d5e6adb460b4d2845ae721619086d54f7fc71457d7
leftImg8bit/train/bremen/bremen_000067_000019_leftImg8bit.png,gtFine/train/bremen/bremen_000067_000019_gtFine_labelIds.png,6aa95ed83ca52dff60313d57185def25071038f8cc53962593eec98f1aa1cacc,180b6ca1f5c2bccd234eef52165f4122d72df572c9acaff5a6dba35b5c374d36
leftImg8bit/train/bremen/bremen_000068_000019_leftImg8bit.png,gtFine/train/bremen/bremen_000068_000019_gtFine_labelIds.png,0568d9e21700c9c33a26f97e3b2831831a81a0bb0502ed0c22b1c07f385c4dfd,3d822bba45b76352f9ddae9a136e03757a1995e34cb527f2378908a4769e5cdf
leftImg8bit/train/bremen/bremen_000069_000019_leftImg8bit.png,gtFine/train/bremen/bremen_000069_000019_gtFine_labelIds.png,525e410b11abc5f1cacbd61fa48d7c67d87df77ae7c211cbf69f14bddcbbd1a0,06d963b6ee69052582a18728584965d0903662a21248daf9e7cc68ea6f8f7b54
leftImg8bit/train/bremen/bremen_000070_000019_leftImg8bit.png,gtFine/train/bremen/bremen_000070_000019_gtFine_labelIds.png,336b07727de11beb3327eb742e26ff1881c89797327ab0b2bb5aff1db78f7787,51a35218e216a24e2a8db8c5339d881c123424c88d38f28a3325ec3912c548ad
leftImg8bit/train/bremen/bremen_000071_000019_leftImg8bit.png,gtFine/train/bremen/bremen_000071_000019_gtFine_labelIds.png,8aed51be3d5326d7a57c328b62c17f29178c4407c213243060b6caa48a93ccfe,deea4a8db495b5cb21c85de9278c000603a25d01d25269473d02ef08bff5c071
leftImg8bit/train/bremen/bremen_000072_000019_leftImg8bit.png,gtFine/train/bremen/bremen_000072_000019_gtFine_labelIds.png,5d390d11810ad7e6f8ef847bb34ad9087cdd316b2f841e74579654c510789cb6,97403130c286c63f93189ee92827f648648ed663e6e2be261b61f897b5983cc9
leftImg8bit/train/bremen/bremen_000073_000019_leftImg8bit.png,gtFine/train/bremen/bremen_000073_000019_gtFine_labelIds.png,858948a0163137b5312fae49381bd91873b38834da573f7c6f9451b150c26811,b14d6227625da550ceb5265f87c8e40a1608d88d04e27b414612bc2ab88842e0
leftImg8bit/train/bremen/bremen_000074_000019_leftImg8bit.png,gtFine/train/bremen/bremen_000074_000019_gtFine_labelIds.png,be53b0eb9c392cd2c6c6455905ec07d8c9b3dfc99c15e50a83e88fe43b3efc40,c040161df7b85e3d948a11021e7748e944aa08e44e8a5fc414f988c56e1b6854
leftImg8bit/train/bremen/bremen_000075_000019_leftImg8bit.png,gtFine/train/bremen/bremen_000075_000019_gtFine_labelIds.png,3e90e8b4a6982705dfb7c675ce1fa419c5b1f607eef0b6af09f96ed8e7ecee52,34fbc9c28f26858d647b4491f2c06f5e2c47723301f690c788c9513f06943ccd
leftImg8bit/train/bremen/bremen_000076_000019_leftImg8bit.png,gtFine/train/bremen/bremen_000076_000019_gtFine_labelIds.png,3c45b0b2224d4b89f64cb55323bc8246edb65e87f67bb316e3b8c56e2f80f81c,02252c1aac8f09fb096a6762ac32cd7d9b394b52387ca437cf1ba2fd6be71879
leftImg8bit/train/bremen/bremen_000077_000019_leftImg8bit.png,gtFine/train/bremen/bremen_000077_000019_gtFine_labelIds.png,f2e4ccdf268a69f3c078f3833b94a7f986beb071c4471bb8ab651ccf9ac9cedb,2b4c83b39e2dd7df596b84080adaec8eccbaa649874b2492151ae208af3f9e38
leftImg8bit/train/bremen/bremen_000078_000019_leftImg8bit.png,gtFine/train/bremen/bremen_000078_000019_gtFine_labelIds.png,9d3fc159649491186d0446d8204df6f4a6381ccca451e71277da11983f0882d4,ecbeadcac76801002b3d85b4fb2b90756bf0ed609f9de7bc3df246dda8a284b7
leftImg8bit/train/bremen/bremen_000079_000019_leftImg8bit.png,gtFine/train/bremen/bremen_000079_000019_gtFine_labelIds.png,9de8e82359ecb5c6ee49a54ae8592b79aa7f308ebb4e517975a24ab23971ba17,9b7ef751c7875a2c414c481959afb8909eeba2fe900af7227737112251ff076b
leftImg8bit/train/bremen/bremen_000080_000019_leftImg8bit.png,gtFine/train/bremen/bremen_000080_000019_gtFine_labelIds.png,27841748f119e584285ebebd92ea1f088e997802ee82bd02b27d57ca386bdbe9,d9b2ea77feaaf41cc01aeaf6689a0c33d3ecd36a557222c1c14f848638375f54
leftImg8bit/train/bremen/bremen_000081_000019_leftImg8bit.png,gtFine/train/bremen/bremen_000081_000019_gtFine_labelIds.png,0e2c818e8e0f4cb9b9e01724fb6c7b9675217a61bcd0ea2efd0ae6cb44a99b02,8b825643c6aa7e7969bb9458f826ad059005ca809c737b1a152e3e429740016f
leftImg8bit/train/bremen/bremen_000082_000019_leftImg8bit.png,gtFine/train/bremen/bremen_000082_000019_gtFine_labelIds.png,c188e55c8e55ca4c68f0411d160dd37f7eacaa7ffd890ce2cde24efceea654d9,a54c12f4665864c1eb14fdfb194e1504f2bf2e87689b3e90440188d9542fb915
leftImg8bit/train/bremen/bremen_000083_000019_leftImg8bit.png,gtFine/train/bremen/bremen_000083_000019_gtFine_labelIds.png,46361336262b8610d937f6cc7914551cc21109de8746bab6f3e4b76a152aa5cd,a5b97e0d7dc67b9188097762f4f55df8fc4d8018a9183b24e2a44d94bdd692a5
leftImg8bit/train/bremen/bremen_000084_000019_leftImg8bit.png,gtFine/train/bremen/bremen_000084_000019_gtFine_labelIds.png,924788fe9b6ae496028fe2bc3bea3ce2353f1358dcd4efb75699cfa93de61a17,2edf5e3d4500e06c3208da1ad985233e59a77a606307c261efea49333a21387a
leftImg8bit/train/bremen/bremen_000085_000019_leftImg8bit.png,gtFine/train/bremen/bremen_000085_000019_gtFine_labelIds.png,03cf6db8137fed666a0caece054a5fc7ef4d3d411a997bebe6a5705104709152,1eb66ac85a3465a94875eed526ad5896ba446c56674281855501a4c81ceb0fdd
leftImg8bit/train/bremen/bremen_000086_000019_leftImg8bit.png,gtFine/train/bremen/bremen_000086_000019_gtFine_labelIds.png,545c51f703c1a43815cc154d14b9fd783d9d6e47fa85558f3011f6d21990aad4,3b287e8cdc4cef600b102f4d3e9f959769f50379adfa2040b75eafa9cddb41ff
leftImg8bit/train/bremen/bremen_000087_000019_leftImg8bit.png,gtFine/train/bremen/bremen_000087_000019_gtFine_labelIds.png,da3ffbf70064d048ef9e115bdabf8e3dc28e45a7b22d2debdd5bfafa8ef43764,0191565f470eca830a75a8c48356a8e3bc092a603a57fdf9fc50c48644f33978
leftImg8bit/train/bremen/bremen_000088_000019_leftImg8bit.png,gtFine/train/bremen/bremen_000088_000019_gtFine_labelIds.png,c45268366f3027f017816835628b69fda4cbd3c13cd6b6d56189e93d1f3b8d1e,0af7a8c4e637233391092256ec19a554293fb2ef827fa983e6f6f3d3b4cc88d2
leftImg8bit/train/bremen/bremen_000089_000019_leftImg8bit.png,gtFine/train/bremen/bremen_000089_000019_gtFine_labelIds.png,30bad2963a0458733b4f3335ce504ecaf310a46550a05ce5c5b8bd9deaa0a735,466011b47b0ac482bb565be408664079e5e1d7d1b15a33a1a23084abf7e64188
leftImg8bit/train/bremen/bremen_000090_000019_leftImg8bit.png,gtFine/train/bremen/bremen_000090_000019_gtFine_labelIds.png,770ec40ef2a328e51c7b54079d7d07f0d55c337d6005de5df10a3dfd1b057928,210e1e8443c1e5ee36df01b4cf4a28f0e80ad33645f12f11b1a3bb896795aea0
leftImg8bit/train/bremen/bremen_000091_000019_leftImg8bit.png,gtFine/train/bremen/bremen_000091_000019_gtFine_labelIds.png,f0c64c153faf02b3b22693a89e2103620ea265257f6920c5102e1f92b6346331,a4b76b50cb22896326452942fb30b7f9689d63628a4938f1d1e1646f79ad176e
leftImg8bit/train/bremen/bremen_000092_000019_leftImg8bit.png,gtFine/train/bremen/bremen_000092_000019_gtFine_labelIds.png,633ce48f7279fab5b83b2c2242bb26eeabd59687adb967494cbf751022c3b9ae,51d4257d4dad59a7b7219f66f5d0d0b5c4fd0b0ae673d2bff3cd8af59de0e73b
leftImg8bit/train/bremen/bremen_000093_000019_leftImg8bit.png,gtFine/train/bremen/bremen_000093_000019_gtFine_labelIds.png,c96596b7c5e3e42e11fd47faf9fc175edc9ac87a7b5b38154c464b05e7210cc8,74c48f9b428349f4e52c08a0dc53562535a4dbbc61e6d7c5886d1cb141ba7855
leftImg8bit/train/bremen/bremen_000094_000019_leftImg8bit.png,gtFine/train/bremen/bremen_000094_000019_gtFine_labelIds.png,5a0eae3fcc89ab2b04d4711205d3298215cf2346f74ca7568e0c5f05a866fa26,c9be2db4ea1ca7eb22ceb909f135aefd55b77649b33ac5e39ff07c80fda8083c
leftImg8bit/train/bremen/bremen_000095_000019_leftImg8bit.png,gtFine/train/bremen/bremen_000095_000019_gtFine_labelIds.png,ec9e5b6a59b4c1a6be38076979cfc4dab069878f5c92036dfae534955fdf84f1,613309b8194dc03904cbc94073c025668b717c9afe9999dc6dec643ceb951f05
leftImg8bit/train/bremen/bremen_000096_000019_leftImg8bit.png,gtFine/train/bremen/bremen_000096_000019_gtFine_labelIds.png,f3059402efb0c130b05902faaee58eef45aa9cb5167ff46a2edc81697a7a22a6,c5df24dbf1fdb718acbd40d07bd2d4526d127a904877a0d83403d585fb17f466
leftImg8bit/train/bremen/bremen_000097_000019_leftImg8bit.png,gtFine/train/bremen/bremen_000097_000019_gtFine_labelIds.png,c50ad0df37a13021ac9c6b56342b1268821d723551a53e40b9a9f9343183ff8d,b37d40c882e8b6cee3db7b86a80258dc0beff3906ef900066375b396ed9434e5
leftImg8bit/train/bremen/bremen_000098_000019_leftImg8bit.png,gtFine/train/bremen/bremen_000098_000019_gtFine_labelIds.png,0867168aa194e4ae8cdafd5ea69ec68beb3d92fdf4201654f5dc36ec27fd6b9d,d04b93ef0724e4ceee49d0ab628fe9d57f7071c4eec0722b4ea7fa912e464d7a
leftImg8bit/train/bremen/bremen_000099_000019_leftImg8bit.png,gtFine/train/bremen/bremen_000099_000019_gtFine_labelIds.png,b7014a912b18d63ee8307082032af645c14034e99f99a025fb20c06c683216de,a769618f7aa7104d0107a6dba775bc1257a30e1261ef702f7ee4eb617ec6c6b2
leftImg8bit/train/bremen/bremen_000100_000019_leftImg8bit.png,gtFine/train/bremen/bremen_000100_000019_gtFine_labelIds.png,0b3f0afd7edba9874db2294cded6ecaf48576465a574f4c77324cfd06ff95ad5,305968c0665f8e8236a325c88f6fc48dad7d041f130bf14eaea4736a87e87982
leftImg8bit/train/bremen/bremen_000101_000019_leftImg8bit.png,gtFine/train/bremen/bremen_000101_000019_gtFine_labelIds.png,79bd430c758f921d101a32cc6a4ab79f0355271411ac191189f87bc61af6d242,b3691d3bcc63a9e7cc4864f8ac36bb50e46f220270d5f537edf1f33f077f0083
leftImg8bit/train/bremen/bremen_000102_000019_leftImg8bit.png,gtFine/train/bremen/bremen_000102_000019_gtFine_labelIds.png,b45cf463ec2ccc9f5251cb5891070ee87db5dd9c0bd68a7af676b177e637e677,41fbe3127b97bbb933f066778179dc91d405fc655a2a499c6d00d30b020f1000
leftImg8bit/train/bremen/bremen_000103_000019_leftImg8bit.png,gtFine/train/bremen/bremen_000103_000019_gtFine_labelIds.png,627289c7c8af751644713f2be85a309e4bebfe4ebf5fd0259f868bbec0ae259d,8a3896d88853e96da9f473511437354b871358d40863bf5442cafacfc1ed7821
leftImg8bit/train/bremen/bremen_000104_000019_leftImg8bit.png,gtFine/train/bremen/bremen_000104_000019_gtFine_labelIds.png,fe001d817f63bf65d4f7bd748a4241a3b398c84db101291ff53fae8530303385,e57fbff77cd1df177cee1bb352317589d8fd8b2e5e9cb60d4549d8c3fafb1f1b
leftImg8bit/train/bremen/bremen_000105_000019_leftImg8bit.png,gtFine/train/bremen/bremen_000105_000019_gtFine_labelIds.png,17ad3b63264545761e925991d8cefba8df8ab7ff1425e52fb2f6868adeaaa9bc,a1d20a39fc453d9e5e6aee354ec3eec145e14f26a359ccd1005f84157a801b8b
leftImg8bit/train/bremen/bremen_000106_000019_leftImg8bit.png,gtFine/train/bremen/bremen_000106_000019_gtFine_labelIds.png,ad4b3d87a92fa9a413e180770d8a3ff1c35315e86716f9a9e32a250331aad265,279343a09f9d217413ce3aca9eab08ee81d3bb85d9e6afa7cf2e58b421d1f9be
leftImg8bit/train/bremen/bremen_000107_000019_leftImg8bit.png,gtFine/train/bremen/bremen_000107_000019_gtFine_labelIds.png,7f3d01abca086f1bf69dfbc09b5527eb424e90b40c460179ef6c819a7942b513,9b1022aa946d72b4e6b400b64e8ee337c4fb0f966f4f00ebd51a8436b5d3af71
leftImg8bit/train/bremen/bremen_000108_000019_leftImg8bit.png,gtFine/train/bremen/bremen_000108_000019_gtFine_labelIds.png,112454976e4b3a1e00068d78347b30a6d489fbcfdc227ba6cb07a2ff2bb321b1,7a1e423a37a213db1e07128bfd4e167afaa8a01377906af7e51a8c4ff0bf4448
leftImg8bit/train/bremen/bremen_000109_000019_leftImg8bit.png,gtFine/train/bremen/bremen_000109_000019_gtFine_labelIds.png,95b53583e6c9b3e16c6bf5309468a6bb2547b7c8cd05246ec91b3f55085bbb74,059d675dacf84a0ed7fc39659b8e821d1bb3e6f9b08e88a2da4be6fdd38affc5
leftImg8bit/train/bremen/bremen_000110_000019_leftImg8bit.png,gtFine/train/bremen/bremen_000110_000019_gtFine_labelIds.png,a284155f9339919741e7379c6358e1b4ddb692b1bdcdb1db6d37c11e34ff6403,687399c278e8c3a514b90beb1418dc8251c1a745e9f81f8327eb4057540e4128
leftImg8bit/train/bremen/bremen_000111_000019_leftImg8bit.png,gtFine/train/bremen/bremen_000111_000019_gtFine_labelIds.png,c118108bf1e4b7c245e0510e3edd112d8c70858b80fcd8b6c9c1e18424fc447c,2fbd0366a77f401f07a2a291a2ff6f1c75e9f4cf713aeffa10a4e38b85c716af
leftImg8bit/train/bremen/bremen_000112_000019_leftImg8bit.png,gtFine/train/bremen/bremen_000112_000019_gtFine_labelIds.png,d902b6a7073819db811b9f8b0e9938e04f668fb872365e079673f8e6be101f1a,f651252a55e4072d8f642ab909e41d1ff25d025386ad97e29fe0d42f61926061
leftImg8bit/train/bremen/bremen_000113_000019_leftImg8bit.png,gtFine/train/bremen/bremen_000113_000019_gtFine_labelIds.png,252ae54252c7f0c146c3deba0d2cc3270ad6881e6fceae7bb891b1e458499e2f,7f121ae0cf490c4deadde21a2483c8398cdc184a7538777ca3e16c5c2a3e1092
leftImg8bit/train/bremen/bremen_000114_000019_leftImg8bit.png,gtFine/train/bremen/bremen_000114_000019_gtFine_labelIds.png,f8c093bba0681bbb85d23619d19f599c2bad2c72d13f2f18e2b269c08edce7dd,bc26d789e5ed9efd3befd04d3906866d45da14474f50e7c40ff04827339881cc
leftImg8bit/train/bremen/bremen_000115_000019_leftImg8bit.png,gtFine/train/bremen/bremen_000115_000019_gtFine_labelIds.png,55a409de242fb9cb9603256eb01c7d9cd6fa8c08d1347931d4a8ebf26389eac7,68383c80a435fe907bc78661b850824af8535447ff3a797e52f38faf63cd587f
leftImg8bit/train/bremen/bremen_000116_000019_leftImg8bit.png,gtFine/train/bremen/bremen_000116_000019_gtFine_labelIds.png,bbdaef31baf9e2123fbde24fb4d512f42706a3ed53ea18c953bb221865b9dc08,1e1fd6c15223963b90b25b49a27da27f569104889a34c2949cc31250e8eccb49
leftImg8bit/train/bremen/bremen_000117_000019_leftImg8bit.png,gtFine/train/bremen/bremen_000117_000019_gtFine_labelIds.png,4f7e17f862b1d0143f99ec8587d507651abb981b0de357dc5e2b4357bed03d42,165723279ed007a837d1d1e6bf69d9f937f7090bf5a4e72ca3860a8d48694066
leftImg8bit/train/bremen/bremen_000118_000019_leftImg8bit.png,gtFine/train/bremen/bremen_000118_000019_gtFine_labelIds.png,788fad470e95f18159cd43016d2a000f28d7abdc405fa7cc8773499021341704,e716a001f3dd8a6ca63175905318d146eba02112a28e92d5e2ee340f1e53ea5c
leftImg8bit/train/bremen/bremen_000119_000019_leftImg8bit.png,gtFine/train/bremen/bremen_000119_000019_gtFine_labelIds.png,0e5e18def4a4819210787d0ae15ca8602043c25f331ceab5708bc1b225a67907,4d4d15bd5e725a50962fb77efe6f88c320b8ba76161382f3a7aa2012187e65c7
leftImg8bit/train/bremen/bremen_000120_000019_leftImg8bit.png,gtFine/train/bremen/bremen_000120_000019_gtFine_labelIds.png,a4303bdacf0ba07e7240f334c5381fb851fa3aafc6fa5b31e4a455a2079d43ea,0c60536621d545535996af75bc01671b4c856c869edb56c268b2326ea139b2c4
leftImg8bit/train/bremen/bremen_000121_000019_leftImg8bit.png,gtFine/train/bremen/bremen_000121_000019_gtFine_labelIds.png,34e8359f1d4fb511abe8057f34ff3b458eee2c1f8bb22de6d19b61ff916b0c6b,45f60a749b198e8ecf6fdc55761782e367a9e895a6d27a22e749b4e1651e18c3
leftImg8bit/train/bremen/bremen_000122_000019_leftImg8bit.png,gtFine/train/bremen/bremen_000122_000019_gtFine_labelIds.png,6866e7afd9f4feea56df3dc2c3b726e5775f6b21ad881e52198f02eaa6b81cfd,7a164f2062884fa118b15cab67171edfa5a2c6e74d8f07efa9e68370bc715beb
leftImg8bit/train/bremen/bremen_000123_000019_leftImg8bit.png,gtFine/train/bremen/bremen_000123_000019_gtFine_labelIds.png,d62f9d6cb500cb257d0855d0e0363e80f450cfc9a4362c432597129986fcc526,e635ebe8c38d8164d4ea9299f2fecf687b8c532c72626e2797ea4bf0eef65ffe
leftImg8bit/train/bremen/bremen_000124_000019_leftImg8bit.png,gtFine/train/bremen/bremen_000124_000019_gtFine_labelIds.png,9fae74dc32143770d7be8c8ccebabcd8455688cc432bec347700be51b1d58283,3fa1be70a06d088325e8aa9a1b70c6cb542b47751b09d8814d7257a509488af7
leftImg8bit/train/bremen/bremen_000125_000019_leftImg8bit.png,gtFine/train/bremen/bremen_000125_000019_gtFine_labelIds.png,5ecf2938bb18f96a9a39f6d385a0f3b71e25956e30da13ee63fe1a0212497e99,032a1c836a8d04cac798a9390975c33eaa4abeb15777f3fb3f829d4f42790363
leftImg8bit/train/bremen/bremen_000126_000019_leftImg8bit.png,gtFine/train/bremen/bremen_000126_000019_gtFine_labelIds.png,5dbdd801f741f389af50d2dd7fccbdba95e6e3fc9d4afd9229e2391bf9c4d093,22db0541320ec24db9144f683a1e753be2942cec5ee38a287f16152cf5875b99
leftImg8bit/train/bremen/bremen_000127_000019_leftImg8bit.png,gtFine/train/bremen/bremen_000127_000019_gtFine_labelIds.png,1788b1796cb545160cd2a762bec4e8b464e9bb965be0ada32237ae6508f0bb6b,ce06783f5521464034dc7243b743d7b0f78f884c2d099e92fe13adda242d249b
leftImg8bit/train/bremen/bremen_000128_000019_leftImg8bit.png,gtFine/train/bremen/bremen_000128_000019_gtFine_labelIds.png,a088671a1e8b0826f1ef77c07feb403d9666e7ade3c1996d7530dfd66a7da55d,58b6d214ad7035edf02e2e843f9bd6faa555b72b5461fa3d882b3ed7df04bf71
leftImg8bit/train/bremen/bremen_000129_000019_leftImg8bit.png,gtFine/train/bremen/bremen_000129_000019_gtFine_labelIds.png,43460e4983afba15a922a1f4feed51a69f4a52faa73ad818b2f1d99c7f6b00d9,b562d547cc6ba2074d9a93eb671dc8a363ae55c4dfbdd98566dac908cfca7e4a
leftImg8bit/train/bremen/bremen_000130_000019_leftImg8bit.png,gtFine/train/bremen/bremen_000130_000019_gtFine_labelIds.png,4941984a05aaf72339b0ab8d1fc51dc15f7e003404797660e9927377d458e050,903145a3249fff62d05885e16a237006f8a278f48da65d5d9268cbb91279a8d5
leftImg8bit/train/bremen/bremen_000131_000019_leftImg8bit.png,gtFine/train/bremen/bremen_000131_000019_gtFine_labelIds.png,73256ca1df7d048eb71581bcd1a7079d5331f2616d3726d6de246cff968cf074,300a244965575cf7c2249fc958d2c3e1528ea9788ebfed8e2e081d846be0fbcc
leftImg8bit/train/bremen/bremen_000132_000019_leftImg8bit.png,gtFine/train/bremen/bremen_000132_000019_gtFine_labelIds.png,394f369e71cb35dd700457a50b427633371185a98c7acde29b916bc04faaf1b0,7bd449b529b40b34dbde5792c699284a8a710f44791f3fc61aea53b69d282d76
leftImg8bit/train/bremen/bremen_000133_000019_leftImg8bit.png,gtFine/train/bremen/bremen_000133_000019_gtFine_labelIds.png,c6475efb088f0b9dead9cd721f98b9a5062fcccd975f13c32d093d95a3664895,31dca3c1987d39bd2fb7a21bc0e617b1099a90f0c3c1ae593ae572c1791b8983
leftImg8bit/train/bremen/bremen_000134_000019_leftImg8bit.png,gtFine/train/bremen/bremen_000134_000019_gtFine_labelIds.png,b9725e4295168d131e62d17daff36766a3d1836d1cc05a07c9819e00f99a121b,17594589335879096f8976a72b53959930ed0b155bf30ef8512ece8dad56d2be
leftImg8bit/train/bremen/bremen_000135_000019_leftImg8bit.png,gtFine/train/bremen/bremen_000135_000019_gtFine_labelIds.png,9f3473b238b5d737e2d5dd625f1e9d8bb872331c2bc3d22fc81938a35250d828,db649e9567525f29b8bd656cc7cd62ec8c4723ab0caaaafb6a853028b928ee5c
leftImg8bit/train/bremen/bremen_000136_000019_leftImg8bit.png,gtFine/train/bremen/bremen_000136_000019_gtFine_labelIds.png,fa6b89b4a57692686c5e4be212520dae684982cc9e2c4523373d84af591fc3c4,b57f8d2fb83beb2e8015166bcdcc6d651e56490d0a383b62fca865c9b19c7201
leftImg8bit/train/bremen/bremen_000137_000019_leftImg8bit.png,gtFine/train/bremen/bremen_000137_000019_gtFine_labelIds.png,b2af1985837d664ab6be7b5f3b4f77094961a647e6673e8b352014718b56e5ea,9dd21216435d4b11394a37acb6f27ce3f32ffa2c50c8a6eb7b19167ccf37c62c
leftImg8bit/train/bremen/bremen_000138_000019_leftImg8bit.png,gtFine/train/bremen/bremen_000138_000019_gtFine_labelIds.png,5b9347ac8ec5fed4dcd799ff00e3054c79c241aa88ac29f056846fb130e3ba6d,9478c6cabd37312ded859bb42890ead40973ab0dfd80c8d59723adc2c9f7d3cd
leftImg8bit/train/bremen/bremen_000139_000019_leftImg8bit.png,gtFine/train/bremen/bremen_000139_000019_gtFine_labelIds.png,e2cc6081628d6f6d438f608171cb5e267604fcdb74bf62aa9aa0e3ad026c4db5,c179a76724b2853bd20317e7add9781552aaafd3109d448c04705592fb8c2e9c
leftImg8bit/train/bremen/bremen_000140_000019_leftImg8bit.png,gtFine/train/bremen/bremen_000140_000019_gtFine_labelIds.png,4bf5800bc4b14942d32becb59c17b62033aca582541cb34e4c4b5da644776e6c,4e9fdcbc86275ae8e9d10601d4cde82c0db2af6a51591a546cd49f3fa4395305
leftImg8bit/train/bremen/bremen_000141_000019_leftImg8bit.png,gtFine/train/bremen/bremen_000141_000019_gtFine_labelIds.png,a2658d9922eefdd3904fa03f66ee3e0e8600e72ac80c991ab33c8d4a49057c26,49c11f4ad66669a61f652e8457a6778e0b2ecbbc6e719fac59a0ff89b6b19a0f
leftImg8bit/train/bremen/bremen_000142_000019_leftImg8bit.png,gtFine/train/bremen/bremen_000142_000019_gtFine_labelIds.png,734c6a24acb03f15217fe420902329a0a270e1adf4f9c51fa5891890f7b04781,06b5947c49dfd1c1e503424a258dd1ea5855e87f6de91e759ca0e66aa812b41a
leftImg8bit/train/bremen/bremen_000143_000019_leftImg8bit.png,gtFine/train/bremen/bremen_000143_000019_gtFine_labelIds.png,1563f49e141e9c3d13dfee868e0e764ee08a4196c984b366a3ebd6eb72b9386a,838602308225473e99d565ce2683f509789cb48cc960d2f87dd003f90ef60298
leftImg8bit/train/bremen/bremen_000144_000019_leftImg8bit.png,gtFine/train/bremen/bremen_000144_000019_gtFine_labelIds.png,3f2f3b01220b4412560b1497d0085fe3dfbd3c279aff645740f75a381aff44aa,dfbd5e9a6ba24974a7353399920d54db4b7dcd9e69ef372f604cc1e7b13313aa
leftImg8bit/train/bremen/bremen_000145_000019_leftImg8bit.png,gtFine/train/bremen/bremen_000145_000019_gtFine_labelIds.png,0f051f026196297fa8a511d1bce334e13e630e1f8317ccb330b57e08f42020e6,ef57a0084aed1fc439a2da9af72af122cf30436133460637650829d2dafc3176
leftImg8bit/train/bremen/bremen_000146_000019_leftImg8bit.png,gtFine/train/bremen/bremen_000146_000019_gtFine_labelIds.png,2413f433076b5cf9d9019893626bdb649f6421bc3902cad80aba207e3694c991,8ba6dead82284cb4dbcf5cdcfc707d4b0b18a66534fc51c3ae159036136a0a47
leftImg8bit/train/bremen/bremen_000147_000019_leftImg8bit.png,gtFine/train/bremen/bremen_000147_000019_gtFine_labelIds.png,d9196f9f13e0f98ed2477d3cda6e415b06962627f0573845f3f41b02b534b1e3,a802ff3c15e580287d1b1ae9a555423d6cac448c56dfb6a87974a2c1638ad621
leftImg8bit/train/bremen/bremen_000148_000019_leftImg8bit.png,gtFine/train/bremen/bremen_000148_000019_gtFine_labelIds.png,0098eed51b97812e14e4f46680fc14dbc3c1653ace03d5226551339889b99eb7,0896ee2998992e027ff820192575c790420d3f3dc4b52f4892a07611b0ad8dff
leftImg8bit/train/bremen/bremen_000149_000019_leftImg8bit.png,gtFine/train/bremen/bremen_000149_000019_gtFine_labelIds.png,ebbccef78df19485b526bc0c873fe65024b7f495f79ea3ae7c2ec1bd395e0bb0,06c028dc8ab9cda81b486d7823fa58baad5d98f9a62c73fe72af6657b596f31f
leftImg8bit/train/bremen/bremen_000150_000019_leftImg8bit.png,gtFine/train/bremen/bremen_000150_000019_gtFine_labelIds.png,3d7ceb80d1f5fa646e3a217ae1f15b7cbb5aaccdf47c1a2d5697c213115dd75a,1740d3dcb7fed640380950f94148cae1412649cf78596e5f57c5008ede0def0f
leftImg8bit/train/bremen/bremen_000151_000019_leftImg8bit.png,gtFine/train/bremen/bremen_000151_000019_gtFine_labelIds.png,955645fe96653d1e2847c9c22e6b89dcfcaa5d55cd53f39e29135569e68fc26b,4a197caf661f93b1c2489f05d444f99f6b300490727fb421bb11485b0bc48abd
leftImg8bit/train/bremen/bremen_000152_000019_leftImg8bit.png,gtFine/train/bremen/bremen_000152_000019_gtFine_labelIds.png,7b4430d4ee1252fa3023fb720ccde6bbf7c62421b7baf7751e8c1ed8799de852,12d7e504262eb36e97344ab997d7f259d7e896547dc9aed5f178d269a9fca678
leftImg8bit/train/bremen/bremen_000153_000019_leftImg8bit.png,gtFine/train/bremen/bremen_000153_000019_gtFine_labelIds.png,dab09c28332177f6b502ecf75b257ddd33f5b0121c8263819e8a93cf7c396e8e,81fd3dee47401600baf5bb4c4d92b6921ece2d315fae6891a10097bb8e0d5080
leftImg8bit/train/bremen/bremen_000154_000019_leftImg8bit.png,gtFine/train/bremen/bremen_000154_000019_gtFine_labelIds.png,8bf12baece27539dc1dd84d427c4863568a91863b1a702e78db6990a78452ac7,c3f514b3a358d7eb36619d599216e73ff09cf205032c7b4113d37d31725fcbb3
leftImg8bit/train/bremen/bremen_000155_000019_leftImg8bit.png,gtFine/train/bremen/bremen_000155_000019_gtFine_labelIds.png,0518413440d489f84e2d09a24ada0f83013174203b5ac9e8865e31caed5be503,aa9f9174fc2052707fdf410d45e7a6bb804225b2291bae2674935ad159b5d3e8
leftImg8bit/train/bremen/bremen_000156_000019_leftImg8bit.png,gtFine/train/bremen/bremen_000156_000019_gtFine_labelIds.png,e7188d15c0014cbc7acbaae8b57106ade1968075c87f5bbb00c495c97658b3b7,5f5325eb1b9d996fb9f350786fd28d6a2440a98fd975afd1b0683210f65dd59b
leftImg8bit/train/bremen/bremen_000157_000019_leftImg8bit.png,gtFine/train/bremen/bremen_000157_000019_gtFine_labelIds.png,e7729653e9397cea2485c39482c4ae3292b766db18130b14b129a3de1be45a53,8522ab064f02c479c0e18023c66f262126e6d8014f6ca9d1f2ef7feff47823d5
leftImg8bit/train/bremen/bremen_000158_000019_leftImg8bit.png,gtFine/train/bremen/bremen_000158_000019_gtFine_labelIds.png,3ceeb2c92a56d2dfdb32bcf579e87981411f77e411c7f416241bf9fd02d7f57a,1c8815fa348c0019a94fd2e239a9932d5c41803406a248df7826b996d3a959ce
leftImg8bit/train/bremen/bremen_000159_000019_leftImg8bit.png,gtFine/train/bremen/bremen_000159_000019_gtFine_labelIds.png,186d86c4e0cf4c537bf58f913b9e47f7cf37da6507131a4f83c511ae6e8979bb,f60076b4e046149438a05c42e7ada8e495253397b157c808d4e274fb2b173641
leftImg8bit/train/bremen/bremen_000160_000019_leftImg8bit.png,gtFine/train/bremen/bremen_000160_000019_gtFine_labelIds.png,d9cce0c501234ffa8c21c2e92b042341cf56a7af4e033edb9a452ec76e37d288,1ea3d1210c3acb9d41c49acc43185316b393c9f0ad880d28bf1e76e88d30350d
leftImg8bit/train/bremen/bremen_000161_000019_leftImg8bit.png,gtFine/train/bremen/bremen_000161_000019_gtFine_labelIds.png,0523435740b8c505c44cf45d61f3591b4a720b857429b397dc3f2e5ae8f47aa9,dea62b4d920fcc163589e34c2c00d79ad4acf86a093bcf4ed036842cef2d461b
leftImg8bit/train/bremen/bremen_000162_000019_leftImg8bit.png,gtFine/train/bremen/bremen_000162_000019_gtFine_labelIds.png,99ade8fe8960cca5c58021b068e45404e9011e0519fae791ed25630d47067e95,1a507c47a1e7d84155ec41e0e4748beafa96e87cf07299fd9a3e2bcfeb9967ec
leftImg8bit/train/bremen/bremen_000163_000019_leftImg8bit.png,gtFine/train/bremen/bremen_000163_000019_gtFine_labelIds.png,23664cd9d732d936e3f2801036643c65c72a6e7f92dfca81cf2dacf431144ee7,40752fedcabb32a186b567f9a16c59e2b841d7cf7fd1fd8f0a520adac8fdb0ff
leftImg8bit/train/bremen/bremen_000164_000019_leftImg8bit.png,gtFine/train/bremen/bremen_000164_000019_gtFine_labelIds.png,8b77ffa30e707346eec23c5f31e3993a7e810555649aa9226efacba5ca6eff55,db3692469303b1df6fbc5c0d1def751e0d2e9c361b4351cd717b63d42c8923c3
leftImg8bit/train/bremen/bremen_000165_000019_leftImg8bit.png,gtFine/train/bremen/bremen_000165_000019_gtFine_labelIds.png,22f69f6665a348221d08f0c3ed085c580929498886f0001f0c86c492d3f25570,998cf219de301e8121bcb5d5fdabc39aa56ab49e9f5b6f7e74ff958d7682867a
leftImg8bit/train/bremen/bremen_000166_000019_leftImg8bit.png,gtFine/train/bremen/bremen_000166_000019_gtFine_labelIds.png,9381e88f2b8b4171441593b3b7d7ce7404431081380bc26c10c6919141f92406,2bb29115843dac7d917361d93e69dcce316da0a04f82427d9e003d61c27de781
leftImg8bit/train/bremen/bremen_000167_000019_leftImg8bit.png,gtFine/train/bremen/bremen_000167_000019_gtFine_labelIds.png,4c86ca954f263dadaadd69a5eddbffe5140c5c872b91de6020d4558a3a2742ab,d3b829f9647026263e0366eced998b6fe08161997c00222219dd72bf48188980
leftImg8bit/train/bremen/bremen_000168_000019_leftImg8bit.png,gtFine/train/bremen/bremen_000168_000019_gtFine_labelIds.png,4ad0aa323fc676aa5168c49b7d10ae7c762d8265f8109b2e0e954cc46176adc3,02ce2afca6079d04bf64b81bc55c3cf9be8704ef31a0a5ceb9369ced25410ca8
leftImg8bit/train/bremen/bremen_000169_000019_leftImg8bit.png,gtFine/train/bremen/bremen_000169_000019_gtFine_labelIds.png,9329557ddc6cc9eb2a44d2e156b0c607eb4b37391f8afa59f340f9c2882599ab,9a72e01ce382db10ba1c6d6c23d121cec90e2925f55162980678dcc0e7377578
leftImg8bit/train/bremen/bremen_000170_000019_leftImg8bit.png,gtFine/train/bremen/bremen_000170_000019_gtFine_labelIds.png,0340803f5688473b45dd9c7b5020990973b8861881591c9ca2115e2208928b70,90ea31d9065b079e75c520183c2c9c62744f0fad6f4fc6ee371a0dd6f09f6e5b
leftImg8bit/train/bremen/bremen_000171_000019_leftImg8bit.png,gtFine/train/bremen/bremen_000171_000019_gtFine_labelIds.png,9589fb673a655b22946feede09cb85a0743f9c278d09f33325380bf34b88cc5a,78031fa107603f3ad02eab5482cf56dd0ca09e26d5d7ca1edd5c890b39fd7ec3
leftImg8bit/train/bremen/bremen_000172_000019_leftImg8bit.png,gtFine/train/bremen/bremen_000172_000019_gtFine_labelIds.png,61ab9a2e97ee558a16b26218d049d9c9c408eaf7dc121a4bfb06a1fd854813e0,70853ff5f7a216dafa532aeca0c70dec311641b58181565a5061840499402b8a
leftImg8bit/train/bremen/bremen_000173_000019_leftImg8bit.png,gtFine/train/bremen/bremen_000173_000019_gtFine_labelIds.png,88121da7c98eb360fcc5ca025684908a65794ca48a6e9e022ef015860ba55531,b6ac5c1a5822e7f53c168c83af6641f6439f275204a917502dcb4a2dc863925e
leftImg8bit/train/bremen/bremen_000174_000019_leftImg8bit.png,gtFine/train/bremen/bremen_000174_000019_gtFine_labelIds.png,d39734546cfb9350640daf10d52d2984dbbc2469339c5bd521c594046fe27b92,0c7b8730364f892a0dc3c8848efc1e0c95baeb06aa68a6a2f295b51eed1f3384
leftImg8bit/train/bremen/bremen_000175_000019_leftImg8bit.png,gtFine/train/bremen/bremen_000175_000019_gtFine_labelIds.png,0a520008385f14848e10e1f34034f82a2bd972556680296e9e24c8bd5fe4519a,2a640405a05f02620e448eeeecd11a07a5d31109bd9379d36aa5af28f0dca87e
leftImg8bit/train/bremen/bremen_000176_000019_leftImg8bit.png,gtFine/train/bremen/bremen_000176_000019_gtFine_labelIds.png,df47c934d0585478365cea165c6ad7cd06932af4266665868f5ea4d2614efbd7,e5a3d1db3081f33c3d5291f7aeedbfab06539d8896349144f87362313776ddbe
leftImg8bit/train/bremen/bremen_000177_000019_leftImg8bit.png,gtFine/train/bremen/bremen_000177_000019_gtFine_labelIds.png,9a16887443c196e3e4d9ba65aee7d88f3a91e81b6ee086650c7e7fe9c412d8e8,021adfd8eb804016548debaada0d1cb0ca2a2cd2068bc12dafdce8b7a194c897
leftImg8bit/train/bremen/bremen_000178_000019_leftImg8bit.png,gtFine/train/bremen/bremen_000178_000019_gtFine_labelIds.png,0d1f21b85867f8788abd7b1a89d465f1417df0da008d921b07586a5f6f43f15c,57a296e432eb3d1623f79f59b66ab934fd3f6878b823a7b026e161ddc864698e
leftImg8bit/train/bremen/bremen_000179_000019_leftImg8bit.png,gtFine/train/bremen/bremen_000179_000019_gtFine_labelIds.png,5e5061689ebbf0c10f5b114fe931cd485a1153d7b9feb1040ab07e8bbde981c7,a33f54c3321e8925d097c564dbcbf7030886f2ded3964857d60b7b017c28bf40
leftImg8bit/train/bremen/bremen_000180_000019_leftImg8bit.png,gtFine/train/bremen/bremen_000180_000019_gtFine_labelIds.png,f7b7581b02ec294681f358997db6c0fae485fe2b38b3e6111a3dab759c82b522,aa125c9072cccee00edae26cece5f58de84005833ad42937c924db2b1bf8d46d
leftImg8bit/train/bremen/bremen_000181_000019_leftImg8bit.png,gtFine/train/bremen/bremen_000181_000019_gtFine_labelIds.png,5442701fa5366534550491211b5c1c61c047a8d2c16d8db882bc1cad8ff6ea07,d41874575e0ca2a41b25a78cab7264c4cc79cc84c3f3b201ac086b46b9dd4a64
leftImg8bit/train/bremen/bremen_000182_000019_leftImg8bit.png,gtFine/train/bremen/bremen_000182_000019_gtFine_labelIds.png,f8bd9cc4156ed7f8fb5eaa8c506cdf9e281c51f2df9b5c20b1f3cc173803af14,f352384d397d4d18184d1af5f654c232b0bc5dd35f0b706f1231ff9dee19e203
leftImg8bit/train/bremen/bremen_000183_000019_leftImg8bit.png,gtFine/train/bremen/bremen_000183_000019_gtFine_labelIds.png,9253654e9dcd3491aafd2c9432649323c300336e140fbf961766755476d92893,b444907a9bb1e337e54804f8c180e5c02e645340ab9b1c827601e6e7f739c531
leftImg8bit/train/bremen/bremen_000184_000019_leftImg8bit.png,gtFine/train/bremen/bremen_000184_000019_gtFine_labelIds.png,fd7d3f034430d8f39c5284c26b9a74f0658351ca707636f18c9111d84c578c2e,e9ff8d4236ce2dc2d9c48c8158d1f95572583f5b484a2ca10eebfa6c7d388435
leftImg8bit/train/bremen/bremen_000185_000019_leftImg8bit.png,gtFine/train/bremen/bremen_000185_000019_gtFine_labelIds.png,72662d6251850522530a6643717849df811e13933e836e033b325479c9cbd2c7,e98bea27800f04101278dc124c252a2e9fdd06c0ed60afdd47d4dff21ad9b0cd
leftImg8bit/train/bremen/bremen_000186_000019_leftImg8bit.png,gtFine/train/bremen/bremen_000186_000019_gtFine_labelIds.png,0e87c468972ae13fcf575d1de6b75a1304bfce9b387cee0869bff05a70326c95,d0b3c53e7f64cc988c2e665606a2f70542fec9534d2c5146a4d6dffa55014b43
leftImg8bit/train/bremen/bremen_000187_000019_leftImg8bit.png,gtFine/train/bremen/bremen_000187_000019_gtFine_labelIds.png,149bfc8ddb049abde3bcd0cbd6932839955120b7c4db3babb3fd7bedde283729,bed55fc63ac30b7b9e68ab590cba6ed2129f031dd6b1423d196825afc5f0851f
leftImg8bit/train/bremen/bremen_000188_000019_leftImg8bit.png,gtFine/train/bremen/bremen_000188_000019_gtFine_labelIds.png,b58c5b292cae4719f2ed352be6cc7a9879d0ac04a7d44a59f50688cebb8f0789,c925f23116b888e7468c4858641e5ad5af6178cd0a0dca439ab2219d5973addb
leftImg8bit/train/bremen/bremen_000189_000019_leftImg8bit.png,gtFine/train/bremen/bremen_000189_000019_gtFine_labelIds.png,e838d4e27eff847ecd3dcdbc9445bbce3f0065da32a5835a813e6b87ee53ae4a,c98a4c5ef4ca9507ada30c2a5b1d631d1a5b8211f660f3dcba5de41bcc6f46f5
leftImg8bit/train/bremen/bremen_000190_000019_leftImg8bit.png,gtFine/train/bremen/bremen_000190_000019_gtFine_labelIds.png,0dc272ea8cd245c7c81563746514d7e37c85496d8043886e0521bc2199c49e18,34e8a7e9e96eda03d48ca2795bc4fc31d15e6e9048ebf7986ffb6e4cdf110259
leftImg8bit/train/bremen/bremen_000191_000019_leftImg8bit.png,gtFine/train/bremen/bremen_000191_000019_gtFine_labelIds.png,fc4ca2a9a5b6296849a3d30da38c21201db8349cf600fb8edbf34d6bf46a5b6c,e824543992754116db83658d81b8150d89019459d4d1ab71991129c75468421e
leftImg8bit/train/bremen/bremen_000192_000019_leftImg8bit.png,gtFine/train/bremen/bremen_000192_000019_gtFine_labelIds.png,a302a25cabff5d661e0cec2ae1d38edaa1bddcbe8393706b9d6f7f0c96b498ac,16a89d92106a7ef836b78e53508aad7ec6724d6168b0ecf88923dbf0c789af6f
leftImg8bit/train/bremen/bremen_000193_000019_leftImg8bit.png,gtFine/train/bremen/bremen_000193_000019_gtFine_labelIds.png,28848db03f6a89d952eb7237fc81caee2345b03a748a9382b17b5533ff53a112,a50913775312645b32bdedcab442e75bc4735f0275fe7052ef8f1d44bbb34ebf
leftImg8bit/train/bremen/bremen_000194_000019_leftImg8bit.png,gtFine/train/bremen/bremen_000194_000019_gtFine_labelIds.png,0a46fa7f5160d67b823a658a1038d37920fb237f9336c114afca0d8f3369047c,19750f0d2d7ab5e99d052bf0fbce9478b638e2a631c6c5af2e9aa1f500cad1b1
leftImg8bit/train/bremen/bremen_000195_000019_leftImg8bit.png,gtFine/train/bremen/bremen_000195_000019_gtFine_labelIds.png,2c15d2d820bca0ec4216635e437bf9bbbbd3fa605d1cdd5ddcb52130b07379cb,e78b82cfe15ef55c7c10f424131ac743dc5fa6968d9165f9b34fc84347218143
leftImg8bit/train/bremen/bremen_000196_000019_leftImg8bit.png,gtFine/train/bremen/bremen_000196_000019_gtFine_labelIds.png,b216d8aebc826f44d95249a48695e3f1d876cdb68160fd9b98f40e4077717c8a,2a916f4f22620cd793a33f571206e16c74d942fa9e9a4d3d1d8f42a6634c0b7b
leftImg8bit/train/bremen/bremen_000197_000019_leftImg8bit.png,gtFine/train/bremen/bremen_000197_000019_gtFine_labelIds.png,195852435223a69d589158aaa4334238554cd0e577b04a90821eba1202e4f9e8,3343f72bcf013baf8194ee20acb04464b1d13c78b0e2124fc224e66c28a47060
leftImg8bit/train/bremen/bremen_000198_000019_leftImg8bit.png,gtFine/train/bremen/bremen_000198_000019_gtFine_labelIds.png,93c4d21068042ea90b7859373eb223f255ad4bd90928b28488aac2b8436a8741,cb7385d97f55e326a0a0ab778c251947d64c38efeffb581428f4790b4221a9f4
leftImg8bit/train/bremen/bremen_000199_000019_leftImg8bit.png,gtFine/train/bremen/bremen_000199_000019_gtFine_labelIds.png,8fcd890a659035faf50a55bf89510de934882562a71b35af01c4e2923fdd07a3,0c9571621ce668446cbbc18e3b9efa304fc8fcd54fec486a94f3f83ea9c2a787
leftImg8bit/train/bremen/bremen_000200_000019_leftImg8bit.png,gtFine/train/bremen/bremen_000200_000019_gtFine_labelIds.png,46a7c6e4271fee30f1c5a6c95c2e074a90373dc35615ed8a185c41f5d6ff9136,e3327b08a0566fac0fe70ec6dee2d2946b8612742bd9379162d889cd8602df63
leftImg8bit/train/bremen/bremen_000201_000019_leftImg8bit.png,gtFine/train/bremen/bremen_000201_000019_gtFine_labelIds.png,679d857691bdcf3a2e3f6e73d11aa65bc42a2478bab98b59a11fac5f01bfec12,eb681b871477d17c10e6dbe9a712ffe3ddd993e332b03ee69af736d469d4f1f6
leftImg8bit/train/bremen/bremen_000202_000019_leftImg8bit.png,gtFine/train/bremen/bremen_000202_000019_gtFine_labelIds.png,f210fa9ed7c9513c0243a8790c0416d1ae6761ef25251e0ddbbbb48dd6047541,b7de4d4b04fa05da9408d4695c22ac70dac33ed3418d57e05a302cd239228c29
leftImg8bit/train/bremen/bremen_000203_000019_leftImg8bit.png,gtFine/train/bremen/bremen_000203_000019_gtFine_labelIds.png,f0b2b80297ef1b6da245fdac9e0562fee489830de268d7a2044fcdffa0c0f448,b83a19b1a8a6c2dfcc45df879905defec7bf4f4b975ca377df01d80ba4d36614
leftImg8bit/train/bremen/bremen_000204_000019_leftImg8bit.png,gtFine/train/bremen/bremen_000204_000019_gtFine_labelIds.png,93db0947758154cc7a5c41ac69efe45b2752b484ea79eb6f1b8745303e78ff05,6ce55cb79e759a62841331a00d471ac006da2ac67e5eb57cc4726385f4906651
leftImg8bit/train/bremen/bremen_000205_000019_leftImg8bit.png,gtFine/train/bremen/bremen_000205_000019_gtFine_labelIds.png,010a1205e51de62fac956278199393ee4b3b0796acb648603149c6e407ac0b1e,66c57ff94822546e3a29eb42dcb40157e3ef292428fc0ad79a2633884f3808ab
leftImg8bit/train/bremen/bremen_000206_000019_leftImg8bit.png,gtFine/train/bremen/bremen_000206_000019_gtFine_labelIds.png,19d9854c2ddff2c1d929287b10df91f82274bfc085e5c31ba6c43202753e1312,0c24ec6efc0d70f27a79df55684d27b71fa4721a4a4783f0564e1df77f6c982e
leftImg8bit/train/bremen/bremen_000207_000019_leftImg8bit.png,gtFine/train/bremen/bremen_000207_000019_gtFine_labelIds.png,554a6634a20d6ecf6027d1e59963d269cb645593b55160bb84afe1e478131b0e,cb5408237f7627416ad4f8e0c6f65d7fc664007748f1391ed19b5a95592bdf03
leftImg8bit/train/bremen/bremen_000208_000019_leftImg8bit.png,gtFine/train/bremen/bremen_000208_000019_gtFine_labelIds.png,81599289f1ca9767a7d188ace49269408ba8ed53cff8020ebeba6b3e08947a6c,7e7a45cabda53b65b0f68bfc06b3f9d68c803def1cf6d4aa02add588cf39eb9a
leftImg8bit/train/bremen/bremen_000209_000019_leftImg8bit.png,gtFine/train/bremen/bremen_000209_000019_gtFine_labelIds.png,0ec98a78941ecd8d9b4de31ea29f533d69676c8be9ff93d169d2b1c9b39319f2,0a8d126f008851b10c72f803967ecc736dec7ba45417b12f95108799d31d589a
leftImg8bit/train/bremen/bremen_000210_000019_leftImg8bit.png,gtFine/train/bremen/bremen_000210_000019_gtFine_labelIds.png,c58662016b39ccb0503bb73624fd7fcd0335b13efdc377ef0afe1a32879637a1,474075726a29178d9295bec0cca61538f82e16f4aff94cc362b5ebd2bfd76a78
leftImg8bit/train/bremen/bremen_000211_000019_leftImg8bit.png,gtFine/train/bremen/bremen_000211_000019_gtFine_labelIds.png,63916df4b033d070bbc59d76e156356aa835605599cb8f61316d0b39175d56c9,c6da55a0622a943465a91ac820ab2503f6396a6ff430417f0729c85709965932
leftImg8bit/train/bremen/bremen_000212_000019_leftImg8bit.png,gtFine/train/bremen/bremen_000212_000019_gtFine_labelIds.png,6f9e6d407642e9360424f39ff8c3fdad4ac9ab49e267b58baaf3021a96c67d24,a55309aae7cdffd1836306e138fd064d7be2ca0cce93218ea6f2d4f26b9c2441
leftImg8bit/train/bremen/bremen_000213_000019_leftImg8bit.png,gtFine/train/bremen/bremen_000213_000019_gtFine_labelIds.png,8457f33a82c1192e7d23796dcf8e8dd5039eb76e57414fd327dbbf311d9a980f,c5c0559576a208c290421812c9327f210eecee40507adf6493f696e754453433
leftImg8bit/train/bremen/bremen_000214_000019_leftImg8bit.png,gtFine/train/bremen/bremen_000214_000019_gtFine_labelIds.png,c89b36a55206115b780cd6ea3723ef7ec42ba33dd81002dd0d8b5fa768890b71,4362202efd38752c648ff3ef2b35b5e59e9cf533f8ceb32638291437b9197de9
leftImg8bit/train/bremen/bremen_000215_000019_leftImg8bit.png,gtFine/train/bremen/bremen_000215_000019_gtFine_labelIds.png,a33f4cb7c27fa99ff405afa7bb8836521eefabcd875eef3087dac8148783beaf,72b8fac1e653336fc39e71ea1f0533b01263513bc9f0a4f26b32c7b97d4e75ce
leftImg8bit/train/bremen/bremen_000216_000019_leftImg8bit.png,gtFine/train/bremen/bremen_000216_000019_gtFine_labelIds.png,79433abb5379dd11ebe373fad933d80277c136a1efb7b8afe0f76ad2d728330c,298e28568122eaf4228ea83a1c99c55db948a50ce3778bbd4126eb7b5ea53abe
leftImg8bit/train/bremen/bremen_000217_000019_leftImg8bit.png,gtFine/train/bremen/bremen_000217_000019_gtFine_labelIds.png,0d459addcbecf21b65e5e843af84f0e8cd1760d0a0017eab6dfdd0f19aebbfc2,3d48b4702c37ec2adf9f2205879995e28a184297d3d3d8d0ca712cae572af2dc
leftImg8bit/train/bremen/bremen_000218_000019_leftImg8bit.png,gtFine/train/bremen/bremen_000218_000019_gtFine_labelIds.png,37429e321285627b94183cfa367aa9531c255807f4a6f2c65938ca6c7bf97b81,644d4dd9689b1387505248613b7ec192f1d349ce28304ce6ab04ff1856b4ee4d
leftImg8bit/train/bremen/bremen_000219_000019_leftImg8bit.png,gtFine/train/bremen/bremen_000219_000019_gtFine_labelIds.png,1fe7dc0d92314dc2f8e4c1d9a13b27e6c831d459120957436d693605fcd37e40,c08166a28bbae40df26416664a107c7fa5314814871cb15579f90b6e8c143129
leftImg8bit/train/bremen/bremen_000220_000019_leftImg8bit.png,gtFine/train/bremen/bremen_000220_000019_gtFine_labelIds.png,6f9509316fb48270bc72095ad2c3a9e17b41d6a5536a21e44f2023466c847f0e,130ff069bb59b372c99becc808ca73460d84d6be214fa7949b52f2a33b627c2e
leftImg8bit/train/bremen/bremen_000221_000019_leftImg8bit.png,gtFine/train/bremen/bremen_000221_000019_gtFine_labelIds.png,1b285e1ee5c5a55712959ad61f063330a48cc6f1cf8dec03a15defc6ab53762b,218d6215a73de0f16975405dbf15368e0db6c3754f0c8fee5c1ad279c8a336e1
leftImg8bit/train/bremen/bremen_000222_000019_leftImg8bit.png,gtFine/train/bremen/bremen_000222_000019_gtFine_labelIds.png,548a0db93e938be7f2de1a4ac70399a25ff5af9a030eb65078dccb011b28800e,5b54ae69af3f7762af1fad64e915b718dbe387dcc836d1e3514b7bb4cb05d3c3
leftImg8bit/train/bremen/bremen_000223_000019_leftImg8bit.png,gtFine/train/bremen/bremen_000223_000019_gtFine_labelIds.png,604924589bf207a9317a1f2bf02f8cfee92dc686e944d182bedd389a8367c73d,4437a41e1641e29db271ca20a30341cc950812833a250797af769390727d9f7e
leftImg8bit/train/bremen/bremen_000224_000019_leftImg8bit.png,gtFine/train/bremen/bremen_000224_000019_gtFine_labelIds.png,abee55c9079b32aec662b83567fcb7f7d7fa0fb395d3a591634279fbca0bf6a5,3ace1ec394746ad22ec62cf66eef49d93235a929dc1b8dc08e655427835e5172
leftImg8bit/train/bremen/bremen_000225_000019_leftImg8bit.png,gtFine/train/bremen/bremen_000225_000019_gtFine_labelIds.png,b4155af57e1397e512dd98abf7f959e3a876558ad05dc7c82272ebe2a2e658dc,db7c08b4bb397437daf9c1eab4281c484226132335d1aa3abe284cd9c996644b
leftImg8bit/train/bremen/bremen_000226_000019_leftImg8bit.png,gtFine/train/bremen/bremen_000226_000019_gtFine_labelIds.png,7eaec5a10f7e0b46d4687d3f99281590b9ca30b5401394b453204db86580cf44,f63d7e94bd7edf4096a057448686624654cbb22731a0de7c7ca4a75f68dda9cb
leftImg8bit/train/bremen/bremen_000227_000019_leftImg8bit.png,gtFine/train/bremen/bremen_000227_000019_gtFine_labelIds.png,6e1d56ca165a6484792d9689c8388d6509d4746217b4c0b8a1e9435c78d9576b,8bd2cb0a8056f6465e54c2b008c6a14813fa4ad9a49d84b0ec613b7efa5c17cc
leftImg8bit/train/bremen/bremen_000228_000019_leftImg8bit.png,gtFine/train/bremen/bremen_000228_000019_gtFine_labelIds.png,3af7662e78b3dd90c9d7b6fc50a11a39f5cd368f09f5ba2c4d30620cbb99d826,eb82437b96ee90cc10eb12602d714ad05fb74ca2bb3b891c280b28ae57438626
leftImg8bit/train/bremen/bremen_000229_000019_leftImg8bit.png,gtFine/train/bremen/bremen_000229_000019_gtFine_labelIds.png,3b5f8adedeb3e977e1589741c22187f2feb7513e42c50833b3de38f7b681edc9,8f7aebf9686ad25d23779028400d9b12e737624aadad1275ca31e3e49acbcb9e
leftImg8bit/train/bremen/bremen_000230_000019_leftImg8bit.png,gtFine/train/bremen/bremen_000230_000019_gtFine_labelIds.png,931352ae696c5b81e1790a42a144606af3bc852f4efafb44b35a200e6349e8be,e9fa4bff266a7841a7875c2acc61ccfb8a86fd9d792cf7c835ae1b4ea6c18e3a
leftImg8bit/train/bremen/bremen_000231_000019_leftImg8bit.png,gtFine/train/bremen/bremen_000231_000019_gtFine_labelIds.png,d3644649fdf1f015864cf84640f90eb5f51712bac8cd31271f131b300e03992f,3fac3d44cc3400d3aee11911d36c0d2112c646e0be903830c0f1940368f770e7
leftImg8bit/train/bremen/bremen_000232_000019_leftImg8bit.png,gtFine/train/bremen/bremen_000232_000019_gtFine_labelIds.png,2b34bbb581d6922b01a334635966b6268053e415a421969e2f2ca4a2881052cf,0b49e44707b2ee1c24ae788c4c01c97cf57bc1eb4af6728fc606d9d181c720ec
leftImg8bit/train/bremen/bremen_000233_000019_leftImg8bit.png,gtFine/train/bremen/bremen_000233_000019_gtFine_labelIds.png,2277bed4cff646ac010ecb555298a65d9066526cb901a1d7f17280d852c06420,d1d0dc6a0b659010a6a99fb7970b6225b2c01bfffcfc925f628fa5d326edb785
leftImg8bit/train/bremen/bremen_000234_000019_leftImg8bit.png,gtFine/train/bremen/bremen_000234_000019_gtFine_labelIds.png,a9a37a1cc8cd19d2e66f8e50b9892255c6fe17095902db891a236a248e137efd,877af4fecd0a55d9f25fae1d8a5e217093832639fc29d20636c0628a5223fdd6
leftImg8bit/train/bremen/bremen_000235_000019_leftImg8bit.png,gtFine/train/bremen/bremen_000235_000019_gtFine_labelIds.png,ab468730414f8d54b0b287aa07e9d00052be8a96f34271263a8a4d5cd2bfd7c4,4346aa433cf49046e7e163f9fda052bc0c6dfec0cd680d4eaab9c64891b4b781
leftImg8bit/train/bremen/bremen_000236_000019_leftImg8bit.png,gtFine/train/bremen/bremen_000236_000019_gtFine_labelIds.png,c680eedd8d6bdff0a7f96b36554b11c441feea91b1f8632f06ae88843cc11e90,f5da68824d1bd8808960348820e882d535ff68ce6f38be1e8b638046c1db6a17
leftImg8bit/train/bremen/bremen_000237_000019_leftImg8bit.png,gtFine/train/bremen/bremen_000237_000019_gtFine_labelIds.png,a0901140b5fdd26acd1e9aaf1f24e4b71890c3a020a45a17cf486cc3adbfb4b5,223858fb9300bb88027778d79fd876407e0ff94524d569772601083082baa0e8
leftImg8bit/train/bremen/bremen_000238_000019_leftImg8bit.png,gtFine/train/bremen/bremen_000238_000019_gtFine_labelIds.png,73f9a78fad22a1e2cf06483de1490c4ef5f209b84693c89f91436f2752e6e8bc,5a9082427dd541b450c9171297cde6ffe57bfdeeb5b92e52d64a298255af6efe
leftImg8bit/train/bremen/bremen_000239_000019_leftImg8bit.png,gtFine/train/bremen/bremen_000239_000019_gtFine_labelIds.png,51626c334d1834e080af6676b19881b35908b8e93ac545243f3d19049fca37a5,9cf6cb0997a22d6349b1a24713a667a7aa84f39365a73f7186a642b6a319f58c
leftImg8bit/train/bremen/bremen_000240_000019_leftImg8bit.png,gtFine/train/bremen/bremen_000240_000019_gtFine_labelIds.png,86572bdd267a855c1ba09fcc05b8079986bf20bb2901aa8300c29772d77b4eeb,107b2fc8a4256d7a6de7cfe0b42bf89acaaa3bc9038d8e204eff8461c515c0ae
leftImg8bit/train/bremen/bremen_000241_000019_leftImg8bit.png,gtFine/train/bremen/bremen_000241_000019_gtFine_labelIds.png,2656ff0f15b302c4d3949d170d1dc96663db4b4eb238b6259f049dc48d5be5ce,e7834efc4bae7e815a1255f50b6f419e93c315302f2d29ed79713949b79e9534
leftImg8bit/train/bremen/bremen_000242_000019_leftImg8bit.png,gtFine/train/bremen/bremen_000242_000019_gtFine_labelIds.png,9dba40ffd4f7c960154d3024b4b03fce0ba32449d50334d199d7588d97a60f25,99579ae150d86aa42f15f3756a93ae60c215051ae4005ab42979481d4cd02f62
leftImg8bit/train/bremen/bremen_000243_000019_leftImg8bit.png,gtFine/train/bremen/bremen_000243_000019_gtFine_labelIds.png,c80b58247abaaa5ba8232ee429421fa2cfe96441fe7ceefe08dd8e9a48fa330c,5f7f9b7d2a6652c8f6aae17cbcfce46b73e700b03b3c9dabed36773736e39960
leftImg8bit/train/bremen/bremen_000244_000019_leftImg8bit.png,gtFine/train/bremen/bremen_000244_000019_gtFine_labelIds.png,5eadb33973eb5a4a242b77a10ed2fedcc0763e8be14625f49bedffb5e25f201a,bff090f81d95d4c484607693d1c1354a1e5ecd533f4e456428a7d5108f1d342d
leftImg8bit/train/bremen/bremen_000245_000019_leftImg8bit.png,gtFine/train/bremen/bremen_000245_000019_gtFine_labelIds.png,d9ee69b6b4a33da02c78067dc489477a13759cea219e52711ddfb5e49d407f61,ad9d65db418f52ed503ca0846946c892d458fd674b283ddd96c62b5520d16bf8
leftImg8bit/train/bremen/bremen_000246_000019_leftImg8bit.png,gtFine/train/bremen/bremen_000246_000019_gtFine_labelIds.png,8552ad19e8cfe9499708b1b05e70d3aaa53040257ffe1efdb0e6712662b2fc77,fd828f82f6bd8ea396bf0cb9936696ca27ee95a5c78b168e14448ddaa6f3c76e
leftImg8bit/train/bremen/bremen_000247_000019_leftImg8bit.png,gtFine/train/bremen/bremen_000247_000019_gtFine_labelIds.png,210a1c39c7485004a6e8f42db2fa9e718a980d70d93b9de9744bb9a61933ee6c,05cbdb5afe552060b4c6abcdb1272d03a4ef951bc92c154e9ac106db16ba8635
leftImg8bit/train/bremen/bremen_000248_000019_leftImg8bit.png,gtFine/train/bremen/bremen_000248_000019_gtFine_labelIds.png,615568f4970321aeada79f62f584adfec1dbebe4d098720d049030f82ddfe7c3,2939376f9f2fe57c5f610e77e658370c3176fbee54ac45dafe5ef232bf51bc65
leftImg8bit/train/bremen/bremen_000249_000019_leftImg8bit.png,gtFine/train/bremen/bremen_000249_000019_gtFine_labelIds.png,50766eedfc93d248e7bccc7ae5cfb77ca49d187877d14926f189bd2cd15243a8,4574e81919e0ba25effbb173dc5377384904e428d95f8836e37c854fc76a9df3
leftImg8bit/train/bremen/bremen_000250_000019_leftImg8bit.png,gtFine/train/bremen/bremen_000250_000019_gtFine_labelIds.png,a440a5f94d1458affa70e24497495375efb4f7eb1a321aaa1cc37f7a8224c8c7,e5ffdb0ac8d4a757a16dd49c2f1956440b39a7dcefaeeb15cd4faf17143146be
leftImg8bit/train/bremen/bremen_000251_000019_leftImg8bit.png,gtFine/train/bremen/bremen_000251_000019_gtFine_labelIds.png,f7d60867885b23783e01114855fd963a793719e34523b24a1bda93ce4dfbc7b1,b929d7439b78b66380a81f40dc0a9b41cbdadcf915cdfa0e545b6c68b7499dd4
leftImg8bit/train/bremen/bremen_000252_000019_leftImg8bit.png,gtFine/train/bremen/bremen_000252_000019_gtFine_labelIds.png,529728a17a268a20070859da8a12a5acc04165640802a257969b21e61aeb1d90,265cbfb49b74f949a4d2995bf570092ae7a8e1a16e561fdbe6c5bd7ed5bc2aad
leftImg8bit/train/bremen/bremen_000253_000019_leftImg8bit.png,gtFine/train/bremen/bremen_000253_000019_gtFine_labelIds.png,56d187d49025a2540e2aea444626aaaf27fab2068d81b3649b8c0c4cc29fdb07,20ca0d63a601ddc80d0b2d893a84ecb5a4cf1af17c38d10c309382bedd0236a2
leftImg8bit/train/bremen/bremen_000254_000019_leftImg8bit.png,gtFine/train/bremen/bremen_000254_000019_gtFine_labelIds.png,5e371a75857cd60978860e5da56f978f5752c52afc511f28be68e718483aa900,f7ed490f0be705485616f5ab2a3b3018a91798f4e3c4bd876ff20625898a40dd
leftImg8bit/train/bremen/bremen_000255_000019_leftImg8bit.png,gtFine/train/bremen/bremen_000255_000019_gtFine_labelIds.png,8c290db577d0adf34425934260793af83b13cb7a0919bdc44571cc4a11d42593,c2d8a09d13cedf9521442fe53801915a3f8e7881319529be960863c78257aeeb
leftImg8bit/train/bremen/bremen_000256_000019_leftImg8bit.png,gtFine/train/bremen/bremen_000256_000019_gtFine_labelIds.png,fd2120079b06a37671c05e3f606c34e4f6c53d7145d78cfa76700b344ad21767,bb34724d037826d4a2f460ab14c9d469bfb3f243ae70566cfde635504f6e3cc0
leftImg8bit/train/bremen/bremen_000257_000019_leftImg8bit.png,gtFine/train/bremen/bremen_000257_000019_gtFine_labelIds.png,698d96176d85b3f461d2dbd14c19dba32c38cc3457c56f7950baccda894ce143,59636e9d379c56ddb5f6adabb17970a7a3cb56edc30d22f1d52c9ba86057f1b4
leftImg8bit/train/bremen/bremen_000258_000019_leftImg8bit.png,gtFine/train/bremen/bremen_000258_000019_gtFine_labelIds.png,03865c8470da6cd16e8e3e31456b20d842c01e701d27f00d3a0334bb718ac992,9c3c1cb5faae9dc87720c70313e05c7648a41ff2447af84028bdfaf5b23c9b6d
leftImg8bit/train/bremen/bremen_000259_000019_leftImg8bit.png,gtFine/train/bremen/bremen_000259_000019_gtFine_labelIds.png,b882003439aeac122ce9e30afd38ab8c41c710720f9273f318a6fb632abf14a8,a254b7b7081518f6948c05d93514599e200135281f65fab2a680eac74f752c7b
leftImg8bit/train/bremen/bremen_000260_000019_leftImg8bit.png,gtFine/train/bremen/bremen_000260_000019_gtFine_labelIds.png,0785505bf2f05e51b9e302bddebdc87482787dadbda47998567c83a4150e3f31,1e098a72a5b44b71606b744bfcee979b1d0dcd1f2607f1cdb294e3d6d0b79453
leftImg8bit/train/bremen/bremen_000261_000019_leftImg8bit.png,gtFine/train/bremen/bremen_000261_000019_gtFine_labelIds.png,ca96b1c7a308fbf9f3cdacaa007ef9706d518d6b180c6c25510a5261c060e0d2,79ea7ab2b45d321d15499e7a046d23d749da5c3f58700ca81fd0fc9fdef94894
leftImg8bit/train/bremen/bremen_000262_000019_leftImg8bit.png,gtFine/train/bremen/bremen_000262_000019_gtFine_labelIds.png,51055d6d4489be3202cfcf76bff8cd9af1c674294fcdf044cae0d39bf9a864be,8909cfb74f56c7c623b0fff3e13a953b2de3f38fed0cb68248bf5fd72bdddd70
leftImg8bit/train/bremen/bremen_000263_000019_leftImg8bit.png,gtFine/train/bremen/bremen_000263_000019_gtFine_labelIds.png,084d078a2b247591aa4fa3e79e5b71834cd3d589af53480f0a55132c83443f4c,6aafbb6af5fd752bb0f16df78438f48993ff70aee4798f020be2829ac63f8c6e
leftImg8bit/train/bremen/bremen_000264_000019_leftImg8bit.png,gtFine/train/bremen/bremen_000264_000019_gtFine_labelIds.png,34e462edc67144cb42ccbc83314f3bec77ae870ef0409f80a7100fed49cc43a1,d85b78ebcd1e1727a404aa795357c80aae3bf9829fb061ed4cb2509d7b9e66bf
leftImg8bit/train/bremen/bremen_000265_000019_leftImg8bit.png,gtFine/train/bremen/bremen_000265_000019_gtFine_labelIds.png,0524c7306f5bef4ae03aec3ae3831072ed9e42eae95e9e425d57b69ec28a77d9,e745e8a8117b4402320cc27aebc74088c861a3c43f772b1bfa8cb0a59ebb1dc6
leftImg8bit/train/bremen/bremen_000266_000019_leftImg8bit.png,gtFine/train/bremen/bremen_000266_000019_gtFine_labelIds.png,b2b89f179abec5b39a99dba755f797d4659d94915290dca56e37fff27017f2bf,a0762648bc146383b7dbff4a3417b1380560ea601b564eb02d8af8a9c7dd32ce
leftImg8bit/train/bremen/bremen_000267_000019_leftImg8bit.png,gtFine/train/bremen/bremen_000267_000019_gtFine_labelIds.png,b8a85ed8cb8aaf2a5ad70f51492772347987575fabf05ec45a7d55f5e221f41e,61a04406a5bf64e784d289c6a34d41785091a9005215eb6f1be84f7e3af813a9
leftImg8bit/train/bremen/bremen_000268_000019_leftImg8bit.png,gtFine/train/bremen/bremen_000268_000019_gtFine_labelIds.png,d284bce74033b0d097d32b3bfee842f9f87e92f034f5d437b0c111e624f64754,9c753ba40d3e83b334c0886b00beee2cd6e169cda14e9a48b39ecee411e1201f
leftImg8bit/train/bremen/bremen_000269_000019_leftImg8bit.png,gtFine/train/bremen/bremen_000269_000019_gtFine_labelIds.png,4ed8eb118d0d9e0e4d38135291d1152f9ec58a35efd998971ccd83d67203c03f,432ae5ea14ee0307ce727e596a2bafc3e9bdc606d3ae49f8640f82e99ac49f38
leftImg8bit/train/bremen/bremen_000270_000019_leftImg8bit.png,gtFine/train/bremen/bremen_000270_000019_gtFine_labelIds.png,78a57ca9632cbe2c6285faefcb6237d93ca63febbcad74d5c95c4095d61a4e99,2d21873d5bf894445cecfc8dfd864e295ba4f374849564149192d9c1912837d5
leftImg8bit/train/bremen/bremen_000271_000019_leftImg8bit.png,gtFine/train/bremen/bremen_000271_000019_gtFine_labelIds.png,b067bec06985cd494e08863b99600c7f1d752410a23105e0dd5e651658ec39fa,8ad01d18f5ccc93ac29780e6b4483194383c160315e17f25c893ef2ac7cfb2d3
leftImg8bit/train/bremen/bremen_000272_000019_leftImg8bit.png,gtFine/train/bremen/bremen_000272_000019_gtFine_labelIds.png,346e1656be7e7aa0bb87a2309aaa11dc562f03aa3f048cb6ea8bdf579b0a618f,be6cb3baf3d4ce610aacec5775f1e5283a90ca9a9bdd92cfe0593383c908e004
leftImg8bit/train/bremen/bremen_000273_000019_leftImg8bit.png,gtFine/train/bremen/bremen_000273_000019_gtFine_labelIds.png,7920fff3aae8d2d263718daab514aa850b96d9a6b0867bf0535abde7c7a96c25,aecd83eb877630a1587ddd17f7c9ec324fb7f218f7883dbd650ab8db8464fd8b
leftImg8bit/train/bremen/bremen_000274_000019_leftImg8bit.png,gtFine/train/bremen/bremen_000274_000019_gtFine_labelIds.png,bf15f77af3548b957aa9b87563ee20d89a2451b53c05d945e13e9db39046010b,e63f9298913687ebe1a234883009bc4f0addef10c686817f9ec7ccac434bb97b
leftImg8bit/train/bremen/bremen_000275_000019_leftImg8bit.png,gtFine/train/bremen/bremen_000275_000019_gtFine_labelIds.png,166c99653342254e446f59c1aa9ab54feab612498f401b847502cf24c47ff23d,cbc63023c15c2266638308f1422e886b7fb245bedba153e9acf547fca2d611c2
leftImg8bit/train/bremen/bremen_000276_000019_leftImg8bit.png,gtFine/train/bremen/bremen_000276_000019_gtFine_labelIds.png,aa547aa566e62d7d358ec2ac86c4531558e5435a38ab0255cc2fbb617b3309fb,111409a522464ae4549f4a7ed5a38d84f64602a7cb434e3ad8af3ec84b04ee5b
leftImg8bit/train/bremen/bremen_000277_000019_leftImg8bit.png,gtFine/train/bremen/bremen_000277_000019_gtFine_labelIds.png,5016f26c388bb42b8a6035bd93dcdd0190b932cff3ad3fbdcacfaa55c27dbb9f,d30835903baa383fdf31361f577a438d5d5117549e2eed50419713db235b1d4e
leftImg8bit/train/bremen/bremen_000278_000019_leftImg8bit.png,gtFine/train/bremen/bremen_000278_000019_gtFine_labelIds.png,2aa145a13f60de7a27bf8e689b330badf4fc366de0e2548b25b15d3be5094b22,95fb5912197353f3ef65722af0144e93352928c05632e9316b7097e72f132e49
leftImg8bit/train/bremen/bremen_000279_000019_leftImg8bit.png,gtFine/train/bremen/bremen_000279_000019_gtFine_labelIds.png,d93afed8ec620c30c3b8cc7feab0fa349f4928717ffe95889c1fd0f7cda26152,614ceadda4cc7332272a2f34efac11787677c98f5eea99ef95c1a2a19440d8d7
leftImg8bit/train/bremen/bremen_000280_000019_leftImg8bit.png,gtFine/train/bremen/bremen_000280_000019_gtFine_labelIds.png,929e321455bde4636cb129ed279c0136176f3f319c056e534b740c4ab3d09000,06fb641f4b211e7b978a875a3b97cb516785cd1c7af14253e9bc5f308d524099
leftImg8bit/train/bremen/bremen_000281_000019_leftImg8bit.png,gtFine/train/bremen/bremen_000281_000019_gtFine_labelIds.png,8aa28d91508338b95a5f483adcdf51fa563ff948b02bca84a7af7ae6f30b0935,b8c531462b8ec305349953de639340a541c83bc825ff4785256fb226223334fa
leftImg8bit/train/bremen/bremen_000282_000019_leftImg8bit.png,gtFine/train/bremen/bremen_000282_000019_gtFine_labelIds.png,0015943e0d255c00291171a554dfecbd7fdbd244faac399d3d042bbb65cbb926,0f7343a8fe7286dd5b83d33f28155605f911d303ebab0d297198dab1cee60882
leftImg8bit/train/bremen/bremen_000283_000019_leftImg8bit.png,gtFine/train/bremen/bremen_000283_000019_gtFine_labelIds.png,5bc7a15e3a130adf0d128b9da16e6c917e5976ef7d5c6593c120132629003bb3,0acc95f8fe3af01b0e7b216ce6f84849e7740c8f3b414e5f5034f6c5d5cb8ca3
leftImg8bit/train/bremen/bremen_000284_000019_leftImg8bit.png,gtFine/train/bremen/bremen_000284_000019_gtFine_labelIds.png,800439ad831da0662e786393635f8277b5dc0e02ec1081918b4f539102c822c1,97358b7b160b33ba28d6d0c282b5253089d9805942c1eb30e1e36f7a8e7f53e7
leftImg8bit/train/bremen/bremen_000285_000019_leftImg8bit.png,gtFine/train/bremen/bremen_000285_000019_gtFine_labelIds.png,028df2f8a93d80092a451ca5e98df2e028de6f5ce059b26256b0748f5b9b9cb2,46e5f74348483a517f50b0f5eabfb39e5bd59e80b03f60fdecc9bc39f2fcb022
leftImg8bit/train/bremen/bremen_000286_000019_leftImg8bit.png,gtFine/train/bremen/bremen_000286_000019_gtFine_labelIds.png,10a6860e55519846f24cd31a154749a4bc55bd36a798be25d62ea9a1db8a7c82,be699e4925673051ae569dbca6b8d441628ad15b28016f6db95439757ac9dd57
leftImg8bit/train/bremen/bremen_000287_000019_leftImg8bit.png,gtFine/train/bremen/bremen_000287_000019_gtFine_labelIds.png,d355ac8fec5bef5dfd73d697533399373fc534d68f65c85c2a54187a78666b11,d69febc6c7b213048186dc1605c445327c72d00ff37c17323baa2086ae318035
leftImg8bit/train/bremen/bremen_000288_000019_leftImg8bit.png,gtFine/train/bremen/bremen_000288_000019_gtFine_labelIds.png,005ee73a3c65e28a7cdd119ec101eee4edf9d54f0ae39b6395f06c507e467de1,f63e3d933c3dde707d7a010ffbbe1ead8001f3f86d5b60811045aebd98de32d9
leftImg8bit/train/bremen/bremen_000289_000019_leftImg8bit.png,gtFine/train/bremen/bremen_000289_000019_gtFine_labelIds.png,997718e33e9dbf92fd7945ebd8ac2a90a3855c7fb7c3fc45591ed06468293ba6,fcfdf963dff45a804b09bcde554da987eec7ac42ebc92a2cba30363a22aff13c
leftImg8bit/train/bremen/bremen_000290_000019_leftImg8bit.png,gtFine/train/bremen/bremen_000290_000019_gtFine_labelIds.png,9ca67860ecc3a0b5fd6f855131581f3c3bd0e8cc6ec8e982dd881aae37d35360,a63b57f283d3c304a7211a4152c5a2f4dd94cf825477fafb986767bacc9057b4
leftImg8bit/train/bremen/bremen_000291_000019_leftImg8bit.png,gtFine/train/bremen/bremen_000291_000019_gtFine_labelIds.png,37e8ecfb46a3aa0d70eba2978b4645aa20b2133302c5ebbb5edf734e9a3a571a,a3b34b71d261caf13faadbaab4e8cbf886a3585343f95e8d89f9cfd9bd4aba86
leftImg8bit/train/bremen/bremen_000292_000019_leftImg8bit.png,gtFine/train/bremen/bremen_000292_000019_gtFine_labelIds.png,a477cd155feb810ee9a46e24f6fcfd147d19b430f8521963efff4c2689e59d23,dfc106e9b0189f0d36cf006fe5ff3a4ab70d8bb39983c14da84aa2b04cf6479c
leftImg8bit/train/bremen/bremen_000293_000019_leftImg8bit.png,gtFine/train/bremen/bremen_000293_000019_gtFine_labelIds.png,e3f52853d68d8a8d15ad199f7c7a8148d44cc1c88a99d8f22fd0d50eacd00836,a45a4e92bc6b1f1cb9ec8eda06d7273bf391e1d73876daf26a0a212c0cc3079d
leftImg8bit/train/bremen/bremen_000294_000019_leftImg8bit.png,gtFine/train/bremen/bremen_000294_000019_gtFine_labelIds.png,6c63d0d8de19c9a08977828b21303f2562946f1bb5708a3af398e8405cc120c9,428f71293f2f065bd435383b5518f6cb04a577a26e242a9d8de5e1cc6badfd6e
leftImg8bit/train/bremen/bremen_000295_000019_leftImg8bit.png,gtFine/train/bremen/bremen_000295_000019_gtFine_labelIds.png,9b40075402bc52468401ab71a30f381634fe1113251ec98caede877c3d9efa81,91c54d82e5ae768cd51ef360aa0835159aa6df7eb8357a3d861041def0841603
leftImg8bit/train/bremen/bremen_000296_000019_leftImg8bit.png,gtFine/train/bremen/bremen_000296_000019_gtFine_labelIds.png,f3177c589584747558e4a0c21d76b078fc941d08cd7434ef21a0028501ac231b,b00cf10a68909b6d03eabe38e54bba6f2b0440d572d8c3e887808c809291f83b
leftImg8bit/train/bremen/bremen_000297_000019_leftImg8bit.png,gtFine/train/bremen/bremen_000297_000019_gtFine_labelIds.png,a114bc8f8d05f0309f358cfced5bd2330f041513a8b326bedcecf5d85d88b1d6,eeecaef9f1bea9b96ca747508f22581daa0ae4eeb8c7780cbc2a944bd10340fd
leftImg8bit/train/bremen/bremen_000298_000019_leftImg8bit.png,gtFine/train/bremen/bremen_000298_000019_gtFine_labelIds.png,df10c21866b3e9eec1ebf74bfc7ae2589e8a3849ae2e7806fb4a547f44e8e8bf,af569b39a476ec13878946729a40b1a7f02d3dd80b5c5b5d5d1ff87ea93002d4
leftImg8bit/train/bremen/bremen_000299_000019_leftImg8bit.png,gtFine/train/bremen/bremen_000299_000019_gtFine_labelIds.png,13ef1d9822318b6930d0a28c0be942b0ef4ac224999479d09a5755b0a6c35c54,75adff78132029fa22414c6c1c0e65d901bd78ad539b3bba3670ab5ed460223a
leftImg8bit/train/bremen/bremen_000300_000019_leftImg8bit.png,gtFine/train/bremen/bremen_000300_000019_gtFine_labelIds.png,c30e96f3c07ce6b79e5beb7b76323088d1b1a1b3c833591c2ea42c8fba29a3ce,1c964b3b19394845e4f992e4e893b8fdd3cb123f19fee8eae487d393f3cd81c6
leftImg8bit/train/bremen/bremen_000301_000019_leftImg8bit.png,gtFine/train/bremen/bremen_000301_000019_gtFine_labelIds.png,312490266e685815e35b081e410c5cd0bdba5ee45ed537a0ca20a7154dcc7f9c,68dc6fe369c3a16026c278583bab29e030a2e77e627e2677643c4cabc97fe597
leftImg8bit/train/bremen/bremen_000302_000019_leftImg8bit.png,gtFine/train/bremen/bremen_000302_000019_gtFine_labelIds.png,95a00916c7985b2223133811cd4f93d83dfc925554a18fb04620f4a73ed6e4bd,6a2b1a4c4f56a311a300b54a699cd72782a996d780732981c5263528ef08b674
leftImg8bit/train/bremen/bremen_000303_000019_leftImg8bit.png,gtFine/train/bremen/bremen_000303_000019_gtFine_labelIds.png,35dd368acdccdd5406ea5af048b5ca971dba4f48beff4687bf2eed8653f05721,54a4908a9ddfc0503cc2e23a7055a69a19fe6de60f345f5e84387eb257ee193f
leftImg8bit/train/bremen/bremen_000304_000019_leftImg8bit.png,gtFine/train/bremen/bremen_000304_000019_gtFine_labelIds.png,e7667cb9faffa45000257c4d59f05b2b1f718bab86f879015488dc4a2dbbe9ad,07ef00af9f50c5a962b2195d1fad3a9c715850b0410cddb2c7fa62ca31999ace
leftImg8bit/train/bremen/bremen_000305_000019_leftImg8bit.png,gtFine/train/bremen/bremen_000305_000019_gtFine_labelIds.png,1b32ac00be39b9dc3d631690d32de0cd5a06ae3adefe5b6586b1fbb327921534,307462727604ada88587a3db5334688ebd66ef1c817848308f62002408f818be
leftImg8bit/train/bremen/bremen_000306_000019_leftImg8bit.png,gtFine/train/bremen/bremen_000306_000019_gtFine_labelIds.png,bde073022cb126a374c438c0c686887e63ddf2c94a86aa598fc1770ba804c8d8,b98ac08fb1c6d21ad37503f5cc70aa2b607b5af3f4c93eee214734a10bb8ee28
leftImg8bit/train/bremen/bremen_000307_000019_leftImg8bit.png,gtFine/train/bremen/bremen_000307_000019_gtFine_labelIds.png,250f68a69fe43d3aec924136f2c78c116bd0946fd0ccc00d7598e4296e0a29c3,36e8c678668a8ce907bfe3b2483121966c0871963620533f0ddf0b71f06a2b3a
leftImg8bit/train/bremen/bremen_000308_000019_leftImg8bit.png,gtFine/train/bremen/bremen_000308_000019_gtFine_labelIds.png,cd55254be5118119b752a3310db1bb1b94f3e4b831213fc40eeac11ca024be93,36ca49069c9e84bfac1e0adebc70aab314121138d55e59639f78351e6fc8ec78
leftImg8bit/train/bremen/bremen_000309_000019_leftImg8bit.png,gtFine/train/bremen/bremen_000309_000019_gtFine_labelIds.png,8305f1978f5585478e460b0ee8e8a00ab937dbf9f02e67d2232eaeb75f9199c8,9598475a1bff5291b44a913e92245e1cb3fb3d0d5ba06cefdbbcec5d02a876ff
leftImg8bit/train/bremen/bremen_000310_000019_leftImg8bit.png,gtFine/train/bremen/bremen_000310_000019_gtFine_labelIds.png,f4136d9d8b242e608a0333322a43ec83f77366bc872b7537d362422f19dca257,ce14fe54e3ac9c135f90e9aae9621a6f40c3f4446265bc7c113bf91ce3e32b43
leftImg8bit/train/bremen/bremen_000311_000019_leftImg8bit.png,gtFine/train/bremen/bremen_000311_000019_gtFine_labelIds.png,1cf4c9e6e22a768228f99071367418e84457d984950499ce76df9c1fa3ae33ff,0a123f4b90a1d2ad6b504a4ca07bb8312c43517105f7292e3ea4de774a44e3e5
leftImg8bit/train/bremen/bremen_000312_000019_leftImg8bit.png,gtFine/train/bremen/bremen_000312_000019_gtFine_labelIds.png,cf4b5d4813ab43a9ac9254110e26ad31cfcd12c90b2b02971cf33c10c4c7fbd4,b6d499dfa00fd4fa7cd5f49224401b4697dbcd90e544af8b85431b37a1a4dc9a
leftImg8bit/train/bremen/bremen_000313_000019_leftImg8bit.png,gtFine/train/bremen/bremen_000313_000019_gtFine_labelIds.png,455eca4ed2d364fc252b24e74f7173ed5f9e54a422ce38f0b46a294d176b4634,93c21e913042da58d313024fa8992039a497f58e6899151fe25a237a26104e80
leftImg8bit/train/bremen/bremen_000314_000019_leftImg8bit.png,gtFine/train/bremen/bremen_000314_000019_gtFine_labelIds.png,bda5c4626e7c885b5e311eb0c0ad94d5047e57f4a5c5108f233b96caa8e72a27,c1ecde96898f91c1d3c52228a671923bf23b307512430d6295757a823b4c5ef2
leftImg8bit/train/bremen/bremen_000315_000019_leftImg8bit.png,gtFine/train/bremen/bremen_000315_000019_gtFine_labelIds.png,25da07c6cdc6176419461efc822f51a122b483f0527759a5361c32f3f5488eed,f3173799005cec1b10fa58a1b870f089f7368c9c5c4965d482b72e3fc8d55ecb
leftImg8bit/train/cologne/cologne_000000_000019_leftImg8bit.png,gtFine/train/cologne/cologne_000000_000019_gtFine_labelIds.png,5256db8aefeb316edb214defc15c98a1976ba372ac7b2a9ee7e08ce78731177e,884706ba4bc5b493253e50ec1dd606c386664eca7b6aa13a21fd2d828dd1f822
leftImg8bit/train/cologne/cologne_000001_000019_leftImg8bit.png,gtFine/train/cologne/cologne_000001_000019_gtFine_labelIds.png,00d7d736c9e47783c82cbe3d2b3fd4ed2b7cf5b3365e0600b90dcc1be51bc94f,e8b17e73a414cdfdf55d31fc68fdf58797b76ad578d1caf408c2fba2a5c1e413
leftImg8bit/train/cologne/cologne_000002_000019_leftImg8bit.png,gtFine/train/cologne/cologne_000002_000019_gtFine_labelIds.png,ba4a2ce3d2bfa732b7230d65fbe32538ae6dc819d27c1f07d72c7b2758b53093,2f17423c4fba002e706fa2b3280b9b0a970d150c5c4226efb606b26267b85b9d
leftImg8bit/train/cologne/cologne_000003_000019_leftImg8bit.png,gtFine/train/cologne/cologne_000003_000019_gtFine_labelIds.png,500d70a7bc840b6cb7783900f43930dd14d124dbf5dfed2f71669448d6afbf3c,5cb96121755f74a4a9e9bc080c7e8233e40dc014f9507991f0f492a8e985e18b
leftImg8bit/train/cologne/cologne_000004_000019_leftImg8bit.png,gtFine/train/cologne/cologne_000004_000019_gtFine_labelIds.png,831cdfd8321752e7cee1505d6a22edfec9c779f3f993eb0d2d1d1509d119d03b,7c7c60d06c300a28064c70c5d137e2e6ab4ae9c643ed54b8c43dfc4d4c140208
leftImg8bit/train/cologne/cologne_000005_000019_leftImg8bit.png,gtFine/train/cologne/cologne_000005_000019_gtFine_labelIds.png,31ee65a4ecc45f8e218ceea8cf08cd766f5cef15597baf5b6b673064e307d3e4,ac8011d8100f42d45eb9c119300676cd305caaa24283d297409a91538ab2a021
leftImg8bit/train/cologne/cologne_000006_000019_leftImg8bit.png,gtFine/train/cologne/cologne_000006_000019_gtFine_labelIds.png,6733e0787e8b2b1e008ba506121d5760885a1e8a586b5afdfff8cc891eb2361d,9d80c3352b4a9d5d167a35e0319d6cc90c34951be4160371ec5d323638540f31
leftImg8bit/train/cologne/cologne_000007_000019_leftImg8bit.png,gtFine/train/cologne/cologne_000007_000019_gtFine_labelIds.png,49cfb20771b3ccdd3ce27413ba88ee8da25ce771a4652ff4dcfb05192c8c4dcd,d3d63266e1f20820621f00d043caf99accdb599159db2d164dd342ff24e7dde6
leftImg8bit/train/cologne/cologne_000008_000019_leftImg8bit.png,gtFine/train/cologne/cologne_000008_000019_gtFine_labelIds.png,b43cffd90f7f5393a68db4d8d57a436c736e87d1a53afa10eb3e3a9690d0bb89,7431b4cd6cfc977620a6c1cad8f686d51c9375b7b924419a95bb4be6d6805b54
leftImg8bit/train/cologne/cologne_000009_000019_leftImg8bit.png,gtFine/train/cologne/cologne_000009_000019_gtFine_labelIds.png,b88fc1f7b3baf92c07902331843d1127bbedfed1872ae58c8bd6c79e35248313,795e57f59bcce71774dc80bed0113bd83e0b31d229a0ae7fab9a97671e5253c1
leftImg8bit/train/cologne/cologne_000010_000019_leftImg8bit.png,gtFine/train/cologne/cologne_000010_000019_gtFine_labelIds.png,e345b660e4264958f51e437d8eceb9dd8d1e0509d89a15d627ea09cb854050ff,6e1b87389f14a2293614ed8ef8796fb81267af3de20f24d8b0d83b9b7b75a91b
leftImg8bit/train/cologne/cologne_000011_000019_leftImg8bit.png,gtFine/train/cologne/cologne_000011_000019_gtFine_labelIds.png,4a2a4fde755f3fd488b4402753ec19497cb606245f70bfd6a17b4f25a18a7b71,c7bc8b1a9892dd8ca9394dd05523bd89f98cf139da2d282a02da44e0e9745477
leftImg8bit/train/cologne/cologne_000012_000019_leftImg8bit.png,gtFine/train/cologne/cologne_000012_000019_gtFine_labelIds.png,7e363f03ab03280958d52b82658030d07c56e4f066ad664f6fc525969901a122,9f87823a9a8b6073a44544df97dffad6ee42bbfe60d1bfa32566e05424e918d9
leftImg8bit/train/cologne/cologne_000013_000019_leftImg8bit.png,gtFine/train/cologne/cologne_000013_000019_gtFine_labelIds.png,7aaab70b3368ba7f0bb311980a0c38f4d3a39a6e36e281b0ab1171c4a79f1915,85e102b372ede50311846e4098a75d4c324f018c3e617cc5b22e984da1264fc7
leftImg8bit/train/cologne/cologne_000014_000019_leftImg8bit.png,gtFine/train/cologne/cologne_000014_000019_gtFine_labelIds.png,085e2ae4ac7260e72cf97fc9bc0ddfdf8386836d31b126b7ded200f0e9599379,14ed8fd672d2642a711aad522b85404e8f3ac3394f4264677eaf3429e0d1873e
leftImg8bit/train/cologne/cologne_000015_000019_leftImg8bit.png,gtFine/train/cologne/cologne_000015_000019_gtFine_labelIds.png,25018cb03e07ba74c0223f4821293b88963244d0696929fcd42521244f1803e6,ce07b3cd4f9fa13412cbc83a7551cbbd244791fca764e834b347eca4ee4a1745
leftImg8bit/train/cologne/cologne_000016_000019_leftImg8bit.png,gtFine/train/cologne/cologne_000016_000019_gtFine_labelIds.png,dba4f84b71053aa22f5f7d7efff3a4e3559b32b8824886abbce8339eb0824a22,7d1d76dc6c41c53b7f9cc06363c167e81619ae10271d718e095616e0a315c41e
leftImg8bit/train/cologne/cologne_000017_000019_leftImg8bit.png,gtFine/train/cologne/cologne_000017_000019_gtFine_labelIds.png,7efe369cb9bcd44f85cc01cd4b12e51477d9957dd4a8da4ee9c5490f802ebd88,ac93eb0dcf9b3b5b01a504b77c793427e2c4438e1ef2c190040cc42a8a5f1260
leftImg8bit/train/cologne/cologne_000018_000019_leftImg8bit.png,gtFine/train/cologne/cologne_000018_000019_gtFine_labelIds.png,f2c78237d17644868e7bbf4875f3bfef1e535e9ba43d2e778ec5ce591d61811a,7884ee54e05f304b8435e85f44db96be310d4f61d5a7ea741cfd8e9ba292ad79
leftImg8bit/train/cologne/cologne_000019_000019_leftImg8bit.png,gtFine/train/cologne/cologne_000019_000019_gtFine_labelIds.png,7d4cf8074b617e76539fd6a3919529a2d26b40e98114fba45f79373b723d1e9c,c7593fe3576c63b5193b991b2385b141e8f5fce748a84b2f4a85857438762eb6
leftImg8bit/train/cologne/cologne_000020_000019_leftImg8bit.png,gtFine/train/cologne/cologne_000020_000019_gtFine_labelIds.png,25c814268e7bdea11be47a08b32aab6e964e83fb28e34f655928ed6455c2f757,58cf3e30899810753544c56db808700885d4d9269c6fcd847a2f68a65722aaf4
leftImg8bit/train/cologne/cologne_000021_000019_leftImg8bit.png,gtFine/train/cologne/cologne_000021_000019_gtFine_labelIds.png,9c695fd3f6532cc4310fab026e0640e64b345518d13d704b00c39ec31a6a90a6,5e7ccad0aecf3c773947c24b807b3000c517576c21ad7141a9ddecc7508e167d
leftImg8bit/train/cologne/cologne_000022_000019_leftImg8bit.png,gtFine/train/cologne/cologne_000022_000019_gtFine_labelIds.png,1df98c9a58b4e418d456a83ea5ac01918da8ce3e798e8a4d376ebf123fef6855,9674eae826c270e8a365cfa37ad9aad0ccb29a57c625c6e26751aaaad0c7c866
leftImg8bit/train/cologne/cologne_000023_000019_leftImg8bit.png,gtFine/train/cologne/cologne_000023_000019_gtFine_labelIds.png,f37910671ce5f21c183619c73514a3b90a8a6e181adb258cd6eb012cc3b7ff78,597b605081944e92f00762a4053267ea082eaa80b77df6baea9c860b64dc773f
leftImg8bit/train/cologne/cologne_000024_000019_leftImg8bit.png,gtFine/train/cologne/cologne_000024_000019_gtFine_labelIds.png,c1ad80572100482152c3a482d3ad4f45e34a7fca3634c91730b493474d93f46c,7a65fb8e22a39911c047ece56d59711124563ca54eccd3fe1f065cc0129fc048
leftImg8bit/train/cologne/cologne_000025_000019_leftImg8bit.png,gtFine/train/cologne/cologne_000025_000019_gtFine_labelIds.png,9bfcad92f46b17b7ee4b5118b7c83dde13bee9361f60230f7c034f1b034aee3d,a1f2ce10d37bed3de9985331dcd2dd02cc7ee9489be79472e229505daf1b7bd1
leftImg8bit/train/cologne/cologne_000026_000019_leftImg8bit.png,gtFine/train/cologne/cologne_000026_000019_gtFine_labelIds.png,3666604016cfce98b87e36b8700847f64ec3ddc5b032c5c4d8940e1e01a5c2f7,c4efd533f003fb8cfc7856bac89c06d2eb8c6786af0ad9f7e95971135eb71b3c
leftImg8bit/train/cologne/cologne_000027_000019_leftImg8bit.png,gtFine/train/cologne/cologne_000027_000019_gtFine_labelIds.png,d226485751f0b0e01c05eb689ece5ab932b47dbbbe74a220f49e9a26db8aaa65,871c5705fc0664e087f6c7d18016961555a037200af8fb912fa3d3b1c5fe21b0
leftImg8bit/train/cologne/cologne_000028_000019_leftImg8bit.png,gtFine/train/cologne/cologne_000028_000019_gtFine_labelIds.png,2a94097595880850c7421ceec0a5d1e3dc342e6995aeea5a1670df40d293d0f6,9ed885c085b66dcff99b37f3b782fd4845dba5488448515e467af907e602a4aa
leftImg8bit/train/cologne/cologne_000029_000019_leftImg8bit.png,gtFine/train/cologne/cologne_000029_000019_gtFine_labelIds.png,eb9a756d831cc49e19375a816544b6599430bea0648b896ede3bcac793ff8e42,1991892c1f852f3341b3096fc65eac9b9eef2612479dab99a76a704f56609d94
leftImg8bit/train/cologne/cologne_000030_000019_leftImg8bit.png,gtFine/train/cologne/cologne_000030_000019_gtFine_labelIds.png,97244a7bc4c52ae19bdd88ed946e1734f762c3ef84ab4d6bc21ce2e35e1e3da9,36e5435021ce9259c113653606d328969e4bbca3efbe0f93a17d570c3350128a
leftImg8bit/train/cologne/cologne_000031_000019_leftImg8bit.png,gtFine/train/cologne/cologne_000031_000019_gtFine_labelIds.png,6e15079b5bf743cf469dc4588787d1910baabf51e28ad8f45383587942790669,c8c03f45f8dc4f2993550f645ad00ca9d9e02945ec60dc20fa4ce00c207d78ee
leftImg8bit/train/cologne/cologne_000032_000019_leftImg8bit.png,gtFine/train/cologne/cologne_000032_000019_gtFine_labelIds.png,6087b4ccf80abf58bec0dcb384434f5f9b09d5a17dc0317be178195251be8338,4569cd81f6c4d3f314b59cee9a395d0a1cd3b08b1989c2ccde41c1fb090677d8
leftImg8bit/train/cologne/cologne_000033_000019_leftImg8bit.png,gtFine/train/cologne/cologne_000033_000019_gtFine_labelIds.png,ff45ad804c24669650457d8cdbc618e6e1e93e484a9aec09455302eec62a909c,bbe01ac5fad301966fdab95d195707f016b4a95d21794726859094e9aab4990e
leftImg8bit/train/cologne/cologne_000034_000019_leftImg8bit.png,gtFine/train/cologne/cologne_000034_000019_gtFine_labelIds.png,216ddfa4af8fe5b52b0188939fa8f9832c11aa0086c0fee52809359e3be70789,ae93589584e1e11105f03f2b7d2c194ad23f13a85fb026318c617c39849a7c9a
leftImg8bit/train/cologne/cologne_000035_000019_leftImg8bit.png,gtFine/train/cologne/cologne_000035_000019_gtFine_labelIds.png,a6a4da463563c00b6cf507a262d14dcc76e4e755c1531b0a3c70e0e0e155c9c1,8e2daebc85a0b5287368f29887fd9501360256cb33072d95a8add2e02698db16
leftImg8bit/train/cologne/cologne_000036_000019_leftImg8bit.png,gtFine/train/cologne/cologne_000036_000019_gtFine_labelIds.png,158fb60897461a5bd908da3fce6d1b4f5bc87853e6b5fd685ce61848fb71e87b,48d2860b8781a13ddcdffb3acfd1922a948cc13579b8897d5e165d326fd607ad
leftImg8bit/train/cologne/cologne_000037_000019_leftImg8bit.png,gtFine/train/cologne/cologne_000037_000019_gtFine_labelIds.png,c1dec800537262b5dd573afac10cc90848ac190e812ee84ee5a9c8aa6d92e2a6,ab2409cfe8060447b6c768aee233da3b06e3c003b67d930f2adc53dcace9a61d
leftImg8bit/train/cologne/cologne_000038_000019_leftImg8bit.png,gtFine/train/cologne/cologne_000038_000019_gtFine_labelIds.png,7f0202ded66afd79c41a8c33277bf198be3eca26fc8c177bc06296f8f7fdd303,78905a075381b857e9a2d34443a2e936352324077d231ef745153ec0033e549f
leftImg8bit/train/cologne/cologne_000039_000019_leftImg8bit.png,gtFine/train/cologne/cologne_000039_000019_gtFine_labelIds.png,d6dde2e131c6f797a180e141d1b5c3f2b365ce1cf0ef15320d25ec8f8bfe08f5,1821b1e69d1e5e705ddf04d5276ccba4ea98f33725364e8fc6132e55f2643537
leftImg8bit/train/cologne/cologne_000040_000019_leftImg8bit.png,gtFine/train/cologne/cologne_000040_000019_gtFine_labelIds.png,827b9b75acd3f27c0123f5813ece8cc93d5f434cbf75c37ec5e7699b012d6459,c6ee304a5bd52219b4b4e8b5ec4e51b85e2f7b68d21e0b9e915e5fd4cc52e728
leftImg8bit/train/cologne/cologne_000041_000019_leftImg8bit.png,gtFine/train/cologne/cologne_000041_000019_gtFine_labelIds.png,2342af13f54a668220c4f7bdb92ff8c5cfccef3e2cafec84c086a52e7e700ac8,7fd4e3a5dcb3cf2de081096d4f3d960e46935a6a53d9cea566826a6f56de75f9
leftImg8bit/train/cologne/cologne_000042_000019_leftImg8bit.png,gtFine/train/cologne/cologne_000042_000019_gtFine_labelIds.png,0cd9ab9dc321d335ec0af01fafb257f4f3dc38c86cf1d463cda244911197f663,79ba64ed44319b4d6e2243f8e150f200d74309157108a234f71fe66702d6b322
leftImg8bit/train/cologne/cologne_000043_000019_leftImg8bit.png,gtFine/train/cologne/cologne_000043_000019_gtFine_labelIds.png,f3fa119815f42b02d8a7204d343659e6a1fe2490e0905226d8331ce9e954e47b,ca5a81d26b408f28d84d0576885ef99e2121a082e9a39ce4f706977f3a2953ba
leftImg8bit/train/cologne/cologne_000044_000019_leftImg8bit.png,gtFine/train/cologne/cologne_000044_000019_gtFine_labelIds.png,b8a34157b9b0337e38c5785bcb156b9056a58061b02c53358b23908ab0c93abe,bc12c463cbb4642554b1caad32d6450a34ce3432a51e7206249d6c37eaa66403
leftImg8bit/train/cologne/cologne_000045_000019_leftImg8bit.png,gtFine/train/cologne/cologne_000045_000019_gtFine_labelIds.png,902a1d4078c624949d098b6290595f669b44f61c9fa880a41a6bc9cd0ba7735f,b720f68b1ed880df05829c0592db7a43b0d3d694f1be923c282ab071823593de
leftImg8bit/train/cologne/cologne_000046_000019_leftImg8bit.png,gtFine/train/cologne/cologne_000046_000019_gtFine_labelIds.png,b6a454d7f3cf43375d5acd71c243dd252720441befd18309290e8d3812354d73,20c024ff966812f2d59dedfaf8c4423d042083db7323f78bd813d2b616dff693
leftImg8bit/train/cologne/cologne_000047_000019_leftImg8bit.png,gtFine/train/cologne/cologne_000047_000019_gtFine_labelIds.png,4b19b276084ba1a6e5392263fba8bb7ae5f86b41bf86e73043237655181df641,c70df3cd58efa3b06b991b22c7bcf551f4c5e48758115299ef68bf880efc055a
leftImg8bit/train/cologne/cologne_000048_000019_leftImg8bit.png,gtFine/train/cologne/cologne_000048_000019_gtFine_labelIds.png,609d0460486e38c51d632c070de5cb1413429504b909ac40326116897193f371,0660f6dfe277cc9cec03abc50f4308f6c9fccf6de51e7346425e219d98a2eeb4
leftImg8bit/train/cologne/cologne_000049_000019_leftImg8bit.png,gtFine/train/cologne/cologne_000049_000019_gtFine_labelIds.png,3e8169218cbc17ee4b7b3cb94e1b7d797bdf144dc7e64b10531d15425f36583f,be172a3928a9bb80d0db4deaeb559a5ea1d9e8015f4dad566ebe7cbed0c95ab7
leftImg8bit/train/cologne/cologne_000050_000019_leftImg8bit.png,gtFine/train/cologne/cologne_000050_000019_gtFine_labelIds.png,70bfc029eaef1ec6fff336018a9a96976de1c9dcc9777dcbcee1b97c466f6830,63819be7e26e0711a8cf1d90c3df0cbcc87992143e3f1428ae6267b509f81033
leftImg8bit/train/cologne/cologne_000051_000019_leftImg8bit.png,gtFine/train/cologne/cologne_000051_000019_gtFine_labelIds.png,fb567b3904ab2f8f7e18b28fee26eaa6fae7419793b26ab974e13dc51c62a383,c3564239cece1ae5f9a3193774ca2727d0c390d4af74aecc7335d91bfc23ec96
leftImg8bit/train/cologne/cologne_000052_000019_leftImg8bit.png,gtFine/train/cologne/cologne_000052_000019_gtFine_labelIds.png,06e784cf9029f54313ce312057f8d2e73d39a50ee6be6e445a42265252e9fd79,99bcf69df7e1fe6441674b80dcb133957c70bd14fe5c8987190d3ea551488449
leftImg8bit/train/cologne/cologne_000053_000019_leftImg8bit.png,gtFine/train/cologne/cologne_000053_000019_gtFine_labelIds.png,e09df5b6dc62675e46c85881f791e3ed6061bc786ee0f7910f62c82fae9d0134,92b2554237eac31cdf54bad1083c87b5e085c96b61f9e6e63672424d49c67e1f
leftImg8bit/train/cologne/cologne_000054_000019_leftImg8bit.png,gtFine/train/cologne/cologne_000054_000019_gtFine_labelIds.png,cad9a2de552894378627ffe8177dcec04a9fa827f044085651e19cffec46d98f,019ec6bad87cd661c2b02b6514ccc907e30681c5b65223715dc575e6a9f36bee
leftImg8bit/train/cologne/cologne_000055_000019_leftImg8bit.png,gtFine/train/cologne/cologne_000055_000019_gtFine_labelIds.png,4eacbf68ee36cc7d77d17269c60d883314dc629eb4f77f67b2b51c950204e1ca,54e904a3355ed5964ee83d9b5550248632265df379cbadf69c3d3fbc3e4f245b
leftImg8bit/train/cologne/cologne_000056_000019_leftImg8bit.png,gtFine/train/cologne/cologne_000056_000019_gtFine_labelIds.png,0bf9386441a306f1e765ac2abba7fe3f6129380967363343fa9c7e13dc77def7,f49d3941b9ab4a5c88ac7702657363779e392a75077cdefd9fb00470915024ad
leftImg8bit/train/cologne/cologne_000057_000019_leftImg8bit.png,gtFine/train/cologne/cologne_000057_000019_gtFine_labelIds.png,bb99543245393a1a4ed7a4958060d384eed3c7db561985eea2b7537dfb3dffd8,e1ff928898d54da3e372c7aba6ad822152a4dc42fda8e9447eed375331438d42
leftImg8bit/train/cologne/cologne_000058_000019_leftImg8bit.png,gtFine/train/cologne/cologne_000058_000019_gtFine_labelIds.png,a4b67956c99b8ad3c7da611cc8daedca343017f03cf58c1282ddeacdc13ac9b4,e8afaca976a05aa7de0f8ebc0aca1ce699a68c686a12c29f56ed0e9a4bcd26f7
leftImg8bit/train/cologne/cologne_000059_000019_leftImg8bit.png,gtFine/train/cologne/cologne_000059_000019_gtFine_labelIds.png,95e2ade06bfb2b9a95546864ec94baada9e1aaec91674ce8e8c0fdd402ba02af,920e4d4c1300875a0c6f945cf8cf5a6aeba649dfd611f9428ddd3fdda05b1cd2
leftImg8bit/train/cologne/cologne_000060_000019_leftImg8bit.png,gtFine/train/cologne/cologne_000060_000019_gtFine_labelIds.png,201b3caa540f8a362a3747c8e76dd7f51e85fa17031a2cef6d68055263336756,524e6df558730bcfa01e1dc1a617e1c272b7d2ba8e8fde337b2c437bb6b66e4f
leftImg8bit/train/cologne/cologne_000061_000019_leftImg8bit.png,gtFine/train/cologne/cologne_000061_000019_gtFine_labelIds.png,b943ab6ea1bed80ffe40ae1287485524b0a2cbc64321e579ccbab58053a74476,c1115b6fcb983c04311fc9cd68aa60004b052f095de26ffb3f7d34e13c043b77
leftImg8bit/train/cologne/cologne_000062_000019_leftImg8bit.png,gtFine/train/cologne/cologne_000062_000019_gtFine_labelIds.png,6e84b03c4a593416b2f4f058a4792c911df08f1f8c067e240dc77a08745266fd,9b34a583e1ee904a695f68e5b95a753810e8121ad2a636f8dafb7e91199ba9f0
leftImg8bit/train/cologne/cologne_000063_000019_leftImg8bit.png,gtFine/train/cologne/cologne_000063_000019_gtFine_labelIds.png,7399fe20ba02db7d20a80e9fd524e234c451589a39c664cc852b3e36e2574abb,334654134a11c05fe8a827db91735c51a3e634a3dd256966c8f0a7e210190a50
leftImg8bit/train/cologne/cologne_000064_000019_leftImg8bit.png,gtFine/train/cologne/cologne_000064_000019_gtFine_labelIds.png,2a71140719f88ca62c0826d1d1c6a3dc0287beb21bbb28cba44880954e2c8c5b,850f02759baefb0162a88aa6f89c6daab688c11937c3076667a9f2de90efc344
leftImg8bit/train/cologne/cologne_000065_000019_leftImg8bit.png,gtFine/train/cologne/cologne_000065_000019_gtFine_labelIds.png,d6f3cb804799660781b54196550bbbf2c2426bc08094352b28af64ff37c93035,0f44fce588c302ec1d9ec9d54ca7388ef84a905fe6cd967a8c5dc13488eeb916
leftImg8bit/train/cologne/cologne_000066_000019_leftImg8bit.png,gtFine/train/cologne/cologne_000066_000019_gtFine_labelIds.png,404b99a59ee5397a852713efabf0aa3074e6515fbe448c383d922afc7caca847,3a2ba1a4ef91be8fa31fe1bc0db9edab6db9a8fb35b19123ecc1c475e5d7561f
leftImg8bit/train/cologne/cologne_000067_000019_leftImg8bit.png,gtFine/train/cologne/cologne_000067_000019_gtFine_labelIds.png,91824f58bb0b8bcc18883417254d8b304ca90177461fff530cf58513e8d3dd66,3aa71ed7feb08353686cc3d023b59a92b9ee70d6c1c0e69e085b119a8a21f9ed
leftImg8bit/train/cologne/cologne_000068_000019_leftImg8bit.png,gtFine/train/cologne/cologne_000068_000019_gtFine_labelIds.png,4f7bedffa7f8d90553650f8e961dc54c6bb2815940062f2cae6de0c3fc509f5c,cbbc65eee1bf6dd334728acbb9e047619a9bcc6c908fb92dd8f3e1a9e829f362
leftImg8bit/train/cologne/cologne_000069_000019_leftImg8bit.png,gtFine/train/cologne/cologne_000069_000019_gtFine_labelIds.png,77ce7ecba61680a1b6c8654efad89cd76c1a4e8474cfc84ce9ca6b428434f951,58237c5d2669fed2e2b3afe35e9e84a704dbc3b5571bfdbf16ad5b0705deb785
leftImg8bit/train/cologne/cologne_000070_000019_leftImg8bit.png,gtFine/train/cologne/cologne_000070_000019_gtFine_labelIds.png,76c3821ccb40a4b28e2f4f828c19a7a7165b839afd60558afc0386c70bb8ac88,fd237214a5d41020823747cccee08a89b93fb36aa028afa2be857218492799a2
leftImg8bit/train/cologne/cologne_000071_000019_leftImg8bit.png,gtFine/train/cologne/cologne_000071_000019_gtFine_labelIds.png,cdb3c556768a5f1080804e90750489765292bfdcaf2ab7c43a3794fb4f14c925,cb82504c5e77e1c7740f8af93e272d9a8a0ad9d9d16567e3cb22e3b78673b371
leftImg8bit/train/cologne/cologne_000072_000019_leftImg8bit.png,gtFine/train/cologne/cologne_000072_000019_gtFine_labelIds.png,ffd169510478f09447c483c0c5facf0f78c488f17f637be5e396fcb65c662d83,b217e93065a3f7f1a49b5e0d85823c0a146a511990373aacb316fa48cb34123d
leftImg8bit/train/cologne/cologne_000073_000019_leftImg8bit.png,gtFine/train/cologne/cologne_000073_000019_gtFine_labelIds.png,c5b0f7c998a72cfd827b2c0d866c464c8bcca1f3b203e4384abdad3ab4cfcdbb,a01f9b3fbccd0685d38998fbd8dce25662e0460295d41a9e61d353e135e09ef8
leftImg8bit/train/cologne/cologne_000074_000019_leftImg8bit.png,gtFine/train/cologne/cologne_000074_000019_gtFine_labelIds.png,45922c6ad2556b2518a0d2c2ac2719be3b4044a640b9aecfdbad0c450e665188,f49f354ddd73cfa7de8ae1c21e5f582340673531dfb8711722e35aa8ace3e3c5
leftImg8bit/train/cologne/cologne_000075_000019_leftImg8bit.png,gtFine/train/cologne/cologne_000075_000019_gtFine_labelIds.png,82b8b6397662f16d99fa780b794caae0541cad9c57222e59d044544ca018ba07,4f1aa8742f0612b321b3fc5af2ce71757f1a32f0a4c6ac5d8c7e1c45f04962c9
leftImg8bit/train/cologne/cologne_000076_000019_leftImg8bit.png,gtFine/train/cologne/cologne_000076_000019_gtFine_labelIds.png,e890bc3027c312c56bba36d6f34e0486029a0ae65bd7f30417a6c7a4680d78a4,6835afaaced2d978938a6908bdd57035df5cbbd81e6ffd4ab369ad1d476b5a25
leftImg8bit/train/cologne/cologne_000077_000019_leftImg8bit.png,gtFine/train/cologne/cologne_000077_000019_gtFine_labelIds.png,b6337d73de1e877c952f0d9023960191a89ee314aee44e2a8b32193194bd187f,fa47961a95df982bc512f8acd2020b038250d03d2fbe803154a546c530aa38d1
leftImg8bit/train/cologne/cologne_000078_000019_leftImg8bit.png,gtFine/train/cologne/cologne_000078_000019_gtFine_labelIds.png,f06042a436b271c3492fbf2154ae2adc80c41ab9e524f3ce5acfd3f2ad776752,3777d3137816fa501f1a96204908ef4fe8a9aaff5d138c41c9e10eb602781af8
leftImg8bit/train/cologne/cologne_000079_000019_leftImg8bit.png,gtFine/train/cologne/cologne_000079_000019_gtFine_labelIds.png,07680161c040a18ca0f36ec23d43007e6db521b9ab754d7bd623be1935aaef2f,301db6ae76240a78cd3d4277084fa5e53a78b82a8a011bde56a6d76032703e5f
leftImg8bit/train/cologne/cologne_000080_000019_leftImg8bit.png,gtFine/train/cologne/cologne_000080_000019_gtFine_labelIds.png,518f79e7b78d8703d9afa9e8ea00f23ad08956461071e8683840c9fd37ca143b,a9c53e07a98230f622cccb0397befcb3a25fe4648ad57df85e7e556ac0ed1de7
leftImg8bit/train/cologne/cologne_000081_000019_leftImg8bit.png,gtFine/train/cologne/cologne_000081_000019_gtFine_labelIds.png,6ebffbf6ee086df97078abfcfdc3188b8d058c8b1a8002f447a39285adb61533,325b8b68cdf09c85ab867502805a46d657c28a57e9e1b941cfef09addd627a1f
leftImg8bit/train/cologne/cologne_000082_000019_leftImg8bit.png,gtFine/train/cologne/cologne_000082_000019_gtFine_labelIds.png,a1e721d84eabeb96a6c6f22ce12985a584ea91fb47472b4079dc4b96e3890981,3dbd9c6416ddd897fb521f25eca8437a53b4778fd046978302a14f09c99fd70a
leftImg8bit/train/cologne/cologne_000083_000019_leftImg8bit.png,gtFine/train/cologne/cologne_000083_000019_gtFine_labelIds.png,cca0b940d6cf61afcfe7d770b75244afd51d1bbeb3dc06cbabd8e713fbb0d3a3,01b02e686c33d064ec649e8f022a0339d4cd88bd3b0020661a4e217c70c29eb8
leftImg8bit/train/cologne/cologne_000084_000019_leftImg8bit.png,gtFine/train/cologne/cologne_000084_000019_gtFine_labelIds.png,ec04ed830198ac5f6111b7ffacd351641177747aba5ad107dff244bed132540f,5c6213c7516956c4cc741b6c02f1f1f711a8558f6ff23d000da9fad261064cda
leftImg8bit/train/cologne/cologne_000085_000019_leftImg8bit.png,gtFine/train/cologne/cologne_000085_000019_gtFine_labelIds.png,d9238adc4f5e98bbdd81c0b736a12952ab1b64fae6a712e100a13c567637796b,0f96d30eff39b942eee3831dfdd1d6141ec16d265757ab2498397560eef4c5d9
leftImg8bit/train/cologne/cologne_000086_000019_leftImg8bit.png,gtFine/train/cologne/cologne_000086_000019_gtFine_labelIds.png,7a0fc69cbafb4ca04f3da024a841356799d9b6e609825efb90238e3fd1e4b949,3e3b9969c8405d1e57f20caf5bae12d3ddb8d749faff1d90474baaa298f45949
leftImg8bit/train/cologne/cologne_000087_000019_leftImg8bit.png,gtFine/train/cologne/cologne_000087_000019_gtFine_labelIds.png,ac31c2db2b9037727d92ba1993618bd4a53f609ffc39178af769ad9a58517ec1,d1d31a7832cd46eeb7a9ffd083068f0220bdee70dc0d6c15b7bca6ed991aa2da
leftImg8bit/train/cologne/cologne_000088_000019_leftImg8bit.png,gtFine/train/cologne/cologne_000088_000019_gtFine_labelIds.png,0e0e7a580085d1d05e393aede416731a67c4eb12a09737c3c7a978d5c4a5fb95,7b7818aae3d341b95d30206ea83a4b3650597685e9464087bae287544b930c79
leftImg8bit/train/cologne/cologne_000089_000019_leftImg8bit.png,gtFine/train/cologne/cologne_000089_000019_gtFine_labelIds.png,f618639248352ad7eadcd8e1feb8b343506aa05dac0be57ca1fb22848f8836fa,f6928ced74c20390090d0f34eaf15b3feb0ee8e1b8f31ca7feec322d5972462c
leftImg8bit/train/cologne/cologne_000090_000019_leftImg8bit.png,gtFine/train/cologne/cologne_000090_000019_gtFine_labelIds.png,eaf8d18fa08d0137523910e64dc871e40c6cab9b6550c77a1266d8a6591d19c1,d2dad1dad0a56aa8ec1cd0a6befcdd8010fa7867e35d6f83d4ff3a9a05e1395b
leftImg8bit/train/cologne/cologne_000091_000019_leftImg8bit.png,gtFine/train/cologne/cologne_000091_000019_gtFine_labelIds.png,5347fe5ca3eb4b3cdf71fbef6ef62289196652ff8811f2577b6439c1c56a5a5a,8f9891d0a4d2364c3eaa7532a8427b9dcb398e7bc47f58f88cdca6b674d0c9b6
leftImg8bit/train/cologne/cologne_000092_000019_leftImg8bit.png,gtFine/train/cologne/cologne_000092_000019_gtFine_labelIds.png,9089bec9abeed2ede10efce8d66c516c53c53559beb6e3526039e99c82e4883e,567fdf8162995e5b64590d8d3aae7d6d9f49066a4ef4c32e0b26379b2d2de75d
leftImg8bit/train/cologne/cologne_000093_000019_leftImg8bit.png,gtFine/train/cologne/cologne_000093_000019_gtFine_labelIds.png,85f7c830bce664149ab6916f1d8dcd85ecff4f26a5abfdb9f2025541e3cc9fad,879f22654ddc2941e1ad2f9bda2ccce81f6f906bf2e6e52d052ce9687097acc1
leftImg8bit/train/cologne/cologne_000094_000019_leftImg8bit.png,gtFine/train/cologne/cologne_000094_000019_gtFine_labelIds.png,0bb527421b55713c51782e148037e16637621ef9064d0351bec87279284b1a32,b481cff1eb5acf98ce8421c195469bc6d1eb796c9bf77df9e511dcf72f2e6237
leftImg8bit/train/cologne/cologne_000095_000019_leftImg8bit.png,gtFine/train/cologne/cologne_000095_000019_gtFine_labelIds.png,0f5b15d15e70f8160e94cf8feaef2bafab26d8ef9add20eb1ab234355b84f22d,97c049ceb581f4195b370b0fff822ec8c4b5af6cd72170bb259816353dfd3df1
leftImg8bit/train/cologne/cologne_000096_000019_leftImg8bit.png,gtFine/train/cologne/cologne_000096_000019_gtFine_labelIds.png,dfdbec7070b1fd9b6a74854a9872fd1dc89aabfe891a96cef8faab0932ac5165,975fbef011344545dd755b97f0c4b79767003b35d25d152ebc4e2128dcc41eae
leftImg8bit/train/cologne/cologne_000097_000019_leftImg8bit.png,gtFine/train/cologne/cologne_000097_000019_gtFine_labelIds.png,9053f85443f2828cacc52b121128301f8068097e6106486032ad7ffe7c74acfa,34604706468735f6f9f3c5ef47230c5bd718c5f61aad9e5c7a12e2c1b832ea7a
leftImg8bit/train/cologne/cologne_000098_000019_leftImg8bit.png,gtFine/train/cologne/cologne_000098_000019_gtFine_labelIds.png,8c12ba39506f926cf0f3fef05a7508077c33db69d211eb413ec43d2ad73ac2a2,215da6c08371c3311c96ccc64ca4a4e304a86a46575871e324733959911f435b
leftImg8bit/train/cologne/cologne_000099_000019_leftImg8bit.png,gtFine/train/cologne/cologne_000099_000019_gtFine_labelIds.png,f3754d4b39f8675bdddedbb8978103989b8556f6b9183e67f8d8e5f7c8092afa,c4b5bda9d557ac263a374639b86f394d7faff3ee97d6156e490ff739375b47ee
leftImg8bit/train/cologne/cologne_000100_000019_leftImg8bit.png,gtFine/train/cologne/cologne_000100_000019_gtFine_labelIds.png,7a9402f2e2d203d0a4ade3ccb62ff9721216a2182f7a1fff63820f79a18f89e9,2e1b2951e60ee472497d7aa59409d5d7a342c835dbbb28add3f7ee5bf0107f55
leftImg8bit/train/cologne/cologne_000101_000019_leftImg8bit.png,gtFine/train/cologne/cologne_000101_000019_gtFine_labelIds.png,c35b6fe6cdf690a2865ba6729d2412d02c8db378383d8fbc14536bdf62391167,d42f634927323478e2804a3c3f910e20a4875a2b2cc68f7d72cf811f28614899
leftImg8bit/train/cologne/cologne_000102_000019_leftImg8bit.png,gtFine/train/cologne/cologne_000102_000019_gtFine_labelIds.png,54348f4b1b4c2de267919400ad2ffc6bdbbc46e19294ccd404a5ec89a90f46a6,9ea0a79f51088af271099c37c949703084b71a80b0c75b99eee6f328c51629ab
leftImg8bit/train/cologne/cologne_000103_000019_leftImg8bit.png,gtFine/train/cologne/cologne_000103_000019_gtFine_labelIds.png,ef093a002da7f1607316feac0e2777900c98e305b406dc8119b607dde86baef0,f0dc9c779f5cf9816f8603587d051acfc8eeaedc5fac25a5899eda1b47655169
leftImg8bit/train/cologne/cologne_000104_000019_leftImg8bit.png,gtFine/train/cologne/cologne_000104_000019_gtFine_labelIds.png,70642e4aaa8db4172ab577021ac1d6117838326265df54e674054305a4108259,628b69623445ce5850ed1a4d176c83572a99d3544d3949c52a7d6c5ac38b82f7
leftImg8bit/train/cologne/cologne_000105_000019_leftImg8bit.png,gtFine/train/cologne/cologne_000105_000019_gtFine_labelIds.png,d24a85caaf257e15b1e67fd3e2fb67fda4e0a63be2fdcfdaf92d3e2287f4af65,9eeccf7d9fe062e8b10ce22d50811f467ba9102164062d907a924d0669c1bb1a
leftImg8bit/train/cologne/cologne_000106_000019_leftImg8bit.png,gtFine/train/cologne/cologne_000106_000019_gtFine_labelIds.png,8d9020b490f2f007a06b65a74dcc52b691061acc0a5c5de27e175e78db78ed59,0ec9fc1c4d0a3c8e2ec52cc95137ca33031c530bf097747444ca4e583fa342f6
leftImg8bit/train/cologne/cologne_000107_000019_leftImg8bit.png,gtFine/train/cologne/cologne_000107_000019_gtFine_labelIds.png,82b49d41c11584d5d3dd2880ae1d3d57332571a53c3e0bd002a557111eb92ab0,6a50c503150f13882e175eda88bf2b53585152dfa5649d09f8d017f4cdd54e7f
leftImg8bit/train/cologne/cologne_000108_000019_leftImg8bit.png,gtFine/train/cologne/cologne_000108_000019_gtFine_labelIds.png,dfb4336a782674ba035abaf0b55e6fb843c0809f30273bd3c5f4b501e18478f5,c0959885a00ffd694f0714e7db41b24a8aa789f2287bc0fabd7654353f228227
leftImg8bit/train/cologne/cologne_000109_000019_leftImg8bit.png,gtFine/train/cologne/cologne_000109_000019_gtFine_labelIds.png,05696284347f5f507a23584c95c26c9b694cd2b6f69cf36684c7320d078ad759,3ca18676cc5c70565be503f982e0bd1c461afb6576f45dba7c0a5252709817aa
leftImg8bit/train/cologne/cologne_000110_000019_leftImg8bit.png,gtFine/train/cologne/cologne_000110_000019_gtFine_labelIds.png,21b9499511cf548fdb4ff4388793a0841a792821e8790c295778ff5af98e012d,8eba0490e27edc764a6c22a054d6049173ae29551e3a5fb30cc2e3676438d8b3
leftImg8bit/train/cologne/cologne_000111_000019_leftImg8bit.png,gtFine/train/cologne/cologne_000111_000019_gtFine_labelIds.png,18be400c8b9d15208ba1b666eb8d296b41b6dfd92af55dfd674200a620571c49,748d32dd8e446e40ebac02399d56ce299f0e3efe20a81f4631bf38aa8554dbef
leftImg8bit/train/cologne/cologne_000112_000019_leftImg8bit.png,gtFine/train/cologne/cologne_000112_000019_gtFine_labelIds.png,d82790bcebab0171096289f585472141e22c11b1ff7663fd60af35d75285e921,db02e39b3f09f3484c1a94cd2ee9c9fcd15de2b4b16176b0466f169ad09d67f8
leftImg8bit/train/cologne/cologne_000113_000019_leftImg8bit.png,gtFine/train/cologne/cologne_000113_000019_gtFine_labelIds.png,d9bb4844d245602dbb3c9b79d58c6535c62567ecdf55baf6f8ad59cde3bd6f14,0c04b4e4133a4385bd8d77c0e5389a0f46b833f9838f15b808c5af98f2cad6a0
leftImg8bit/train/cologne/cologne_000114_000019_leftImg8bit.png,gtFine/train/cologne/cologne_000114_000019_gtFine_labelIds.png,393ecaec53fc1956d97639e4f0ecff5350993a5e0ae71cf8fd356b52c96ca4a2,31378f6f80c3ea3f92f05c23d16201525f214b24271084d7325a2978d4c017b2
leftImg8bit/train/cologne/cologne_000115_000019_leftImg8bit.png,gtFine/train/cologne/cologne_000115_000019_gtFine_labelIds.png,fb01fa20bae1743cc7767292491bfbc476c99f44b6203e2a03347d0ff6c4fe53,1438b9f38dea2d939807838026460c89d42c92f0cf33317f441c55d50d2ccf30
leftImg8bit/train/cologne/cologne_000116_000019_leftImg8bit.png,gtFine/train/cologne/cologne_000116_000019_gtFine_labelIds.png,be53bb68eb8bca1572d55b7c8eb587b051b0926a54880c1ca4f1487d443cd508,b1559b3a0764941a158ec45b3867d8ef238d4d67c6cb6e313f738df60a85dd78
leftImg8bit/train/cologne/cologne_000117_000019_leftImg8bit.png,gtFine/train/cologne/cologne_000117_000019_gtFine_labelIds.png,7986a7f03c74bd8b922302f60bca6bb945a7799ca166f41bd8e260859cfee54e,a7a511ee005c1e80becabdd0e48fc095a095bc0ff245311c7420f6053d09ef75
leftImg8bit/train/cologne/cologne_000118_000019_leftImg8bit.png,gtFine/train/cologne/cologne_000118_000019_gtFine_labelIds.png,4d28f504959c1dd072e6753d56843f69b0f11d999903e36619ab4bb3e05fa422,04cb8be9f866bb6516c0b44a6624325586767580022097fa9cf7e940d9f52641
leftImg8bit/train/cologne/cologne_000119_000019_leftImg8bit.png,gtFine/train/cologne/cologne_000119_000019_gtFine_labelIds.png,54ba05377f3e3650654cbad9be3a6ceb5fe7e6f23afe0479f3fb490f4c33aec0,fc9ff6764816c21fa9196eb74a60e108aab73b65c42aaa09829e9c71f9979aed
leftImg8bit/train/cologne/cologne_000120_000019_leftImg8bit.png,gtFine/train/cologne/cologne_000120_000019_gtFine_labelIds.png,75b83cc8404fe5b92e79db81d2443dbf6c6545091fe918eaa7a4a10fbeb0c9a1,e500df3269c2d0f6dcfa93dd6bf982ff16dc509c92b4ee5c6158432e062e5cb0
leftImg8bit/train/cologne/cologne_000121_000019_leftImg8bit.png,gtFine/train/cologne/cologne_000121_000019_gtFine_labelIds.png,b80f9e3ab14b04c182d8c354541d88ca3eb448150fde3e405f901e94441add38,bbaff133d32c7ea5a3928261a1994d66654635ace99d00ccf9e758df62b20f4c
leftImg8bit/train/cologne/cologne_000122_000019_leftImg8bit.png,gtFine/train/cologne/cologne_000122_000019_gtFine_labelIds.png,d70189dc6a76d4010e456bcf93a3a4bc97e0a6461c8ecc315ec89cd3b71080bf,e76840feab2a7c636d93d1266a9ae33f44c2fe91c82d40b860da8355f447a951
leftImg8bit/train/cologne/cologne_000123_000019_leftImg8bit.png,gtFine/train/cologne/cologne_000123_000019_gtFine_labelIds.png,97b74b4f301e9f680b93636486d67de9d7fe4034214588c95f168c2236b38af6,f09e834d0c6239552ca810e5a98dfcee24b51cb4682e4f9f30eb5093dde48699
leftImg8bit/train/cologne/cologne_000124_000019_leftImg8bit.png,gtFine/train/cologne/cologne_000124_000019_gtFine_labelIds.png,9ae4150d3558698b77287bd78cc03ea8136023c5fb847ab3428b3b9698257a59,6d12226ed2453ca769b80a5ae5b5ed55a4cd3604b71fb46e0d3b7ba9dcd8c67e
leftImg8bit/train/cologne/cologne_000125_000019_leftImg8bit.png,gtFine/train/cologne/cologne_000125_000019_gtFine_labelIds.png,b59248c1d018c1cf7a15ed70ee4910ee36389b64f3c8ac2e72e227e36e925c16,430f19f967d2538180a0526137e9b327ec86adc56a91437029d5536e55ae4cce
leftImg8bit/train/cologne/cologne_000126_000019_leftImg8bit.png,gtFine/train/cologne/cologne_000126_000019_gtFine_labelIds.png,01e5309233e5b81ede42879df0381738dd7e4547b59b304655016e40e38cd51f,aa6aa50e7ed7f772ac487b6f8daac47b34953e00b51b8097ef5db33044e8a0af
leftImg8bit/train/cologne/cologne_000127_000019_leftImg8bit.png,gtFine/train/cologne/cologne_000127_000019_gtFine_labelIds.png,80cefaf23a992754cb428f7e3e6e3467653cba77c4f7d4afb0791d1e78d32ba5,aedcb4e3890f39a739d63ae2b4b15f2ee3664536f1478c0d08a998425f894c05
leftImg8bit/train/cologne/cologne_000128_000019_leftImg8bit.png,gtFine/train/cologne/cologne_000128_000019_gtFine_labelIds.png,7968b6e7932865f87e675a523f6f237024b1cf82cbb285cc822e96bbe8becec2,8f5eea103c49e67bf85dfe6917c83902e212e24c61f2de76b7f0fb267504c7b7
leftImg8bit/train/cologne/cologne_000129_000019_leftImg8bit.png,gtFine/train/cologne/cologne_000129_000019_gtFine_labelIds.png,d2ef3f46123a06e2c6d974d6c437dfe09313760c1b4778dd99ff59f523cdcb01,c7ae5542d3383a132559045111e21e99e885e58be6aa3ae71fa9827871ac09b0
leftImg8bit/train/cologne/cologne_000130_000019_leftImg8bit.png,gtFine/train/cologne/cologne_000130_000019_gtFine_labelIds.png,cd2cfe83cfbe28c8eb746de163ef4dbfc9002c35e3dc07c29338a2e3c84c4f40,89829177211eee15fe757dcf506fa466d58baa3383e5cf4326539802219da370
leftImg8bit/train/cologne/cologne_000131_000019_leftImg8bit.png,gtFine/train/cologne/cologne_000131_000019_gtFine_labelIds.png,066c19fa97281fe8a59ac91ba564422a04bc486cab0e08643296834d00296c5a,935e2ed8db823cea33ad248f9ca7ad86d66ce9bc566f376473e6d562f28f7e01
leftImg8bit/train/cologne/cologne_000132_000019_leftImg8bit.png,gtFine/train/cologne/cologne_000132_000019_gtFine_labelIds.png,2febe85ac05b24d32b17029b875c7f992ef34837219193b847b0610d75f053b3,62ebecf5e97498316186b44f5cba49aa2892b774396817c343a101cb618e5f46
leftImg8bit/train/cologne/cologne_000133_000019_leftImg8bit.png,gtFine/train/cologne/cologne_000133_000019_gtFine_labelIds.png,cef21c2514578f95802d29c2d041d72fa5a1729b4f8123b8d68c9869d1cae070,69e2928e6ef14adfe160140b3acf3e7284a3374512a58d617a173b10d4560965
leftImg8bit/train/cologne/cologne_000134_000019_leftImg8bit.png,gtFine/train/cologne/cologne_000134_000019_gtFine_labelIds.png,ae77d59ec7d1fef26794d6ad128d12243307084d6ff6763b4ef29f6d89a5f963,40f18127aa8e7c866232eab0902a2a608f04f71d790d028c0a8949585c5ffa51
leftImg8bit/train/cologne/cologne_000135_000019_leftImg8bit.png,gtFine/train/cologne/cologne_000135_000019_gtFine_labelIds.png,bfbe6303009dace580cd88f093ec52270b71d8133e941c102c73ec282541f3e7,d038e6d7534df57714adcb7b24df118dafa34881a928089bc0ebd91c1ee6d06f
leftImg8bit/train/cologne/cologne_000136_000019_leftImg8bit.png,gtFine/train/cologne/cologne_000136_000019_gtFine_labelIds.png,fb15b85d533559b1a7644cc2e11efd165d491e5cb14fd7c94e48f454fc71458e,2a4a93c75dc4919dabf2d4ae91e03b6b22db00060d94c5e7f9a5d6562168f6ce
leftImg8bit/train/cologne/cologne_000137_000019_leftImg8bit.png,gtFine/train/cologne/cologne_000137_000019_gtFine_labelIds.png,13e3ba9ed3681553e1fd22505734420c7b4eea9389a311be5d909277adc6bc0b,7281e45f2b11ddf39b558190880b00d2c6880b1e98408de76f2338b767e80194
leftImg8bit/train/cologne/cologne_000138_000019_leftImg8bit.png,gtFine/train/cologne/cologne_000138_000019_gtFine_labelIds.png,403b24ce9188e4eef8735846f82f03da410c4709a254807021773400e1c5354d,8e4ae3ec40cb039dc6218e55d44221287d2d621f2c949351663027e00bf2d23d
leftImg8bit/train/cologne/cologne_000139_000019_leftImg8bit.png,gtFine/train/cologne/cologne_000139_000019_gtFine_labelIds.png,e2a71564edb8bb6bc5c307862834d9a0b4b2d28755dbc99b1b9fc1f4b7192e55,4e0596195865d9496a76ced835c08d55b6cf44fa3ff5e9b00530ffa868d6a6e0
leftImg8bit/train/cologne/cologne_000140_000019_leftImg8bit.png,gtFine/train/cologne/cologne_000140_000019_gtFine_labelIds.png,cc3357a23d327b76eb270e250499b46cb60765f29496213e843ee494f4c9a7e2,ab6a8dd7c3b899486888712b84731c41841ea17f14502b95ffeceb9fec972d0d
leftImg8bit/train/cologne/cologne_000141_000019_leftImg8bit.png,gtFine/train/cologne/cologne_000141_000019_gtFine_labelIds.png,a7acd0796aa82cec199b200295e86cfc42e092cf0687be5a006f9b0a38bbb252,d706db9ba9b740897cd319fb78935a6220c25f3e50aecbb1b865afb3c385223b
leftImg8bit/train/cologne/cologne_000142_000019_leftImg8bit.png,gtFine/train/cologne/cologne_000142_000019_gtFine_labelIds.png,de1b290a2a077fed372fc83e4f45ca88b172c1e6089c6a0982eca3f6d094ac53,b0825ad5e99f05b8957783144800e0b51ece9a6b37a2eb54b3b6275ba1ab138d
leftImg8bit/train/cologne/cologne_000143_000019_leftImg8bit.png,gtFine/train/cologne/cologne_000143_000019_gtFine_labelIds.png,29df4a9f1ee2032b50c8fde7fb5969b187ce9a29040be24a60a78f25a8e29f80,efd2e33a0e7870023b7ebb2bbcec789de10c16986f5919063547f72fe2eb6f8b
leftImg8bit/train/cologne/cologne_000144_000019_leftImg8bit.png,gtFine/train/cologne/cologne_000144_000019_gtFine_labelIds.png,a0f4919173946e481232cffb484fa6b69268ce65f0f34f9d8a6dc1161205cee5,78e859eeb126d60c9ac0ad7a3eb845d92c4333db4848771dee860f72ee94cf8a
leftImg8bit/train/cologne/cologne_000145_000019_leftImg8bit.png,gtFine/train/cologne/cologne_000145_000019_gtFine_labelIds.png,d8e4e9be07d21770614c6be8d965135f4ab01c4b417908ded3269f16df791a7f,75ce8301ab2a2bb26879e4e8fcc8d93b98b47f8781290b663be1160acc55cf02
leftImg8bit/train/cologne/cologne_000146_000019_leftImg8bit.png,gtFine/train/cologne/cologne_000146_000019_gtFine_labelIds.png,f18a441deac05c9717a659671f96400927e23db09c7577c728d70028591d73d6,7ba63487ed181c4e3c42c01612c36043c728cea4bd0620c9c49498c4920caa58
leftImg8bit/train/cologne/cologne_000147_000019_leftImg8bit.png,gtFine/train/cologne/cologne_000147_000019_gtFine_labelIds.png,e186d375b2d7d8f0adda03c190b2ee49ef6297e439e9e068f955d9aecbe190b5,d737c431f64628d36bad4bb8874205413ff342a9d92f33ec5ba2c40eef649d22
leftImg8bit/train/cologne/cologne_000148_000019_leftImg8bit.png,gtFine/train/cologne/cologne_000148_000019_gtFine_labelIds.png,0d3d128f51fc5b91be999902cf91710ea982791df905de4a2c546a90780e4147,9b9b2ea6e755c4dee6ea6caf6469ad8b753453befc783d6df70665d20fb1056e
leftImg8bit/train/cologne/cologne_000149_000019_leftImg8bit.png,gtFine/train/cologne/cologne_000149_000019_gtFine_labelIds.png,9db70971139fedcb34d2bb92e03231ab83a54361ad5d26cc3016b6a8f93a8d6f,dc0bada0163a249253c888e23c0ea24118cf300221fb34e21a7bb22dd5f412a8
leftImg8bit/train/cologne/cologne_000150_000019_leftImg8bit.png,gtFine/train/cologne/cologne_000150_000019_gtFine_labelIds.png,45556f6f33241694f70a8c70a8694f19be91c02be13aa849a889c600ca2d2bc8,140b30d5cfabc7b936805ef61b6b3525bf0d655952502ff1ebd750376b100286
leftImg8bit/train/cologne/cologne_000151_000019_leftImg8bit.png,gtFine/train/cologne/cologne_000151_000019_gtFine_labelIds.png,fbc8b105bc40acfaf661e9afdd7002e970a386875346cfa3b07638b4925c3b4d,06189266f606ac13ccea96a7b79aa11568905064fe7e1433cf0040daa321393a
leftImg8bit/train/cologne/cologne_000152_000019_leftImg8bit.png,gtFine/train/cologne/cologne_000152_000019_gtFine_labelIds.png,5de6afa1c345e87bdae372374d98dfbb2551567c4769ede6d58fb6e0b23a5a3b,ca6db0c92c082b3c11f9517364f428283428298410eb6fc8d9cc9f00fff69d57
leftImg8bit/train/cologne/cologne_000153_000019_leftImg8bit.png,gtFine/train/cologne/cologne_000153_000019_gtFine_labelIds.png,7cf0a2add3a4786d0cbb78cc49ae9a7aa7df79b6b778553b659fd3942b405919,097d44a0c48c2a1d0356873b3823691b346b0f24eb45721c9765ad23c4072893
leftImg8bit/train/darmstadt/darmstadt_000000_000019_leftImg8bit.png,gtFine/train/darmstadt/darmstadt_000000_000019_gtFine_labelIds.png,f896b43d54f80ca6dd17f1535d24c0b5faa73931084c12f66a33efa8c322b1d9,cdb4accbef3d2cfc515bcf64e626731c580358ba9fbcdf1ac77434cfd02c1228
leftImg8bit/train/darmstadt/darmstadt_000001_000019_leftImg8bit.png,gtFine/train/darmstadt/darmstadt_000001_000019_gtFine_labelIds.png,b09661ca62e30334fcbdc1de9e9f07b8ec8cf2b24d3e9797e66ecc59e5a9356e,1e33ac5dacbd4ea54b6609f291cf86a9ce70bed534b742e2bdf3294625bbc447
leftImg8bit/train/darmstadt/darmstadt_000002_000019_leftImg8bit.png,gtFine/train/darmstadt/darmstadt_000002_000019_gtFine_labelIds.png,b391c2d16e9177ba151d364efa2cd2e5d31ecb397363d962b00319e586c853bf,fe1081850ef47489d5256924ccfa13a6736719673221260c1ff36ec5a2f035f1
leftImg8bit/train/darmstadt/darmstadt_000003_000019_leftImg8bit.png,gtFine/train/darmstadt/darmstadt_000003_000019_gtFine_labelIds.png,2ddd4f3eae34e0bf0de49a1563879b9d38ef26602f0a1392e0fbb921701b8401,7f1b84f33db34e805fb080645bf4840e4518a3ab601eaaed7260cff4b2ae0d51
leftImg8bit/train/darmstadt/darmstadt_000004_000019_leftImg8bit.png,gtFine/train/darmstadt/darmstadt_000004_000019_gtFine_labelIds.png,e25102e75e83e7e9d8944173f4eb2cab95363883916f087dec31b619802d2008,a6e42481606cc51406c807063f5bd01b0dbe5be52df17e0c8eb8f72f7e5a6d17
leftImg8bit/train/darmstadt/darmstadt_000005_000019_leftImg8bit.png,gtFine/train/darmstadt/darmstadt_000005_000019_gtFine_labelIds.png,81218623d6c96f0c1e7b6692c744b9470746b89def8962c522c817ae17cf3b48,ec8e0c060a7a2ff0d1f7e4ff54b060774213ab4a5c74bf2b5e5f82aa2d5d7209
leftImg8bit/train/darmstadt/darmstadt_000006_000019_leftImg8bit.png,gtFine/train/darmstadt/darmstadt_000006_000019_gtFine_labelIds.png,c62a34dccbb2d12da7a1411875d576837ea26cbbcf6970c9e1380bd6a8a76b52,c8e25ea1b676cb90b613ef710c0ea08c83cffc8d6e372ddb213763350131fded
leftImg8bit/train/darmstadt/darmstadt_000007_000019_leftImg8bit.png,gtFine/train/darmstadt/darmstadt_000007_000019_gtFine_labelIds.png,75f30bfe5359f051bc97a626f97cb289ffa79ab59f814cd79bfb57a72f16153e,71f8484801bb4156e3a1261174db31ccd2bb61003c4edf60849bfb682a36cea1
leftImg8bit/train/darmstadt/darmstadt_000008_000019_leftImg8bit.png,gtFine/train/darmstadt/darmstadt_000008_000019_gtFine_labelIds.png,93e6e5759e81205ff852a8cd6d95bfc729a4e6443b34b06360a75c062c89e9e2,0fa0cd4f8a2330d009fa2269ba69335fbf88c37a9abd9ae7dfc36a0230889689
leftImg8bit/train/darmstadt/darmstadt_000009_000019_leftImg8bit.png,gtFine/train/darmstadt/darmstadt_000009_000019_gtFine_labelIds.png,eafbbe34ad752e249fe5cb73c67d229da4e4509da341f89e6ac9cbee4606756e,8b12c0ddc162422763417d0bde431f0c9f0d44301cdcf40c30f16ec3c11bc0c0
leftImg8bit/train/darmstadt/darmstadt_000010_000019_leftImg8bit.png,gtFine/train/darmstadt/darmstadt_000010_000019_gtFine_labelIds.png,4e849e6f5df367a2f2d54161ff6427b714571e2df5be626954b9386718c27ba0,5282fc3940781a6f4158169766455e4439058a82142460cfd92049942c1c3c10
leftImg8bit/train/darmstadt/darmstadt_000011_000019_leftImg8bit.png,gtFine/train/darmstadt/darmstadt_000011_000019_gtFine_labelIds.png,926a50801e6eec4c2018ec0c5813eae9a53f9c008f0bd0478da1b6ab2020d68a,720e2b8ece0b744330b02ac54edbf966f5e5df754e2dc39ef8d1c3e9309329c8
leftImg8bit/train/darmstadt/darmstadt_000012_000019_leftImg8bit.png,gtFine/train/darmstadt/darmstadt_000012_000019_gtFine_labelIds.png,5c5d25c128d569c4186e2f1e766057bf11476949646dfa9b5fbf183f0d3eda65,cd6cc82c1467da314e30bfc6dc14d3f69b08d23323ba404478aaacffaac75e58
leftImg8bit/train/darmstadt/darmstadt_000013_000019_leftImg8bit.png,gtFine/train/darmstadt/darmstadt_000013_000019_gtFine_labelIds.png,1add60114b06e58c63645a57719c84d41f45ace7d54e1e08473d9f20ec5858c3,60e554b73b96aeea499c13b51e9601464de968f74cb617c692a321182dee6e3e
leftImg8bit/train/darmstadt/darmstadt_000014_000019_leftImg8bit.png,gtFine/train/darmstadt/darmstadt_000014_000019_gtFine_labelIds.png,c536bcbe022b26bfa7cf4d61f6948aa8f2117f06e17a725fedeb54918c35ebc2,e9ca898275992f9c52f9ba18eef723d5efbcdc5ee3e8ab2b910a4c40d2802702
leftImg8bit/train/darmstadt/darmstadt_000015_000019_leftImg8bit.png,gtFine/train/darmstadt/darmstadt_000015_000019_gtFine_labelIds.png,7f0717a8896db246078e167cfffddbf5ff8236bbcabf01e4a47f96d755e84a75,8b3819319b828a30f4a1d9cbc386616e6f61a2ff8ad2cdbdf2f11c9b3026b2b5
leftImg8bit/train/darmstadt/darmstadt_000016_000019_leftImg8bit.png,gtFine/train/darmstadt/darmstadt_000016_000019_gtFine_labelIds.png,c3c4c5d8dc60e39ebf75e997cdf8690b020f8edef4cb2329d093256e11aff4fd,d8e7a3507cb03e4d29aff45e00e2788d9af5681caf6bf97b70a8dc8fd7f4ce58
leftImg8bit/train/darmstadt/darmstadt_000017_000019_leftImg8bit.png,gtFine/train/darmstadt/darmstadt_000017_000019_gtFine_labelIds.png,2c3cdf1be1b8ac866b156809a3ceef6d1e84a28d0d48c68df49e0732e3b05151,1afbce239e74f1db63668a8ceff3887b5930672ec1f5f561a775680bf5413ab9
leftImg8bit/train/darmstadt/darmstadt_000018_000019_leftImg8bit.png,gtFine/train/darmstadt/darmstadt_000018_000019_gtFine_labelIds.png,28864bba79babc057964cee25b12599d0543a08f33a4ae86b362e06251db4551,523fd71e5f1f16e44664a26d184ddd053bf7626ac03124747872ce35f35ca16d
leftImg8bit/train/darmstadt/darmstadt_000019_000019_leftImg8bit.png,gtFine/train/darmstadt/darmstadt_000019_000019_gtFine_labelIds.png,f19137aab8ccd7f5e693c3d4ec5775dd9328cf00bf91af73f353da69fb4e488a,a721d22cdc55be71b068f0cdeb52ee013def169cb8f404af64c685e108feb52b
leftImg8bit/train/darmstadt/darmstadt_000020_000019_leftImg8bit.png,gtFine/train/darmstadt/darmstadt_000020_000019_gtFine_labelIds.png,c4ff543c1a362bf92d9a22e328ec3173e6954f5088306117f9d0acb8b65a1c38,37cf9c84dd3be5e06b36cc0fc4373d625a6fdce4071bdab5b05202dfe6a3a6e7
leftImg8bit/train/darmstadt/darmstadt_000021_000019_leftImg8bit.png,gtFine/train/darmstadt/darmstadt_000021_000019_gtFine_labelIds.png,2d46569c3bc9880f4a0b3b7dde923f7fd134f8cf98a3e9c5c3a4883451190636,b930589732a282eb89bbda229e85721f34d3a1d31f96d931fa396021a80f82e1
leftImg8bit/train/darmstadt/darmstadt_000022_000019_leftImg8bit.png,gtFine/train/darmstadt/darmstadt_000022_000019_gtFine_labelIds.png,c6cf7901fa4b17886afa137872c9e68772fd0156529be58c58b9612fa36df954,edf6c4e337d98ffce618af3cd6505c6d7b3a102b804cb7cf883482523c63620d
leftImg8bit/train/darmstadt/darmstadt_000023_000019_leftImg8bit.png,gtFine/train/darmstadt/darmstadt_000023_000019_gtFine_labelIds.png,22fbef13c7d3727149d33bfc0aa10d82c6ea86ef2a320dc9ba83248a24ee2231,a7f42e46eaf661ef92889e8cc28f2cc00e7bbf03ad2778022c49c1df6066de86
leftImg8bit/train/darmstadt/darmstadt_000024_000019_leftImg8bit.png,gtFine/train/darmstadt/darmstadt_000024_000019_gtFine_labelIds.png,6f2f0dab9083503c926f30ba448b581f620d6a2743799db3bfdcdcd47a7fb841,735c62107d6eea5f6704ff99764bc268a4e85b7db9799f8439db0d17a10ed2c6
leftImg8bit/train/darmstadt/darmstadt_000025_000019_leftImg8bit.png,gtFine/train/darmstadt/darmstadt_000025_000019_gtFine_labelIds.png,0431e25dc40278b92de40988dbf6ca6c56282130653c3d6f0c9f1734881e39a7,190b730444223cf3946b302bd438ed95886032d4770b3e45d8f2b5420f256cab
leftImg8bit/train/darmstadt/darmstadt_000026_000019_leftImg8bit.png,gtFine/train/darmstadt/darmstadt_000026_000019_gtFine_labelIds.png,c3e5fa94706c23466d0f8ba3751acebbf759823e009183598fd42880d79a37ec,05a2a8301b649f30082284f8069a017d4b42e772e0c9c06309e07f762ff25ccf
leftImg8bit/train/darmstadt/darmstadt_000027_000019_leftImg8bit.png,gtFine/train/darmstadt/darmstadt_000027_000019_gtFine_labelIds.png,f27b22a5c9789904cd14865d80fad5fdb393e87a18bfffe077c1ff716183d3f0,d6b8d9ddc0003e96a71b3a6f7f91918006a9710d63d12182d68e0905ff821413
leftImg8bit/train/darmstadt/darmstadt_000028_000019_leftImg8bit.png,gtFine/train/darmstadt/darmstadt_000028_000019_gtFine_labelIds.png,9ec393fef29278a8e9b48b64f19fbaec2df3bfc892fc3d801a3360de7fddf38f,df619de59f4f6d49f4cb509da5f18d539a1d89607e05e0ac29bd4044d897bf83
leftImg8bit/train/darmstadt/darmstadt_000029_000019_leftImg8bit.png,gtFine/train/darmstadt/darmstadt_000029_000019_gtFine_labelIds.png,0cfae43284445f689c542372379c5becf2da12e48f05d6fb8110921d409830ea,4a5c80e74e324db26d01aefeb212649accc20da82a616bdeb49e19e0b974522b
leftImg8bit/train/darmstadt/darmstadt_000030_000019_leftImg8bit.png,gtFine/train/darmstadt/darmstadt_000030_000019_gtFine_labelIds.png,212a7090e200e862834c3889f20b4e817a4670c7e1ceaffc2d8a9f3a02f804db,4bde5abbeda742b621fcc9ad450d02db2724a7b98e32ed859228b055cb5b7c05
leftImg8bit/train/darmstadt/darmstadt_000031_000019_leftImg8bit.png,gtFine/train/darmstadt/darmstadt_000031_000019_gtFine_labelIds.png,fcd8dfbba240cde9e542d29404da0e757f9043495ee5600c7e572f903f7758ca,c32d3f3159dbf51d7ca438799fe12efc813e5380dcb6aaad5b6148f85e8636ec
leftImg8bit/train/darmstadt/darmstadt_000032_000019_leftImg8bit.png,gtFine/train/darmstadt/darmstadt_000032_000019_gtFine_labelIds.png,56f13c6c34b8fad291d3a43ed9c809f4446467e7849d1753f4bdc375a81a4011,6455b87bced4e29b2e2877294a66c59df4729f0fe3edea9b44981deb25b0f76a
leftImg8bit/train/darmstadt/darmstadt_000033_000019_leftImg8bit.png,gtFine/train/darmstadt/darmstadt_000033_000019_gtFine_labelIds.png,9e1a598e7b378e6bcd3b7d748be8a7738a159794f5e3010487c1a3182603d577,9fe9ec7a772beb3fec10454ea7ef07c25a85c5fb73e9f8726284545deb34163e
leftImg8bit/train/darmstadt/darmstadt_000034_000019_leftImg8bit.png,gtFine/train/darmstadt/darmstadt_000034_000019_gtFine_labelIds.png,15929d74375b6a0a8ce0173919bc87aab5dd36a45255b07da820b019f1bb460b,b3e908fc3698f42f671cd0c3df4bd6cf48160df9d369eb07e7e5a1ecb2839051
leftImg8bit/train/darmstadt/darmstadt_000035_000019_leftImg8bit.png,gtFine/train/darmstadt/darmstadt_000035_000019_gtFine_labelIds.png,c3870a8a7438df43ba7ef371378e7ede1bfa5ff4580acba079d6a54eaeca42ad,1f4a17cae4d82ad037f8a9489b3e94d58dc2614c44213d8fcd8bf24df3a10d40
leftImg8bit/train/darmstadt/darmstadt_000036_000019_leftImg8bit.png,gtFine/train/darmstadt/darmstadt_000036_000019_gtFine_labelIds.png,30e542195cf6d08d6b427e65e9419a9527d8051128beeb2b0b590b31a24b30f7,dec8754eee64b2e68dc8f833f81f8dfd717ec8d475206e706f2e24f34b57a896
leftImg8bit/train/darmstadt/darmstadt_000037_000019_leftImg8bit.png,gtFine/train/darmstadt/darmstadt_000037_000019_gtFine_labelIds.png,57e5e573bc467eb7a1be0ff6c7290a2429b537c1ff5b532c79d3660147eff2c1,b7b2cfbd3e3c59b477807acf9e7576389dc255a8f2dba63bacb1a13aea1871b9
leftImg8bit/train/darmstadt/darmstadt_000038_000019_leftImg8bit.png,gtFine/train/darmstadt/darmstadt_000038_000019_gtFine_labelIds.png,ef8dfa9b505860fdcdae62a0e80568f749d31b9f1baad0dbfec66b3426f8d55a,2c611c0a0b863a71a194e0bc55bb1a4d806d5e142558a1d3fcf4167439fc555c
leftImg8bit/train/darmstadt/darmstadt_000039_000019_leftImg8bit.png,gtFine/train/darmstadt/darmstadt_000039_000019_gtFine_labelIds.png,092ee819a2f4b63ecc4de0da1460ce93c3a98b314d54e24e8fdbdbdb682c4396,81eb9a56755156ce078d3af3b74b5e991029558f54a003feb18d3c722530b27a
leftImg8bit/train/darmstadt/darmstadt_000040_000019_leftImg8bit.png,gtFine/train/darmstadt/darmstadt_000040_000019_gtFine_labelIds.png,8b667ce58a3cb0d84eb24b186abad6b5158f8313a45d1081b8fc596d99417b79,264ec708dc969472e299b86d897dff5c4ff45201e115802b61ef97842b48012e
leftImg8bit/train/darmstadt/darmstadt_000041_000019_leftImg8bit.png,gtFine/train/darmstadt/darmstadt_000041_000019_gtFine_labelIds.png,b58db83c54e000df3b4c7f167cffa313aa85e811038ff2380d109520908c9783,077342cd240e1a21033bbcc383d90b3542ce6d795bc9e1f5402b3dec2eb03329
leftImg8bit/train/darmstadt/darmstadt_000042_000019_leftImg8bit.png,gtFine/train/darmstadt/darmstadt_000042_000019_gtFine_labelIds.png,d4cfa698fa0e0b2856cc60d56a6f6e4e33022e2215aa6327a6ab1a4f52124657,b687aa1ae23f31e6ab9e1179d47a31c7708cdd3f2656519e816b01697ac7cb74
leftImg8bit/train/darmstadt/darmstadt_000043_000019_leftImg8bit.png,gtFine/train/darmstadt/darmstadt_000043_000019_gtFine_labelIds.png,67de36b88f70b0097fb557115912ab3adfe3cb4f55197a4ee9aa3cab589b71bf,bdcfe401ae41fcc39fe940a0a19e5e3ad94418559332911be70a597aca5e32bc
leftImg8bit/train/darmstadt/darmstadt_000044_000019_leftImg8bit.png,gtFine/train/darmstadt/darmstadt_000044_000019_gtFine_labelIds.png,3e7233f1ab63ca4fd4500b49ec36970ab429c5e0a0b0f240c273f651e10c5959,bad59db61aed3822b324dec2236068f0d4596123a9607a8a2ffe6819155e7c3f
leftImg8bit/train/darmstadt/darmstadt_000045_000019_leftImg8bit.png,gtFine/train/darmstadt/darmstadt_000045_000019_gtFine_labelIds.png,83e196bb5270e2f80ce39626363c439e05b324f559d94bb1d622e6ea161a423c,77c31bd636dca0b3576afacd9ab887c222f4fc029b2b7f48bf55362c45d91285
leftImg8bit/train/darmstadt/darmstadt_000046_000019_leftImg8bit.png,gtFine/train/darmstadt/darmstadt_000046_000019_gtFine_labelIds.png,17e8ed7c244810456c3453e9d581b760ab179ab4c7ce451cdc14dc519c737290,9ccd41c31ecc972ca5cb02d0c194ca2931dd0b887a4f1353d7bb598018aa01e8
leftImg8bit/train/darmstadt/darmstadt_000047_000019_leftImg8bit.png,gtFine/train/darmstadt/darmstadt_000047_000019_gtFine_labelIds.png,bc45fb70750f97795d1bb732e6a10354f34feb0726cdb0f4b488e4d21b994fba,710a34e5f17dd64136baad3c15275618c540fb710cef25170ffb8d420518d509
leftImg8bit/train/darmstadt/darmstadt_000048_000019_leftImg8bit.png,gtFine/train/darmstadt/darmstadt_000048_000019_gtFine_labelIds.png,4c995857f2a19d07faa315af62e20ebb96460833fabb5e567823d9914f1637bb,8cc14134da8673455e15f4de1ec64aa2b046709c0006ba409ca3022a24e773df
leftImg8bit/train/darmstadt/darmstadt_000049_000019_leftImg8bit.png,gtFine/train/darmstadt/darmstadt_000049_000019_gtFine_labelIds.png,26f89c611d254f8b6218505c027e073d1095c6ec226906130bbdb26931d2eb55,ee1748992db03a9baed2a492be3bc2a0c74d919129d26eb56279e4c80d7f540a
leftImg8bit/train/darmstadt/darmstadt_000050_000019_leftImg8bit.png,gtFine/train/darmstadt/darmstadt_000050_000019_gtFine_labelIds.png,a7ede51d5a04e1e66d5b7e17e7ec68cb9843e60087fa1454542de9cf85fb819d,0621f176a6470c8c79c044494623aecc61b56fbce56175e3a88947a6aa4fb7a9
leftImg8bit/train/darmstadt/darmstadt_000051_000019_leftImg8bit.png,gtFine/train/darmstadt/darmstadt_000051_000019_gtFine_labelIds.png,96d639fad69e097b7ff346f05dcbb8a06efe3f0ba6b20d2b39c99b497e4dac99,69e6da27fee9c18852874894a52771537cd5c9ab5e4af1e6b8a55cc06ae0743e
leftImg8bit/train/darmstadt/darmstadt_000052_000019_leftImg8bit.png,gtFine/train/darmstadt/darmstadt_000052_000019_gtFine_labelIds.png,5dd093b6b1d531719819166be06e3ef3eb7fc80741afb5ac0793fd1221370d5f,908bdd5dac4b1def91a5bc251e491cef6d6cb10b18407ae40ca4b8326b5759da
leftImg8bit/train/darmstadt/darmstadt_000053_000019_leftImg8bit.png,gtFine/train/darmstadt/darmstadt_000053_000019_gtFine_labelIds.png,d467cbe344eb76343ec986a2151db9c55ad8720075e9c68513cb9e57f2cdeef7,cf45a93b2bf2f4ff443f1c741bc0d639cebefefc13b2110a9dac7dd71665b111
leftImg8bit/train/darmstadt/darmstadt_000054_000019_leftImg8bit.png,gtFine/train/darmstadt/darmstadt_000054_000019_gtFine_labelIds.png,e44a9f33c61b287019b3b4c20c4e531ddaccbd0ac3aac8ef3a5936372b2a4c85,6c4e198162779c13055ff6075026db01de1b34e50cd6fc23c25f1ac9ce60a5ec
leftImg8bit/train/darmstadt/darmstadt_000055_000019_leftImg8bit.png,gtFine/train/darmstadt/darmstadt_000055_000019_gtFine_labelIds.png,16b08941ce77859d46e68e06b6520a4205b5d66cfa865ab4523fa11489a1ee4d,6819188fdff05d8d652f80d8340588853f1e160c1288b5e03d51cb7b4913a747
leftImg8bit/train/darmstadt/darmstadt_000056_000019_leftImg8bit.png,gtFine/train/darmstadt/darmstadt_000056_000019_gtFine_labelIds.png,b92b0cb4efefe870311f3d87dc95ac1ec4cf393cf673c2d8e2c84513d3a1c93c,33e61dd25a512541710a8b5833512a71c30d51a4b7ea74354a51f55ec9e6aa2c
leftImg8bit/train/darmstadt/darmstadt_000057_000019_leftImg8bit.png,gtFine/train/darmstadt/darmstadt_000057_000019_gtFine_labelIds.png,b45163bb58e46fb3e289ea71174f80cf1e6a572d4160942f1bd3c0e4d54d3be8,f68cbcc0c74c7857251860ddaa330df3afeceb67977a0c16e6fe878c016bf135
leftImg8bit/train/darmstadt/darmstadt_000058_000019_leftImg8bit.png,gtFine/train/darmstadt/darmstadt_000058_000019_gtFine_labelIds.png,152a76fbe3cf0cd84402d1a94b6b1ee0f9c9693435857480acbcaa2fa71a6252,a463ca1059942db920ab9ccad1a038ca63204ea17a0b7a236f36877ef7c6ca57
leftImg8bit/train/darmstadt/darmstadt_000059_000019_leftImg8bit.png,gtFine/train/darmstadt/darmstadt_000059_000019_gtFine_labelIds.png,8a7d1317632030a4349ed763d0a20856d72572bff8904dede5582df62f745ad7,17608ec0392d7cd688dd5ef15b90451cb0cf5a511b32086652839071d4214c57
leftImg8bit/train/darmstadt/darmstadt_000060_000019_leftImg8bit.png,gtFine/train/darmstadt/darmstadt_000060_000019_gtFine_labelIds.png,48c6a324dd987fbeb9964a84d52ac06a14c779ab69ca57752b0dda41c3031124,e71e8afd8bca2d1c34d2ee0d4fb52b0eec0c6eeb5f1b607a50ba42ae2484d429
leftImg8bit/train/darmstadt/darmstadt_000061_000019_leftImg8bit.png,gtFine/train/darmstadt/darmstadt_000061_000019_gtFine_labelIds.png,5f440c8092272366beb20c6562373b47b2d33ca4c5f1bcb09681856e04c7ca90,b9752b18a690febebb9c1ec63bf120b6c39afed81cbe19962816253bdce63439
leftImg8bit/train/darmstadt/darmstadt_000062_000019_leftImg8bit.png,gtFine/train/darmstadt/darmstadt_000062_000019_gtFine_labelIds.png,4bd9878c5ff77b091a01dbc08d43f7dd6e983a50af4da1cb72bc79fbe8a0875d,53f7e375f3b4ebd3972a1fcb9ba3aa57188641fc57f99c3cb9d9cdebeffe2a5d
leftImg8bit/train/darmstadt/darmstadt_000063_000019_leftImg8bit.png,gtFine/train/darmstadt/darmstadt_000063_000019_gtFine_labelIds.png,46b80702bf4a8cb4c72ca8f39dc601a779b42705a6e5f0d3a3b2df0c0f981dba,2347b0a42701840ec1e7184f92730dc62c6a70d93c043b78e610dc9474f35de8
leftImg8bit/train/darmstadt/darmstadt_000064_000019_leftImg8bit.png,gtFine/train/darmstadt/darmstadt_000064_000019_gtFine_labelIds.png,f7b0d745cbcc20d740f3ee5b963cfbe70ec7643f3913cee59ea7c8533c406293,5e20150b07897bc0cbd269139d946899c37f07fe659efe96e88a5c030a3e6862
leftImg8bit/train/darmstadt/darmstadt_000065_000019_leftImg8bit.png,gtFine/train/darmstadt/darmstadt_000065_000019_gtFine_labelIds.png,94bddfdb455ea7e8ed2edfd435ca6839828eeae401d5ba80b01138c805f6881d,cb37d286cf7a5b5a429ac61f762dc4281d3c39aa3b2a07353c33ef1a89359f02
leftImg8bit/train/darmstadt/darmstadt_000066_000019_leftImg8bit.png,gtFine/train/darmstadt/darmstadt_000066_000019_gtFine_labelIds.png,0755394ce030687b9784a2a6f9d4b8351b6298db549f74c62767183a0fb98d4c,d95119919a8bbc89b163d7b602ddb7898c610df3a700a90934f69b3c67c8a25b
leftImg8bit/train/darmstadt/darmstadt_000067_000019_leftImg8bit.png,gtFine/train/darmstadt/darmstadt_000067_000019_gtFine_labelIds.png,9d38befc529018ae7682e07f3df018806adcaa1b060305ce89ec23962ad6aa55,8c1af89c606feab172ddd2b1b35ad5242dbf9d2405e25f1c5206d6dd305265cb
leftImg8bit/train/darmstadt/darmstadt_000068_000019_leftImg8bit.png,gtFine/train/darmstadt/darmstadt_000068_000019_gtFine_labelIds.png,1b7d54030339199b65120def08536fe77216302669a2758b3ab5c675b98c6372,fc19b3cadb7586841b864f9fa7647a53aedc290e1ae1fce020d641a567a93738
leftImg8bit/train/darmstadt/darmstadt_000069_000019_leftImg8bit.png,gtFine/train/darmstadt/darmstadt_000069_000019_gtFine_labelIds.png,5f720928557ad84949c42ea18a8cce36ed9b2709ec747f3732fda1b784444e98,df7e9e257e4c37c2326cee9f1fa5e82b9dd1ec3ac679d3b6a468f5a2dc272ccc
leftImg8bit/train/darmstadt/darmstadt_000070_000019_leftImg8bit.png,gtFine/train/darmstadt/darmstadt_000070_000019_gtFine_labelIds.png,18adef0e776cbb9acec4a541c2c0f52ffac7c17b7379f8a70c718b568e86d950,0d4b4e86c285430b9c69632b09d271f9c5450784e96cb885c103e255be57c90b
leftImg8bit/train/darmstadt/darmstadt_000071_000019_leftImg8bit.png,gtFine/train/darmstadt/darmstadt_000071_000019_gtFine_labelIds.png,059e34373028ca64cefde37a238a87c2ac1537b378e2c73fb2d927e695887088,1aae1bc79e0e8959dfc426fa0b59e2210529b428190b69fee5d0b1a5b9e4e48d
leftImg8bit/train/darmstadt/darmstadt_000072_000019_leftImg8bit.png,gtFine/train/darmstadt/darmstadt_000072_000019_gtFine_labelIds.png,6308150ad652172529ee0929b88dbe1c7ecc5f863202f08426e82571048e5d92,829ed17b41a64e83eb1b86d26cd25c829d3172966f65c90fe480cdb45d638dbf
leftImg8bit/train/darmstadt/darmstadt_000073_000019_leftImg8bit.png,gtFine/train/darmstadt/darmstadt_000073_000019_gtFine_labelIds.png,ad2d70bea2ec0a45151c93da15a2cf006fa199dd61c549dafcbc115060843f51,e4f3d4eb5f4f22304a751a510ff1616d1705d5fcc389e4c00f7f073f407a7c8a
leftImg8bit/train/darmstadt/darmstadt_000074_000019_leftImg8bit.png,gtFine/train/darmstadt/darmstadt_000074_000019_gtFine_labelIds.png,c08e6dee8d9637014d7eee34f6ba37a61a187cd80f7f30b27bda58f25bc65277,219bcd84a67800b596657f72b3f5763f943a13a2af03a0c7f4310969fc2f28fd
leftImg8bit/train/darmstadt/darmstadt_000075_000019_leftImg8bit.png,gtFine/train/darmstadt/darmstadt_000075_000019_gtFine_labelIds.png,96a91b27ec8a83f7c601392ffa031d199be8688cfe1087c287ad879773d945b9,c0762fcc22189dc8618a38ef1df97e5665a7e7bcb1203fff44444dc072242e77
leftImg8bit/train/darmstadt/darmstadt_000076_000019_leftImg8bit.png,gtFine/train/darmstadt/darmstadt_000076_000019_gtFine_labelIds.png,0eb4dd7cb810c6069aeca9a5f3b4dd858814d7997b61b9527a22f26973f050c6,e0314af6f1a46951c71a08e0b5f1f7b91e056bac53c8cf1b50e3e01f331705e4
leftImg8bit/train/darmstadt/darmstadt_000077_000019_leftImg8bit.png,gtFine/train/darmstadt/darmstadt_000077_000019_gtFine_labelIds.png,6beb74234ae38a55046d6b2bcd89772eb2861e01d8c50f241e6f31285d21034c,b198b51a59fdc5a7e99eb5b0758ede3e27fa8e57da0aed668bcac096efe087ff
leftImg8bit/train/darmstadt/darmstadt_000078_000019_leftImg8bit.png,gtFine/train/darmstadt/darmstadt_000078_000019_gtFine_labelIds.png,21b839cfb3fdd075b976b90a44ef04c278b7b3f96fa469f4a7f6b55d7c46b974,26cd0b65bf7112ac3ed7f8c05c50f1c9b4c93b98ee7ff869415739417ea4286b
leftImg8bit/train/darmstadt/darmstadt_000079_000019_leftImg8bit.png,gtFine/train/darmstadt/darmstadt_000079_000019_gtFine_labelIds.png,cf3e33145373ddd1ec2dc55919a8fa8df08557ff168e789657380cd96cccae32,eb869e5bcaa7eaa3bc8c56e7fae70c72d51c82cc92a32ce64aefe0964a9737f8
leftImg8bit/train/darmstadt/darmstadt_000080_000019_leftImg8bit.png,gtFine/train/darmstadt/darmstadt_000080_000019_gtFine_labelIds.png,c3df2ed4ab79d61646df821b9728b38ff0953ecbcc7b1e94e35a79eede9ebcfa,c7bfcdc8cebdda055b2e37301c13bec68757ef2e021d1340c50c416d0162b769
leftImg8bit/train/darmstadt/darmstadt_000081_000019_leftImg8bit.png,gtFine/train/darmstadt/darmstadt_000081_000019_gtFine_labelIds.png,92465bae4ab36372c32641364339a37880c4b317c4520c6d4cae33bdb25d9b49,44af12fe38dff5a8035be8fed35b0255f7c16dc66c2e6dd3acf5c8e07951333e
leftImg8bit/train/darmstadt/darmstadt_000082_000019_leftImg8bit.png,gtFine/train/darmstadt/darmstadt_000082_000019_gtFine_labelIds.png,10be635351a566ee515be6bc3ac8a8136331747d7e0ee0b124f2d6238bf9dcfc,b6f0b42a18328a61f54613e4c8cfb48119fd79eff2e13c7acc0b28213d48e894
leftImg8bit/train/darmstadt/darmstadt_000083_000019_leftImg8bit.png,gtFine/train/darmstadt/darmstadt_000083_000019_gtFine_labelIds.png,4e443fa7033a9661af074767d73972ba627663947eec416e65aea142630c0f6e,b78c839362a65b6720715d3b0a34bfade01ffed3e9bac544ccedf9ce30de9010
leftImg8bit/train/darmstadt/darmstadt_000084_000019_leftImg8bit.png,gtFine/train/darmstadt/darmstadt_000084_000019_gtFine_labelIds.png,092e565fef3e05dba72dde70eb26b16fce3707b56c20746546b3eea20bfe4686,b89eb5f7cc70487e08ce40621fd15fddf5f59f809429452334326acf5beb5940
leftImg8bit/train/dusseldorf/dusseldorf_000000_000019_leftImg8bit.png,gtFine/train/dusseldorf/dusseldorf_000000_000019_gtFine_labelIds.png,846350e85a0f7bfa902ab5229128e7415cafa8fbafe14bb8bcfb034fcf83e759,775905e4d03f85c1da1e2f4bedce857c9a38df8d5ee4585edcbe90dc69652406
leftImg8bit/train/dusseldorf/dusseldorf_000001_000019_leftImg8bit.png,gtFine/train/dusseldorf/dusseldorf_000001_000019_gtFine_labelIds.png,ef3229c6369cb863eeda4396e8f7b2bed22a8a12f9f119b9dbc45d3e07052478,7f8279e69605f2169aa0315272f3b7f82227c6db9fc0f1763ad9a09d6f05cbbc
leftImg8bit/train/dusseldorf/dusseldorf_000002_000019_leftImg8bit.png,gtFine/train/dusseldorf/dusseldorf_000002_000019_gtFine_labelIds.png,b97a45aa74971ee5ba499260e03c1c1bdc022903f9df67dd6c05a3f4ed2325bb,3f4b1bf7874f7d4904513fa93eb5d898af6ceb94d1a90b1a83642e45eb5c701f
leftImg8bit/train/dusseldorf/dusseldorf_000003_000019_leftImg8bit.png,gtFine/train/dusseldorf/dusseldorf_000003_000019_gtFine_labelIds.png,a7c652fa0680f274a7764a593729200cb0a5b2af079f8153044a420ecda108dc,6ecc951f95086c969565bea3f3c701296578458b9a473989530dd34aa0da5b56
leftImg8bit/train/dusseldorf/dusseldorf_000004_000019_leftImg8bit.png,gtFine/train/dusseldorf/dusseldorf_000004_000019_gtFine_labelIds.png,f67132e84662a96375365b0c00e2dc208c5a24bddc48c30d2f213f1417e52dea,7bc5bab6a215bffd6a656503a98b69530f933256382b851bb225991c4a6c7c7f
leftImg8bit/train/dusseldorf/dusseldorf_000005_000019_leftImg8bit.png,gtFine/train/dusseldorf/dusseldorf_000005_000019_gtFine_labelIds.png,ae0d3809f37f977e9991807b7005a8c11be651e47e8098a79452d1ded7d67270,7c49d8df84bbe4209a7c5c00c28ebf8ae84e44388d78b7e56149f181633ca2f1
leftImg8bit/train/dusseldorf/dusseldorf_000006_000019_leftImg8bit.png,gtFine/train/dusseldorf/dusseldorf_000006_000019_gtFine_labelIds.png,9ee216e632bf07e50cb1bff474130924ddf0baae262890718593042ec8dd758a,a0e950a17f1274bad5439d49b412e84ff21b15d86f851d5dab6fffcd1b48d5b1
leftImg8bit/train/dusseldorf/dusseldorf_000007_000019_leftImg8bit.png,gtFine/train/dusseldorf/dusseldorf_000007_000019_gtFine_labelIds.png,74e60075c7e40c24725927800d2a466a41782d4496d70c6c1e533d945d62cf43,1e81733bfe16d85ec6a8e46450debd0b67e25c965c2737da916aa59b16eba297
leftImg8bit/train/dusseldorf/dusseldorf_000008_000019_leftImg8bit.png,gtFine/train/dusseldorf/dusseldorf_000008_000019_gtFine_labelIds.png,53792531efbe2ea72925b588dc8f96be48a2a5afa8bc828e506243714899f62c,4ad0e86f832d4b3dd4336ce7d5b358a0cae0d71f51f21991066d8f08e1383932
leftImg8bit/train/dusseldorf/dusseldorf_000009_000019_leftImg8bit.png,gtFine/train/dusseldorf/dusseldorf_000009_000019_gtFine_labelIds.png,737dbffcf0b131da787ea8f74ee4b93421d5d35d95332f9e05c966f6fe444f82,a6b895d7ee48070419fbec78b0939fccfae2135bd6a7ad13c4725153d7bdeec3
leftImg8bit/train/dusseldorf/dusseldorf_000010_000019_leftImg8bit.png,gtFine/train/dusseldorf/dusseldorf_000010_000019_gtFine_labelIds.png,cc2b353702865d97f8c9458f71c460f2a4963eb4255e050cbf80c6f62eddac64,2dc7b7f4198c2ab107f0b17abbeecc27d179c7d5bab839b7304f4057036028f8
leftImg8bit/train/dusseldorf/dusseldorf_000011_000019_leftImg8bit.png,gtFine/train/dusseldorf/dusseldorf_000011_000019_gtFine_labelIds.png,295e9460efd1b9dc3064d14c58e64537ccbc619299958041ac9dcd5a53bd74ba,6bb7bdec80ee572c71f0fd7f0a3c954d1e5937dd10aca371b8d1ac9a9845b351
leftImg8bit/train/dusseldorf/dusseldorf_000012_000019_leftImg8bit.png,gtFine/train/dusseldorf/dusseldorf_000012_000019_gtFine_labelIds.png,e67ca1fab33faa9d7d322543819b5e5ec32819981783fe68095991c0d7b6710a,d29183bac378d1b985a0069f2764ef79a24a86ea78b8ff3df40efb3c722b905e
leftImg8bit/train/dusseldorf/dusseldorf_000013_000019_leftImg8bit.png,gtFine/train/dusseldorf/dusseldorf_000013_000019_gtFine_labelIds.png,b98ddf616b5544384fe704fd3b8b0890b8450f59136224642bc8a945228a1b04,3318874d8269cd1e022774d5649c73920c075bbdc20fa0051656b3e4f4c75acb
leftImg8bit/train/dusseldorf/dusseldorf_000014_000019_leftImg8bit.png,gtFine/train/dusseldorf/dusseldorf_000014_000019_gtFine_labelIds.png,9125636de6a28acdca82ff924eaeacb9459487d5b65ecb91e2eab368cdbf9844,6a7114aafb3b784d7b206479bd60bd1776d62576a9ee1b20536b54b466e875ff
leftImg8bit/train/dusseldorf/dusseldorf_000015_000019_leftImg8bit.png,gtFine/train/dusseldorf/dusseldorf_000015_000019_gtFine_labelIds.png,593ff0cc7c71204ac7097f3c378499c88d45cb279cd84c66cfb18de85d2c88b4,8b7e4561023e781d8b6e260da65e6d34f924d5c12a67a3dfb5f40dd9b51f64e6
leftImg8bit/train/dusseldorf/dusseldorf_000016_000019_leftImg8bit.png,gtFine/train/dusseldorf/dusseldorf_000016_000019_gtFine_labelIds.png,04d59493953ad5241a314cdf8563ef154c8824d877e8c8c1d6892a71513870d4,39f48bf796429409b513804a16830a2e7a232d759a2f36a63c06b9e6ccdd0eea
leftImg8bit/train/dusseldorf/dusseldorf_000017_000019_leftImg8bit.png,gtFine/train/dusseldorf/dusseldorf_000017_000019_gtFine_labelIds.png,a479983e76a80bfd73d28ba2e02b393e7101c83a71ade9cb29b094820a7f934a,65ebbd7f6d2f4f975362934c90691bed134d9bd82f00fad18a0014b412fa2571
leftImg8bit/train/dusseldorf/dusseldorf_000018_000019_leftImg8bit.png,gtFine/train/dusseldorf/dusseldorf_000018_000019_gtFine_labelIds.png,e48085747c4f7db35128d0e6e398eb0582a1874cf2b0feb4b484b83df761bf31,b3ff6a65c16546efa3b15b01557db5f0abd81c358fdf75e46054ed77a04d6949
leftImg8bit/train/dusseldorf/dusseldorf_000019_000019_leftImg8bit.png,gtFine/train/dusseldorf/dusseldorf_000019_000019_gtFine_labelIds.png,251e986f46bb04475495556192df957465994b13b04dbf138dd3ff3741f9a5a1,d718ef9c9bf309c160064fde43ee2b48ec106ab747623c028fddbf8cc69ae45a
leftImg8bit/train/dusseldorf/dusseldorf_000020_000019_leftImg8bit.png,gtFine/train/dusseldorf/dusseldorf_000020_000019_gtFine_labelIds.png,d26eedb0b1a17bf7078c2a8d4db1b795620dec14275c093adf3c7243106d7cee,59ea17a6c181f3fe5c3b2d304b4c7f8d1489ed57568b6fa14191ecd146c57078
leftImg8bit/train/dusseldorf/dusseldorf_000021_000019_leftImg8bit.png,gtFine/train/dusseldorf/dusseldorf_000021_000019_gtFine_labelIds.png,6d2936f7cb8ab814f3661411458dcb86d9395c3817b18de0afbb8a87e9becef8,3b762a289e0b98c0956d869e902fb4370e91161ac5947ee9776ca7666fd88bae
leftImg8bit/train/dusseldorf/dusseldorf_000022_000019_leftImg8bit.png,gtFine/train/dusseldorf/dusseldorf_000022_000019_gtFine_labelIds.png,103c25b1772c6e2cb827148d37582c146a832f609ff4220629addca11c661ff8,25d1e334c86cda45b135c0911e66910b76b554f46540189304100e78548f5a03
leftImg8bit/train/dusseldorf/dusseldorf_000023_000019_leftImg8bit.png,gtFine/train/dusseldorf/dusseldorf_000023_000019_gtFine_labelIds.png,8f9c73c1875ef6f5f64bba3d1002f9820d4e1e3627bcffc328654e3f93e91232,dba2630252cda4e94eb072b04ffbeb46d5b4eb1be479738bf243955041880cb2
leftImg8bit/train/dusseldorf/dusseldorf_000024_000019_leftImg8bit.png,gtFine/train/dusseldorf/dusseldorf_000024_000019_gtFine_labelIds.png,1ffaa1edf91ad7b60b999387c0da2edd573a05fa05d76c70dd3f22b6d9d6ccdb,4341f2bf779a6292c395f8df764e57407bcdcc0a7fb129b718d48e7d9ed3fc6c
leftImg8bit/train/dusseldorf/dusseldorf_000025_000019_leftImg8bit.png,gtFine/train/dusseldorf/dusseldorf_000025_000019_gtFine_labelIds.png,e91e763c4eea26390582cf91453eb85c644358632054ea1357f1b73cb0c0fc04,8229cb6c945c78daad0f40d3c23369ef942706596081a91a72326ced4d2f1900
leftImg8bit/train/dusseldorf/dusseldorf_000026_000019_leftImg8bit.png,gtFine/train/dusseldorf/dusseldorf_000026_000019_gtFine_labelIds.png,f78d52ddf23306f7ed093492e4d9d12663a144983669bcb00f86a4db81cc0ba8,567331e627dbf70dc67627400ccacc77c7c95c51a7a702b37d49adaee095ee1c
leftImg8bit/train/dusseldorf/dusseldorf_000027_000019_leftImg8bit.png,gtFine/train/dusseldorf/dusseldorf_000027_000019_gtFine_labelIds.png,710a9e27fbf5bd386cff9a73f86ce52022723e2ee717417ea36805d56a0b6ab9,fd62a2485c76dfbea18aa94d4c2384a5bde913fb1b0bc90b8b5942177d42a5ee
leftImg8bit/train/dusseldorf/dusseldorf_000028_000019_leftImg8bit.png,gtFine/train/dusseldorf/dusseldorf_000028_000019_gtFine_labelIds.png,953e2601001c17d2205e7bf55165e1df7adcf9ddfc5e9a4211141f527eee6f94,a219bf476d95c38bc5f1435eb8e0b739aee786e6ed0a09deae1a8ddeb209bdf5
leftImg8bit/train/dusseldorf/dusseldorf_000029_000019_leftImg8bit.png,gtFine/train/dusseldorf/dusseldorf_000029_000019_gtFine_labelIds.png,774efba054730db1bbbd44d5b93a86d61d3bef8264005ec1167d276295738c58,9d5fe11c698c20105877b242d20ee6ab27f98c4322a52b152199001e36646525
leftImg8bit/train/dusseldorf/dusseldorf_000030_000019_leftImg8bit.png,gtFine/train/dusseldorf/dusseldorf_000030_000019_gtFine_labelIds.png,6fe13acae9dc17ddcd8bb708c5fe1c8f8d4ce81e9f21144161f7e8f3fa16ec55,b1efb18d8e1c88ab3f3854681707d9aa579b66d145b37cbac505acc2a8bc4341
leftImg8bit/train/dusseldorf/dusseldorf_000031_000019_leftImg8bit.png,gtFine/train/dusseldorf/dusseldorf_000031_000019_gtFine_labelIds.png,bc268b617f95a932a694b1de0c201db57ea4c6933564f4c642c66a98f60957cc,22b7747a6d80a772dbd5ecced7b7f79e4cb62ee8bd75af4a00f4f163a7da10d1
leftImg8bit/train/dusseldorf/dusseldorf_000032_000019_leftImg8bit.png,gtFine/train/dusseldorf/dusseldorf_000032_000019_gtFine_labelIds.png,9c0f7ac42b571f232453090af5438079a135e217308a811b0a8eecd534fb1ddb,ca488f37ddfb69bdb8dd3a04307587550715ddd541edf1716667b0d866f315f1
leftImg8bit/train/dusseldorf/dusseldorf_000033_000019_leftImg8bit.png,gtFine/train/dusseldorf/dusseldorf_000033_000019_gtFine_labelIds.png,1f1d606f81f3e81a2bd9d89ec269df7d9250f293d29fa7a7a57a96619cc0f8af,da4a12494561c3eed0a0b8b67d5d3250d03fe9c20343adbdc1026a971a3bf576
leftImg8bit/train/dusseldorf/dusseldorf_000034_000019_leftImg8bit.png,gtFine/train/dusseldorf/dusseldorf_000034_000019_gtFine_labelIds.png,099e4edc157b4048a52f80426fa926e87fd84c5f853ddfb77e60ec99c8d5acc1,955b9a481e22c747a50f8c5b6df351067a958c58ac0bb19c267906338289d88a
leftImg8bit/train/dusseldorf/dusseldorf_000035_000019_leftImg8bit.png,gtFine/train/dusseldorf/dusseldorf_000035_000019_gtFine_labelIds.png,3663e41b75ff0b409a0448c03dcba9040edd4e357fe91f77592c5de396a1ef4c,7d90f83af18b67261964dec4f70593bd08e27fe628b4df728221c0a45bde3d77
leftImg8bit/train/dusseldorf/dusseldorf_000036_000019_leftImg8bit.png,gtFine/train/dusseldorf/dusseldorf_000036_000019_gtFine_labelIds.png,1c98a2916edc0a1543368e44df6debd1e3e59a50ef18d75fb591a64751e93850,c80b9106396a1e8abc6fbc32851bf1fc7018d58d636e73c192e5b0d294529f84
leftImg8bit/train/dusseldorf/dusseldorf_000037_000019_leftImg8bit.png,gtFine/train/dusseldorf/dusseldorf_000037_000019_gtFine_labelIds.png,1e3c14cddfd68108b1349431c6a9c2556539075699f5df3b7e07ebbe07236642,be2444f9b47077de05263583b187e1bb569884d75e13fd2ac1a198222acc94a3
leftImg8bit/train/dusseldorf/dusseldorf_000038_000019_leftImg8bit.png,gtFine/train/dusseldorf/dusseldorf_000038_000019_gtFine_labelIds.png,6c6e2a732d3a78171a0871ac1177c01b6c991746d354b1223773f38526e3ff52,aace3437991752a6d202528b9ea627bb1e8519667d9166804de6113e109ad40a
leftImg8bit/train/dusseldorf/dusseldorf_000039_000019_leftImg8bit.png,gtFine/train/dusseldorf/dusseldorf_000039_000019_gtFine_labelIds.png,42f90e4ac90831a28647ee7913a3db8d69e2a7ce309dd322011378b3a0562fb7,6842bd48774e5da6d29f9f7f472fd641f5d90bdfe86e900c738a2fb4d22e29d9
leftImg8bit/train/dusseldorf/dusseldorf_000040_000019_leftImg8bit.png,gtFine/train/dusseldorf/dusseldorf_000040_000019_gtFine_labelIds.png,61c6c326a72d5ddd2865d2579ea5c79790661f7338e16d42e5ae51825a7282de,24396278fd1aac5d551e8ca9af599627f34b566c97a71341b67ed231c3716f20
leftImg8bit/train/dusseldorf/dusseldorf_000041_000019_leftImg8bit.png,gtFine/train/dusseldorf/dusseldorf_000041_000019_gtFine_labelIds.png,9856712ad0c11cea621b55ef2c93d73882cf5342420eb36802f2bf9869486789,58a74d4752d78c354fc3ed02ec3ee8254f6693130f1dd91cf467b89e7efd4711
leftImg8bit/train/dusseldorf/dusseldorf_000042_000019_leftImg8bit.png,gtFine/train/dusseldorf/dusseldorf_000042_000019_gtFine_labelIds.png,7d89f13c12d769488c0288442314bd89280268fe9379846cc37c28d82de08792,111e73e6839f9cc98b50357b25886f53f3076f09d1dbe24bb47b96df01da198b
leftImg8bit/train/dusseldorf/dusseldorf_000043_000019_leftImg8bit.png,gtFine/train/dusseldorf/dusseldorf_000043_000019_gtFine_labelIds.png,ec8b60b9cadfb9daab4d66fcfd4382c580fecf88cf38bf107e127c41ef2eb795,84a0ccde52d6744669bede1f296d095316f1fbf9448cc89d15f9ff078c715440
leftImg8bit/train/dusseldorf/dusseldorf_000044_000019_leftImg8bit.png,gtFine/train/dusseldorf/dusseldorf_000044_000019_gtFine_labelIds.png,444c95b156446d10e13bcd5d44157da4365df829455cbf2e5d7fd1d88170eea5,585844c3f5a385b95a7a9997a381f6bbb03e8fb0a79514404958f03d50eccd99
leftImg8bit/train/dusseldorf/dusseldorf_000045_000019_leftImg8bit.png,gtFine/train/dusseldorf/dusseldorf_000045_000019_gtFine_labelIds.png,97562780cdd55c26c93ea6741fce5a1233b79ef1e41e2dea5b99f90a56e96679,20e79cd9dea47ef4828b4e1ad208436497ab8a2a57db0c829e3ec4d4e3835433
leftImg8bit/train/dusseldorf/dusseldorf_000046_000019_leftImg8bit.png,gtFine/train/dusseldorf/dusseldorf_000046_000019_gtFine_labelIds.png,d217168b6e409c2f556e9a2cf29c0ca788cc22c4d5872ac21bed3d2611856779,639342de46f3b7855673be6f8e759059517dfeee9220c1372a607220986ba06f
leftImg8bit/train/dusseldorf/dusseldorf_000047_000019_leftImg8bit.png,gtFine/train/dusseldorf/dusseldorf_000047_000019_gtFine_labelIds.png,dde0f749e823a28cbb921e3aca75bfc398894cb8b7eddbaa6d50e37f049b7d29,ce8e08637422aaefa50be3c39627914586754507b6b966d1ee366e39d4e9b440
leftImg8bit/train/dusseldorf/dusseldorf_000048_000019_leftImg8bit.png,gtFine/train/dusseldorf/dusseldorf_000048_000019_gtFine_labelIds.png,f7669c21149234207d2bb9977ff9490c8097701875c53669bab581ad61d62ece,f459281edc81f6632bf91d27d6fc42547797abbfa8602ce2a9b6fe51a899042c
leftImg8bit/train/dusseldorf/dusseldorf_000049_000019_leftImg8bit.png,gtFine/train/dusseldorf/dusseldorf_000049_000019_gtFine_labelIds.png,df17723adbb94e3448790f68d7d70d304321bd72c48cb2a0299030daa20a35d3,87cbc4c8c2ef342b2d9b74d89b57ba92fe8aa7440874e62c68a382e5490cee3c
leftImg8bit/train/dusseldorf/dusseldorf_000050_000019_leftImg8bit.png,gtFine/train/dusseldorf/dusseldorf_000050_000019_gtFine_labelIds.png,5778fe87d319e113d0d869107c4f892f2d12bb11763e170571b30eacfb56d5c6,a75d1c101e88ca3b90a296655ff2260928b35bbe26a0918cc5f296141246c76d
leftImg8bit/train/dusseldorf/dusseldorf_000051_000019_leftImg8bit.png,gtFine/train/dusseldorf/dusseldorf_000051_000019_gtFine_labelIds.png,9aeec699a1cc120432bcbe6451c6475206332cf83e7eedd95288d6d339684dd0,b71ca463c61a956b7385e17dacadcc7f7c6b6c5fa47353fba0b96da1909cd5f8
leftImg8bit/train/dusseldorf/dusseldorf_000052_000019_leftImg8bit.png,gtFine/train/dusseldorf/dusseldorf_000052_000019_gtFine_labelIds.png,e7becc53b4c726d0b6944e35d2923b04f79bda5ece856e3a64563dd9e2e34d52,d31b000ccf67dfcdb5ed5077bfaab0119d741bb79783cafdf5d3be730381097d
leftImg8bit/train/dusseldorf/dusseldorf_000053_000019_leftImg8bit.png,gtFine/train/dusseldorf/dusseldorf_000053_000019_gtFine_labelIds.png,4c8e9083a5ef1b2454c8c35fe173f4773e4fad138afb8befce33ecb4d8c23d33,20f7fe7cd96e48159966bd7ac4e1e71c0b529d4073e4d6bc6d058b6c185e3a8c
leftImg8bit/train/dusseldorf/dusseldorf_000054_000019_leftImg8bit.png,gtFine/train/dusseldorf/dusseldorf_000054_000019_gtFine_labelIds.png,14aa17022618ac0cd97d65d410f5d76286685b6c53b6b217f159162abdc2014b,9d6e8c4de44c227a961e48e3ee60a8b18e6d29236baae2d8b28904e3bcd4cf80
leftImg8bit/train/dusseldorf/dusseldorf_000055_000019_leftImg8bit.png,gtFine/train/dusseldorf/dusseldorf_000055_000019_gtFine_labelIds.png,2f2dbcbd493d7d26436f14e3cd4869249811a8117316591245e11b68a9805414,1d3c9cb7caaca10e4780c272008ca3df25950a01200225ef9e585f7786af9163
leftImg8bit/train/dusseldorf/dusseldorf_000056_000019_leftImg8bit.png,gtFine/train/dusseldorf/dusseldorf_000056_000019_gtFine_labelIds.png,d52f2fbd55684ed2f7a6bf114589466c66dc1db795dd37015c7e303f3759826d,9a1e06c49f3b34a96caabecc0cc4d41143ff733fa30a0b0c12e890ccff7e7153
leftImg8bit/train/dusseldorf/dusseldorf_000057_000019_leftImg8bit.png,gtFine/train/dusseldorf/dusseldorf_000057_000019_gtFine_labelIds.png,7dcdc8553bd9d7dbbc39c0dd50a5055bb526a2a7fd2282e37dde50b718e67d65,3845d2c31536cf80ad5a0cdcbad8ad5ce145e8de83002f3c49730c0885043098
leftImg8bit/train/dusseldorf/dusseldorf_000058_000019_leftImg8bit.png,gtFine/train/dusseldorf/dusseldorf_000058_000019_gtFine_labelIds.png,79455e7965449933d1fd6d54242a0b72e55606842dc0c89b22aae6b34110b6a2,777d965122d293829519506ea2a37a89eef2f597e04f2d24097f617082ed60cf
leftImg8bit/train/dusseldorf/dusseldorf_000059_000019_leftImg8bit.png,gtFine/train/dusseldorf/dusseldorf_000059_000019_gtFine_labelIds.png,0dea16e9c4c1529cfdaa52398ac32cd302e6180e333ed327d0c340792cb0cad4,95a844a24e4d732aca63a915b599739a54a970b473718c2b1068c8989c148a9e
leftImg8bit/train/dusseldorf/dusseldorf_000060_000019_leftImg8bit.png,gtFine/train/dusseldorf/dusseldorf_000060_000019_gtFine_labelIds.png,e3883d1bda21f0392df4497e005c05dc48614dba16421ba6c77c71af3a83cb7e,8110ddbece2d89b20c49709e765c45e2d7e84ea5d7147bc68e3ec8707365f1cf
leftImg8bit/train/dusseldorf/dusseldorf_000061_000019_leftImg8bit.png,gtFine/train/dusseldorf/dusseldorf_000061_000019_gtFine_labelIds.png,032986528ddd334808f64f6afdaf0a9127ed5de2b6ab67b38d02c456d921bf7f,6c4cae610b48a63fae17c871da22a415d2470d8b122bb43220a8b2b88efa64e8
leftImg8bit/train/dusseldorf/dusseldorf_000062_000019_leftImg8bit.png,gtFine/train/dusseldorf/dusseldorf_000062_000019_gtFine_labelIds.png,19294bcfcecaf76225069dda2e67cb281c09020a812ff8622c9aa2e898645e09,0eb2a1546b24f542e6733281b1f058d388d712f1f782f7fba4e6ec5ed41cb701
leftImg8bit/train/dusseldorf/dusseldorf_000063_000019_leftImg8bit.png,gtFine/train/dusseldorf/dusseldorf_000063_000019_gtFine_labelIds.png,13d80f4d50540dd62873bf628db0769db71e692f0fc34a6e3e489e9b211b5d5d,34dd73eef8f8b69ff0cc8590ad82368cf778794e5cb5bc1c493592d98029d0da
leftImg8bit/train/dusseldorf/dusseldorf_000064_000019_leftImg8bit.png,gtFine/train/dusseldorf/dusseldorf_000064_000019_gtFine_labelIds.png,d5b7c1da93a3f65af5b750a45ba7455cfc7fecb2327d2039951d7e18c6f00ea8,76deaed5b22502ef0ec7f5976dba4e56f2d47709b1c95a8bdd5773e3208c72db
leftImg8bit/train/dusseldorf/dusseldorf_000065_000019_leftImg8bit.png,gtFine/train/dusseldorf/dusseldorf_000065_000019_gtFine_labelIds.png,99e57e31d5cf715a59d13a8c50b16f3e2eecde16afce7f37d99fcbe94d09fd21,1b961de46982bf16a5c7a1baf460b114464688994b789fdc6f20b9214584a7a3
leftImg8bit/train/dusseldorf/dusseldorf_000066_000019_leftImg8bit.png,gtFine/train/dusseldorf/dusseldorf_000066_000019_gtFine_labelIds.png,559ca5e9f12d2cde886bade278ddbc199b1c5a6032b32b504bb7c0e0146bf1d2,d9afbb484a8f5d3e78366a02eaadf5da220b2dcbf66518e920c4504a0c1377cd
leftImg8bit/train/dusseldorf/dusseldorf_000067_000019_leftImg8bit.png,gtFine/train/dusseldorf/dusseldorf_000067_000019_gtFine_labelIds.png,2ec621fbcb7b0d40e21c8baf2da223529ea67e4c89ee3423813457bfd600cd43,c54bdd2a603e54575ba321f09021fd563082cffe5ea32751e603d6ffaa48127c
leftImg8bit/train/dusseldorf/dusseldorf_000068_000019_leftImg8bit.png,gtFine/train/dusseldorf/dusseldorf_000068_000019_gtFine_labelIds.png,74e2336ccbf20d72d84e3a4914fb0c65803b29191393961faf77aab88ab18f28,48943973e8b61b88f172f01cc3619d5696339dfaed2b15eb7363005b17dbc5b4
leftImg8bit/train/dusseldorf/dusseldorf_000069_000019_leftImg8bit.png,gtFine/train/dusseldorf/dusseldorf_000069_000019_gtFine_labelIds.png,fac0503be76d1d3b8afee7c1064feb2667a85479e33a95e7066d96a9fc3bf683,24fef51b910e35ceadf29ea942d631001a705a4f411253049453932587a50d2a
leftImg8bit/train/dusseldorf/dusseldorf_000070_000019_leftImg8bit.png,gtFine/train/dusseldorf/dusseldorf_000070_000019_gtFine_labelIds.png,49a2bacb5aec33968221ff0826bcbc9b047a7f070920a55137170800129d2a45,54246e6caac62a137e3f6d1a9701f9ba858a607bc32752a6154d0ee96c755342
leftImg8bit/train/dusseldorf/dusseldorf_000071_000019_leftImg8bit.png,gtFine/train/dusseldorf/dusseldorf_000071_000019_gtFine_labelIds.png,af37b996ba25472cef72eee133ad26c311cc92ccf2029597afeff7e70e343d28,b5835727bccd2bb84840f2c81ebe45a85b686687557b8cfa5cc044242b78e9c2
leftImg8bit/train/dusseldorf/dusseldorf_000072_000019_leftImg8bit.png,gtFine/train/dusseldorf/dusseldorf_000072_000019_gtFine_labelIds.png,e4daebb445c673d4f96ada15a4b01a2953a40514d603359dccd7a16aa3921e24,4f0125f9b08d74728a42f40af6d5c16925c529103a3b91b314aa7035aefd86e1
leftImg8bit/train/dusseldorf/dusseldorf_000073_000019_leftImg8bit.png,gtFine/train/dusseldorf/dusseldorf_000073_000019_gtFine_labelIds.png,5527521382a53907f7e6241b578c4c1bf05ae03074d67072b4ece7a6974020e4,b6f23b4feb04050fc99a57cd459fea2b1c098e5d2d0d0bbd527a39a0679cf4dd
leftImg8bit/train/dusseldorf/dusseldorf_000074_000019_leftImg8bit.png,gtFine/train/dusseldorf/dusseldorf_000074_000019_gtFine_labelIds.png,d4ec3a227877bb554c191037c7e3a45932bdbc774f9e076115dc5a41f0a79af6,54c3834cdd3c8bdb156df2c448c8dff98036aa946a53a5d6132314476af311c7
leftImg8bit/train/dusseldorf/dusseldorf_000075_000019_leftImg8bit.png,gtFine/train/dusseldorf/dusseldorf_000075_000019_gtFine_labelIds.png,50971c1cd0ed9db2d7d8e5c2ef76b4e3c940b70f31df3af47c9662ce92f18d98,3a950d5cc14c6726ab1ca9ec26f6897ead2aac8a7440a9ac2aec79e01480cb44
leftImg8bit/train/dusseldorf/dusseldorf_000076_000019_leftImg8bit.png,gtFine/train/dusseldorf/dusseldorf_000076_000019_gtFine_labelIds.png,5b2bc23643bf99b16772da9fb070ac9638eb3376c544152c05ffb29a76d0250c,ef13b9490ffe12befc0071d81ca5455cf65e848903b636d5a3577ec260f2040f
leftImg8bit/train/dusseldorf/dusseldorf_000077_000019_leftImg8bit.png,gtFine/train/dusseldorf/dusseldorf_000077_000019_gtFine_labelIds.png,46f078b8e0f932a053ccedf53155a0700f8822608567cf2ac5ec8ef19e49716a,30d3670a3ba184930c9fc21642a962d7053d2e80cfddbeead98cca345dfd5b49
leftImg8bit/train/dusseldorf/dusseldorf_000078_000019_leftImg8bit.png,gtFine/train/dusseldorf/dusseldorf_000078_000019_gtFine_labelIds.png,0f6afd87d6281790400b0b50670cce3b1061fd91b9ef10bf154c654723984557,d71e40ffdb1c89c7a0eb3939b4548fb094ad62e2b074869cb73aaf37df69cd5c
leftImg8bit/train/dusseldorf/dusseldorf_000079_000019_leftImg8bit.png,gtFine/train/dusseldorf/dusseldorf_000079_000019_gtFine_labelIds.png,719eb3f0cfb6110b543aebc905bf0fe3c7792cc1b6b52060538761ca98816a18,3075fd59a2d93ccb1c2c9bb6c9d8e7f4a672eed4ddb970b7bc862e50cf1868b7
leftImg8bit/train/dusseldorf/dusseldorf_000080_000019_leftImg8bit.png,gtFine/train/dusseldorf/dusseldorf_000080_000019_gtFine_labelIds.png,8f38854a61cd6b0a6c34fe14c1e74305182988df40a5f92ca7ceb8df039382bd,37f1dd483430faa067b90028609d5e676a194f4c39b139cab959c3fc5ddba208
leftImg8bit/train/dusseldorf/dusseldorf_000081_000019_leftImg8bit.png,gtFine/train/dusseldorf/dusseldorf_000081_000019_gtFine_labelIds.png,7251175cd94c02d68a13da821c10eb6de301c2c63372932754bac4e7777d2bd6,036216edf780dd7c90456ca629ab7f1b7cfab4257e8e03a5c298560a20bf0321
leftImg8bit/train/dusseldorf/dusseldorf_000082_000019_leftImg8bit.png,gtFine/train/dusseldorf/dusseldorf_000082_000019_gtFine_labelIds.png,e54a47f02a118b6202d0d80a6f549cfcf25061cd729653d5abd94769fef4d068,e41dd648d58707f343185e7fd072055708b22e7890c119313555e85ee01d4063
leftImg8bit/train/dusseldorf/dusseldorf_000083_000019_leftImg8bit.png,gtFine/train/dusseldorf/dusseldorf_000083_000019_gtFine_labelIds.png,9aa9565b304ff1353838fa240cb30ca2ea2d89e7effba1e4d211a070d0aecc34,2d0c27ee9850a93db2e49bf9c9073692d25a17a33019f400d024335e0a4a69c0
leftImg8bit/train/dusseldorf/dusseldorf_000084_000019_leftImg8bit.png,gtFine/train/dusseldorf/dusseldorf_000084_000019_gtFine_labelIds.png,8ee00c30487bea5b5d2c68c494e7c06f253898306352a763264025a5c82e07f1,f688b14feaafa1b3e34b17addc6effc6e1693e282a07f9b1b4db7f4f1bd8115d
leftImg8bit/train/dusseldorf/dusseldorf_000085_000019_leftImg8bit.png,gtFine/train/dusseldorf/dusseldorf_000085_000019_gtFine_labelIds.png,2b6f96d224417f144a3ade1fa991644d48f8c63e4cb6286cbc426e22550c94d3,aa5163c465419e57b366793850d2b6e40db9130c0c0630d2ec595d6456943857
leftImg8bit/train/dusseldorf/dusseldorf_000086_000019_leftImg8bit.png,gtFine/train/dusseldorf/dusseldorf_000086_000019_gtFine_labelIds.png,7a07b0ec9826a7d0920591378c0a5a4db2fe4603e7a5c6276382f49f30255f51,e24cd5f4f49455dd0441e9cc1eeea3966ead1da60d470bc2673d2b281d526d51
leftImg8bit/train/dusseldorf/dusseldorf_000087_000019_leftImg8bit.png,gtFine/train/dusseldorf/dusseldorf_000087_000019_gtFine_labelIds.png,6c4e4bb9ffc33a3af9372be8fc3269817225e4e2aeb83b43e497c185ece526c9,baa13d059607e4b3e30c4059f3020b35b6e88475739844a1815b3e4dc6191130
leftImg8bit/train/dusseldorf/dusseldorf_000088_000019_leftImg8bit.png,gtFine/train/dusseldorf/dusseldorf_000088_000019_gtFine_labelIds.png,7ae44e2d236345770262fc7728dc5b0bb23aceafbdc9b673d38d71ac76f957c0,830319e5e9e18f4392db929248d3717e090d8d696033666023e8fff23b36bffd
leftImg8bit/train/dusseldorf/dusseldorf_000089_000019_leftImg8bit.png,gtFine/train/dusseldorf/dusseldorf_000089_000019_gtFine_labelIds.png,f4463d3c9190f97d3e0955b97adfa655c40a4e36788cffb826359f4ba66614d2,825d3aed23fc633397e245a0a3909d3d782f332c713955f916e98a02db85c708
leftImg8bit/train/dusseldorf/dusseldorf_000090_000019_leftImg8bit.png,gtFine/train/dusseldorf/dusseldorf_000090_000019_gtFine_labelIds.png,5747702c32ea70351b9da0faad1b56701e6ce66e4256345567f4119dd91bb0e5,b2c7c5323c9e0d6a2ec5f7cf7bbc4dca0e6262fef0f1171d8d90165322284efa
leftImg8bit/train/dusseldorf/dusseldorf_000091_000019_leftImg8bit.png,gtFine/train/dusseldorf/dusseldorf_000091_000019_gtFine_labelIds.png,85191ba5f37d261843a0c69da7c94e40102bd91b8e452f3b92a19d09f076e0b0,1eff7b2bb671063d0b5b2c66745306a07df139a81fe13e32463dbfea56a6ff98
leftImg8bit/train/dusseldorf/dusseldorf_000092_000019_leftImg8bit.png,gtFine/train/dusseldorf/dusseldorf_000092_000019_gtFine_labelIds.png,a88f3fdb43c87784c0616f203cb82d33189ea46f6f16e75efbb2b89a2174fdae,ff624609210e28cf38f25fa616fd9cfbf1082e548bcc23fe52278596d3b492aa
leftImg8bit/train/dusseldorf/dusseldorf_000093_000019_leftImg8bit.png,gtFine/train/dusseldorf/dusseldorf_000093_000019_gtFine_labelIds.png,b75c2717fbcc58ef5bb50b754e0aa97a526801e6e93dc33f8edcf9e5fab4a7b4,65095aca9e76d3623539c3fabb63f68a566e2ab4e2b3c99456adc75705356e5f
leftImg8bit/train/dusseldorf/dusseldorf_000094_000019_leftImg8bit.png,gtFine/train/dusseldorf/dusseldorf_000094_000019_gtFine_labelIds.png,dda2277c0823e08597a85b82f9a0e09730ed6e2ef354e2919b7323da0554fab4,46c9eacb10cef886866ca75f22edb5b70e03f1f9e6218c16a331b916355b0824
leftImg8bit/train/dusseldorf/dusseldorf_000095_000019_leftImg8bit.png,gtFine/train/dusseldorf/dusseldorf_000095_000019_gtFine_labelIds.png,d8d2ab0b0aa24d9cc1962c92ecffce28387ac0623ed930efabf788f7650daf3d,f445593761254d7a6f2323265a3b1199cb00709cf80a5a44178328a1cfd483d8
leftImg8bit/train/dusseldorf/dusseldorf_000096_000019_leftImg8bit.png,gtFine/train/dusseldorf/dusseldorf_000096_000019_gtFine_labelIds.png,a1f92c792d9e367527f556819ab715c582229e7ef8d6028662510eed10047f8e,8c01d168d3cbca1a59e6bbf7374d2c3936b596edb326b81c0a9e44e22fbc3eb2
leftImg8bit/train/dusseldorf/dusseldorf_000097_000019_leftImg8bit.png,gtFine/train/dusseldorf/dusseldorf_000097_000019_gtFine_labelIds.png,7d497a7daad85a3464f9604122c7f88f1379d5e8ab1b7c300cf5187e36e6bb28,4956a43e37c35e33da501f7e43ac4bc27925ad80f3682964e6f5463571b0d356
leftImg8bit/train/dusseldorf/dusseldorf_000098_000019_leftImg8bit.png,gtFine/train/dusseldorf/dusseldorf_000098_000019_gtFine_labelIds.png,b47b49d55d2791d671a7efffec68df4cf79ff83ad96211eeed68129e5d44da9e,cedbc85080de9da112a4a8743c1fa87e3741f6ca269a738d0748f300ed19c0f0
leftImg8bit/train/dusseldorf/dusseldorf_000099_000019_leftImg8bit.png,gtFine/train/dusseldorf/dusseldorf_000099_000019_gtFine_labelIds.png,7e3f09ab4ecfe0b66c2577f67a117912c8a302a19784c54cae42c48783ca8289,a0b4a4c10fcaf71a4094cc7ce034252304193412a646f354796b03008360a41b
leftImg8bit/train/dusseldorf/dusseldorf_000100_000019_leftImg8bit.png,gtFine/train/dusseldorf/dusseldorf_000100_000019_gtFine_labelIds.png,e212b0fb39effbcc43d135e0849ba79663abe813e12e9f997c51ee33fd300266,9fea478566a63743caec8b8e39fbef3da05782328c3387142d08e0aa673b5ad2
leftImg8bit/train/dusseldorf/dusseldorf_000101_000019_leftImg8bit.png,gtFine/train/dusseldorf/dusseldorf_000101_000019_gtFine_labelIds.png,ae3cc8ebe246498ebdb99288072afa9aef468d83d70ca049aa2b8f83dcae5d6e,ed0acbee932b23a21e646f9d29167cc94538c567bbab92a2e04b0e679cf529ed
leftImg8bit/train/dusseldorf/dusseldorf_000102_000019_leftImg8bit.png,gtFine/train/dusseldorf/dusseldorf_000102_000019_gtFine_labelIds.png,bafc367239c4aa9170d6dfb2151b203353c232fd4e921b3e3dc451e72998b1fc,ea1f30f4e45c84676634761a63cba6e05558024a823f555133c51b9f4cbd2d09
leftImg8bit/train/dusseldorf/dusseldorf_000103_000019_leftImg8bit.png,gtFine/train/dusseldorf/dusseldorf_000103_000019_gtFine_labelIds.png,fe441d23151ed2bbf6c2d435af67d4d3b7582aee5a13a9e614b9e5dc53071c1a,c34102eea5d4bc99929db1c89452826af84ce5dfe148090545cd58b41a0542f1
leftImg8bit/train/dusseldorf/dusseldorf_000104_000019_leftImg8bit.png,gtFine/train/dusseldorf/dusseldorf_000104_000019_gtFine_labelIds.png,69388bd2bff210da34b8a486bc3d6c82df825e4ffd3998e4bdb943f95d97d625,bdfd5828c81348c772dcf8c48711d02e82d07c796ca11830446c98cad3b7cf63
leftImg8bit/train/dusseldorf/dusseldorf_000105_000019_leftImg8bit.png,gtFine/train/dusseldorf/dusseldorf_000105_000019_gtFine_labelIds.png,c895ac5f37636d1a8d530f60592cce71fc0a8eac2f3493b0e8ee55405cd37dec,ff4145558f50a2d97c7dbc05abee776713a16572e9cac10e61693f48e0f30ef3
leftImg8bit/train/dusseldorf/dusseldorf_000106_000019_leftImg8bit.png,gtFine/train/dusseldorf/dusseldorf_000106_000019_gtFine_labelIds.png,4805bc5384cc941188f0ad9bc5958469ed60178b2b3e423a1b571879fbb06dae,a7023529d619e7291329dad1e8ac07511586e9f9065aea0b6dfdbe36d38dd786
leftImg8bit/train/dusseldorf/dusseldorf_000107_000019_leftImg8bit.png,gtFine/train/dusseldorf/dusseldorf_000107_000019_gtFine_labelIds.png,582942332bfea674328dd7d8162200a5b9e63d9fdd9baced5a5d5a2658ffea02,554c84d99cadd8b467ec6546aec53603c07a95c6cb574977bd41ee3d8a46445f
leftImg8bit/train/dusseldorf/dusseldorf_000108_000019_leftImg8bit.png,gtFine/train/dusseldorf/dusseldorf_000108_000019_gtFine_labelIds.png,de7f8f5be4f7ad64b5838890b0c3a74240a079e3a90eceb736b500ed992c6750,416e6d589681308a625d45a8b917b6a69ed9059fbf98100fceaef6803958544d
leftImg8bit/train/dusseldorf/dusseldorf_000109_000019_leftImg8bit.png,gtFine/train/dusseldorf/dusseldorf_000109_000019_gtFine_labelIds.png,885339b9172b3040b7b02c7fc5297ef1150999dc873dda98e9c3ddfddd2f47bd,50ed144db71b86db03b59dd4148040b80831f38bfb315136dfe8f7450ef5b8a1
leftImg8bit/train/dusseldorf/dusseldorf_000110_000019_leftImg8bit.png,gtFine/train/dusseldorf/dusseldorf_000110_000019_gtFine_labelIds.png,82b7bade44547112eff8bacde7185c801f9d601dbe0f5f9b53ecc9fb0c3b702d,0d439384a17a01c399f85184dd5c1d51c54f3a0ec63327584ddec4723c3d222e
leftImg8bit/train/dusseldorf/dusseldorf_000111_000019_leftImg8bit.png,gtFine/train/dusseldorf/dusseldorf_000111_000019_gtFine_labelIds.png,eafea3464ccc5cd65dfe811fad1a92c9cea28182b1c854f0703ea4ddd4cf6df2,c4419f12b1f35cde220e5fd906b9f34f82d6737025ee38bce586d4514e0f4796
leftImg8bit/train/dusseldorf/dusseldorf_000112_000019_leftImg8bit.png,gtFine/train/dusseldorf/dusseldorf_000112_000019_gtFine_labelIds.png,07995c37ea614c0c6eb7a4c4f412855f920621735097bed0a9eb62834244932b,6ec1dc06f22054246b17919bd996490320a80f03542225a8e686e7f2f09e62c7
leftImg8bit/train/dusseldorf/dusseldorf_000113_000019_leftImg8bit.png,gtFine/train/dusseldorf/dusseldorf_000113_000019_gtFine_labelIds.png,1f746bc418bdc8573887e14237848496c790a53fdefebb73b7bf11a60e098d49,53d471686832aca999540ef69590c1981964d50bc5eed85bd780dd9c4cc564cb
leftImg8bit/train/dusseldorf/dusseldorf_000114_000019_leftImg8bit.png,gtFine/train/dusseldorf/dusseldorf_000114_000019_gtFine_labelIds.png,9584ff78f3884f880069d19235eafc832d7b9c0bea429332a2ec5719f4513056,88a8914b0b95c7d4fa03f7481d93799b396d55b53a4321534184044026b2165a
leftImg8bit/train/dusseldorf/dusseldorf_000115_000019_leftImg8bit.png,gtFine/train/dusseldorf/dusseldorf_000115_000019_gtFine_labelIds.png,d5046872a7ff35607814797618b5f260b0900f6c64f48606e244a2411cd4f11a,729007f9ddd4eba647a9949e443479a170f683f3d4214e52072de2c112ccdfe4
leftImg8bit/train/dusseldorf/dusseldorf_000116_000019_leftImg8bit.png,gtFine/train/dusseldorf/dusseldorf_000116_000019_gtFine_labelIds.png,dee470b77afce63688752c5caabaf9abd0738e844d41182a24fb4cd98a01d3bd,ee320f747ed687b4a4e06eeb85961e397f15f31dce9ceab40f5b17c1b818a2b1
leftImg8bit/train/dusseldorf/dusseldorf_000117_000019_leftImg8bit.png,gtFine/train/dusseldorf/dusseldorf_000117_000019_gtFine_labelIds.png,c87d177ce34133663e206eac171e84d96c94a869a13d324367f9b3ab76cd6508,249735c331bef8ebf21559278a03314d6a315849de3d468533d630108613e98b
leftImg8bit/train/dusseldorf/dusseldorf_000118_000019_leftImg8bit.png,gtFine/train/dusseldorf/dusseldorf_000118_000019_gtFine_labelIds.png,a0fb792fe872c0cbea705c9d273d93378bf96ddef6cf497b3f15ffe3f03b2d1c,6f7e84e6db86ff3ddb92100210991c47d9fff13a7753bb7e4d9832cc33573944
leftImg8bit/train/dusseldorf/dusseldorf_000119_000019_leftImg8bit.png,gtFine/train/dusseldorf/dusseldorf_000119_000019_gtFine_labelIds.png,1f899e6ee007381f7f7ff357edd3d0310d3ecd78e704b59c0b00aba1824d62b5,65a49ba52b9fa60cd74c7a8b19852afe32ed1fd790fc4e75ac94c94a0c2c7fdf
leftImg8bit/train/dusseldorf/dusseldorf_000120_000019_leftImg8bit.png,gtFine/train/dusseldorf/dusseldorf_000120_000019_gtFine_labelIds.png,1985e975ad24091eb6d485cd7c5cc012e9649498de8295a193f6b6f546ccbd9e,56a6602aa7c9619d34409bd9bda22f86ed3b5155b917160e7958cc2dddb6a109
leftImg8bit/train/dusseldorf/dusseldorf_000121_000019_leftImg8bit.png,gtFine/train/dusseldorf/dusseldorf_000121_000019_gtFine_labelIds.png,80d5aa2e2b57fb65c54001ee4872f3768eb88a8e848a12ccb71f66870db26bdb,9880ed3de6613a19655ae96c2bba7f9b60d5dc0cec445ee7e982b2f935d970fc
leftImg8bit/train/dusseldorf/dusseldorf_000122_000019_leftImg8bit.png,gtFine/train/dusseldorf/dusseldorf_000122_000019_gtFine_labelIds.png,1be944ac9309be1fefc4667a63870655f8a5cef1f32e007e9f3787df8550c8e6,d445c72b4459689e47bbaecfd32f92f645e49b422152f302b8a447f5280f7e52
leftImg8bit/train/dusseldorf/dusseldorf_000123_000019_leftImg8bit.png,gtFine/train/dusseldorf/dusseldorf_000123_000019_gtFine_labelIds.png,d7337fe258c08e957daec35f87339e5b0643a24d1cb22e3eab1d525280e319b0,46fd91d7ac5fe9f5452157b59712d3d20983516d55f356b0defd9523d0b7dc6d
leftImg8bit/train/dusseldorf/dusseldorf_000124_000019_leftImg8bit.png,gtFine/train/dusseldorf/dusseldorf_000124_000019_gtFine_labelIds.png,8a6c898b46a90e9020f7226b2cb7dc91a74efa3dd3389ed87786c8ad04772c10,8ce65172a3cf66e2d83c27619c611da57642ec1e2cfd6559442eef2dad840162
leftImg8bit/train/dusseldorf/dusseldorf_000125_000019_leftImg8bit.png,gtFine/train/dusseldorf/dusseldorf_000125_000019_gtFine_labelIds.png,010f14f19d0fb1b0d3ab8c0f9700a55b1763aea1965f4c2596e650df3097dc91,72bf680d41cf77c356678b4640e3906fd0fb021705916888413feb41a167db9b
leftImg8bit/train/dusseldorf/dusseldorf_000126_000019_leftImg8bit.png,gtFine/train/dusseldorf/dusseldorf_000126_000019_gtFine_labelIds.png,142b9a7c6e8ecc7161e44a2828793103cee848e0a20f8f1f96d72ac2bc4dd598,f0a4e910afbf9201557698c4bae0eb410b8ed09cfd1cf144f5926b43df020b41
leftImg8bit/train/dusseldorf/dusseldorf_000127_000019_leftImg8bit.png,gtFine/train/dusseldorf/dusseldorf_000127_000019_gtFine_labelIds.png,87c8cc744ceec7cd556409f4c26a7896e0467b01af7c0177904418d750f30037,3ef2e263964765c8076b50d1bdce13ea6823e035c5bd078cd0824f245cdebbe3
leftImg8bit/train/dusseldorf/dusseldorf_000128_000019_leftImg8bit.png,gtFine/train/dusseldorf/dusseldorf_000128_000019_gtFine_labelIds.png,121f105c891bb997aa8a3a40fb68274b0e95b771040d86159e9f5e6216cd208a,cdb89cb220a7e53c33a2b90d32c4e0359a9756a6bc5d5107b0dfc288a8223b0f
leftImg8bit/train/dusseldorf/dusseldorf_000129_000019_leftImg8bit.png,gtFine/train/dusseldorf/dusseldorf_000129_000019_gtFine_labelIds.png,11099099e6b5fbeddd47a2d3cf467fe833c1e854f664412723c77e64d20ec166,9caaf10e6bde7bada573861843289b0d1fcb47138d0d54e68bda96d44e47677c
leftImg8bit/train/dusseldorf/dusseldorf_000130_000019_leftImg8bit.png,gtFine/train/dusseldorf/dusseldorf_000130_000019_gtFine_labelIds.png,e626e3f4008b80291085529af16460c2c7dadee67f7ba1e891a5ddff73d5f5f9,85f8c418999b54c879274f5172f254499f02e9af98eb11ab084713bc9e1d0280
leftImg8bit/train/dusseldorf/dusseldorf_000131_000019_leftImg8bit.png,gtFine/train/dusseldorf/dusseldorf_000131_000019_gtFine_labelIds.png,1d67954bffdbee00011960d271496f0cdd15db0752a462344598e8b2e4eaffd7,a751b18243931f7124289c2587585bc77499734507c2e317d52fa43034c70e8a
leftImg8bit/train/dusseldorf/dusseldorf_000132_000019_leftImg8bit.png,gtFine/train/dusseldorf/dusseldorf_000132_000019_gtFine_labelIds.png,b734a1b96b07a9916228e865c08eeeb90d7f4997a8be39ebedd8a2e52df92a63,359481a5cf4200a81ed659f57a8cac4c09b7357b5974cbf86b8ec47daa74f40d
leftImg8bit/train/dusseldorf/dusseldorf_000133_000019_leftImg8bit.png,gtFine/train/dusseldorf/dusseldorf_000133_000019_gtFine_labelIds.png,d4f20232f2201ae5e34139bd04ac32b0f2db44d457fb06ba871576d0419ac1cb,ee15508628fe22a20bbbd82a22bcbfce54e3d5138200152b30d5ac2cc4de3881
leftImg8bit/train/dusseldorf/dusseldorf_000134_000019_leftImg8bit.png,gtFine/train/dusseldorf/dusseldorf_000134_000019_gtFine_labelIds.png,6e9889f79f9bad53151227fadf7f9b7ed68e824f90cc6244ac3b3beaa72804c0,7f064e7597fdc3ee3bf43e1aa02ae38b247ab71d31a263705e9b24c33d62a466
leftImg8bit/train/dusseldorf/dusseldorf_000135_000019_leftImg8bit.png,gtFine/train/dusseldorf/dusseldorf_000135_000019_gtFine_labelIds.png,7070da6cafccd62dfad0f557c8d43c02e49e15277f371b790f6b633e86e986ae,273f0f9151609657cf34f085e553967dab703b6c93a9f616da32efaab5b84757
leftImg8bit/train/dusseldorf/dusseldorf_000136_000019_leftImg8bit.png,gtFine/train/dusseldorf/dusseldorf_000136_000019_gtFine_labelIds.png,849237ff2c9d27585b4f891ee789d66c868c927eb401aaa5e5898fac6fd83726,8bb019cdda7df687d3f15def96fb8850eab2a38dbbcb59880a5d0563966470e5
leftImg8bit/train/dusseldorf/dusseldorf_000137_000019_leftImg8bit.png,gtFine/train/dusseldorf/dusseldorf_000137_000019_gtFine_labelIds.png,f18eb617e0b63f0d472d0a16416397fe667d5071ddd2146bc67e0507c5794c21,4532b8d99ab0b739114b3fb9f4c3b2cea843968e561de740b0a68f604935f8ec
leftImg8bit/train/dusseldorf/dusseldorf_000138_000019_leftImg8bit.png,gtFine/train/dusseldorf/dusseldorf_000138_000019_gtFine_labelIds.png,532bcdf56dedc61797566183f3a5c942d11dd70850487b4273d90878e44d24c7,ce612d33c5d1362732ece562b7c5e68686a2dd01379381416a1b29051f0fc8db
leftImg8bit/train/dusseldorf/dusseldorf_000139_000019_leftImg8bit.png,gtFine/train/dusseldorf/dusseldorf_000139_000019_gtFine_labelIds.png,52cee5aa9dfc1bb1a226619a9dc181f59127943cc0b660370b067bb0641a60bd,c1480c4558064653b46fa23d0630ea3e577fcfd905cc229fabe8961b69972366
leftImg8bit/train/dusseldorf/dusseldorf_000140_000019_leftImg8bit.png,gtFine/train/dusseldorf/dusseldorf_000140_000019_gtFine_labelIds.png,a12bb6cfc011125910b6f4b3fa6f37f8c49684cecf8459f0510de0b37293f3fd,67e0307aff05e52cafc17042a5404e90fe411db83e61fb8e0ee4adc7721f949b
leftImg8bit/train/dusseldorf/dusseldorf_000141_000019_leftImg8bit.png,gtFine/train/dusseldorf/dusseldorf_000141_000019_gtFine_labelIds.png,62b25d30c1163f4f83ce7cee4be63fb1659183c657b68b0dd3b6a9d75752dbd7,6e176803e498cdf5451c43a92bfd027a892b026a22630a5b0b1c2875edaf1363
leftImg8bit/train/dusseldorf/dusseldorf_000142_000019_leftImg8bit.png,gtFine/train/dusseldorf/dusseldorf_000142_000019_gtFine_labelIds.png,e764ddc12022061175661fba98be559366ac3c095c2b0c1a2b9d419c13e2fb3e,31e7c48448e268eb1f798a38255f146766dbcf9183d5ef4a1d903d530d27f23a
leftImg8bit/train/dusseldorf/dusseldorf_000143_000019_leftImg8bit.png,gtFine/train/dusseldorf/dusseldorf_000143_000019_gtFine_labelIds.png,0ad20bc8399e40e4a63e1ddf47e4e35204e70349e303571cf6c17868ca8e717d,ece5552754ead2292e803c33c25e4b8613ee00155bdcf95a0296ad839b8bac91
leftImg8bit/train/dusseldorf/dusseldorf_000144_000019_leftImg8bit.png,gtFine/train/dusseldorf/dusseldorf_000144_000019_gtFine_labelIds.png,3dfe08059c2706e13240b4fa4f03423a130253e47494d9fd6258f6207c94bf5d,1d6a0b925cbdf94dea7207be0f60ef0fede613b67f67ab8801c56f119b40ffef
leftImg8bit/train/dusseldorf/dusseldorf_000145_000019_leftImg8bit.png,gtFine/train/dusseldorf/dusseldorf_000145_000019_gtFine_labelIds.png,3dd79c4465c83d72229e2db89edf12027a07ef397bc8cd9a654f09de7188429c,a742aab758216fecf5c014f875d380e15479740fae67e3d730a5b66cde151796
leftImg8bit/train/dusseldorf/dusseldorf_000146_000019_leftImg8bit.png,gtFine/train/dusseldorf/dusseldorf_000146_000019_gtFine_labelIds.png,afcf39fd899fb32e603218e8aed4c9e0c7496deddcb00f775176ce78efdbf0cf,87a5a2bcb347c4a0d13569f8fb7f40b28c1e067bab3fc6891126ce17893b486c
leftImg8bit/train/dusseldorf/dusseldorf_000147_000019_leftImg8bit.png,gtFine/train/dusseldorf/dusseldorf_000147_000019_gtFine_labelIds.png,dbb017d7fa2573f295ce56bff2229195e911f7bff3e1dcb94a2aed04eaca938c,a891a27cf77bf8ba0d5296787858ffe5c29024708ed03cca44f39193ace3f99c
leftImg8bit/train/dusseldorf/dusseldorf_000148_000019_leftImg8bit.png,gtFine/train/dusseldorf/dusseldorf_000148_000019_gtFine_labelIds.png,6a69f772d4055e004bf87abb5a28f75c6d359cfd6908e390ecc8f8e01be7d45c,6325851cdcd291b19580839d1b54940785884cf27c7498f05c8290960a413907
leftImg8bit/train/dusseldorf/dusseldorf_000149_000019_leftImg8bit.png,gtFine/train/dusseldorf/dusseldorf_000149_000019_gtFine_labelIds.png,2828f6e0f9196a504202b4ee14d31e05a34e93017ec4a6bf01ff3e0bda846650,66457ee664eda9f090463b2d0dda624501981a50af9eb5c82e59cb11466a5b7e
leftImg8bit/train/dusseldorf/dusseldorf_000150_000019_leftImg8bit.png,gtFine/train/dusseldorf/dusseldorf_000150_000019_gtFine_labelIds.png,3fa628bdd8e39a980096c3815c62681f3d9d676d6644e3ba0d1c57e43fc9ad1d,f98c965ff967870f4eee28a5d15a9907a5e34efc6ee9cc6829a9c7c9d05b47b3
leftImg8bit/train/dusseldorf/dusseldorf_000151_000019_leftImg8bit.png,gtFine/train/dusseldorf/dusseldorf_000151_000019_gtFine_labelIds.png,705c6f82a88e56f34834cb92aaffff1f1050d9b7aa0f9293a45f705a60083a74,ad5e987ddbf71d91b3e5f9264bef91e370812714c0e6290a08313207680fa9f1
leftImg8bit/train/dusseldorf/dusseldorf_000152_000019_leftImg8bit.png,gtFine/train/dusseldorf/dusseldorf_000152_000019_gtFine_labelIds.png,aa3e5b848c6b398b2cb545c595a6beebc569c1b8b3de057b82aefe32fa84f631,a16d5283401f9b40d624ec4e0e0c66402ea3dc077397ce45b4a63645408d05ec
leftImg8bit/train/dusseldorf/dusseldorf_000153_000019_leftImg8bit.png,gtFine/train/dusseldorf/dusseldorf_000153_000019_gtFine_labelIds.png,b2aab16e1b30d9adfd382bea7b1d67918fad32a33363825d6ef3def27d90d4ca,70eaaa449da00246a1c8147562c21a59589172bb8c7c2896351ab9cc60be3d68
leftImg8bit/train/dusseldorf/dusseldorf_000154_000019_leftImg8bit.png,gtFine/train/dusseldorf/dusseldorf_000154_000019_gtFine_labelIds.png,a3a3248121111267ca3e58746702c1c25b839533c2daa8a64c01e836d3c772b5,1047b4fbbf225cc7318bbe1c970b8b2cd6c2343df63cf3f3c4933bf6bf27c687
leftImg8bit/train/dusseldorf/dusseldorf_000155_000019_leftImg8bit.png,gtFine/train/dusseldorf/dusseldorf_000155_000019_gtFine_labelIds.png,dad896d8330bd90d8dc701ea59936251ee0713a7f564e56b7e0332695ba96600,969a1126e2ceb6e7da258ad66d3e9a074e76bff28ec9a42c812884feabea16ed
leftImg8bit/train/dusseldorf/dusseldorf_000156_000019_leftImg8bit.png,gtFine/train/dusseldorf/dusseldorf_000156_000019_gtFine_labelIds.png,3d26fdb56c6b8bae750f4fb5bb88c44aeb2a47ce17f0055995255f40d71fb87c,a42853d5d8746c340196a69be6cc8ef3f376e8592a0a9f91d7d138ce356070e6
leftImg8bit/train/dusseldorf/dusseldorf_000157_000019_leftImg8bit.png,gtFine/train/dusseldorf/dusseldorf_000157_000019_gtFine_labelIds.png,0935b8fed34246087bef1af95bafae6610ce5079ec20e2f70ffc74dfb3066015,c30a303d6af8a698fc2eccdd68e212ced9c3a57a47190bad008553664d9ea7fe
leftImg8bit/train/dusseldorf/dusseldorf_000158_000019_leftImg8bit.png,gtFine/train/dusseldorf/dusseldorf_000158_000019_gtFine_labelIds.png,4a450eae5673381579ce02094ae397a093313e6a71358b5552413e671338ea75,605e458c1fc03656144da582ed86bd86463e319b79c97ff113d8e79325a5e2bb
leftImg8bit/train/dusseldorf/dusseldorf_000159_000019_leftImg8bit.png,gtFine/train/dusseldorf/dusseldorf_000159_000019_gtFine_labelIds.png,dbc904e3689eb4f172173d2f7f00bfffe0b43bcf895a59fd3e3ae3b3c9ccfe92,57c0a61a8049d7e9cf4f1d3acf53146bdd82d1d34565f059739d0b1b1384edd1
leftImg8bit/train/dusseldorf/dusseldorf_000160_000019_leftImg8bit.png,gtFine/train/dusseldorf/dusseldorf_000160_000019_gtFine_labelIds.png,5c5fd1af3ca0d2f90a56aa7a566a856dcc4d7c63e8965531c41ed325f2007446,7691a7a6506e886f4528167290d2a60b125635810590a9102bbdd4f1e8d1933f
leftImg8bit/train/dusseldorf/dusseldorf_000161_000019_leftImg8bit.png,gtFine/train/dusseldorf/dusseldorf_000161_000019_gtFine_labelIds.png,87dddb7de04f38a2c62f58fb5aa2779491e5a99d74df9c14d94f1b76a131d2cd,0d887f172d69fdbbf65828f9e3412c9e1e61ec2b743fde8d9423e8cf176cbda3
leftImg8bit/train/dusseldorf/dusseldorf_000162_000019_leftImg8bit.png,gtFine/train/dusseldorf/dusseldorf_000162_000019_gtFine_labelIds.png,b11770868f5da073ab031b28bd0a33402223dc27cf9a1a459b0289a3f48b59a4,6823d301d8c3ffabebe8d21da11309b90fc970e1625510ed9295772d1151344a
leftImg8bit/train/dusseldorf/dusseldorf_000163_000019_leftImg8bit.png,gtFine/train/dusseldorf/dusseldorf_000163_000019_gtFine_labelIds.png,6508640262bb2c81188f908ef5bfb80e31ce54fb8228a3036463d07379b5237c,02a830a4f7784c2cf13aa52a7d86f270f66e7b690af58fe1db9fbff4195277b1
leftImg8bit/train/dusseldorf/dusseldorf_000164_000019_leftImg8bit.png,gtFine/train/dusseldorf/dusseldorf_000164_000019_gtFine_labelIds.png,f566b482e68a20ca066747d2a33336db66fa8072d2e3250cfbcf722da9c36949,cda0c7d603b3bad2dec128e7b87b218ee4ee85b6c41950df3aadc5363f59644a
leftImg8bit/train/dusseldorf/dusseldorf_000165_000019_leftImg8bit.png,gtFine/train/dusseldorf/dusseldorf_000165_000019_gtFine_labelIds.png,c01c22360cb56c0c2be1ec8e6990ec601c859622764d736806a5dde373f17837,a0087c5d978bf3f83bf2bc3b24951c46c30a8d72fea1ebc09f2b80c00a91d7cd
leftImg8bit/train/dusseldorf/dusseldorf_000166_000019_leftImg8bit.png,gtFine/train/dusseldorf/dusseldorf_000166_000019_gtFine_labelIds.png,df9caf7eec96c1fd393e1ca0a90556fb4499bee3a6cf877771282bd70023e531,1efa95ed07f111b9bba7d24fb410dc651fc69fc7b7e0fd2871910200ff134e4e
leftImg8bit/train/dusseldorf/dusseldorf_000167_000019_leftImg8bit.png,gtFine/train/dusseldorf/dusseldorf_000167_000019_gtFine_labelIds.png,af287015531e8c1350603715afadf70622b76de23b3841e2fd86d24aa6064762,88d00a83e8bb5e4f15866b7b370cb21aff6b0527a88978942fc95b8f02b31d1f
leftImg8bit/train/dusseldorf/dusseldorf_000168_000019_leftImg8bit.png,gtFine/train/dusseldorf/dusseldorf_000168_000019_gtFine_labelIds.png,13af659a61210536edb400c869af9553e6f98112976d0045db300355bd0d5bb9,ee6a2073fb9073f88f507d85f72af81001c2f0765b68fa604930505f8b0ea14f
leftImg8bit/train/dusseldorf/dusseldorf_000169_000019_leftImg8bit.png,gtFine/train/dusseldorf/dusseldorf_000169_000019_gtFine_labelIds.png,505250baf99e2ca84adf9e9e5140d46b343ac5ab02ac53662530fd81eac34746,bfbbb3f134d7625b62a640c17c3092d1d2c2ae936175f245a15da160cd51937f
leftImg8bit/train/dusseldorf/dusseldorf_000170_000019_leftImg8bit.png,gtFine/train/dusseldorf/dusseldorf_000170_000019_gtFine_labelIds.png,c4f9f3989f030a83257a037ef4c93789ef05520be8d6d710e4417a8180ba9a8e,d49da16006b56637e0c5d98624bfbe4a1bf4caa6a900dcc527d469097b70f7a4
leftImg8bit/train/dusseldorf/dusseldorf_000171_000019_leftImg8bit.png,gtFine/train/dusseldorf/dusseldorf_000171_000019_gtFine_labelIds.png,f418e1106a4bf8756535f73d233227882e4a5a468f10302d6e8d4802484413ce,ed031cce5146a42c96d3d47fbf3ab2cdedc444b55e5569afb3487ed3f6cc1350
leftImg8bit/train/dusseldorf/dusseldorf_000172_000019_leftImg8bit.png,gtFine/train/dusseldorf/dusseldorf_000172_000019_gtFine_labelIds.png,0a1adee67acfd60808ee4ef6e36d42cc945a3045ec546554f7ca049b1cbfa509,f17e23bf646a3077332c7efdb01f35f9496ab57171b1312034737d70d91b7664
leftImg8bit/train/dusseldorf/dusseldorf_000173_000019_leftImg8bit.png,gtFine/train/dusseldorf/dusseldorf_000173_000019_gtFine_labelIds.png,6cbaf62f4670d4101cf824ac0e3f786ee0fad620c7be94531b8c756e690ce11d,8c912695012da61c571113ef092efcb2a87e688854ccf38ec569f38b1c58ebb3
leftImg8bit/train/dusseldorf/dusseldorf_000174_000019_leftImg8bit.png,gtFine/train/dusseldorf/dusseldorf_000174_000019_gtFine_labelIds.png,b91e9366be3eae4f94d7036c332173f9b946cb58484b846d0dce368f726b8096,6bc1d0b1fe440ea940dcdd52f2b8872f8ff1723ece8ac2b3a8c81f090e6d99e4
leftImg8bit/train/dusseldorf/dusseldorf_000175_000019_leftImg8bit.png,gtFine/train/dusseldorf/dusseldorf_000175_000019_gtFine_labelIds.png,5aefbcf5375847efaad590188e25b9d726246b55a8bd6cd9562e173e82bb00e8,2f531a8b159bdc54cd78f1f604a2630724d820566c876b78f3bf2b876229c5ce
leftImg8bit/train/dusseldorf/dusseldorf_000176_000019_leftImg8bit.png,gtFine/train/dusseldorf/dusseldorf_000176_000019_gtFine_labelIds.png,d95855ffb047e4a46547da167f8fba9ffa2655196e5cc063a1d96d1a2bf376b8,098ddd9683b1de9a0219d4574829852ab15ff94ef10932aeded976277fa693ca
leftImg8bit/train/dusseldorf/dusseldorf_000177_000019_leftImg8bit.png,gtFine/train/dusseldorf/dusseldorf_000177_000019_gtFine_labelIds.png,84a4664227561420e0be5c9f17bfd01a40ce82538dce3c6c2ceac8102c204eab,dec6466c8808506f675ab31a89a948c60f45852e6763ce98f5f9fd024f52228c
leftImg8bit/train/dusseldorf/dusseldorf_000178_000019_leftImg8bit.png,gtFine/train/dusseldorf/dusseldorf_000178_000019_gtFine_labelIds.png,193e6e6b553ee199e59c41ae999b07bc0a37ac90554f7ca1804c6c6e3a845499,3cc096e7f5b6f1d43028a855f5651cb4771967ff9a45141fbaddcfdd61ce38a0
leftImg8bit/train/dusseldorf/dusseldorf_000179_000019_leftImg8bit.png,gtFine/train/dusseldorf/dusseldorf_000179_000019_gtFine_labelIds.png,ca566c5fd542b79dcac0968b77c8ab94431da2385f09e6b4274027e077ccd342,7032a1ff160b0547e3d1c58d406a551ac34f6d05b241a5c3cb0f507875c6c0d1
leftImg8bit/train/dusseldorf/dusseldorf_000180_000019_leftImg8bit.png,gtFine/train/dusseldorf/dusseldorf_000180_000019_gtFine_labelIds.png,4eee6f8712a70f88272cbf72e41a095af123022436afbf185429489656e0cbbc,c845513cee682fb6ff3e125b34b7769a00330187850a3a99f166cdade513c582
leftImg8bit/train/dusseldorf/dusseldorf_000181_000019_leftImg8bit.png,gtFine/train/dusseldorf/dusseldorf_000181_000019_gtFine_labelIds.png,bb949e46965458a0acaa916783fa0d3cbb7c0746b230f72cd529193715f85e6c,06361928dc925f8d68bc422593130a211664ac84d7ffc21b4f52f0c02e44b405
leftImg8bit/train/dusseldorf/dusseldorf_000182_000019_leftImg8bit.png,gtFine/train/dusseldorf/dusseldorf_000182_000019_gtFine_labelIds.png,e4d97586ca726650b6b9dc00ccb334fb00757a012a17be7d9a6b87e79e89d51f,204ec9538f167a7813b5697a663b4f604ef1fc85a952a26659f36efc7b5dd342
leftImg8bit/train/dusseldorf/dusseldorf_000183_000019_leftImg8bit.png,gtFine/train/dusseldorf/dusseldorf_000183_000019_gtFine_labelIds.png,a5220faeba6a6982c2cfd61ed964f3f820e685a5a45550ba4c46cf1974900ca4,b2529a77cfdc7c90bfad5da2416fd7cfabbf420ae6a58b67649cfedfb18cd6a3
leftImg8bit/train/dusseldorf/dusseldorf_000184_000019_leftImg8bit.png,gtFine/train/dusseldorf/dusseldorf_000184_000019_gtFine_labelIds.png,4bbee9fdfb9133ecd960c11c3320f5c8ed626fdae1488a3552d5f344d5697668,1e704fb8c3e3f4948e0bd63c09a756dd235de8e762a148f96ca6e438c8a90272
leftImg8bit/train/dusseldorf/dusseldorf_000185_000019_leftImg8bit.png,gtFine/train/dusseldorf/dusseldorf_000185_000019_gtFine_labelIds.png,3c081dac2ee7ca6956569b200104faa2386ad37070801d268713a7d029b9ce09,73ca0b565f77e32d058c4aca516e461c453cc3ebe59179672a166aa409b49174
leftImg8bit/train/dusseldorf/dusseldorf_000186_000019_leftImg8bit.png,gtFine/train/dusseldorf/dusseldorf_000186_000019_gtFine_labelIds.png,f65626276627610fc4082217ca8296f5765f80a1f67db0da972c9dca63e1871d,b872d34248c34b1d0bf1c2458e64631a24d1e87b86d16e02d102e721cc49fc9b
leftImg8bit/train/dusseldorf/dusseldorf_000187_000019_leftImg8bit.png,gtFine/train/dusseldorf/dusseldorf_000187_000019_gtFine_labelIds.png,176f346c15662f17cce12b8c3e00e3558108d5497ad49f8274900b8e5e95bdd6,7935b3faa7d1bb212202e40d904191375c8c122ceb2fab86e27ee88c2a1fdf62
leftImg8bit/train/dusseldorf/dusseldorf_000188_000019_leftImg8bit.png,gtFine/train/dusseldorf/dusseldorf_000188_000019_gtFine_labelIds.png,b63a81586ec0d62b97f4649578a6c95091bc01bbcef31690ab8978ed13f75653,7a7fb4f4effc6e0958944a742ec624517364d5bccf9e7e32f866d7edac757e61
leftImg8bit/train/dusseldorf/dusseldorf_000189_000019_leftImg8bit.png,gtFine/train/dusseldorf/dusseldorf_000189_000019_gtFine_labelIds.png,00478abaa6b91f26d2d8aef3d807fa042ef0e1372623883788b5b0e53e62872b,4d042ad8a28843092c02e1e26a50a44eb36bc26cbcd50a2814e981888de2cd78
leftImg8bit/train/dusseldorf/dusseldorf_000190_000019_leftImg8bit.png,gtFine/train/dusseldorf/dusseldorf_000190_000019_gtFine_labelIds.png,d1fb64cf80c1332c1ecc00ab97cc51d72580091397a7698510959b892363b44a,ba42729a20d53772fbc889a4db28eade54aecfb845fc3be4879ebe0660837566
leftImg8bit/train/dusseldorf/dusseldorf_000191_000019_leftImg8bit.png,gtFine/train/dusseldorf/dusseldorf_000191_000019_gtFine_labelIds.png,d066cc8a93972949e905570ad053a116fb8900208d4b02232e1597d64b25b40a,bdd66da22a44a5c01b9af0c2111575b935910fb7941075d637c7d38fc1deb644
leftImg8bit/train/dusseldorf/dusseldorf_000192_000019_leftImg8bit.png,gtFine/train/dusseldorf/dusseldorf_000192_000019_gtFine_labelIds.png,bd3798eb8b519947ea37423b047b60d758cf826e8f59a96ed7c6720a1d0e43e1,c0e1844d00a6c28d89c6ee7414ecf9d94649a4f940c13fd25dfe37efc10c74c8
leftImg8bit/train/dusseldorf/dusseldorf_000193_000019_leftImg8bit.png,gtFine/train/dusseldorf/dusseldorf_000193_000019_gtFine_labelIds.png,9211c1f212da646c5aeed3cf04a13364dda3255a7c938d02448a0424ee04952a,b16c84111c37540e7d6bae0185643ae405409fceaceac842a6748af09d9fb83c
leftImg8bit/train/dusseldorf/dusseldorf_000194_000019_leftImg8bit.png,gtFine/train/dusseldorf/dusseldorf_000194_000019_gtFine_labelIds.png,7b260d6daf49afb39615e884d9c9af3125509c9db5328f3216f9bdb11c0a0f91,021453793e56400141bf50436d1279d877a51827efa1aac18b646d825ab03b47
leftImg8bit/train/dusseldorf/dusseldorf_000195_000019_leftImg8bit.png,gtFine/train/dusseldorf/dusseldorf_000195_000019_gtFine_labelIds.png,5819eadd0625a6d42450b98a0314e27c42a91b05d66e9fe11e732fa353e082de,d211351aedddd994263e24c0d6bc1b1e334c8abf962316bd0b5826eb1112cfbe
leftImg8bit/train/dusseldorf/dusseldorf_000196_000019_leftImg8bit.png,gtFine/train/dusseldorf/dusseldorf_000196_000019_gtFine_labelIds.png,94027134f8d2d37309addb9fcbb9f2506a94d7357cdbc422ad348f8c80f39d7a,6a4df3c0bfa0e057ad0b11043fd8ccb0e073399cb4225098c29c2b8a5de65acc
leftImg8bit/train/dusseldorf/dusseldorf_000197_000019_leftImg8bit.png,gtFine/train/dusseldorf/dusseldorf_000197_000019_gtFine_labelIds.png,16a1161c13990be128f067c499a2c0e9e9cd753f0907ca41d8ff2a646765ef7c,ef4b637d2457b707e40cce3cebd6149bb06acbb6e2ee7a06fddd460be61a73b0
leftImg8bit/train/dusseldorf/dusseldorf_000198_000019_leftImg8bit.png,gtFine/train/dusseldorf/dusseldorf_000198_000019_gtFine_labelIds.png,8f74272901ca11dec3e83748f1f96d1f31e05a064dfd833789fcb17d6b5751a2,fe3c2acc8967bdf0a15fb2a6d4a904be1b00b2faae6f6403577fa40b23b9cb25
leftImg8bit/train/dusseldorf/dusseldorf_000199_000019_leftImg8bit.png,gtFine/train/dusseldorf/dusseldorf_000199_000019_gtFine_labelIds.png,a7ab7ed6cc3baa44029640ea93aee25ff6c944c03acbbfbfa2fe80926d02577c,d45b8ab2e09ba6fe6b873957fab8690e2a255c815aec3a113c841fef6dfd6957
leftImg8bit/train/dusseldorf/dusseldorf_000200_000019_leftImg8bit.png,gtFine/train/dusseldorf/dusseldorf_000200_000019_gtFine_labelIds.png,329fd706ec8440c47ae502cd97aad95feb9c21327448786a74906f52df71f9e0,15a3acc8a46ad4d676e617e77c711f3077776bf5ccafd7bc18ad6f1b6e05826e
leftImg8bit/train/dusseldorf/dusseldorf_000201_000019_leftImg8bit.png,gtFine/train/dusseldorf/dusseldorf_000201_000019_gtFine_labelIds.png,8774b30c145c8e8177f02e66755ec6a79e34ff89f5ee223202d0c40c36d7ff35,0ca9be264ae956e6882c769c746e1d9304d716982478c9ccb606157cf37ef56c
leftImg8bit/train/dusseldorf/dusseldorf_000202_000019_leftImg8bit.png,gtFine/train/dusseldorf/dusseldorf_000202_000019_gtFine_labelIds.png,45f284caf14929c6ae97fb744a99f4b929e57c63307f4e36985596dd2408c3be,23ab722a33cbf2f8b4770a0e168a39f2a0aa40e7d0b26f7e007bc7c9fec9bcb2
leftImg8bit/train/dusseldorf/dusseldorf_000203_000019_leftImg8bit.png,gtFine/train/dusseldorf/dusseldorf_000203_000019_gtFine_labelIds.png,88f91ec8740435e444a306c4903e1d38189baab038bea124513748967bed47c1,f436a8fddb4e6fb5062fc02ec7b35eda3949e7a8f2a8e60119bcbd30c32c506b
leftImg8bit/train/dusseldorf/dusseldorf_000204_000019_leftImg8bit.png,gtFine/train/dusseldorf/dusseldorf_000204_000019_gtFine_labelIds.png,b8c01e36e7f1e19c1504c592a2f664081eb3321dadabb0ad37d54052c929bfa6,00a5f213c303d30002390ce32114423d1535e5bc912cf08fff6c4b64e0952180
leftImg8bit/train/dusseldorf/dusseldorf_000205_000019_leftImg8bit.png,gtFine/train/dusseldorf/dusseldorf_000205_000019_gtFine_labelIds.png,3254c40e1b66a16568b397454e57ea0f1a95a0b3c9dd335a323ecc0de623efa2,c04306ab146dbc200f8aab083cc13245576644d74ae1dd72b3ac2591b2caa344
leftImg8bit/train/dusseldorf/dusseldorf_000206_000019_leftImg8bit.png,gtFine/train/dusseldorf/dusseldorf_000206_000019_gtFine_labelIds.png,e14dae0ea5c7ea98023ebfa9036c7583fce0e9b0a783a005b90508d3cc1993a3,eac3c8ecd474a820ec157472c58fa8bba4957d87f84dcd7dda99709ae0124188
leftImg8bit/train/dusseldorf/dusseldorf_000207_000019_leftImg8bit.png,gtFine/train/dusseldorf/dusseldorf_000207_000019_gtFine_labelIds.png,8f857a85947af9ecae352277384ef0edce2be53bc279fe01e133441b45bb3a0b,90a58a108a45dfc9f22df920de233f1fd732af670a6024d718146efcf76f4f51
leftImg8bit/train/dusseldorf/dusseldorf_000208_000019_leftImg8bit.png,gtFine/train/dusseldorf/dusseldorf_000208_000019_gtFine_labelIds.png,4cbe302d62b90e28f0a4ffa488e9ab929661fa7c0ec76d7ab4444c2970705f82,98828564b1675d0db59e6313ad302bd17dc4c557fc2fd3fe9932b3bb1606b681
leftImg8bit/train/dusseldorf/dusseldorf_000209_000019_leftImg8bit.png,gtFine/train/dusseldorf/dusseldorf_000209_000019_gtFine_labelIds.png,bf9bffe91c0f56de7ede4e876465d05add04ccd877178fa99d6039e42e7e742e,8a64e4f6dc23cf4e791b2ae22608f5645879e1a3591a5923722b0125023828cf
leftImg8bit/train/dusseldorf/dusseldorf_000210_000019_leftImg8bit.png,gtFine/train/dusseldorf/dusseldorf_000210_000019_gtFine_labelIds.png,c54e8ce2e7d9b496e234583d73db8235e96e50daf57a72107cab60e5d27a83d2,e9a384d0cef1dcb07a80c0526402a51360ff2df419a37c06511a6edd43823e45
leftImg8bit/train/dusseldorf/dusseldorf_000211_000019_leftImg8bit.png,gtFine/train/dusseldorf/dusseldorf_000211_000019_gtFine_labelIds.png,10f2922b96a2c1cdc3fa2b2385245aac0735387c8701a7986da4ad2de00e1379,5a72b9d27f370f3f1deddb73cf7e4c171f5b991ce375f6b83fee122d7b7a5299
leftImg8bit/train/dusseldorf/dusseldorf_000212_000019_leftImg8bit.png,gtFine/train/dusseldorf/dusseldorf_000212_000019_gtFine_labelIds.png,33bdbce691e952ed17f1e4b5837abaee8a3db7ba56bfc07d4ad24966ea281eaf,47e5b6ebfbd88e56af36c9b93d541a90fce43a5c18c1cef65eb3dd015cb13a56
leftImg8bit/train/dusseldorf/dusseldorf_000213_000019_leftImg8bit.png,gtFine/train/dusseldorf/dusseldorf_000213_000019_gtFine_labelIds.png,457344363c3289eb48ce789fa9b0cf9a0109431c4122cb214fb7f556aa5a3639,206aa225f96575b45ded5da11409b3076da6df6a6494635368296d130c1a0c0e
leftImg8bit/train/dusseldorf/dusseldorf_000214_000019_leftImg8bit.png,gtFine/train/dusseldorf/dusseldorf_000214_000019_gtFine_labelIds.png,03f4fa903fb3b378b70999f3376a3a047d95737a12a15851d6357ea90de6c02e,82073cc9912944deb25207f1197de36536dae6aa1e1151d47a0f20c826325cbb
leftImg8bit/train/dusseldorf/dusseldorf_000215_000019_leftImg8bit.png,gtFine/train/dusseldorf/dusseldorf_000215_000019_gtFine_labelIds.png,3ebe56fe210a74bd31d226fd1ebd55d5fd06cf6b72f3122494f015e98ca9936e,226ad18fb985838268cdebbd890317735edc4a1529ba417c745d6a8f0601ff1e
leftImg8bit/train/dusseldorf/dusseldorf_000216_000019_leftImg8bit.png,gtFine/train/dusseldorf/dusseldorf_000216_000019_gtFine_labelIds.png,8a25cc99ee616ab5b0f1a72253965ee620e0b3a0a7e0d552e958de11b33b76b4,b345371db2a376a27e3879905c2ebccca43fde8b83292d85be91d3c56893b58d
leftImg8bit/train/dusseldorf/dusseldorf_000217_000019_leftImg8bit.png,gtFine/train/dusseldorf/dusseldorf_000217_000019_gtFine_labelIds.png,5d82c3f55f12231746240cf7f52bc57ef3778e70caf6a9df006440d939593576,0b4590783201f3c3798d85bd9052fe9529020150f4a0bb70d71b911f0c73efb5
leftImg8bit/train/dusseldorf/dusseldorf_000218_000019_leftImg8bit.png,gtFine/train/dusseldorf/dusseldorf_000218_000019_gtFine_labelIds.png,7209c06ece98256b6ce4c9839825fdf0c409bd78024f59c8a595f8f67565ed78,596b96ee246b349f44d263b5f06771d39bf92aa17b36a8de2462e39a1d4930cb
leftImg8bit/train/dusseldorf/dusseldorf_000219_000019_leftImg8bit.png,gtFine/train/dusseldorf/dusseldorf_000219_000019_gtFine_labelIds.png,2aa8f148d26009549d13f593e1009c29ac921f82894d0c8f221a013116efd0a7,ad16e51064fa12eaca9fff18707eff6fa672c8fa96af521bcee1f5eb78b6e5d4
leftImg8bit/train/dusseldorf/dusseldorf_000220_000019_leftImg8bit.png,gtFine/train/dusseldorf/dusseldorf_000220_000019_gtFine_labelIds.png,65a1d179365270d1d8e92feebddf8daa02a3cc8f92d78eaae51ddb68c90a6eb9,73af0b94ce20ffa9b2d3a5e4f8339b854a3d528dec3102f95caa65345c82fbeb
leftImg8bit/train/erfurt/erfurt_000000_000019_leftImg8bit.png,gtFine/train/erfurt/erfurt_000000_000019_gtFine_labelIds.png,14a53beb50a44a0cc76039b506c12e3a0299dcf9ad323ba79dac82d9958c5c79,c19c5808be53638ac5df6cfb838739fa8b9ef679503216e3ca19e52aeb591a32
leftImg8bit/train/erfurt/erfurt_000001_000019_leftImg8bit.png,gtFine/train/erfurt/erfurt_000001_000019_gtFine_labelIds.png,8af4536cb24956db7655b81b2ebedb7442e40b4e766d9920c1556aca694ac732,c79b2b77cf7dd6508a525d03a3457011c7b2e8c395d46256e30409e2612d711e
leftImg8bit/train/erfurt/erfurt_000002_000019_leftImg8bit.png,gtFine/train/erfurt/erfurt_000002_000019_gtFine_labelIds.png,73f708107f50fda247ebac0337f6f0a811948914b886eff3d7e867e4879a240d,58bfe4a2110a2231b1cd11596c2dbfa61411ae644773012b645a59d479b5fd2e
leftImg8bit/train/erfurt/erfurt_000003_000019_leftImg8bit.png,gtFine/train/erfurt/erfurt_000003_000019_gtFine_labelIds.png,c23302f0a918e8f873b959049a5f8c15abe7552635fa2968959bd662e9617c79,ae9e402201a31416836150a301fd1ee42d2a1e728a04e521ce685b77ec7447c2
leftImg8bit/train/erfurt/erfurt_000004_000019_leftImg8bit.png,gtFine/train/erfurt/erfurt_000004_000019_gtFine_labelIds.png,e9a6abb240300a20107d8a4cf504505a54fb1cabc24f513d4166050f6f2755a1,980ad7169d7bc5449ae7d43182cf5233699934e8441db27e9ee184ce577bee09
leftImg8bit/train/erfurt/erfurt_000005_000019_leftImg8bit.png,gtFine/train/erfurt/erfurt_000005_000019_gtFine_labelIds.png,4f8cd7a681e301591d9ffda97d13e8f31664b9636b31be04478c74e7955ec259,9c5d4b7bb25f29fcac7001862e550c0dd86bda5eb05dae4294bbdee6b712b063
leftImg8bit/train/erfurt/erfurt_000006_000019_leftImg8bit.png,gtFine/train/erfurt/erfurt_000006_000019_gtFine_labelIds.png,698dab3797ccf77b7fffceae70412e00e39f1fe31a901002cc88c98af4b6d47a,5fc3de8a68ab449d4fef905c80d7fecf9413250ef57cd3e52c3bbce02754fae7
leftImg8bit/train/erfurt/erfurt_000007_000019_leftImg8bit.png,gtFine/train/erfurt/erfurt_000007_000019_gtFine_labelIds.png,65a15b9c9057fcf1e5724a69227f45113a4b0729286688c5ede598e86e747d08,a7128a6d4e71e79bd0fecc1123f9159175954931f2c4280ce9ccc4d37f951117
leftImg8bit/train/erfurt/erfurt_000008_000019_leftImg8bit.png,gtFine/train/erfurt/erfurt_000008_000019_gtFine_labelIds.png,74868b6e3573ad61ea957e45e9b2dcef5beaf3b5dc131b25186c739abb6db8df,a2fb51edda22cb9d9590aaddf65eca276e5b980f508d165eec2df113f909ee33
leftImg8bit/train/erfurt/erfurt_000009_000019_leftImg8bit.png,gtFine/train/erfurt/erfurt_000009_000019_gtFine_labelIds.png,c5e53c5cb224858f8ad859c90cb477321a9ac15b29699c4165d92d67f205c716,9f09577197e41f5fdf73782d58121e8cb15d8daf1ccb3bf036290b40c4b41189
leftImg8bit/train/erfurt/erfurt_000010_000019_leftImg8bit.png,gtFine/train/erfurt/erfurt_000010_000019_gtFine_labelIds.png,bc1e13af08aee56e4791d06bdba7a0086926b1f86eae836e4642d7c4eb9f571a,9d534e0ded6a4ee542005de89bbdd4bc600153de13cf5c2593782a4a490b6315
leftImg8bit/train/erfurt/erfurt_000011_000019_leftImg8bit.png,gtFine/train/erfurt/erfurt_000011_000019_gtFine_labelIds.png,a9a6faed0150e8a64dd57209a213d4c235744f74ec9ee87dcddb859be5284110,857ae42bbf85f7dcbe0b5fde00c8f53bed42a105a1d55513e372039e1ff4c4b1
leftImg8bit/train/erfurt/erfurt_000012_000019_leftImg8bit.png,gtFine/train/erfurt/erfurt_000012_000019_gtFine_labelIds.png,a61ec1c0a403ec841a036abdb5d5e8f9a722cf4fd05167c40d866abd1fdae4ca,3b713921d555ee057dbcc00589f559949d92c8695b3e2fecdd755ccfdbe4fb35
leftImg8bit/train/erfurt/erfurt_000013_000019_leftImg8bit.png,gtFine/train/erfurt/erfurt_000013_000019_gtFine_labelIds.png,0b1590599b6c388f9e9a67ffcd5c3b786c19909745d9d57b0f10e64417db2fe0,956454c1b56525ce591cf3d09e216d925f9b33a8f11cf3a009533bd00b732122
leftImg8bit/train/erfurt/erfurt_000014_000019_leftImg8bit.png,gtFine/train/erfurt/erfurt_000014_000019_gtFine_labelIds.png,c74829bd4d1452b9f5dab54e82c671942a36541d449cb9e080c514ad3f4696ca,22323bce1c296f66452070cfd30a3b38940ead0ad7c5452f815888bfe365d4e4
leftImg8bit/train/erfurt/erfurt_000015_000019_leftImg8bit.png,gtFine/train/erfurt/erfurt_000015_000019_gtFine_labelIds.png,351c99222be81d89bde401e0b365cd1a482a165e856cb61a457e1a5fb502bec9,1ca4477136c14bfe778f6bdd4841ef43cf92c56ab07f5283a01a823f31bd7524
leftImg8bit/train/erfurt/erfurt_000016_000019_leftImg8bit.png,gtFine/train/erfurt/erfurt_000016_000019_gtFine_labelIds.png,4ab09590a0401531a4d51f99485a6737324f23d797ecbef84b469e52094ce929,247f4edb73c8e316d45e912d666b002997a948beae5ba33f06017bba6bec93b5
leftImg8bit/train/erfurt/erfurt_000017_000019_leftImg8bit.png,gtFine/train/erfurt/erfurt_000017_000019_gtFine_labelIds.png,5a6d4ab0952763221a5c36fe2f810083f51f9946e032a2a6c93bfcc828293594,ba85c49116dc56a2d5f536f6cc0906246decf86dda6c255ecb4fcafa3d75283b
leftImg8bit/train/erfurt/erfurt_000018_000019_leftImg8bit.png,gtFine/train/erfurt/erfurt_000018_000019_gtFine_labelIds.png,8843a892f2e2cff8504debe372ca6cd2601f525bb209c85e0dc6808de3a819ad,e554cdc55e732fd60fee72caa21934218500c48cfc96a9331d145ae39d54d5dd
leftImg8bit/train/erfurt/erfurt_000019_000019_leftImg8bit.png,gtFine/train/erfurt/erfurt_000019_000019_gtFine_labelIds.png,f218702b1335056d8b50ac40d056fea1c4b6430e600ff33c8b8069a2e87324cb,c2124719a47815435199e6df55b114a90fabe838efa7f4515611c6e8a49177f0
leftImg8bit/train/erfurt/erfurt_000020_000019_leftImg8bit.png,gtFine/train/erfurt/erfurt_000020_000019_gtFine_labelIds.png,19bb2ba60fa351071d5e6f6af7971714be102b80a58831885b7032cd2d6e597a,2d9fffe8e7007e548e067f68c9085a769880e92aabab22b87c2e39592ec4939f
leftImg8bit/train/erfurt/erfurt_000021_000019_leftImg8bit.png,gtFine/train/erfurt/erfurt_000021_000019_gtFine_labelIds.png,f41158daeb30217b5ae399cdec600d897d4b1f34adf01a532caff847a782c77a,79d19c149e9213f959c20032f4f00353bef1257e6823241b198774d48592fcbe
leftImg8bit/train/erfurt/erfurt_000022_000019_leftImg8bit.png,gtFine/train/erfurt/erfurt_000022_000019_gtFine_labelIds.png,12f29ddecb2f999b41f3072862e82e685db250c011e027785f6a0f08b9b003f0,6ff950096675fa09a8c50067cb632cf5a982d9d0def518b0786a86b1d8319dfa
leftImg8bit/train/erfurt/erfurt_000023_000019_leftImg8bit.png,gtFine/train/erfurt/erfurt_000023_000019_gtFine_labelIds.png,0a3e6a4cac5d810907c59ab49ba5b48b9d3d334efadd3f15d9dc58bec72746e0,970bf153a9092604f714d8dddaab001730573fa6325e0565220d73fe9558e7f8
leftImg8bit/train/erfurt/erfurt_000024_000019_leftImg8bit.png,gtFine/train/erfurt/erfurt_000024_000019_gtFine_labelIds.png,c1bfa8c34aaf97b22582c64ee0f466d392c83a3c5de2f0df674b396a9fc1ffe6,9bbaa8a5b4c4e8546040613e4534e59c03d764c9a6259546f7087b6397d6f56a
leftImg8bit/train/erfurt/erfurt_000025_000019_leftImg8bit.png,gtFine/train/erfurt/erfurt_000025_000019_gtFine_labelIds.png,f13d8b7866fac185a8ebe12d3f26b0390dea67e1ca5a4ac10fd9d6d2aee77b1d,d33ee0c24f2ee7e9a33d2b7abe8f6aaea881923cb21e5d37191c88102aa60175
leftImg8bit/train/erfurt/erfurt_000026_000019_leftImg8bit.png,gtFine/train/erfurt/erfurt_000026_000019_gtFine_labelIds.png,cfee5f313005f2c347248517b1a357f484100591065aea798adaf3c4f9190dac,6938974e8496ad326cdbaea0bf3b14306f64cc55a407d2b2188221a30a569871
leftImg8bit/train/erfurt/erfurt_000027_000019_leftImg8bit.png,gtFine/train/erfurt/erfurt_000027_000019_gtFine_labelIds.png,d5c304011560c862807233bfa0238c6be9aed20bc6f765fa9d235127976a1907,be48af994c9013ec98791cd9bd8c749c9ac0a1253a7326bd5267ab1e290d66a4
leftImg8bit/train/erfurt/erfurt_000028_000019_leftImg8bit.png,gtFine/train/erfurt/erfurt_000028_000019_gtFine_labelIds.png,30f72254bf3c9c43c7b4be507f7be921fe508e7086c75bb9ccbf345f48156451,32beb0c1dd8a295e7ade0987455a7c220eac46d4fb4fc1894ba70276cf7f18f5
leftImg8bit/train/erfurt/erfurt_000029_000019_leftImg8bit.png,gtFine/train/erfurt/erfurt_000029_000019_gtFine_labelIds.png,99660d8a068e9802570e77e1f973d6cf83ac56d94f1759c7d9d52b7b7e4cfc0c,85920bde15716e79989d2b591fdc8d96097a6a63ddda7a8aed7611304e70f809
leftImg8bit/train/erfurt/erfurt_000030_000019_leftImg8bit.png,gtFine/train/erfurt/erfurt_000030_000019_gtFine_labelIds.png,6f92eafca942dcea58df1b31c49a82c7be09e996ee744a3718240913abadd10f,4da1862350fdafd2821bb477a93c035757700f16d810a64bdc57e5575393f6ef
leftImg8bit/train/erfurt/erfurt_000031_000019_leftImg8bit.png,gtFine/train/erfurt/erfurt_000031_000019_gtFine_labelIds.png,be4a5558034fa990174a5f83ae42494a2812bf670733e87e6c0567a153859716,67325251263631aa4fa3ed5c59224ebd8abd166ad15df9382e99a3fcd58b35b1
leftImg8bit/train/erfurt/erfurt_000032_000019_leftImg8bit.png,gtFine/train/erfurt/erfurt_000032_000019_gtFine_labelIds.png,d177ed799e2131f3299141437b1eb5eac8df8426d08c645dbbb4cbe65765ca62,4d8d5e49b3b988d646f82c4788b54c02dba461bb412ab0331a971ccc57afeb55
leftImg8bit/train/erfurt/erfurt_000033_000019_leftImg8bit.png,gtFine/train/erfurt/erfurt_000033_000019_gtFine_labelIds.png,35f7ccb2d23f1f1f012f85db3b4af2d8daf604dbae3e2473ab4167cf1f326329,1cd57865edb6bdf80cdba08f01b8cb394900bc7c3c5212df906141135be490dc
leftImg8bit/train/erfurt/erfurt_000034_000019_leftImg8bit.png,gtFine/train/erfurt/erfurt_000034_000019_gtFine_labelIds.png,caa8b96908672e5981197862d1c19c014d5ce766a0ace821243a156830b7a615,52c07333f26be63847b2ee74ad655199468a0d1445183f01e9419e7c2a1d4111
leftImg8bit/train/erfurt/erfurt_000035_000019_leftImg8bit.png,gtFine/train/erfurt/erfurt_000035_000019_gtFine_labelIds.png,3b5323b4fdb5d90ec34cd015767dad81996a60c38ec83f35696cf5e9d60c92de,a268003a0c35090c551c787df7ac6fddf73ada1ab0bc775cb46b24e1ec6f9aa4
leftImg8bit/train/erfurt/erfurt_000036_000019_leftImg8bit.png,gtFine/train/erfurt/erfurt_000036_000019_gtFine_labelIds.png,9f61cb6046892e3eab647fdb10ea12967a8522c3b3ca907d789650723894ea74,fbc13b0e82f0d81cf7143bca78021f3804f1adaf04c64700f07ee1aa4aa9d91e
leftImg8bit/train/erfurt/erfurt_000037_000019_leftImg8bit.png,gtFine/train/erfurt/erfurt_000037_000019_gtFine_labelIds.png,55f8773e0236ae2dc08367b25f3c464587b1baa18610c41805fbb04e79660151,652dbb543d0a4dc95fcd8ed3bca676506a176e98c39115826a46e72236817b5d
leftImg8bit/train/erfurt/erfurt_000038_000019_leftImg8bit.png,gtFine/train/erfurt/erfurt_000038_000019_gtFine_labelIds.png,bd4bc17c4d34a92b28ddd85ae04b91ff1dab9e2a55966973af5a246ec5e0cfbf,6db26160d776ab819bacb936624d2863dbaab53828c83f4e40e2798ae36c2056
leftImg8bit/train/erfurt/erfurt_000039_000019_leftImg8bit.png,gtFine/train/erfurt/erfurt_000039_000019_gtFine_labelIds.png,c916713a8bd736e1d0e43c8b37b26d5f61608c522d247ea36b4ef46c813e61d5,0c591a8f6e1fc551fced0c78eb63f857fdd4b887d7826d8c906c05298d570ff6
leftImg8bit/train/erfurt/erfurt_000040_000019_leftImg8bit.png,gtFine/train/erfurt/erfurt_000040_000019_gtFine_labelIds.png,848341d0c8161d3492ac2d2195fc6ffc8bef9dc7c4cb927cf38af925f22b1599,eec584068a665c6c078957fb3ec10bcef74783ba798d2613b7eaa1b90c3af533
leftImg8bit/train/erfurt/erfurt_000041_000019_leftImg8bit.png,gtFine/train/erfurt/erfurt_000041_000019_gtFine_labelIds.png,99d7f0b7b87f76901e15aeb515080148f9bb40010d8f962ad8863931f5372d04,97bffc6318d793610f24a58fd135dbe716709efc4efa917e0d2b1154d81ae7e6
leftImg8bit/train/erfurt/erfurt_000042_000019_leftImg8bit.png,gtFine/train/erfurt/erfurt_000042_000019_gtFine_labelIds.png,59f2be83a31a11be27b24d1bccf27cf613d9155aa11795603520ca3a218cac33,7ecdf0274fc829df6a57c99eca4f020ecd236b70fe4d4f5bf7b67f64d110b2b2
leftImg8bit/train/erfurt/erfurt_000043_000019_leftImg8bit.png,gtFine/train/erfurt/erfurt_000043_000019_gtFine_labelIds.png,de0fff1c5475e1f1702deda24af76f6063ca40cd904de08ba0bfdb553c290a69,cbd87179e6ea0bd6f94b3b31197fe871bcdc37ad21a34dd301590e412e1802b5
leftImg8bit/train/erfurt/erfurt_000044_000019_leftImg8bit.png,gtFine/train/erfurt/erfurt_000044_000019_gtFine_labelIds.png,e6442eb658332cc470aba3616ee552252a7a1ef670e01a758395c6c2bd0378aa,a48825c49077586b05bed187fb73ba26e3c1a7536c7d2777257d1ec74da909be
leftImg8bit/train/erfurt/erfurt_000045_000019_leftImg8bit.png,gtFine/train/erfurt/erfurt_000045_000019_gtFine_labelIds.png,fd7ee3fd7b8ddafd6daa83cab6c7274098267ab26b2b5631c14b423b43a22161,713c6b00fe2b1b3d108f502e0ca13d0a7f57355ec316775344d4a9fe62668f1d
leftImg8bit/train/erfurt/erfurt_000046_000019_leftImg8bit.png,gtFine/train/erfurt/erfurt_000046_000019_gtFine_labelIds.png,f46c5585bdee308b7733bec16751f531ef2b01d659a27119b4c03202fcc64599,db7604be317befd17b9b200f1c2f73ee6c9727628b453686625b491c24e6bcdd
leftImg8bit/train/erfurt/erfurt_000047_000019_leftImg8bit.png,gtFine/train/erfurt/erfurt_000047_000019_gtFine_labelIds.png,da5896894e9182abe9c7ad761f636e753afaec6a6f74499d204a69cf318dd1b3,c8495466b2918ad5a1080a0270d14630a003c6f24d9ff8dd2f82c70a66e23985
leftImg8bit/train/erfurt/erfurt_000048_000019_leftImg8bit.png,gtFine/train/erfurt/erfurt_000048_000019_gtFine_labelIds.png,3fe895d24ec3327f8047ea85820b42d7d00563bd69bea08674a9b40e1dda8449,5ea8c7e188f4c3894f661777d26b370bdbc2ad906478a93af000ca14f55bfcf2
leftImg8bit/train/erfurt/erfurt_000049_000019_leftImg8bit.png,gtFine/train/erfurt/erfurt_000049_000019_gtFine_labelIds.png,bfcec308d9aaca1c40d587ca2b2192e5319279c822323c7dde3831522714ed9c,5bfd9946fe6d777fd3dff7982ea7986d6aec06a26e93684dbda076f82555ea75
leftImg8bit/train/erfurt/erfurt_000050_000019_leftImg8bit.png,gtFine/train/erfurt/erfurt_000050_000019_gtFine_labelIds.png,7aa13c8208e4dfa4a41e7bec13ce1d4be170c0f094a4b0aefdd35f31e9526221,bc972ec7eb22684d187aac724d9b7c675ff340bfc04757391469a877e9596df1
leftImg8bit/train/erfurt/erfurt_000051_000019_leftImg8bit.png,gtFine/train/erfurt/erfurt_000051_000019_gtFine_labelIds.png,6d92d9e7598ebcf2383c45dec4bf77d973b56ed06a0af38fa2a48978c104918f,eaea92e81e1e67b526e67de3e41bf86743e23bb7e2be84f4e9966334b37d0c08
leftImg8bit/train/erfurt/erfurt_000052_000019_leftImg8bit.png,gtFine/train/erfurt/erfurt_000052_000019_gtFine_labelIds.png,0d646c81939ea60295c03957eca652ce4354fa02257c67582c516e6cd7ce3503,8a41dba6ec5d0cac69d55aa25e273745de502a5c67d2214697e2cf1702a14af6
leftImg8bit/train/erfurt/erfurt_000053_000019_leftImg8bit.png,gtFine/train/erfurt/erfurt_000053_000019_gtFine_labelIds.png,a86c1be35194cbf8f117e203c34ee44a417701e0903541058b5a40c726ac4edf,6abca3cfb70008519e1706a0a0343fadab9dac1d7332e361f426cd8ca49a490e
leftImg8bit/train/erfurt/erfurt_000054_000019_leftImg8bit.png,gtFine/train/erfurt/erfurt_000054_000019_gtFine_labelIds.png,b9b0e2fd5eb38b44e569a64d4f55db823baf2319c0434c5c16c141172029bb71,8efb4a1501b44f556d32acbf0481971757b9c3cbfe286bd80275d630f16018de
leftImg8bit/train/erfurt/erfurt_000055_000019_leftImg8bit.png,gtFine/train/erfurt/erfurt_000055_000019_gtFine_labelIds.png,7875efdf1a4af5b12d86694c6fd7ed56e5af0c8c1a00057ca4c079ae20a2fd31,d97e45e0fa0936f59066b76fde5df2c248c50e4520ecf2a0601f3bc9bec89b04
leftImg8bit/train/erfurt/erfurt_000056_000019_leftImg8bit.png,gtFine/train/erfurt/erfurt_000056_000019_gtFine_labelIds.png,53fa0416680583258232b8797e7acc9ad302fc709a9c48c495a87f74ccf6d579,d53cc495b8976c96747eec2e8a3d7f11678c17cf2bb663f09cb4e548a8fbff12
leftImg8bit/train/erfurt/erfurt_000057_000019_leftImg8bit.png,gtFine/train/erfurt/erfurt_000057_000019_gtFine_labelIds.png,5a54c2b8e0e588297f7bcf72f214990f79ac71232fc6bea7e87a13f1060c81bf,588263ab21c9524bbf3b0099342ddfaf6ff5da8e9c594f7faa2801d06645fc2c
leftImg8bit/train/erfurt/erfurt_000058_000019_leftImg8bit.png,gtFine/train/erfurt/erfurt_000058_000019_gtFine_labelIds.png,dfb7c51be722978ea47fc0d50142a85892926b6f9a5a09504c2eb8d46f0ddf32,0fbab4923fccd994c642e873b89bf1e7a898ba30f2d055597be44089ff3c608b
leftImg8bit/train/erfurt/erfurt_000059_000019_leftImg8bit.png,gtFine/train/erfurt/erfurt_000059_000019_gtFine_labelIds.png,4e484367769722f72a6bb83bcdd629ce4c74abbdf88522fe2ff1e693bfd673fd,b699a5f6c3eb1cbba052f391538e33adc98ad848b7f685e28c4115e98e90439f
leftImg8bit/train/erfurt/erfurt_000060_000019_leftImg8bit.png,gtFine/train/erfurt/erfurt_000060_000019_gtFine_labelIds.png,a77a07ecdae51234fc67e25e9881023f2c90d038927eee0da9e81e8a1f5532a3,3e5ad16bd1bcd17c1a2391ba820c9d6c19c5f5e2cc521ef422f140b8702cb681
leftImg8bit/train/erfurt/erfurt_000061_000019_leftImg8bit.png,gtFine/train/erfurt/erfurt_000061_000019_gtFine_labelIds.png,64af43e29829d9e2304cc831efec765d899714df993ea9432a38015b145d33c1,534275211f338f437234ba363913be71c6277b3f39a0ac9387aab6df6bd50e5f
leftImg8bit/train/erfurt/erfurt_000062_000019_leftImg8bit.png,gtFine/train/erfurt/erfurt_000062_000019_gtFine_labelIds.png,2854a5ffe087a616ed7768a90805ea32037fee4b2a0fd9709a61dd0e6e7bf901,85bd0faa01ea17f5f5341fdfb0688441340ff57e3a3ace751627ad5a5e7ccac0
leftImg8bit/train/erfurt/erfurt_000063_000019_leftImg8bit.png,gtFine/train/erfurt/erfurt_000063_000019_gtFine_labelIds.png,ba0cc0e95090372be8fc323672f025680a4dee64e8fb284cf7792f3fc6aa084e,1898fe415fae656da20b5bc954ede7575fc65cd373e7ba72c7e6e6711de4c334
leftImg8bit/train/erfurt/erfurt_000064_000019_leftImg8bit.png,gtFine/train/erfurt/erfurt_000064_000019_gtFine_labelIds.png,f55ec118c05b6814eb40b376713e4a42878da4125e36f93f0180dc783c97ae51,047b302360ce1f1e41ff3689daa01dd220dc4341d57a7ce0725ea65fe088748a
leftImg8bit/train/erfurt/erfurt_000065_000019_leftImg8bit.png,gtFine/train/erfurt/erfurt_000065_000019_gtFine_labelIds.png,6ed0b8f3cd9a72512d1af6d35fe903d1707d2a7e38e047ea67585253cdb06da2,ef94360fb3a60aa57b665940f83d73f62e62b2f6651567a9a345697afcbc082e
leftImg8bit/train/erfurt/erfurt_000066_000019_leftImg8bit.png,gtFine/train/erfurt/erfurt_000066_000019_gtFine_labelIds.png,4afe659b7ab35fe127096595950e4b3401c6152b348bf1a50914072536d07998,a6a418b5f1488260f56477fc190c0d82c38089b3111a38b8dadf6c05d74f6730
leftImg8bit/train/erfurt/erfurt_000067_000019_leftImg8bit.png,gtFine/train/erfurt/erfurt_000067_000019_gtFine_labelIds.png,aaa256bc3ee816885547e40aef14eabef054bdf5ed34c0bdcc9d7516a87e61be,2d6223aea540fe07e752408dd9fbfc20c18fe9f0e2be366b012c310cac9d0556
leftImg8bit/train/erfurt/erfurt_000068_000019_leftImg8bit.png,gtFine/train/erfurt/erfurt_000068_000019_gtFine_labelIds.png,082421b634c66323b098b8ad7efe0b0af6edfb71f644da02ca7024965a34e004,264f951c398457c7138eb5df704ee98b5b82618c98fb361c5a8f66fa27aa2f6a
leftImg8bit/train/erfurt/erfurt_000069_000019_leftImg8bit.png,gtFine/train/erfurt/erfurt_000069_000019_gtFine_labelIds.png,ff51c26b8f8852571bf38ee92c40783b3fdd819f87929d108261be07450f140c,4e47c25947570de46dc0e6b9184f2d0151504e9b80789860d8393babd62f78df
leftImg8bit/train/erfurt/erfurt_000070_000019_leftImg8bit.png,gtFine/train/erfurt/erfurt_000070_000019_gtFine_labelIds.png,d426ba51eac68e7168f9b40082ca8453da8bfae87ed4b628b8cca3d9ed9c7e74,5ff32c8d62fcd7e72034f556272a71317dd5038eeeeedec5899ed9ee49ed38f9
leftImg8bit/train/erfurt/erfurt_000071_000019_leftImg8bit.png,gtFine/train/erfurt/erfurt_000071_000019_gtFine_labelIds.png,b804e6095a3d820871fe221fa773fb5528f09b31b22bf99a8d2f3150799fb050,1beb68c4ca47df1661bcb913a9691f5100883e969b221400471b2f708b10bd3b
leftImg8bit/train/erfurt/erfurt_000072_000019_leftImg8bit.png,gtFine/train/erfurt/erfurt_000072_000019_gtFine_labelIds.png,6c539d054ba4a5d1d2c7963a0866f3a7b4fa937467aed864c82d69748872bea9,e3295265022bcfc67fbe951420efc7389e23116850faf8e8587bda75cbbda719
leftImg8bit/train/erfurt/erfurt_000073_000019_leftImg8bit.png,gtFine/train/erfurt/erfurt_000073_000019_gtFine_labelIds.png,78bd9e128b2aa015684978ca609734b0216ad06d3bd84e065e98c575b2f575d2,9a686aeb91a95dc538581664386ce6d51a7de03ec641c4f2c4de76c9eb4febfd
leftImg8bit/train/erfurt/erfurt_000074_000019_leftImg8bit.png,gtFine/train/erfurt/erfurt_000074_000019_gtFine_labelIds.png,8e38dcad7d797d00f8ce2010f94e00dd85be577f8bcc5328c6dadac50d922dec,af8c148f2b754bc28b794b5b01e887adcf9e7ebbb6bd762f3f9cf9bf87cf6375
leftImg8bit/train/erfurt/erfurt_000075_000019_leftImg8bit.png,gtFine/train/erfurt/erfurt_000075_000019_gtFine_labelIds.png,686d3f36687f574e701d68ac0f594d7fe1d895c4ff08b66dda6242bc8c0991c9,0cd46c1fa9ef4250b64c59c88ba6ad9c84363479a748c4125fd52a8f6fe3bd5e
leftImg8bit/train/erfurt/erfurt_000076_000019_leftImg8bit.png,gtFine/train/erfurt/erfurt_000076_000019_gtFine_labelIds.png,5365d8086bdb28aa5f6ccef778804c46db944a3466c4a6b9288d668e55327166,ce740a247a1438422e3a89933a6f1095d2260ab4462701f8ec2e0050d5a7daac
leftImg8bit/train/erfurt/erfurt_000077_000019_leftImg8bit.png,gtFine/train/erfurt/erfurt_000077_000019_gtFine_labelIds.png,9bb068b0816859c39de14f6498ae3aa5fc4ee71fb9d17489965f2103d9f1e3d4,d351e34a764cfdd88ad52effd81b971832659a3ce254869e5c5813155d194a43
leftImg8bit/train/erfurt/erfurt_000078_000019_leftImg8bit.png,gtFine/train/erfurt/erfurt_000078_000019_gtFine_labelIds.png,75ac8c7d302a06a33a79db4afb79bb24b869b671c1f5fd388ee17516cf4b2287,4ee02b52cd5b2d3b8be900b7ba11a7abd8796f5e6bcc50a69f095e195619ba09
leftImg8bit/train/erfurt/erfurt_000079_000019_leftImg8bit.png,gtFine/train/erfurt/erfurt_000079_000019_gtFine_labelIds.png,8b23ff24805a1ed57c1979df234fbcd22e3d82ccfb19a5432474e333f55c097c,8bccefa742bdcbd5ea7e85fe6551ec3ed652b7a26567a4bd250a60ae06c45da2
leftImg8bit/train/erfurt/erfurt_000080_000019_leftImg8bit.png,gtFine/train/erfurt/erfurt_000080_000019_gtFine_labelIds.png,ab3d33bed61633c2df0bcf80819ffde7df16d61b4ff97e78cb03f1c37548814a,14bb408924b3a3524fd1f8a8cfc6151860845a2875d69c1d18904fb4169e08f5
leftImg8bit/train/erfurt/erfurt_000081_000019_leftImg8bit.png,gtFine/train/erfurt/erfurt_000081_000019_gtFine_labelIds.png,5acc8de0e094116ccf7c46a4fec9474e4f3372237d8baa8e137c6acd10b3bbe1,fc9abfed0e954b2fca721160e137c4004d4f0992865390f31eda20074f4225bf
leftImg8bit/train/erfurt/erfurt_000082_000019_leftImg8bit.png,gtFine/train/erfurt/erfurt_000082_000019_gtFine_labelIds.png,0cfe753e5061f9cd6e64e4ffa8fe243022f2ae030d44ff92601345ab3b91e9e3,782676486f179cee2300c2604eebff7728425dc85b384f9fbac5e81618823faf
leftImg8bit/train/erfurt/erfurt_000083_000019_leftImg8bit.png,gtFine/train/erfurt/erfurt_000083_000019_gtFine_labelIds.png,cb2ff56683900dbefb333ddfca5a2002c9c60088baa5a58ce672af048fe7641c,abcd55cc0e44564c948c874290f00977ec76ff4a31f14a146828636a6ca28f4f
leftImg8bit/train/erfurt/erfurt_000084_000019_leftImg8bit.png,gtFine/train/erfurt/erfurt_000084_000019_gtFine_labelIds.png,89a3eaa1f4ac556c028fc2c9557a5a4f3fbbeb8fbf63892f341fdccbe8f10d8f,038d79559824c0a34cb853ab098c5f34e040457e03c46a5476f2e2bdbbd52403
leftImg8bit/train/erfurt/erfurt_000085_000019_leftImg8bit.png,gtFine/train/erfurt/erfurt_000085_000019_gtFine_labelIds.png,b0602c8ef9480a09496012c93eefbc5c106d0b64fa856b2cc575dc7ff25f2b42,8a153588311aa2624d487579969ca34cce475db6f28f5a3de3ac46865e5759b6
leftImg8bit/train/erfurt/erfurt_000086_000019_leftImg8bit.png,gtFine/train/erfurt/erfurt_000086_000019_gtFine_labelIds.png,cb6b709f59c387da14a54e0251f2ff7e16ce08ef2d843d59e08ba473d3e5ea31,7a8c0ec5c0fdb0891124348ed60b69b1d7b8dae8f1fc2abd7bcf3dabb1ae9e08
leftImg8bit/train/erfurt/erfurt_000087_000019_leftImg8bit.png,gtFine/train/erfurt/erfurt_000087_000019_gtFine_labelIds.png,27ca6404236f400546b17517ddb92d0805b0ddb76c1c95e6a6173142720281bf,207a9e2bc375021b5b7c3ca20699f0a7f433eee53f5b4259e2cdb0864f1483c2
leftImg8bit/train/erfurt/erfurt_000088_000019_leftImg8bit.png,gtFine/train/erfurt/erfurt_000088_000019_gtFine_labelIds.png,a04326752b7a7b3abf9b0def9b0a639a15bb0bf952ec65f8a15b2a29ef6dcbbf,4f2b18404a86fcb73176388348e8b8cf22b0e6444fde422bee2fde6642e9357f
leftImg8bit/train/erfurt/erfurt_000089_000019_leftImg8bit.png,gtFine/train/erfurt/erfurt_000089_000019_gtFine_labelIds.png,01ef3cbe2ab73497fb20b4afc7bdef305a8295043b8f68d416d5c9b53e49e0de,bfc59af571fe6db0cd037ca1100d70c03dc4d9fc8a0d5a105319035161532be3
leftImg8bit/train/erfurt/erfurt_000090_000019_leftImg8bit.png,gtFine/train/erfurt/erfurt_000090_000019_gtFine_labelIds.png,97d5ff6dddc1d2ee7a8057773a0021c90cdd4d38de633d2324cf0d966df177cd,f3196ab9b6fe09d6df3bfdcb12c2d5abbcaac60490acaddf6d545e9cf1cd1f7e
leftImg8bit/train/erfurt/erfurt_000091_000019_leftImg8bit.png,gtFine/train/erfurt/erfurt_000091_000019_gtFine_labelIds.png,59900af2d3252fcb06437808e89e6e366aa6556e577495a7f90d9eec9fd42461,56eaf6bd4207dfc6a17ae21f1ba3a7643cdd7a5697c6bc989111c17d4a67d061
leftImg8bit/train/erfurt/erfurt_000092_000019_leftImg8bit.png,gtFine/train/erfurt/erfurt_000092_000019_gtFine_labelIds.png,e4cfdcbbafbeece958749b3214033d60aaa04bc25f555bade1fc48cff990b106,0c2cec77d446c6dae15c2131c1764fe1c107e6597fc7a5a1820d41a10889a859
leftImg8bit/train/erfurt/erfurt_000093_000019_leftImg8bit.png,gtFine/train/erfurt/erfurt_000093_000019_gtFine_labelIds.png,6691adb29b8dfd996a6d68e5a64076fb4ef7ed2ef20c9a017206d3d1fe4ee43d,fd21fa4ec775e655416eed21151ea9889b1219c303c9c18715b66d79c5b6bdcf
leftImg8bit/train/erfurt/erfurt_000094_000019_leftImg8bit.png,gtFine/train/erfurt/erfurt_000094_000019_gtFine_labelIds.png,0c2f8e256fd05d3f2dc1196a75d2d92f95360bdf1e4957c8924129739d71dde1,1d5048511c9cca4dcc2aff14fac8a4f0f1879ad6996e8cdaa8b7a59ef9954815
leftImg8bit/train/erfurt/erfurt_000095_000019_leftImg8bit.png,gtFine/train/erfurt/erfurt_000095_000019_gtFine_labelIds.png,a3a5ecce4479be82005d68fd3c5e3593ccab2df3cf5d9a72e14743c62a3a2976,9540adcb2310917f98c374029c8bf9371464ec5c365b5084e1e92f8d86f212b3
leftImg8bit/train/erfurt/erfurt_000096_000019_leftImg8bit.png,gtFine/train/erfurt/erfurt_000096_000019_gtFine_labelIds.png,524a338da1355b1ea27d5df1df2c956db7575d52684a1995165dffb0153c35d8,3ba937d05820f6348c4df05962814fbccbd69de7794625bb4fb1bee9fd096279
leftImg8bit/train/erfurt/erfurt_000097_000019_leftImg8bit.png,gtFine/train/erfurt/erfurt_000097_000019_gtFine_labelIds.png,0a172143c25fb06efcac2c69b4294706cdeed1088b35064128e44559572a0196,2fc07bd2cc7b97b88e5ec10071047ae53931a3126fcde93d3cc3e651fa8980bf
leftImg8bit/train/erfurt/erfurt_000098_000019_leftImg8bit.png,gtFine/train/erfurt/erfurt_000098_000019_gtFine_labelIds.png,304ccc1f359c671542bc0ad48b0466b5f7c1fbddd6330b8105f7cb5df12e21da,9981238f99ab3f1f8be0d6ee34498e9db5f08173b5c8e81238376744825c1c28
leftImg8bit/train/erfurt/erfurt_000099_000019_leftImg8bit.png,gtFine/train/erfurt/erfurt_000099_000019_gtFine_labelIds.png,cd3f8648dc050861c85d12558a6f10082e624b3c1470e5b822f374c2be9fdf32,8796ec36d5656602b9b280825fa6fa0f0380ffe046b8a7a08e23b34ad58aa6cc
leftImg8bit/train/erfurt/erfurt_000100_000019_leftImg8bit.png,gtFine/train/erfurt/erfurt_000100_000019_gtFine_labelIds.png,8a02440dfeb7fe26664ff8eb8a3bdeb4051efe8ecf261cd4fb2507a926fcc10a,f88b1fe9e5311e2b7ab810e41cf44b9d41da122d115d14109129077219cb5a9d
leftImg8bit/train/erfurt/erfurt_000101_000019_leftImg8bit.png,gtFine/train/erfurt/erfurt_000101_000019_gtFine_labelIds.png,7b5bbcd21167dc890e01dba82870cb2383c0fec4a71fbf51e586eaf030af1b5c,fd9c5ea086526555a6ae6cb2d21a4f051665b3beba29f170a3650b98ce2f9b54
leftImg8bit/train/erfurt/erfurt_000102_000019_leftImg8bit.png,gtFine/train/erfurt/erfurt_000102_000019_gtFine_labelIds.png,6098cae063f878bbee9f1c74400d0ac2581507126823538dbf75a41a6d0927c6,fe0b72f5478b76a7f51fd051031c97a497d5d7c4b58eda4a5ff459abfd211e01
leftImg8bit/train/erfurt/erfurt_000103_000019_leftImg8bit.png,gtFine/train/erfurt/erfurt_000103_000019_gtFine_labelIds.png,3bc75d8b47ddd30b291c0e0f432fe3355ea979dfdf8fd523941f9961f2eda22c,94ef163eea030b6541b40a0f3c77fa7be03b309f6c19d0672f5d9ad496362e1c
leftImg8bit/train/erfurt/erfurt_000104_000019_leftImg8bit.png,gtFine/train/erfurt/erfurt_000104_000019_gtFine_labelIds.png,c83d69f02948d415208ceaa005a5ce39f363a5f71b7c561e5cdf5d5009c7d21c,5b18b3332b5f273397d0148c19f8b467bebf408820054022ef5e03a5c7f961bd
leftImg8bit/train/erfurt/erfurt_000105_000019_leftImg8bit.png,gtFine/train/erfurt/erfurt_000105_000019_gtFine_labelIds.png,59e5b653dc83adbbdb769ecd483ee0c3272ea1768d316284d395d5c44a90a098,9b0c4116f5d5fd6e288c70f4eabcad757fec0aa9083357208c051cd5cd2be262
leftImg8bit/train/erfurt/erfurt_000106_000019_leftImg8bit.png,gtFine/train/erfurt/erfurt_000106_000019_gtFine_labelIds.png,b6d0fe357976661fd4fb545ecdd7b739c95040bbf1cf70a93bd144fd375ba47c,ae31c6499ed762bc7e946e206bb5dc8e3a0f43eae1e36b8cc1f62e3b58f26a16
leftImg8bit/train/erfurt/erfurt_000107_000019_leftImg8bit.png,gtFine/train/erfurt/erfurt_000107_000019_gtFine_labelIds.png,82f764db25079298d5a9821fc1128ffa03e8e24f17cea91bd738e997de4fc73f,be5acaeeaf4b7367d9b19a973bb3266e4f7503d877b734cd21928ace375aa086
leftImg8bit/train/erfurt/erfurt_000108_000019_leftImg8bit.png,gtFine/train/erfurt/erfurt_000108_000019_gtFine_labelIds.png,d3be2c99fe8a9071364b578fe5e2cf4953b450f92df559140e44742b45e71be7,90ab52722a6f7344eeb84a55c1294a09aa2b4a3b4e316042abed65a66682426d
leftImg8bit/train/hamburg/hamburg_000000_000042_leftImg8bit.png,gtFine/train/hamburg/hamburg_000000_000042_gtFine_labelIds.png,e675e9d91da1d8dd03f67d1c206fc70d09e463526c7a0100200602e407d56004,3e3b2ead852d056b328e1fe630ef951e8fdbc76a8e363c1d553a99a205e3b629
leftImg8bit/train/hamburg/hamburg_000000_000629_leftImg8bit.png,gtFine/train/hamburg/hamburg_000000_000629_gtFine_labelIds.png,f7a92a2dccc154f8f83abfb509221087c34483d6be5c63ae4ca174b850b13f13,fcc3dddf6d8e6425fc4a27108c5d21453018a28b59f5598601c984ae4e32c44c
leftImg8bit/train/hamburg/hamburg_000000_001106_leftImg8bit.png,gtFine/train/hamburg/hamburg_000000_001106_gtFine_labelIds.png,ff75cde4d87757dc16ccb4cd7c90bf41f706afa102adc856b79b30d83a79bb15,6ca26273026e1b60921f5f565e29d50a776f3edb4cc570a2b85ae75cfa62363f
leftImg8bit/train/hamburg/hamburg_000000_001613_leftImg8bit.png,gtFine/train/hamburg/hamburg_000000_001613_gtFine_labelIds.png,ed178df570c3999a46d8a2f08d942d04e2b12fd207acac7ed3cd36fd569264a8,b6fb7f715cfa9ac68977617903c0982c075c7db7397a61d3ca376f1e87e8882b
leftImg8bit/train/hamburg/hamburg_000000_002095_leftImg8bit.png,gtFine/train/hamburg/hamburg_000000_002095_gtFine_labelIds.png,917aea0ce7c4c7523e96eba3736236d2e5dc7bcff54947f9a6e280062e368326,2fbc16c345b2ae321fa4953599dc4a7543c2e992f2979a3eb0db94db9f03bdd4
leftImg8bit/train/hamburg/hamburg_000000_002338_leftImg8bit.png,gtFine/train/hamburg/hamburg_000000_002338_gtFine_labelIds.png,a1e2bb8c9c5b1778799c37e96ec9ecbeb1ced7698d0387b17fd08e29f6302c95,36e4dc9262e2844712ce422863089b7ef84df2f80555bbf8060fd32647af8457
leftImg8bit/train/hamburg/hamburg_000000_003488_leftImg8bit.png,gtFine/train/hamburg/hamburg_000000_003488_gtFine_labelIds.png,f58a226dd4c9d592ecb7a740f8e1ee70548e2aa758eacb58e091bb91bd981a98,df026a86681473046cdc8196b7a42a1958a2a5c2259afe7683760dcc2922a9ea
leftImg8bit/train/hamburg/hamburg_000000_003904_leftImg8bit.png,gtFine/train/hamburg/hamburg_000000_003904_gtFine_labelIds.png,3a9f1e16f3c0b816a7af9e4b7dbcdd41f899e3590b6241dd6bd0ce983156c90f,4005a7980af8585b8573cdfc88ffa4ef7750559911604f807de2ff6904bd8883
leftImg8bit/train/hamburg/hamburg_000000_004985_leftImg8bit.png,gtFine/train/hamburg/hamburg_000000_004985_gtFine_labelIds.png,cc2795ae2bdbe9fda32b2492e1b291102ef9c1e8a075758b11d0d217cd3e0ae9,2a5b1c9640477e18bbc8b65393bf9377a6b314e070398a3a5bfd20e30560d7ac
leftImg8bit/train/hamburg/hamburg_000000_005639_leftImg8bit.png,gtFine/train/hamburg/hamburg_000000_005639_gtFine_labelIds.png,3613424f145e3e7c1c57da3548e81c10a7cdf6881b898dd257b699877f97d5c8,1acd0fd3fb1dcfaceb3f80ef25af766e94cf88b8ab5fa6653754ef66984db00f
leftImg8bit/train/hamburg/hamburg_000000_006192_leftImg8bit.png,gtFine/train/hamburg/hamburg_000000_006192_gtFine_labelIds.png,2f446f5c9a5ebab2d75a5c0b7eacf25fa68b648587fb91e1b4bf583b958bdef0,ce30e0f9886b2564b34784f7a44f3efb5a76d74b6d9ccd9e6643523f9c8520cf
leftImg8bit/train/hamburg/hamburg_000000_006322_leftImg8bit.png,gtFine/train/hamburg/hamburg_000000_006322_gtFine_labelIds.png,c9462f213d8a8cd3633be96329a1d2c0bb446680dd077de6fbae52d54f128b9b,c66702f7e0b04272ac124bd889a77cc1fdb9e412f25bfea43e2c654ba5ffe448
leftImg8bit/train/hamburg/hamburg_000000_007737_leftImg8bit.png,gtFine/train/hamburg/hamburg_000000_007737_gtFine_labelIds.png,079377574fdac3c70f3d52a284a8532d9127ba33b5f7835bf35f25557b625082,7e447331c9a4261783578d4e5fef00f3abc2d1ada662fc0e222447fcaf2f9a79
leftImg8bit/train/hamburg/hamburg_000000_008221_leftImg8bit.png,gtFine/train/hamburg/hamburg_000000_008221_gtFine_labelIds.png,62eced83157abfb0a4fba1001e7057364e6751cd9519697b8a8637a2a78c621b,3aad0b4b444f60e2f5d5a9837d26bd2d0d8da48ac70bef3bb4ec38c94186a9d3
leftImg8bit/train/hamburg/hamburg_000000_008494_leftImg8bit.png,gtFine/train/hamburg/hamburg_000000_008494_gtFine_labelIds.png,7c95eb5e762d3986d76ab8dedfe4cd1523b632a96190d0510b2311b7534e9188,94cc54af1a60764619d9a357b39a27d8ffb05b2a5b2c5fd036158b87d6ae2231
leftImg8bit/train/hamburg/hamburg_000000_011641_leftImg8bit.png,gtFine/train/hamburg/hamburg_000000_011641_gtFine_labelIds.png,6ebb1d748ccba4c7b85d6ed11236fe7897de6649e618bcabd835d0a2e7407c0e,1087a0f4b544438278fa085c75c91323d2f4f0bef9cb758e901f7122eb97333a
leftImg8bit/train/hamburg/hamburg_000000_013577_leftImg8bit.png,gtFine/train/hamburg/hamburg_000000_013577_gtFine_labelIds.png,fd41ae1d45d50d491aa310b154d3ea31b12b9effbfe96e4a46e775023c08d3b6,30db6b8ea686027cd2a4c2abce5a915c61f132ee15968e5d55191a788456c97b
leftImg8bit/train/hamburg/hamburg_000000_014030_leftImg8bit.png,gtFine/train/hamburg/hamburg_000000_014030_gtFine_labelIds.png,c2b13d31ef450a4a8dd173248fcf6932050111df00a7f0247f55bb00a68da561,1087468de08e7e35c2701919273a2ddb43d6375dd87997e52a0afe043b65c6c3
leftImg8bit/train/hamburg/hamburg_000000_014940_leftImg8bit.png,gtFine/train/hamburg/hamburg_000000_014940_gtFine_labelIds.png,ffe0897d29d4aa361467d35aad527635938376f2ad7c92bde12353f4c2a96ef4,e1e9eaf971fbda1fd4fbe731281902009083a260909d2abcee783b6bc5c2de61
leftImg8bit/train/hamburg/hamburg_000000_015350_leftImg8bit.png,gtFine/train/hamburg/hamburg_000000_015350_gtFine_labelIds.png,b9356f80c4f3767220ce28a35b9be81e5a1ae5b190678c1a33f817d8738a99e6,3bc9488becf7febbc4e36d7a9b962c1321c08839041fee055a82f6d7aa389580
leftImg8bit/train/hamburg/hamburg_000000_016447_leftImg8bit.png,gtFine/train/hamburg/hamburg_000000_016447_gtFine_labelIds.png,11753182a36136c96ff542bc0060b0afba417a17ac7c0a30a5f512ab13b503cb,21e2904534e87b092d102ea772cdcef80cb1305da571660de6ab2371ed470ae3
leftImg8bit/train/hamburg/hamburg_000000_016691_leftImg8bit.png,gtFine/train/hamburg/hamburg_000000_016691_gtFine_labelIds.png,d85408f18cf3b7b6c764409acbf96b0bbae1c9f908662e101500ba386e9bb6fb,71c80873814648abd607fda8e6ded774d263fbcc701fe586a680b1ed29f9aa90
leftImg8bit/train/hamburg/hamburg_000000_016928_leftImg8bit.png,gtFine/train/hamburg/hamburg_000000_016928_gtFine_labelIds.png,445159c79d56c237d5f9124ef0d70548a7395d6479e183deea4987cf8be4549d,e66e2287453a1db72335f512e7dbacd7fe4ab0f0ad8a3a2d1c6cff1f74e4f1cc
leftImg8bit/train/hamburg/hamburg_000000_018592_leftImg8bit.png,gtFine/train/hamburg/hamburg_000000_018592_gtFine_labelIds.png,ef14ae17410c5044cfbf72e928daf5fdd2ce06fb085c7c576bdd1ff53b81ab2d,55e2f078f8948dbb3f38a601f7aa508aa09c238f57ab9a61f98a0850eadf6f18
leftImg8bit/train/hamburg/hamburg_000000_018878_leftImg8bit.png,gtFine/train/hamburg/hamburg_000000_018878_gtFine_labelIds.png,67be3536373f0e1fdf6b3f6b35d93b1c07f3deab6d8fe26155f6537ad5aa9d39,b45389a6dd8f199bc065ac91818b74e74099d873b7e89b86d253abd19533077f
leftImg8bit/train/hamburg/hamburg_000000_019373_leftImg8bit.png,gtFine/train/hamburg/hamburg_000000_019373_gtFine_labelIds.png,0250e8910b82891dca0f3fbbbd0d71d343a3a9004230312007cc26ca245f892f,fd47eab513ad9038ede5fe865986e97eb20200e1d4a3de2911149a10678bb277
leftImg8bit/train/hamburg/hamburg_000000_019760_leftImg8bit.png,gtFine/train/hamburg/hamburg_000000_019760_gtFine_labelIds.png,349d396e6f5d7a1307ce51fae72534962fdcf798f543540cc5cad2dbcb10dcdc,6b84a75e2523064fc256257b9ddb1729d32733e6bb2f724b42f65301dd3ecdbd
leftImg8bit/train/hamburg/hamburg_000000_019892_leftImg8bit.png,gtFine/train/hamburg/hamburg_000000_019892_gtFine_labelIds.png,7880a050f74c3a53469411f2a442c90d20325d5c74e2ab39f992107ca3ed1913,43a5982fe747b6465fdb4ad470195ecf1db7b0ea14a50cafb295da67bfbf0f14
leftImg8bit/train/hamburg/hamburg_000000_020211_leftImg8bit.png,gtFine/train/hamburg/hamburg_000000_020211_gtFine_labelIds.png,723419ad7b4aa29595bd83ad609ab75cec6d6cb8400941f95ae2640c36e2c77b,4546876e4b27f559430ca00fa1902f3330ca2489cceb2c4e62a9caaace52b2b8
leftImg8bit/train/hamburg/hamburg_000000_020563_leftImg8bit.png,gtFine/train/hamburg/hamburg_000000_020563_gtFine_labelIds.png,2fe43597089518f3b113027fc2cff338861eed5b6395a3bf188689ba989d5765,7b7eb1ce6c2f846add4cb3994e063565b03331e3c8775f0cfd3568549adc1c08
leftImg8bit/train/hamburg/hamburg_000000_021353_leftImg8bit.png,gtFine/train/hamburg/hamburg_000000_021353_gtFine_labelIds.png,e0ce159776fa648359e2008fa805016cd865ba51d1d776cc52ea0adc63d724f3,96771693482f04d7a637f808fbe35cd8b5c1786edae3743d099ed8502f263388
leftImg8bit/train/hamburg/hamburg_000000_021961_leftImg8bit.png,gtFine/train/hamburg/hamburg_000000_021961_gtFine_labelIds.png,989a65b4c9f6850f818857d586f1c111b4ee191e908c48cfc54abdbf2974a87f,157a9b461c221f5040d19754c874f36b63e42d15b0b1a78c506aa20f911b7cc5
leftImg8bit/train/hamburg/hamburg_000000_022524_leftImg8bit.png,gtFine/train/hamburg/hamburg_000000_022524_gtFine_labelIds.png,44c59cb7112fb0068975314da39df2fa8c88c4e8f6adf5a5ef3db1ecc260f862,a868431f415df53d12b99e13c572cbd91e277d6b26880e84288d0bc07e0ce08d
leftImg8bit/train/hamburg/hamburg_000000_023472_leftImg8bit.png,gtFine/train/hamburg/hamburg_000000_023472_gtFine_labelIds.png,1d769aa93729fe173b116ad83fe144150db8e681e01733204c8d3c912f1cddbd,d90305b04f41d807dd4e41379d40eac5a715f8296f689cd6652b011b023a09af
leftImg8bit/train/hamburg/hamburg_000000_024251_leftImg8bit.png,gtFine/train/hamburg/hamburg_000000_024251_gtFine_labelIds.png,8c1dbc02ba2115d69560a3fe299391ebe5b0a7023aafee6ec6d5cc8db66ba566,e21a070272f176d923c920169401f17a5880808196b17f76008031fbb9458177
leftImg8bit/train/hamburg/hamburg_000000_025802_leftImg8bit.png,gtFine/train/hamburg/hamburg_000000_025802_gtFine_labelIds.png,1aeb707ed38f6549baa4359eebd469af33666a717707294ff56270766244e8f2,fef78a1579393b42c94f65af3a9cc19e6799dd0a6f871c62becc301afc22730f
leftImg8bit/train/hamburg/hamburg_000000_025986_leftImg8bit.png,gtFine/train/hamburg/hamburg_000000_025986_gtFine_labelIds.png,1d2de9327fc9ce5424745006c30febc1e0aa5ace52dab4813c5d1719e6163e6a,162c084d335d025ee5a3e4c2c6a5b84db46ad69bf4139e48ba243880a13c98e5
leftImg8bit/train/hamburg/hamburg_000000_026675_leftImg8bit.png,gtFine/train/hamburg/hamburg_000000_026675_gtFine_labelIds.png,05dc5eeab11df435da6841711d795640b0d4c51716edbdfa3c963db86b4610e3,be6d89582156aa3a3e3e2c30a49eff32d31b38019b19196ab279ebe8d3d82719
leftImg8bit/train/hamburg/hamburg_000000_027304_leftImg8bit.png,gtFine/train/hamburg/hamburg_000000_027304_gtFine_labelIds.png,ee83660e5da56c27affecd82f42ae20e8aaa4bf8ebba15f0541c98de12d265cd,56b91896ed8e566b7dd8694ce23ffe358e987fcb94576ca98a76399c1cff5c29
leftImg8bit/train/hamburg/hamburg_000000_027857_leftImg8bit.png,gtFine/train/hamburg/hamburg_000000_027857_gtFine_labelIds.png,f8ddf7dc27b3af1a546db102c87bb47bf2bb6f5e46852bb2f74a465bb353c0a0,9f7a3b8139856d3d2965264838c6121d25847aefb66488c82bb2762b9142d1f7
leftImg8bit/train/hamburg/hamburg_000000_028056_leftImg8bit.png,gtFine/train/hamburg/hamburg_000000_028056_gtFine_labelIds.png,f3f85f3c0dc2dc1076cf326f394baddb6af028c5d80c8a865a9427b9d3ff9d22,0a81d1e99c22c377714edbf060ba249247c241db7063db87a3cfeebb18a202a3
leftImg8bit/train/hamburg/hamburg_000000_028439_leftImg8bit.png,gtFine/train/hamburg/hamburg_000000_028439_gtFine_labelIds.png,55cfe0e1c10516aae7be0e9671436eade5c0e5e9a9f7079476993040436d8782,b3c34e75f73cb765fdc37d9b2368054529ac0598a5887c6170f4704ef4a88638
leftImg8bit/train/hamburg/hamburg_000000_028608_leftImg8bit.png,gtFine/train/hamburg/hamburg_000000_028608_gtFine_labelIds.png,4ba32d4664375520ba39ca02cc7b31546e18bfa0499c038f632014f384b5d06f,f2ec15e69306007439455c740b3299166bb485dfdbf537f7789cb16157c5ac74
leftImg8bit/train/hamburg/hamburg_000000_029144_leftImg8bit.png,gtFine/train/hamburg/hamburg_000000_029144_gtFine_labelIds.png,52cc697a4971ed52f1e87b62ad1f52a15d199a25c3278294c5b9dfa5a138e987,1957c0e2e1fdc0b98c05a4347f3ebdbe81526cd9580bb7f03c34525c03b1fbc8
leftImg8bit/train/hamburg/hamburg_000000_029378_leftImg8bit.png,gtFine/train/hamburg/hamburg_000000_029378_gtFine_labelIds.png,ddb225b1e468aa6b4798d30ca50e318622e04c0725ddc2d2164879760710c1f9,98194ec17b3e122074d1829db6bc75763ca8a3e06fd695c0815bc049ec1e288c
leftImg8bit/train/hamburg/hamburg_000000_029676_leftImg8bit.png,gtFine/train/hamburg/hamburg_000000_029676_gtFine_labelIds.png,c922f17ea4fd5d02c97c54aa37fbf89aa2ed7019bf4c336a2d85a316f499beb6,d4ef8d03321fb60ac36f9f5a23e13fa2ce3533e51f86e623c9c0ae18e3e29208
leftImg8bit/train/hamburg/hamburg_000000_030279_leftImg8bit.png,gtFine/train/hamburg/hamburg_000000_030279_gtFine_labelIds.png,6a437a54ec44291acb3c010e626fb05caf33f04ee200956309dc8006e242b724,874c8d11a04352aacc06df0a10d89bd984e7ba3cae1d6ad87cb2135e94a0e5b8
leftImg8bit/train/hamburg/hamburg_000000_030953_leftImg8bit.png,gtFine/train/hamburg/hamburg_000000_030953_gtFine_labelIds.png,8ceb8ad51ffe109720412f18410266a8f8d68ee645c076447896d5e5eba46c1c,436cf150b74e191ca9373520dd89ec8c61519e7b73e2f767cd3c0c40db8f2d8f
leftImg8bit/train/hamburg/hamburg_000000_031971_leftImg8bit.png,gtFine/train/hamburg/hamburg_000000_031971_gtFine_labelIds.png,dc93d1e5c855d9e1ba88d7bff24931cacdc88e2484aae245b7076c9ea61ef747,63a2bf1f098a35fe117afbbd1576e2c0e11043e4371b71858e4ab94fc8f05b93
leftImg8bit/train/hamburg/hamburg_000000_032266_leftImg8bit.png,gtFine/train/hamburg/hamburg_000000_032266_gtFine_labelIds.png,84482b7d51c78c0b704922b29a7acd4c7277d493607ce50c6cabaf6f03ece1f8,f714d901a7970afa25afdb25cf8e5d4969c268920d9138a53201a55260d60b05
leftImg8bit/train/hamburg/hamburg_000000_032460_leftImg8bit.png,gtFine/train/hamburg/hamburg_000000_032460_gtFine_labelIds.png,952500f4b8e8461a0ebf4652aef199d1b03157798b31119816a261d4af24b051,a9d745819fc4fbff5c745c6335d1b7a92d28b9ab53745458c47cddc7571d67a2
leftImg8bit/train/hamburg/hamburg_000000_032719_leftImg8bit.png,gtFine/train/hamburg/hamburg_000000_032719_gtFine_labelIds.png,bcac6c9262bb1b6bc1b6d566d6ae6343fa193271a189c40f57fd5179ae3f704a,34fd358a3b9fa89b20829e9f7dedfa9be16ac90342030113a451cb67e140e098
leftImg8bit/train/hamburg/hamburg_000000_032906_leftImg8bit.png,gtFine/train/hamburg/hamburg_000000_032906_gtFine_labelIds.png,ed6c8016549b22015cdab73ac7177888d1cab8bb8468304e30c6f59fcec5a101,324f36721dff1cf174527d13492f6dcee291aabc91d488947f8eef27a67090b1
leftImg8bit/train/hamburg/hamburg_000000_033506_leftImg8bit.png,gtFine/train/hamburg/hamburg_000000_033506_gtFine_labelIds.png,285378a888f3d020e8ab844ef393cc2df3855a15abd410a68c48f4871bf3dd76,44f9fa265c130e7661b579eca570953c591a0e7d888971c919eda46a37529180
leftImg8bit/train/hamburg/hamburg_000000_034049_leftImg8bit.png,gtFine/train/hamburg/hamburg_000000_034049_gtFine_labelIds.png,39f8a2eaab441515e576c873f4e54ce34029c716afe7294552d98a7b96dd13ac,165bbbc762dc4955b2be043f2b2c4a90728e270de2a6a1018313499217690f49
leftImg8bit/train/hamburg/hamburg_000000_035568_leftImg8bit.png,gtFine/train/hamburg/hamburg_000000_035568_gtFine_labelIds.png,078311c5218adb780205e922e878ed300c9ec156d7bd83aa30dc3141f9934c8a,e58097091eee49489bb42742ab03369ceaa35d63d7fbdaeacebdfa921b639134
leftImg8bit/train/hamburg/hamburg_000000_036003_leftImg8bit.png,gtFine/train/hamburg/hamburg_000000_036003_gtFine_labelIds.png,9b80704a1c1b4410a51a5ab37a90594584d429545f3a5eb8988f3b5c1810734a,209de8e2b8a8c54eac2f4c540ee5aac519cc2d46c46cac037369ea630d223d1b
leftImg8bit/train/hamburg/hamburg_000000_036427_leftImg8bit.png,gtFine/train/hamburg/hamburg_000000_036427_gtFine_labelIds.png,0af1a243a1680b82529d7bb19d35f84432e0998b75a5b7200f81a63c34695955,b3491c8075ee3bd4a392ea1f46ffac08596377eeed6761509ac5c22fd4b14166
leftImg8bit/train/hamburg/hamburg_000000_036527_leftImg8bit.png,gtFine/train/hamburg/hamburg_000000_036527_gtFine_labelIds.png,9f21feafe05a1c793e5feeea66d35460269775815a1a0e2665ecb56d6f0c4cfa,a8997d2e50db0e9a6fd0cb249350d88339beeec82e4e1e06657ba2b5a36b046e
leftImg8bit/train/hamburg/hamburg_000000_037036_leftImg8bit.png,gtFine/train/hamburg/hamburg_000000_037036_gtFine_labelIds.png,1cc8ce73baf8828f157ed32557da5370f0b17ff85ed56a24e888b420e4bae372,9132a727a03bc6784132aad72653722f9e3db1170f912f6dacbb443684d467d3
leftImg8bit/train/hamburg/hamburg_000000_037161_leftImg8bit.png,gtFine/train/hamburg/hamburg_000000_037161_gtFine_labelIds.png,d783dee451ed9b9c67632d7263106b2cac2bd42fcf35603e202e68072fa69171,a7244b3015b7a487dc33f1a49ce3163c30e31458a01cefe352685ecdf124924b
leftImg8bit/train/hamburg/hamburg_000000_037279_leftImg8bit.png,gtFine/train/hamburg/hamburg_000000_037279_gtFine_labelIds.png,1e8f5e843fcc7a0ec1c43666f76691d09a2108c061c5c0d90b5b405b44c5691f,a0d73adc93f4f944b2f867f1bf06013fb7936d5435098761bf411c353707c9ab
leftImg8bit/train/hamburg/hamburg_000000_037741_leftImg8bit.png,gtFine/train/hamburg/hamburg_000000_037741_gtFine_labelIds.png,7665ff28ed2776aeb6b4d2bce3e14c8b5b45691245ff235f91033374dccd841b,14066153d360d3b2f72e34c14a6789d074c2b1b607b48d68364e425f54aeedcf
leftImg8bit/train/hamburg/hamburg_000000_038446_leftImg8bit.png,gtFine/train/hamburg/hamburg_000000_038446_gtFine_labelIds.png,36ac3aacc2971b155d3b6476bfba0138a20381b5fe735a0e8ee9807f9292a81e,22cf7c9a290d18acbd8ff64bc46d6e8d3fe96c40a5848d69e7e71375aab16dd9
leftImg8bit/train/hamburg/hamburg_000000_038511_leftImg8bit.png,gtFine/train/hamburg/hamburg_000000_038511_gtFine_labelIds.png,b2bbeb784b65530acb817ad945d4d81e820f47b4c068525f7f55ff68d97d1c43,9f822a36b393eef41bc3aee936d5dd7729c8ed313f5ba3444c5c282aaf68eff6
leftImg8bit/train/hamburg/hamburg_000000_038729_leftImg8bit.png,gtFine/train/hamburg/hamburg_000000_038729_gtFine_labelIds.png,b4a5e819fae0375299e8e387cce0977df00952cb705593d6c61ca21d7ed245b9,c68bd0584bff7fee8febf7705f06193f6b1a4723241b13807de68a79ec5a41e7
leftImg8bit/train/hamburg/hamburg_000000_038915_leftImg8bit.png,gtFine/train/hamburg/hamburg_000000_038915_gtFine_labelIds.png,169073c082c573e9435ee321b268f90f40063e07d539b608d3e3754b2233f514,ac060f4fe55d62b880cd9c75e12189bc2eaf71974be4d0d0b5fba09b6d06082a
leftImg8bit/train/hamburg/hamburg_000000_039264_leftImg8bit.png,gtFine/train/hamburg/hamburg_000000_039264_gtFine_labelIds.png,9403098bc0da03ac99a0174fe814028791f57a30e7ebd79ee8ba6dfb4a4c1c68,0a8e65f06696ff34dcb9dce99b8c18a9d3d59e9a1145b3adef07b1a343ce50ba
leftImg8bit/train/hamburg/hamburg_000000_039420_leftImg8bit.png,gtFine/train/hamburg/hamburg_000000_039420_gtFine_labelIds.png,a5906e8e3ed385749033b8cd0791b56c8390eb1d638035293ce0c0173d251e1e,25643b0a6878344ecfbffd63d0babe7bb2fded7d286ea0035c069c736cd3989e
leftImg8bit/train/hamburg/hamburg_000000_039546_leftImg8bit.png,gtFine/train/hamburg/hamburg_000000_039546_gtFine_labelIds.png,3fba43193ef3f863249895aaadf41e834ec91ef1c344e4f3e342f7c4e69827c6,c0ecb3062015557341b097984ae2a2ec8d334b6bfded9b023f898032ce1b0ee0
leftImg8bit/train/hamburg/hamburg_000000_040021_leftImg8bit.png,gtFine/train/hamburg/hamburg_000000_040021_gtFine_labelIds.png,19376451246d088640f8fe57652069f8c971bf4a5e8990bfdc7abc2284a1ee15,6ab1687a5d57f4c3f182821a6ba001b65dea260f8e056d59b096179820016b72
leftImg8bit/train/hamburg/hamburg_000000_041667_leftImg8bit.png,gtFine/train/hamburg/hamburg_000000_041667_gtFine_labelIds.png,dc87ea95742f942cf6d5de03524e4f0f12c693dcb09833f6e567ab86cc82ec58,05f21102d05e5ff302f20373a6648513c4c858f00d0a6292c3dab15c0bea4c5a
leftImg8bit/train/hamburg/hamburg_000000_042505_leftImg8bit.png,gtFine/train/hamburg/hamburg_000000_042505_gtFine_labelIds.png,bd2c74c87cd2d221feacef61de318189d7876940e6730ceceaa651e19fdbe0da,c0f5891baf870765a8b20830670789f21550eb4436de56d790d53022eafeeb85
leftImg8bit/train/hamburg/hamburg_000000_042885_leftImg8bit.png,gtFine/train/hamburg/hamburg_000000_042885_gtFine_labelIds.png,5b1b8a3a12ec7c583406bd47003bddfdfae9d85c076daaec3675f124175b7eaa,87d1e06f2fe602f98ea2b00f891da28701ffb4babfc5b015d5d935ef94d3dd09
leftImg8bit/train/hamburg/hamburg_000000_043944_leftImg8bit.png,gtFine/train/hamburg/hamburg_000000_043944_gtFine_labelIds.png,333be8828a45bd61c34fa20869671e21ddb5e37b13d02425ff14f15c8e71c596,9ae8f1f15f35c754bd6f463de79e01303272ffd1caffb4be2751545c841b516c
leftImg8bit/train/hamburg/hamburg_000000_044251_leftImg8bit.png,gtFine/train/hamburg/hamburg_000000_044251_gtFine_labelIds.png,fbf90f57ec8ff70d63e0f57f984f7309b4f3c7ef7aed1cdc2967c01c17c8c1ae,8f490eb786861979950e87b2b1c214eda87fe77bc1cd387c98719b7fa8af87e5
leftImg8bit/train/hamburg/hamburg_000000_044400_leftImg8bit.png,gtFine/train/hamburg/hamburg_000000_044400_gtFine_labelIds.png,94925da790ec23c4430c4d6e49bdc86235f4c21d10ac96089f94e09a96c1bba9,a4b96e2f2a427c9c36d557268f03658cb8584a240e32682d28c2634c5aea00a4
leftImg8bit/train/hamburg/hamburg_000000_044747_leftImg8bit.png,gtFine/train/hamburg/hamburg_000000_044747_gtFine_labelIds.png,425a9f7c4f66874c14694c456f4486b1c6e12ff28a052fe4fd10af29323b2b70,a154b9f704e17d8af8d743dce748dd55c6725975155b01ff1149429a8583c366
leftImg8bit/train/hamburg/hamburg_000000_044996_leftImg8bit.png,gtFine/train/hamburg/hamburg_000000_044996_gtFine_labelIds.png,706490d729d5831f1b23b4d6f1b3ce2e5bc02ab5e02f8ca14db9633bcf3034fe,e6e268d1071376d14b26ffd8cf9c1b4c877929ed050006ffffae46f7a6048878
leftImg8bit/train/hamburg/hamburg_000000_045437_leftImg8bit.png,gtFine/train/hamburg/hamburg_000000_045437_gtFine_labelIds.png,79193ffab320ff4d5534eef721b53081b5d913293be46d0223c54ef2020fc061,9914aa55104dd2460123c6678cccd356d5c78abebb1997ca03b958dc79a90fb0
leftImg8bit/train/hamburg/hamburg_000000_045704_leftImg8bit.png,gtFine/train/hamburg/hamburg_000000_045704_gtFine_labelIds.png,27b23175059735c6d9a73f8841312f62134bdeb66ffebaba2a7403b8a193e1cb,8ab05088f497521c1fe4f94c8d9b0915f68011e381a4cc8ca4adf7298b411949
leftImg8bit/train/hamburg/hamburg_000000_045908_leftImg8bit.png,gtFine/train/hamburg/hamburg_000000_045908_gtFine_labelIds.png,0e85106a3d5d2fbe37263bd4508a3565c277e0af99146ee3145d0ae5473a6ddd,b29c71f2751ff670114bf8a49b943edf8ddd4602138b3d04e7bba557032393b6
leftImg8bit/train/hamburg/hamburg_000000_046078_leftImg8bit.png,gtFine/train/hamburg/hamburg_000000_046078_gtFine_labelIds.png,dba5c4e96a5ee96d11a8066057f774dab10d2c21198cd5f954d735be6148c402,31ea29a70dbe11ead07f28097cfbb9813e27970126c1f27f3aa0975137309184
leftImg8bit/train/hamburg/hamburg_000000_046510_leftImg8bit.png,gtFine/train/hamburg/hamburg_000000_046510_gtFine_labelIds.png,7ebafc7b8286666005386a1fa3ea4aad8e96046200cccf4cb88acc331e2a36af,073a076360f6b80c2d5304424a3081006fbc600e4babd71d7576361743ce4472
leftImg8bit/train/hamburg/hamburg_000000_046566_leftImg8bit.png,gtFine/train/hamburg/hamburg_000000_046566_gtFine_labelIds.png,8a2e2d030e20f6d7ed88798b210fded97999cb5548994c5d6889e1ab01c88011,b8d3a57069e2b821bca128d19150f9f02fb8b5f294a0e93bce2e252e10afeb91
leftImg8bit/train/hamburg/hamburg_000000_046619_leftImg8bit.png,gtFine/train/hamburg/hamburg_000000_046619_gtFine_labelIds.png,179bc8eade70f33f83c3766b400cf3670847e7ff9a18324735a408066a553608,5862b7419fbb3094a23253fe788e3e43ff3d51db443fe7d709b6f66b5a8ed938
leftImg8bit/train/hamburg/hamburg_000000_046872_leftImg8bit.png,gtFine/train/hamburg/hamburg_000000_046872_gtFine_labelIds.png,4ac98755f237e1c00c3fc4157052139902edd91a90dda89693c64abc75c8ac55,39b3cc94be6de665f0f365065dba90d06b3583094bde71dd28a5cee7dc56e69a
leftImg8bit/train/hamburg/hamburg_000000_047057_leftImg8bit.png,gtFine/train/hamburg/hamburg_000000_047057_gtFine_labelIds.png,3348e66c0c84a716688828bd9505b2188182a594ad5910f041541eb020e586e2,011d397a2ce722d0e327673d60186b21618900fcca69c88fe2eb537cfa112d81
leftImg8bit/train/hamburg/hamburg_000000_047108_leftImg8bit.png,gtFine/train/hamburg/hamburg_000000_047108_gtFine_labelIds.png,ab4509af128b17665e9b91b4bd04b40aa731196ddc5c4d8f08e1311f573a6b63,bbb2cdd40f43385ca61120cc042ba6eab97f37010909c695cf99b261bcc0f6e7
leftImg8bit/train/hamburg/hamburg_000000_047157_leftImg8bit.png,gtFine/train/hamburg/hamburg_000000_047157_gtFine_labelIds.png,53bc561e050c2eef4c9e940cfccf4776f8197c9534ad88fa1f72da150e39563e,4aa4ce49adb293d613abe433657e95e7d024bb4d9326cdeb1f4b5c4bdf2fe6cd
leftImg8bit/train/hamburg/hamburg_000000_047220_leftImg8bit.png,gtFine/train/hamburg/hamburg_000000_047220_gtFine_labelIds.png,2aeb9964bc4ea389905677b21c87c8005321fe8b4100a4b289f549db93bc6c63,31e65b4f24171aa786e702aee72e88dd24a6080cbfd1ff8566ebf7aaae8a204e
leftImg8bit/train/hamburg/hamburg_000000_047390_leftImg8bit.png,gtFine/train/hamburg/hamburg_000000_047390_gtFine_labelIds.png,d75d90e2872641d6bf0b5c9772f4cc03ac31acec2ec297ef9e2eceb8935b7e61,cd4242dfaf9e6d311b34943d6583cd355e89b73a817f9f66704bd8bae590139e
leftImg8bit/train/hamburg/hamburg_000000_048138_leftImg8bit.png,gtFine/train/hamburg/hamburg_000000_048138_gtFine_labelIds.png,a162175a20144395af45b2996e65586b4351383e27c011ae764a2bfe36d62b7b,2c8dfd3fd309389c414062d7f2f7b214e1bd63a7040846592ba104176bcaec93
leftImg8bit/train/hamburg/hamburg_000000_048494_leftImg8bit.png,gtFine/train/hamburg/hamburg_000000_048494_gtFine_labelIds.png,537ac015d445a3d20989f470166b9e46048f5aaec5d4891ee0466dcca8270153,b2362ed09cd383a93af21399ee6ca2414fa4e7f5fc3790b3b20e3a1cf1fac409
leftImg8bit/train/hamburg/hamburg_000000_048750_leftImg8bit.png,gtFine/train/hamburg/hamburg_000000_048750_gtFine_labelIds.png,4ffa5a49ad6bbbb44e46b649a0a569ef335ce90c4c78c0f43d1b11d6ff436e5f,ea770db180c2381ce3b62fccba5f3df57a75f338dc6312887a9d6e5319eaadcb
leftImg8bit/train/hamburg/hamburg_000000_048960_leftImg8bit.png,gtFine/train/hamburg/hamburg_000000_048960_gtFine_labelIds.png,5e165a743016447966b20bbbae307d1fd657d18b1bcb63f727681bd8fc41d994,6ead3403d5124c82e74c267371a058b7ac7f7dc15a232104c899bb56d097bd15
leftImg8bit/train/hamburg/hamburg_000000_049558_leftImg8bit.png,gtFine/train/hamburg/hamburg_000000_049558_gtFine_labelIds.png,d85eb952259253b0f991df3a414755240ca3e43295159395edab233cbc3def8b,b48f1b43176008e054901b9106eb5e8a26ce250ee0b67bec6a94a7a4c69d200b
leftImg8bit/train/hamburg/hamburg_000000_050160_leftImg8bit.png,gtFine/train/hamburg/hamburg_000000_050160_gtFine_labelIds.png,9ac5fde0b11d40fbe7a8a905da059d7726af6e56d9f18fbf9a264d7ec1000e3a,9320d25c4120d1a6e436fe3b2a4ae471eba2195513e6d03ecbbeadc6fae912f1
leftImg8bit/train/hamburg/hamburg_000000_051855_leftImg8bit.png,gtFine/train/hamburg/hamburg_000000_051855_gtFine_labelIds.png,bfec40e2b94756e980f855cac6a14eb9049033da5ec67d6d83cd2405c11a0447,0d159d165953aefad873b50076f3ddb7d6f43628b1ed27548e00ebf3638da888
leftImg8bit/train/hamburg/hamburg_000000_052122_leftImg8bit.png,gtFine/train/hamburg/hamburg_000000_052122_gtFine_labelIds.png,4c76ac7133f58f220c9f15ad7382f360b78e738780122da9fb4cfa12e6539721,20536562cf4959cc59802b01960e80d6f58879976b6a0a370529ff0297fc2385
leftImg8bit/train/hamburg/hamburg_000000_052904_leftImg8bit.png,gtFine/train/hamburg/hamburg_000000_052904_gtFine_labelIds.png,4970f90b0ee2bf9993192d317c2985e0b220d9c8fd0e532f635d14ddfd2662e2,8b9bf9644008b64c01567d4fd05635db4af003c08647db15751979bde41d8d6c
leftImg8bit/train/hamburg/hamburg_000000_053086_leftImg8bit.png,gtFine/train/hamburg/hamburg_000000_053086_gtFine_labelIds.png,7c234a7abcc02225d7937813ab8a394f3696038ccd6e0265d2d6ab710978e728,55e94503b74e4c2cb3a6c3d4864e097c82e01c2f2878d10cf29aa2cb8b9dbc22
leftImg8bit/train/hamburg/hamburg_000000_053486_leftImg8bit.png,gtFine/train/hamburg/hamburg_000000_053486_gtFine_labelIds.png,61947ce1d49502755990436440ac042f1e4a9698696008684b764b83d0a6fe5c,b0c8314356efa0b21545164090267fe7032c81369676691e0f9066b06e07f035
leftImg8bit/train/hamburg/hamburg_000000_053563_leftImg8bit.png,gtFine/train/hamburg/hamburg_000000_053563_gtFine_labelIds.png,ad77505b98e9a6bf727f5ae1802b36fd1675e65d5eeb138419835af89c3c0160,f22cf20082c0796d22889c66860ceff72d85a225013a11ebcd3c7032f096ff58
leftImg8bit/train/hamburg/hamburg_000000_053776_leftImg8bit.png,gtFine/train/hamburg/hamburg_000000_053776_gtFine_labelIds.png,318f6e58664d0d101edb9081ddd3cc804a1abef11c0586bb61a750e0a52d01af,8a90cd634635237f8f425c9033ef591bd1e527fa31813e98edae0ca2f74214da
leftImg8bit/train/hamburg/hamburg_000000_053886_leftImg8bit.png,gtFine/train/hamburg/hamburg_000000_053886_gtFine_labelIds.png,490318123c5335874a28097b3fdaa3f16c604e03a666fb8a4c2ecbe3deee8c4f,5851676b68fc0e454b4d5836eb893f55e10983a71e01950dbfa66a1099b7b508
leftImg8bit/train/hamburg/hamburg_000000_054029_leftImg8bit.png,gtFine/train/hamburg/hamburg_000000_054029_gtFine_labelIds.png,6209d334ab3445edac4d846e924ec55be8ee49fff6ff89797ab4aecb2d1348fb,fdad80cad25480d1aba24c16f47255dab87b661ba12737c1aaf7ef870e83bfbd
leftImg8bit/train/hamburg/hamburg_000000_054220_leftImg8bit.png,gtFine/train/hamburg/hamburg_000000_054220_gtFine_labelIds.png,bef27cb950d2ce94ab7ab99d711b4a40ebd303163806bb7ed9801332f712818b,86c65ef12814481a957ae38ac1703404e74fb8a022aaeadeaf6574be243b0048
leftImg8bit/train/hamburg/hamburg_000000_054555_leftImg8bit.png,gtFine/train/hamburg/hamburg_000000_054555_gtFine_labelIds.png,95c23e110cbc685f37cd3b5432edb3465c686d13ee43e4cc0f17db61cc3cd0ea,fad4924e8b61b00acdb11e94e41d668e760cadb494065e77a66d7b3b094871be
leftImg8bit/train/hamburg/hamburg_000000_054850_leftImg8bit.png,gtFine/train/hamburg/hamburg_000000_054850_gtFine_labelIds.png,5e5b667fac98b31e848c995214a3d732bdf77aa1dab2445264ffd580b5100b7a,d6a29bd24440a03026bc41b57b1db0ec1dd23b1b817f0e7e7efb39509614a8ed
leftImg8bit/train/hamburg/hamburg_000000_055039_leftImg8bit.png,gtFine/train/hamburg/hamburg_000000_055039_gtFine_labelIds.png,6b7bc4799cd2bc23a2c67b04bc581d9d8bb5908fd457573539678efe7a30269c,9653f3dc67d36ce301ce5f7faf1be74d63e1a29675535564ae259d7b8bd61209
leftImg8bit/train/hamburg/hamburg_000000_055414_leftImg8bit.png,gtFine/train/hamburg/hamburg_000000_055414_gtFine_labelIds.png,16ac24b5304d15d88f741d44011ddf7971e795ba9ea50f2aa9ce084ad15c356e,bb9bc3eb3ba6d9b09901136d9ae06e4e21f66a4195d907fc7b6b1fdff1acbfd8
leftImg8bit/train/hamburg/hamburg_000000_055894_leftImg8bit.png,gtFine/train/hamburg/hamburg_000000_055894_gtFine_labelIds.png,29eb0db356105b8d687608e6c35c5fa8a97b3d51f51478a50ac23ac5a7ea53c1,9c8d43adc60c0abd53bf706affb9b04ed1f8200ec770c5ddf373fb4e28ff37f1
leftImg8bit/train/hamburg/hamburg_000000_056229_leftImg8bit.png,gtFine/train/hamburg/hamburg_000000_056229_gtFine_labelIds.png,98c8c22d7e2f4699633cac63146b08e0b2d479e0d9a54695e7d6d0be9a79fb05,073585f29f616e1224248095b37bbca48dec4f36b3003229c1a6a2804624a1f2
leftImg8bit/train/hamburg/hamburg_000000_056508_leftImg8bit.png,gtFine/train/hamburg/hamburg_000000_056508_gtFine_labelIds.png,45b7e95a34a09cde31f5a94d558a65df3ad5b9e346f5c4523866acbbdcdd1d11,57455a26c54b7111de8b0deb44ab5ba9702ba31467ef91d2782ce220b5ed07b8
leftImg8bit/train/hamburg/hamburg_000000_057487_leftImg8bit.png,gtFine/train/hamburg/hamburg_000000_057487_gtFine_labelIds.png,d89e82b903bbc8f1b37f8d0d2907a251ad02282739445d638798f4c368046440,1c0967714164bfbd6c81c444289d25f5b0b301cc97d5b6f7600984850bb8ec76
leftImg8bit/train/hamburg/hamburg_000000_057678_leftImg8bit.png,gtFine/train/hamburg/hamburg_000000_057678_gtFine_labelIds.png,e148b46c78aef0f27da3d9dcdf42516df674e51f1c42c5b43e69b39072f69a10,27403848ac6b78466fa2931f6690e9d934ef0ecc63bede58acbe50b272a2920d
leftImg8bit/train/hamburg/hamburg_000000_057816_leftImg8bit.png,gtFine/train/hamburg/hamburg_000000_057816_gtFine_labelIds.png,73fdb0e4b4cb24b75f770f1d69c0184a8c321bf8e8c63ec0206bf88aeaeeb308,567d188b19368452569106a2f3c9fd9a6571b40472c0e1ada0f500c5549c56f3
leftImg8bit/train/hamburg/hamburg_000000_058591_leftImg8bit.png,gtFine/train/hamburg/hamburg_000000_058591_gtFine_labelIds.png,0f8ad4007c7ead892af9ddf5421fe8c561d21ab152ad0c8803e069ffed1c08cc,c16f68dc928a50f2c4753a7cea871caf22f6f8e722a151cb882bac68eb573b1b
leftImg8bit/train/hamburg/hamburg_000000_059339_leftImg8bit.png,gtFine/train/hamburg/hamburg_000000_059339_gtFine_labelIds.png,7446d54b451725c1d49744e639193c166469c0930f281114798d609d8a992b78,e6da8ed34c6eec681e6b694826d8386148c009b475b1a751a2cb2410e0bf97d8
leftImg8bit/train/hamburg/hamburg_000000_059720_leftImg8bit.png,gtFine/train/hamburg/hamburg_000000_059720_gtFine_labelIds.png,ac4715589e0e12dd857d9e7068494732cae03a2a0a3243f68872665253322b76,e3e987793d44e0459acd2951c0c0dd169e170bd2582cb6560de387f173546bf0
leftImg8bit/train/hamburg/hamburg_000000_060215_leftImg8bit.png,gtFine/train/hamburg/hamburg_000000_060215_gtFine_labelIds.png,21e3e23530e0bcd0431190c2c3ee3acdcaccd3b6b3a01285f5ed9780fc4c57f7,2750c2764e3d860b80872a1bac6a5c5732e75dc5422a26b10a0ed1ba1f2ab130
leftImg8bit/train/hamburg/hamburg_000000_060586_leftImg8bit.png,gtFine/train/hamburg/hamburg_000000_060586_gtFine_labelIds.png,30a572c05aa9953af10194fdcd564c71cee87858b9a2862842b9d29bc5c44161,12d43d05dba327849822ae5a1724673493de637f56d888bd8d8817dd6a0b0b80
leftImg8bit/train/hamburg/hamburg_000000_060907_leftImg8bit.png,gtFine/train/hamburg/hamburg_000000_060907_gtFine_labelIds.png,ee7a3b9c1453ef042b4e9654d3522fe079d67dddd227cc521690d9fb57afc16e,2e58bbfe5ad5080d7c5eb44942716f86701aa5b78e5e0805de38da922f248104
leftImg8bit/train/hamburg/hamburg_000000_061048_leftImg8bit.png,gtFine/train/hamburg/hamburg_000000_061048_gtFine_labelIds.png,8abb84a113bcc98d5d171a4bb6dbe412a2e847bbc218c23819a208404b416a5a,8bc19e4877c3b2c20f6185c1cd9e9ae1c5df2fc1ad41a0ab361a3a00128a370f
leftImg8bit/train/hamburg/hamburg_000000_061468_leftImg8bit.png,gtFine/train/hamburg/hamburg_000000_061468_gtFine_labelIds.png,a43c9f9f782b590d158900617344391738f4827318154ee069eef00bffe3fe67,3d9e341fb1b93dcb97ced066d6a716b9994fc13fd238381880b5d8f97d1a8eaa
leftImg8bit/train/hamburg/hamburg_000000_061790_leftImg8bit.png,gtFine/train/hamburg/hamburg_000000_061790_gtFine_labelIds.png,1e659978fa779c42a8a44a497077d3cf522d388c4a6592adc42b512d16dfe321,6dca1e8e3816fb4144630f490776e43898d7d0864c150dec8e4765b7fd56bc9b
leftImg8bit/train/hamburg/hamburg_000000_062039_leftImg8bit.png,gtFine/train/hamburg/hamburg_000000_062039_gtFine_labelIds.png,888e624b6e62048c91ff7d5e6329ad3fe91fc4357f0ca29e20963f3cac46cda2,5fc6dd4b783559e1401b0d42f9f20163ca9a064563bf53f36383b4259f74e685
leftImg8bit/train/hamburg/hamburg_000000_062371_leftImg8bit.png,gtFine/train/hamburg/hamburg_000000_062371_gtFine_labelIds.png,03d2882083dee8cbd39fbe46751a78f24805df128e866bc1b84a6acea70b7db2,b6bdb8e1813023a6834af6119ed26ede6e644dac0fa6d01e3ef322f8bd524024
leftImg8bit/train/hamburg/hamburg_000000_062710_leftImg8bit.png,gtFine/train/hamburg/hamburg_000000_062710_gtFine_labelIds.png,53434a6df91d1970ffe18a257b9ca62d583a4350765460a1635a252cdd4678dc,06afc1a75d88f2c73787e8c95d08db90fb802e1fd606b97024501a39a0cb0807
leftImg8bit/train/hamburg/hamburg_000000_062964_leftImg8bit.png,gtFine/train/hamburg/hamburg_000000_062964_gtFine_labelIds.png,51f7ddd0c09f2f71002b458c5d8ea95222fab13807451af724fb3f66486fbf72,1d40211e65cad972d38a23771939f2d41b85ae4c283c3a7a0eaac4276c031e5e
leftImg8bit/train/hamburg/hamburg_000000_063403_leftImg8bit.png,gtFine/train/hamburg/hamburg_000000_063403_gtFine_labelIds.png,62af5380ae460e5fa5cdd6c662dec952dfe5395d378436413f832a7fab9f2604,325a55ba50c1487d9222f342829d538a8496560260095062ee3975560cb21aae
leftImg8bit/train/hamburg/hamburg_000000_063698_leftImg8bit.png,gtFine/train/hamburg/hamburg_000000_063698_gtFine_labelIds.png,9bad5cad5a0e004f1c89d591601bce1922884b27c78ce7e17591d6b74c6026be,5e596fe870113fadcae57d27a395afcc02e52793f5670744823d7baea5f72e43
leftImg8bit/train/hamburg/hamburg_000000_064269_leftImg8bit.png,gtFine/train/hamburg/hamburg_000000_064269_gtFine_labelIds.png,c2a687be101eeea575b10197a8036115e458f281843f637fd8d950b77ac203f5,b0d3a7f305d15b44aa78e6fd8c2b0dd3bac4a87ad9258ff3169041bf284c6173
leftImg8bit/train/hamburg/hamburg_000000_064825_leftImg8bit.png,gtFine/train/hamburg/hamburg_000000_064825_gtFine_labelIds.png,132bc6730c79510c1d2155887effb1bdd1c665c994bc3d65374fb558ddcc115d,99ff9a90ea951f1f22dc1239f6f5f313ce555d9256e6c2b19de00f4142879fb0
leftImg8bit/train/hamburg/hamburg_000000_065055_leftImg8bit.png,gtFine/train/hamburg/hamburg_000000_065055_gtFine_labelIds.png,46d37c3a49f21fde2da7c265b5d5fbc5ffdf724bbec579e6c36e41dde7fb51a7,79355e65903adbc81a29d398dee517e13b736539277ed2d1b329276731797a8e
leftImg8bit/train/hamburg/hamburg_000000_065604_leftImg8bit.png,gtFine/train/hamburg/hamburg_000000_065604_gtFine_labelIds.png,e3c3ab58ed2e047eeff4346222562227f62f4fec7b72223ca4a54c8a4e5e749c,fd8160956f8bf8802f60ca1d11ef78dab358f3ac68d90c031192bbee5bd88d32
leftImg8bit/train/hamburg/hamburg_000000_065843_leftImg8bit.png,gtFine/train/hamburg/hamburg_000000_065843_gtFine_labelIds.png,80322339350fa205c2cc518962f060bc6284d2d2a9a5d344c1775cd809d0d489,e84dc8d478acc2d8b9dbedc7366d307fb83674fccc1dd000706347a84c1aab20
leftImg8bit/train/hamburg/hamburg_000000_065983_leftImg8bit.png,gtFine/train/hamburg/hamburg_000000_065983_gtFine_labelIds.png,e4a396bc23f5129491cdde85c7b48da90463a21a53b67cf1533cae921fbc9856,62e49c5ec887cbc230c8e5d20f97ffcea11357ab258cd696740ca8ad2d15333b
leftImg8bit/train/hamburg/hamburg_000000_066424_leftImg8bit.png,gtFine/train/hamburg/hamburg_000000_066424_gtFine_labelIds.png,bba67024f240458de1edcf806f3f3f73a9ba525f9d3dcad6063aeb67ce0027f7,599a43a1ac6189724e348717d1ed4d7ff70f42f61774378d1e582632ba7b3b32
leftImg8bit/train/hamburg/hamburg_000000_066706_leftImg8bit.png,gtFine/train/hamburg/hamburg_000000_066706_gtFine_labelIds.png,ab564df3b2a92f0cf0270c7c9867152395904dfc97ff4fade1fff240f8fedfcc,55c106631a1af31499ffd907a2392a379de8e16102d72ac3a20c030129d3015d
leftImg8bit/train/hamburg/hamburg_000000_066988_leftImg8bit.png,gtFine/train/hamburg/hamburg_000000_066988_gtFine_labelIds.png,e423179edd4f39300d607558c8b14fcdebf902195a09d021aee26fdd36dec1b9,9fe7fc2d447f95724eb976c0bf6f4c8860ef3760a3f8e1fb0523e5985d476a35
leftImg8bit/train/hamburg/hamburg_000000_067223_leftImg8bit.png,gtFine/train/hamburg/hamburg_000000_067223_gtFine_labelIds.png,1ffeff1e5f25dc1d0e435cfa09a1b17ae4d9b611f0a7ca0a40664e8f5df3c75c,8f77d1aeb933fa697ad84f69217c66d24e7794a5ff5c2e5fe46157c1c9c00b4d
leftImg8bit/train/hamburg/hamburg_000000_067338_leftImg8bit.png,gtFine/train/hamburg/hamburg_000000_067338_gtFine_labelIds.png,250f4e6137409a0f28dd0f5c1be6ee5b6edede201f62f9c13da7dde3e39141e5,e647324695af59557d374b57521fdb1ce71161dc224d75039cf73e7ac7c40ee6
leftImg8bit/train/hamburg/hamburg_000000_067587_leftImg8bit.png,gtFine/train/hamburg/hamburg_000000_067587_gtFine_labelIds.png,131839ae922f937451624e89b9c1d9a608394534c1680a3bcd50ebcda7712c6e,10fb82b436dfa22a47ffafda2b26019ed9ee5d547bb992b730a21fd7636a58eb
leftImg8bit/train/hamburg/hamburg_000000_067799_leftImg8bit.png,gtFine/train/hamburg/hamburg_000000_067799_gtFine_labelIds.png,c051f80a95163fca68bdeea453901802edf1ce268d860ed715c7ffae204ac9f5,878e076350e311cdcfcc707faa59ddd46237fd15dca1a15ebdab434ac2fb196a
leftImg8bit/train/hamburg/hamburg_000000_068693_leftImg8bit.png,gtFine/train/hamburg/hamburg_000000_068693_gtFine_labelIds.png,c6a3a8de7efdfd510bd2e8f4748395ec825e6b9cffb9847b328a4a0777d786bb,471903846c3501d2db4cb122138b719db0462de43fc527d101b1eb24e6218e11
leftImg8bit/train/hamburg/hamburg_000000_068916_leftImg8bit.png,gtFine/train/hamburg/hamburg_000000_068916_gtFine_labelIds.png,794f5169622969a67dd38b420a0425602d3f0838a1cea0d7462b9987b092f590,5736e1f5c054453c103bd997d78dea3b17a558ff42211d1d9163dd57ee794996
leftImg8bit/train/hamburg/hamburg_000000_069096_leftImg8bit.png,gtFine/train/hamburg/hamburg_000000_069096_gtFine_labelIds.png,7f8fbfaf05c276d58637b6b8f9e2b39ec5b7eb064732b7f8b8b9c4c4b932c389,5b48350e8b8a336a5fc7714a7cc8e04d818d5e8c4f13e7be59e52dea33a1455b
leftImg8bit/train/hamburg/hamburg_000000_069177_leftImg8bit.png,gtFine/train/hamburg/hamburg_000000_069177_gtFine_labelIds.png,4ce4366f8deb4158787e36bf3b0f5bcbbe72720f5a6c52945e66df23347f448e,92f6deb563a0487a6c8d8d4760b23e61b2d1c0c0dc87791de6378cb8227a74bc
leftImg8bit/train/hamburg/hamburg_000000_069289_leftImg8bit.png,gtFine/train/hamburg/hamburg_000000_069289_gtFine_labelIds.png,5ef939a302c36da9ee687fe5bdf8d63763531176217ad69f34807954c9b1078b,45ee7a30fd9c361aae33a7fb6c5caaa9f304da28d9f2a7ff321f3be99fc4499a
leftImg8bit/train/hamburg/hamburg_000000_069417_leftImg8bit.png,gtFine/train/hamburg/hamburg_000000_069417_gtFine_labelIds.png,f38a0c9ed3a134e69a7b52b4ed45b0f4ec84bd347da4c8ea216bb78ab7f1f37b,7b32234baa367165a7c39fdd0940a184b644035c1c259aafddedace829612193
leftImg8bit/train/hamburg/hamburg_000000_070334_leftImg8bit.png,gtFine/train/hamburg/hamburg_000000_070334_gtFine_labelIds.png,b0acb798a3ac8c51daca85bf6b373080e1adf1794f21b883e215568d789e32cb,ff1425a8b29aedcda15b42709c0937eab8293bd3fe701610ab842adc98996eba
leftImg8bit/train/hamburg/hamburg_000000_070444_leftImg8bit.png,gtFine/train/hamburg/hamburg_000000_070444_gtFine_labelIds.png,67dfb6eeba4c5e07da5263229f12e2a6f32bb22a59e4b028ee8c694c2b887ef8,831acd809cfb3be72b6c19c50f11f58f8224c8b43606e95ea0043d503ad299f9
leftImg8bit/train/hamburg/hamburg_000000_071016_leftImg8bit.png,gtFine/train/hamburg/hamburg_000000_071016_gtFine_labelIds.png,53688f20c1ecedbd3fa91a848f9f66e286c2f552b559d0344bd33cbc8cabc877,4333c15f5a149e5bc60378247aedec4a4bb6844f1aced12bb5850104d1414df7
leftImg8bit/train/hamburg/hamburg_000000_071150_leftImg8bit.png,gtFine/train/hamburg/hamburg_000000_071150_gtFine_labelIds.png,e00a0ccd0fda8cb67b3cc79fb727e88836730f61793efdd24ba23cccc668b824,2a4899a806c7173729e7272b37bc911fdb2594925287a43bc1f4fbb5626ee705
leftImg8bit/train/hamburg/hamburg_000000_071675_leftImg8bit.png,gtFine/train/hamburg/hamburg_000000_071675_gtFine_labelIds.png,4ac7ab3f9c966a82a8602445759e49136b2b4902cb61195c99739b9069af9690,f1a3ba66284573a45370e960ca7397211226faabe0dd47c7d7c969d19ca15ff6
leftImg8bit/train/hamburg/hamburg_000000_071942_leftImg8bit.png,gtFine/train/hamburg/hamburg_000000_071942_gtFine_labelIds.png,f6d0676ab62772713928bd610ad1cb5ba36bdc21f942b9d9230904c0d90d3a50,6d964e10743e0c53b75dfc3b0ee057dfbf8b33163c2e929b264692e7d1ee80ef
leftImg8bit/train/hamburg/hamburg_000000_073314_leftImg8bit.png,gtFine/train/hamburg/hamburg_000000_073314_gtFine_labelIds.png,4c547bf8009a1a46755f9af7081ce634af2d714fbf682979a3fc8ee0e132652e,7cd1ae1b1a2380cb77413333455aa24753a3508c37b9aab2498bcdeeafad99e3
leftImg8bit/train/hamburg/hamburg_000000_073389_leftImg8bit.png,gtFine/train/hamburg/hamburg_000000_073389_gtFine_labelIds.png,9b3b70addc824562e3ac5792af827f53a05a8312159c7c60acbdb320aa0dbb0f,bf4cbc1c7bf2cad1bd9f0b9fafcc6716b9cad92d693087044510d787ec32b64d
leftImg8bit/train/hamburg/hamburg_000000_073549_leftImg8bit.png,gtFine/train/hamburg/hamburg_000000_073549_gtFine_labelIds.png,edea8619279dc9fea12e5bf2a41dd62276c12903432edd97f7917fdea6434c20,1ec946ee104f67afa0b79f49a7513efe550f92a778d2288b85d3e76373a472c2
leftImg8bit/train/hamburg/hamburg_000000_073672_leftImg8bit.png,gtFine/train/hamburg/hamburg_000000_073672_gtFine_labelIds.png,f6e0d02eb9dd9e5a9baf76f7e0e1124eaf3df638db0e52a7d9e95c1ed1bb276d,6d673e4e2c11083016c48073c37d28a6280618351230ee2b81a8778887bb101a
leftImg8bit/train/hamburg/hamburg_000000_073758_leftImg8bit.png,gtFine/train/hamburg/hamburg_000000_073758_gtFine_labelIds.png,2aa937ff7743929b208cc354fc2a5e6604c4ca672f195343c039f092843c348a,bf6e06d9d38715a6a2a5e8143072e662125a5683195d1a4ca129007be703cf1b
leftImg8bit/train/hamburg/hamburg_000000_073999_leftImg8bit.png,gtFine/train/hamburg/hamburg_000000_073999_gtFine_labelIds.png,9736b494965da7fbfdd4eddf93c0ca14c245e1effb3150ee62b32dd87b46a166,4ca784cb0703bed41fdb3b140be5ab495ba6c12bd235c66aeeeb511e5262553b
leftImg8bit/train/hamburg/hamburg_000000_074139_leftImg8bit.png,gtFine/train/hamburg/hamburg_000000_074139_gtFine_labelIds.png,986d7f6dec35a7786aa7f58118714394abd7a13d31e71a9802e9902127114cd9,0578b66d642c8d7eb6bf713f912bd0d6f482c2782ea24ae7c46e46d04b359977
leftImg8bit/train/hamburg/hamburg_000000_074267_leftImg8bit.png,gtFine/train/hamburg/hamburg_000000_074267_gtFine_labelIds.png,d13e2bacf0e9e7cd99af2b15f6992d1ba1e8e58e017951c3d4c591bdf77f5248,845ddc07efe00e21287d70e5e7f3897b5dc08c1f5a6ceaceaa98c2a10cf0d640
leftImg8bit/train/hamburg/hamburg_000000_074425_leftImg8bit.png,gtFine/train/hamburg/hamburg_000000_074425_gtFine_labelIds.png,67eb93e140aa7c4584986d951be32919383c8cc8796be4f45c20f5b7bd272f59,3523c3558e4e5916394e193905c49ac91be7bdaa0a370a232257099f10a72cdc
leftImg8bit/train/hamburg/hamburg_000000_074545_leftImg8bit.png,gtFine/train/hamburg/hamburg_000000_074545_gtFine_labelIds.png,d7b551bc81cc80c7538e00e55dd207a49acdf081f9ac71566d87186dc074e6b4,0924c99a693ef371ff316853d831b24acd24b273826fa8bf1cb2e1bb2af07974
leftImg8bit/train/hamburg/hamburg_000000_074694_leftImg8bit.png,gtFine/train/hamburg/hamburg_000000_074694_gtFine_labelIds.png,98566c91fe75d00a32cd1b92ca41b53f97b4de28686216bb956fb01d0b786bd9,77f6831905cac797b60ad1efd40014a4e8dceaac1baa14868541ef03df31ddcb
leftImg8bit/train/hamburg/hamburg_000000_076392_leftImg8bit.png,gtFine/train/hamburg/hamburg_000000_076392_gtFine_labelIds.png,434c446b52197b37df224f8283ae4bdf993b4f60168d75fe2cd269943f115eb1,3ff2e646296e1c84d56c44b53bc4efad2b54fb1218f6cee66c13616a436ca75f
leftImg8bit/train/hamburg/hamburg_000000_076966_leftImg8bit.png,gtFine/train/hamburg/hamburg_000000_076966_gtFine_labelIds.png,150253b125489deeb8c38241828caf0e8e132029ee543f1fd2b14a231c538d44,93006e731d86922d9760f4de67a81568b82119519841a737721c704b517a5c5b
leftImg8bit/train/hamburg/hamburg_000000_077144_leftImg8bit.png,gtFine/train/hamburg/hamburg_000000_077144_gtFine_labelIds.png,4eadfd229e9bb7ab56f173e17d82ceb132e0b97f9f039bd763f80381cec7ab97,c0359c0b7207b14f621fa6875c47e50348a86f7fd0094d1825756c296eba843d
leftImg8bit/train/hamburg/hamburg_000000_077642_leftImg8bit.png,gtFine/train/hamburg/hamburg_000000_077642_gtFine_labelIds.png,77176bbbe3d416dc41f8c1d4f95f0aba03327fc84188218370e180330dfc9819,48c1306ad0b0ceb2c74f167861f303446fe895068c53eb8bcaf7218c47e75246
leftImg8bit/train/hamburg/hamburg_000000_077756_leftImg8bit.png,gtFine/train/hamburg/hamburg_000000_077756_gtFine_labelIds.png,b0a6155667daaa6d92ec87cb761ec23fc8ab6313a09db7b43c5f743bc2c012ab,1a082fb771e7dfdfb4f9138b7c5299edc0dd448e63108af81e22bfa5f6e8d118
leftImg8bit/train/hamburg/hamburg_000000_077927_leftImg8bit.png,gtFine/train/hamburg/hamburg_000000_077927_gtFine_labelIds.png,b7bcd3515a0b38082d1385112813a88166063f42e0809405b56756ef79e9a788,e0367c56601c0c92cfb83ed475f11c653aad870af8a96ff0aa06881abe18644a
leftImg8bit/train/hamburg/hamburg_000000_078407_leftImg8bit.png,gtFine/train/hamburg/hamburg_000000_078407_gtFine_labelIds.png,5764cc85d221355f0bd59d4d4ac072f6d4ae02b137a6aeb21cf9f36cf9a203b2,5c4311667575d5ee61894f9bdd7d1443b87db2c04f1162f5aa99a3ba87940f5f
leftImg8bit/train/hamburg/hamburg_000000_078579_leftImg8bit.png,gtFine/train/hamburg/hamburg_000000_078579_gtFine_labelIds.png,0ae8d2e071957b2cf34ded7f206d1454b4f37f3ca88023316a1a329a386de5b4,6e702a76cd69c9782ea2b9ed54dab3a148f125778e9874a369b7bf60bac03620
leftImg8bit/train/hamburg/hamburg_000000_078842_leftImg8bit.png,gtFine/train/hamburg/hamburg_000000_078842_gtFine_labelIds.png,0153a67911bd36d93ea79c4eb6d005fc95f49fab204751893cf0dd3ff72152b4,eb5f19db764759e239a7cd77638a24689afd2ef918a73d5c2a58c037a24abfe1
leftImg8bit/train/hamburg/hamburg_000000_079376_leftImg8bit.png,gtFine/train/hamburg/hamburg_000000_079376_gtFine_labelIds.png,197bdefda0f4adf1501a5b9054324f2ad6f674a1cd3f3ef641af635b34d61ace,80156193e1d192cc055c77076d5c9c18b7ab48711e6163825dc4643e099a2439
leftImg8bit/train/hamburg/hamburg_000000_079657_leftImg8bit.png,gtFine/train/hamburg/hamburg_000000_079657_gtFine_labelIds.png,eb0bc2f868bc71f877c53e21e179ed9be860f8d2c5158003e4a8b027ee286aea,c2ee0422ed95abff237d08d91a1b413fdadd48a3a900a7efd6375adbdeba7b30
leftImg8bit/train/hamburg/hamburg_000000_080169_leftImg8bit.png,gtFine/train/hamburg/hamburg_000000_080169_gtFine_labelIds.png,520e686164372c0da39800032a813d95ab6d238386726438472f3b657207dc6d,920acf3940a401ccb8d382b312f37c124bb582e380a8eb12b3dcc7867dbaa3b1
leftImg8bit/train/hamburg/hamburg_000000_080438_leftImg8bit.png,gtFine/train/hamburg/hamburg_000000_080438_gtFine_labelIds.png,6dff461c6cb2f7123cc4b3fd5bfea3b2bd7edd9a692b746cc46413a7a7838614,2a9f723175fd99ec0ca29890a58cf720024ae63038958e434a0f29c09504698f
leftImg8bit/train/hamburg/hamburg_000000_080674_leftImg8bit.png,gtFine/train/hamburg/hamburg_000000_080674_gtFine_labelIds.png,61d98f5284bb1da8a04ecb7bd9ffbca489f60c17076699f02eaa3bd61cf3c9e5,e16d79421d359cea7b574672ca5a013e0dbbd2801fb1c90ce927d1d2665c75fa
leftImg8bit/train/hamburg/hamburg_000000_080878_leftImg8bit.png,gtFine/train/hamburg/hamburg_000000_080878_gtFine_labelIds.png,e9816b0666b1eb3153b995964f68ec14672ac6a4213639071b214156d36b95b4,8118791a0bba4336e1a7d031568ae3f0ac23e53a7d8533c37554a1fd588c067e
leftImg8bit/train/hamburg/hamburg_000000_081299_leftImg8bit.png,gtFine/train/hamburg/hamburg_000000_081299_gtFine_labelIds.png,86d978d71b40084d37e27097ba92271cb9e4e85b076792dd926f3cdc55a5078f,3e6d0c58dd70ef5aaf1b370fc2f980db1efe1682cfff7da2f37e6dd1b45a6a76
leftImg8bit/train/hamburg/hamburg_000000_082187_leftImg8bit.png,gtFine/train/hamburg/hamburg_000000_082187_gtFine_labelIds.png,cd15e51189e57931c660af1e27317463ca2d5e067cb7305153893ebf8f91a78f,660655a83c528c92ffdb9399fa36104de4df8f250fe0b13480d48c9e28809372
leftImg8bit/train/hamburg/hamburg_000000_082301_leftImg8bit.png,gtFine/train/hamburg/hamburg_000000_082301_gtFine_labelIds.png,9f738b5aa9761a58487b7e62c6812ac69e26020efa54ecda395b795bbbdfe10b,d0f4311829865cddfb998740b02941b513b4758e26edc26c8323c78c0856310b
leftImg8bit/train/hamburg/hamburg_000000_083586_leftImg8bit.png,gtFine/train/hamburg/hamburg_000000_083586_gtFine_labelIds.png,215e4ef8ce40ec292a9ba149b3cd43370bbb5e730a056219edb8617a11906107,f51636b82dd92a8013f63d639984b96d2e62b443ba72df443c91ae259a549c7b
leftImg8bit/train/hamburg/hamburg_000000_083696_leftImg8bit.png,gtFine/train/hamburg/hamburg_000000_083696_gtFine_labelIds.png,b6fcbf6f3cddea03831a902fd3bf7bd2ad3f8aae1a1b04254905e6e4d8dcc9da,48823772c4fcb32a629cafab53a330ef17043dd1dc2040d7e8e35d6b334ff060
leftImg8bit/train/hamburg/hamburg_000000_084746_leftImg8bit.png,gtFine/train/hamburg/hamburg_000000_084746_gtFine_labelIds.png,ece6f724b7311584a58019183626b5f8a183f3c93f831ad107d04c416cd4c0dd,6422f3319c910679d6f0ce9490e256e290087ba2e792bbdff8bfcbfa5778761f
leftImg8bit/train/hamburg/hamburg_000000_084865_leftImg8bit.png,gtFine/train/hamburg/hamburg_000000_084865_gtFine_labelIds.png,7b61da723c2f77ff170a20568e7488a66b3b566d79ac2e5b9937f23c3d1ee01a,6978d41f2f03893261b8dc1a84acf325d179e8bde1cbcc10600ad8bdd69866e8
leftImg8bit/train/hamburg/hamburg_000000_085073_leftImg8bit.png,gtFine/train/hamburg/hamburg_000000_085073_gtFine_labelIds.png,2801b01c41f824bb3c4978d7f4063d2480ae4a86ff9d8de8d79f7dea9f9a88bd,6138092c7cd0543f6b0b6324afbba2c96752a0af8485cb0ade76bbaf371243d1
leftImg8bit/train/hamburg/hamburg_000000_085321_leftImg8bit.png,gtFine/train/hamburg/hamburg_000000_085321_gtFine_labelIds.png,77910c470bd13dda5f8feb556e2ceeefe453d6f681c99f7f933420f6fab2128e,ebf3b25890d2c32669c88cd84da6ba7b81be191ba6109bd3a844249bf01a0274
leftImg8bit/train/hamburg/hamburg_000000_085413_leftImg8bit.png,gtFine/train/hamburg/hamburg_000000_085413_gtFine_labelIds.png,104f79c19868ce8ea807815a9867ded9c1c45ad874757dcf505cf43fc0e9e933,2885ec3b08fac52a582cd48fe03532548b55ffe807ce939d3b329d6424680ce4
leftImg8bit/train/hamburg/hamburg_000000_085645_leftImg8bit.png,gtFine/train/hamburg/hamburg_000000_085645_gtFine_labelIds.png,fe46b9192699154700208fdd72a9c071fd1616c699e0f20c5a13f7dcc3d3fe3d,553bebaade9f5ded60d80a69ef457e0a2f6bc6740875f306ef9c3155d02c1aad
leftImg8bit/train/hamburg/hamburg_000000_085982_leftImg8bit.png,gtFine/train/hamburg/hamburg_000000_085982_gtFine_labelIds.png,b81d912ff04fdf9d73b8f867e5d2eda7d839c0347865cc1ca6770aa38e5bcd02,b50b1087fb7960e2c456dbcff2c36faf70d8e5ce7aec11bc34dfd4368fcddd25
leftImg8bit/train/hamburg/hamburg_000000_086499_leftImg8bit.png,gtFine/train/hamburg/hamburg_000000_086499_gtFine_labelIds.png,13fe9799d1f0ca18808d815bfdaf8a5c40bb4d5f4ec193aef50caeaa4455f697,d95d600f9e3e77a771ca73bc69b64ba8c666abd2fb766352c24a289a8f25f50f
leftImg8bit/train/hamburg/hamburg_000000_086636_leftImg8bit.png,gtFine/train/hamburg/hamburg_000000_086636_gtFine_labelIds.png,e2b984c66b122d3add7f8fd10634cc5597b04b4a5e8b64d8c099cc9db0c01e4a,49e6756eb75fe80c933bbc6ead26063cad0ba4fe922adfdb8833564fc5f8bb47
leftImg8bit/train/hamburg/hamburg_000000_087216_leftImg8bit.png,gtFine/train/hamburg/hamburg_000000_087216_gtFine_labelIds.png,2bc8ca5c8bc53892d9cdee0ac227913a61db19fc9e02b67a1d476029607c4afc,5bf075091c36a14254270f7fe55d9ad60266941781118843bec6a8f73f212039
leftImg8bit/train/hamburg/hamburg_000000_087822_leftImg8bit.png,gtFine/train/hamburg/hamburg_000000_087822_gtFine_labelIds.png,af2628536e4a4596aef97866048a73f51a64bae08c7f9490ef410f83d660132f,43705bb5b6bde4eac2fa3b65332f242e49d672a3aa7ebcb957fc70798265fe2c
leftImg8bit/train/hamburg/hamburg_000000_088054_leftImg8bit.png,gtFine/train/hamburg/hamburg_000000_088054_gtFine_labelIds.png,50339125c2e60dc68912658a7fe332ab75c4aed438d15db467cb9b2e328b7f81,cd1b1a3b779d0834720ffe88d937cd67cba14492b411a11a05cef966ebf3f8a6
leftImg8bit/train/hamburg/hamburg_000000_088197_leftImg8bit.png,gtFine/train/hamburg/hamburg_000000_088197_gtFine_labelIds.png,8d69458ebe95d3456c1af00dfcb95994455d6bb9b79fa2a161b24ccc4be5505a,332459c9075176fc13db035009fd7e50b113c8b5a3caefe59c1208c8af471f50
leftImg8bit/train/hamburg/hamburg_000000_088627_leftImg8bit.png,gtFine/train/hamburg/hamburg_000000_088627_gtFine_labelIds.png,512823c61efa08712698fa4d4469a452d30f2c0214bf7ad8122406cf043654fd,f5653bac034f4143570b5a8712f17f711d7d695244599562e57110ad5afb6316
leftImg8bit/train/hamburg/hamburg_000000_088783_leftImg8bit.png,gtFine/train/hamburg/hamburg_000000_088783_gtFine_labelIds.png,773b4fa6dea3f3e626cc1fb8b8beb1c670141f35f9e0acc47325cb7b844ca934,80bf6d4ac00a81dfb447325e0888e457dfe91756bed20920a14e007752dce713
leftImg8bit/train/hamburg/hamburg_000000_088939_leftImg8bit.png,gtFine/train/hamburg/hamburg_000000_088939_gtFine_labelIds.png,a7b83637787e4c7253727b031cad29358ea4a3d1b43a83b923f5be5c77b40f1f,1bea5fd31b6452c00508fe78f8bc057e2a340cfa7ac3cb0430a7520d2b11835d
leftImg8bit/train/hamburg/hamburg_000000_088983_leftImg8bit.png,gtFine/train/hamburg/hamburg_000000_088983_gtFine_labelIds.png,ac0c19bc04c336b0775076514f0d76c60caf680c235680a1de8588051d593add,0d9aef695e2b7476998a93cf3526438aa45031a09282fb9d48b8f8df6920e19a
leftImg8bit/train/hamburg/hamburg_000000_089491_leftImg8bit.png,gtFine/train/hamburg/hamburg_000000_089491_gtFine_labelIds.png,2043bb42fe3bc8bb261bf1ce2bcf34efeb02f0cf236f9215dd7ce6673abdaaa0,b851c9d112818e9079c23e57cd924009bc0894b68092c6feb9f0279f9be59f90
leftImg8bit/train/hamburg/hamburg_000000_089696_leftImg8bit.png,gtFine/train/hamburg/hamburg_000000_089696_gtFine_labelIds.png,09dd8af65a02ab54b562405ca492be9f755d191595668377bcec0ed5a271584d,a203238651248d453eee0274c5b54d3323293c9d1baf062d84fb7e923e783832
leftImg8bit/train/hamburg/hamburg_000000_090398_leftImg8bit.png,gtFine/train/hamburg/hamburg_000000_090398_gtFine_labelIds.png,5c5651aea84c62f5b973e90728045be70580454f442fc83d438f4fcd8b45d34f,963a37eb8a8faa4bf0c2f4a8b2c436f3dc99db030e2592148c787f8018c68af4
leftImg8bit/train/hamburg/hamburg_000000_090742_leftImg8bit.png,gtFine/train/hamburg/hamburg_000000_090742_gtFine_labelIds.png,7ec73dc737916e0627f2fae107acb13df5f2a860fd8dd2da4ca74568d06bc577,5b9ec17fb3d97f85a2c3b30444f19b09168d37892d3d12c0ebb5906690870da1
leftImg8bit/train/hamburg/hamburg_000000_091038_leftImg8bit.png,gtFine/train/hamburg/hamburg_000000_091038_gtFine_labelIds.png,ddb3b7af4a2639f8fd03b0a86f017e20505578df7953a2781173bb0856f3b797,35929880d15a2956a5a30f0383bc67ebad9fcc7dca2d5ecda87d0e300b4ec658
leftImg8bit/train/hamburg/hamburg_000000_091155_leftImg8bit.png,gtFine/train/hamburg/hamburg_000000_091155_gtFine_labelIds.png,08230cc320cd47302e878ccd2abd1cca57a937f128847f43c58a5a22d7a0cda1,377c77b5f8278a851f6c1ae68fe84dccd64c9fe98b0d179890365299ad4d6ba4
leftImg8bit/train/hamburg/hamburg_000000_091900_leftImg8bit.png,gtFine/train/hamburg/hamburg_000000_091900_gtFine_labelIds.png,7408d83bde9978c95d0982507ba29e857a725ea8c6523aef1a2b745d0c6b4ae7,ba216ca914ea174ccd4c312b2dd9bae77713750d83249311dc5abfec504dfdfe
leftImg8bit/train/hamburg/hamburg_000000_092476_leftImg8bit.png,gtFine/train/hamburg/hamburg_000000_092476_gtFine_labelIds.png,dc283fa0f47e862825391ad8f71b224106a9cc426559683b6cd4d1860afe516f,b0571850a2017fd945eb035c8d901d2a9d9f1aa81876f0e3c40175ab41f8be79
leftImg8bit/train/hamburg/hamburg_000000_092850_leftImg8bit.png,gtFine/train/hamburg/hamburg_000000_092850_gtFine_labelIds.png,d4ca2c6f3640339795e15f81536325342812a21458694813fcd5926d40dbd5fe,81f3ffcc400ac06872ba7fbe405578c26b1fa12d0101d715345b49ecc310fe42
leftImg8bit/train/hamburg/hamburg_000000_093325_leftImg8bit.png,gtFine/train/hamburg/hamburg_000000_093325_gtFine_labelIds.png,b52291de0ed24b3048378fdd743f1a1cdc9f4f63e9c7af59bce596400ca1087c,c658071d8e91aad64f401dd753d4992d3f02e7bf69b03a005ad196024778911c
leftImg8bit/train/hamburg/hamburg_000000_093572_leftImg8bit.png,gtFine/train/hamburg/hamburg_000000_093572_gtFine_labelIds.png,479031a9c919bc24d6161c4b7acb7992303239e19c78c56fc1ca778d220fa6cb,3af65331168affbe89b7eb9f40ac8c7b57846d070f183ece2198b6e980001407
leftImg8bit/train/hamburg/hamburg_000000_093787_leftImg8bit.png,gtFine/train/hamburg/hamburg_000000_093787_gtFine_labelIds.png,d5ba5dc578e357956495c9c7216bc23077d610d44edd5ad1e79a7a07d8d164c4,8ade87b02d26ac8e693198b13f98700b03501e517841283c38c43374052f463f
leftImg8bit/train/hamburg/hamburg_000000_094185_leftImg8bit.png,gtFine/train/hamburg/hamburg_000000_094185_gtFine_labelIds.png,2f4b7929a2ea38145444d946c268acc7c25e6529c21a37f74796f9d4585dab2c,29b5b987684ea825241b61a70d26ad369c3927ca2b7dd7ad8a9e329cac4bc07d
leftImg8bit/train/hamburg/hamburg_000000_094717_leftImg8bit.png,gtFine/train/hamburg/hamburg_000000_094717_gtFine_labelIds.png,fb161d3e518a6fa1436b497bc346d5d5b52e21c04163ad482ae77f01589e05cc,95c1f46d3a5c6615c82d136bc2608ced6a2eee7e49d8d63f2ba1d5079cbed111
leftImg8bit/train/hamburg/hamburg_000000_095561_leftImg8bit.png,gtFine/train/hamburg/hamburg_000000_095561_gtFine_labelIds.png,31a786b0c6eb71f398ef75c46747549c09a1a9e20818348ed7bf8ae76639cdd9,67493500fdab780158e01e3a84f5e3b0913742750039ff141d3f3af83c2a135f
leftImg8bit/train/hamburg/hamburg_000000_096063_leftImg8bit.png,gtFine/train/hamburg/hamburg_000000_096063_gtFine_labelIds.png,bafb8c6a754760af695658946338c405b198384f7eb28c490076183325563e13,48facc814af13d4c59a4b30e0a11142cbe68510803a29f5fb95502d2413306bd
leftImg8bit/train/hamburg/hamburg_000000_096624_leftImg8bit.png,gtFine/train/hamburg/hamburg_000000_096624_gtFine_labelIds.png,0afcc09136eac43d5cc92723e2f01ba7e255434c99651ecf3d576066a07f2b9d,37e761948336b799a2cbb8f438c6a334d44d579978989d59df5eedfc3fb83e5c
leftImg8bit/train/hamburg/hamburg_000000_097086_leftImg8bit.png,gtFine/train/hamburg/hamburg_000000_097086_gtFine_labelIds.png,3c1ffe4ac2cbd6da54c7e2c83d1ac1467eb8020e1aec50cc033b1286723cbb1a,e9fc88a4d848acfac59b73d85c35fcaac825c232f343ec543251f608c274d5c7
leftImg8bit/train/hamburg/hamburg_000000_097447_leftImg8bit.png,gtFine/train/hamburg/hamburg_000000_097447_gtFine_labelIds.png,84fbfd64c66a940b9add6813e0298c2da1f109c60cc46099a7c0c8e0e501ed22,57add68a6106bf3f353461294f18329ce010f91439f176d7ed9ddd7e51c930f3
leftImg8bit/train/hamburg/hamburg_000000_098061_leftImg8bit.png,gtFine/train/hamburg/hamburg_000000_098061_gtFine_labelIds.png,c40f039616a582d9162c72a79a11c868de6227ee49cb7048ebc5bad2665a87ce,2c1f469756626a500505ede5f8e032aa9ab6ccec67a957310669be578b1492e7
leftImg8bit/train/hamburg/hamburg_000000_098400_leftImg8bit.png,gtFine/train/hamburg/hamburg_000000_098400_gtFine_labelIds.png,306d0a542946cc1f317b17efe71d38739a2fb381b6b81ec17c0e3a6e66c7a01c,f753c2f12aed89ae72b2e3f0ebfd1409ac32a4508e6778ea030d82f85d450c68
leftImg8bit/train/hamburg/hamburg_000000_098616_leftImg8bit.png,gtFine/train/hamburg/hamburg_000000_098616_gtFine_labelIds.png,f4f4ac8201696a2584a102fcbfe59a4552bfe8a13ba6c7ed7e5a3198741c5b4b,04975a1c2090984a3316cd419950d7e3607d79b9869297955847a1ecbaa03a33
leftImg8bit/train/hamburg/hamburg_000000_098862_leftImg8bit.png,gtFine/train/hamburg/hamburg_000000_098862_gtFine_labelIds.png,d6e8540959c088f1fc98eaca4dd6b14ce878cfb1e152134caff7a590390161fb,fae9274ee0a2d97a7b1a7b68299167dc899aef6da3911452fce642322f3f72f0
leftImg8bit/train/hamburg/hamburg_000000_099109_leftImg8bit.png,gtFine/train/hamburg/hamburg_000000_099109_gtFine_labelIds.png,10c257dda5e0c5372c96e0c7611d01f57ba29f0eb2c87bab05f8f476ef811d1b,2c3417247aeaab9db9000e9b7e0d01cb88a1e3a9c494b88f294c92b65881462e
leftImg8bit/train/hamburg/hamburg_000000_099368_leftImg8bit.png,gtFine/train/hamburg/hamburg_000000_099368_gtFine_labelIds.png,d860f724dc053a18130c5edbef881b886762a1c8fc8b8f0e9689ca4ea46a2e17,f54a7654734113219d9346f11f39355088432778e07a508f1cc937e9e36544dd
leftImg8bit/train/hamburg/hamburg_000000_099902_leftImg8bit.png,gtFine/train/hamburg/hamburg_000000_099902_gtFine_labelIds.png,9e1af8aade913b8cefe9a3399c1e5175399a8826716bde95570da3fcadae95f1,7bf8a5757f0a5fba7035cf36690027ebaec905b128b4c1826dadcd9c6ed2e8ab
leftImg8bit/train/hamburg/hamburg_000000_100300_leftImg8bit.png,gtFine/train/hamburg/hamburg_000000_100300_gtFine_labelIds.png,afab3075a35972c2001509ba977e813b6f0a0ee207901184d624681f64c5ed52,687f4653d6f0bc8300a4aab58be81c56cc654490f056375088201d3b09e02b61
leftImg8bit/train/hamburg/hamburg_000000_101724_leftImg8bit.png,gtFine/train/hamburg/hamburg_000000_101724_gtFine_labelIds.png,bf4719639c0971f6e0b8f4c58c975780c938b9999e7a5a8184a5c55982ac818a,01394ed79ddae85a4c589ccf2c18352ce8c0658284f974fbfecd4898ec799b2b
leftImg8bit/train/hamburg/hamburg_000000_102379_leftImg8bit.png,gtFine/train/hamburg/hamburg_000000_102379_gtFine_labelIds.png,2a42a2706ba8c642cd9cd46c3700d9930895c759c5fb7938d7916f3ff499eddd,c0e8784f45eab18b8054ed2edc54e22e03a15b3a8692fd5fec7d880cb4d054d5
leftImg8bit/train/hamburg/hamburg_000000_102574_leftImg8bit.png,gtFine/train/hamburg/hamburg_000000_102574_gtFine_labelIds.png,c6783e2d624cce411fd4524fbf4086a2f58b0cce0e6bcd34291b714e3291b545,a0fc121dcd4a80e616dd528e0feaa6d98aa3c074930c9b3b6a5a5928f9fc3ec1
leftImg8bit/train/hamburg/hamburg_000000_103075_leftImg8bit.png,gtFine/train/hamburg/hamburg_000000_103075_gtFine_labelIds.png,260f66b592d963c510f5f824ec03480c74c8e88c963f1a77c43151e8e2febe38,37d6bf8a2e008954a55b1fb22d2ea9cb3d782c8a6bbd3ad50e86041beefdaaae
leftImg8bit/train/hamburg/hamburg_000000_103186_leftImg8bit.png,gtFine/train/hamburg/hamburg_000000_103186_gtFine_labelIds.png,9572d3166bbdbd92a99353dc0a38710efeaa21766caf911168228001fc297d47,cf8bf05448015bf4ad248ea5eee6617fad184cf688318c77e2356f67916bbfa6
leftImg8bit/train/hamburg/hamburg_000000_103367_leftImg8bit.png,gtFine/train/hamburg/hamburg_000000_103367_gtFine_labelIds.png,901b5d67465b904a42d1716082ff2ad1c40a85392ea0a360e61e57a9094f5ded,0076f9aaea050c2c41f9ad5642109c68ba79c0bb865a4094525c57f445b73e19
leftImg8bit/train/hamburg/hamburg_000000_103541_leftImg8bit.png,gtFine/train/hamburg/hamburg_000000_103541_gtFine_labelIds.png,e8cd33fbbefc637cb54ba361c53b027ea48042afd39e124990721c725b4381f2,37a951484508f9dcf05013c76fa60a8f414a45cd5dc234481e5953e2dd64a890
leftImg8bit/train/hamburg/hamburg_000000_103856_leftImg8bit.png,gtFine/train/hamburg/hamburg_000000_103856_gtFine_labelIds.png,fd0a672bf700840a65392d4098f3c7a8bd5d8241e854282e1038180c0788c78e,2ea4f1abcd75f78f59146433af9d86e07e77e377715a392d8b51b0cb18de533f
leftImg8bit/train/hamburg/hamburg_000000_104428_leftImg8bit.png,gtFine/train/hamburg/hamburg_000000_104428_gtFine_labelIds.png,d6ca373cb93f9f5d144dc16f2fd8cdcbf601fe38ac46cecd9448910f88e42d0c,458478253eee7366ac50094e364662db1c13a83a87d5bc33616b90a9381167f5
leftImg8bit/train/hamburg/hamburg_000000_104857_leftImg8bit.png,gtFine/train/hamburg/hamburg_000000_104857_gtFine_labelIds.png,9499028b08da93a6e20d9e748e9913bdd238fb152d210fada7aad3110b78475d,f31705b9dc15c1d57e075c2b57f839034e2bc91d6b139b080177b6e702a02b33
leftImg8bit/train/hamburg/hamburg_000000_105123_leftImg8bit.png,gtFine/train/hamburg/hamburg_000000_105123_gtFine_labelIds.png,d979e1157b1231878926d2b7efaddf8f3fa6fccd5b2373be0ee0013c69e16684,08f6c9b6f680720e2d6809b9794dd01b71ed67b37ba959b58437d32362148fd1
leftImg8bit/train/hamburg/hamburg_000000_105296_leftImg8bit.png,gtFine/train/hamburg/hamburg_000000_105296_gtFine_labelIds.png,4760746366ca5bd787f470fb3160b78429432c53d99307863dab9aa16990aecf,b4d4aa384587f96c11118f2654224c1301d87a07c22aa9691fb4fb34fe290c4f
leftImg8bit/train/hamburg/hamburg_000000_105464_leftImg8bit.png,gtFine/train/hamburg/hamburg_000000_105464_gtFine_labelIds.png,4be51c4b7a3b4d52a836bfb77b230405694bfa7125a27a5fa0a1eb98f028d760,008b8bf3551b2bbe84695a054b0aa95e24ef99a6599d18106c7e2144bcb08f8c
leftImg8bit/train/hamburg/hamburg_000000_105724_leftImg8bit.png,gtFine/train/hamburg/hamburg_000000_105724_gtFine_labelIds.png,91f7c0558ca3e2b51f8db1c0f4cea0abd0a1a6906cc0d4555fc34b2c74d3302f,5c721bc7f0fe472da1e86df85a0ddce80cf30d98fba3d26cc49d72ae3ee59842
leftImg8bit/train/hamburg/hamburg_000000_106102_leftImg8bit.png,gtFine/train/hamburg/hamburg_000000_106102_gtFine_labelIds.png,c0715c536fad30d7be3b65327c70358ad64d53f2e88e787fc9aaad998b7bd9bd,74a510183e1239c3a46ae71cf4a775705a324cc5aadf2263e83cf37371579daf
leftImg8bit/train/hanover/hanover_000000_000164_leftImg8bit.png,gtFine/train/hanover/hanover_000000_000164_gtFine_labelIds.png,bb5f730a0dd0a8dc84d81b6911a31ac846945cb5612f0401129f55ae2c2c8af1,406e5293fabeb743ce2f75443091d7d93bb11fff9c02b000035f18dad51d835d
leftImg8bit/train/hanover/hanover_000000_000381_leftImg8bit.png,gtFine/train/hanover/hanover_000000_000381_gtFine_labelIds.png,01529e19259c5654923a09e2454fea083ba37bfe637b974df04b3080a129ce64,1a01757c59e821fadfd09b95115895e106f69a54448f7a9f6f8fc804e0bc6fde
leftImg8bit/train/hanover/hanover_000000_000712_leftImg8bit.png,gtFine/train/hanover/hanover_000000_000712_gtFine_labelIds.png,d276d17bfe0707bb50af5842a1ecea44e701c1001ef3b82fe76c7229b712eb08,79022520a07059aee56f00c8e5bb27a30e0df562b7bc1f83c8905f7c5b9eae9b
leftImg8bit/train/hanover/hanover_000000_001173_leftImg8bit.png,gtFine/train/hanover/hanover_000000_001173_gtFine_labelIds.png,499177a6dbd8aab72d85d4a5aa1e5026ca6c240252d5115e59d930d33a04ee4a,d94d94f35ebe258ec5ef3443fd51f430ca55c1e8da647116e4944c4ad795e807
leftImg8bit/train/hanover/hanover_000000_001620_leftImg8bit.png,gtFine/train/hanover/hanover_000000_001620_gtFine_labelIds.png,e05bacf8605f3f640755b7bda3f2442b8b5240f7b569eeb8a350c08ab4dfb2be,6e08df73d5797ed709edf576b93b1fc8eee22e04537233ef98031b6e8e3b812f
leftImg8bit/train/hanover/hanover_000000_002140_leftImg8bit.png,gtFine/train/hanover/hanover_000000_002140_gtFine_labelIds.png,54969e9ea3ad4f3081d1b10799fca9c4f819d39b3ac84752c5a00f6f8fc97cb9,cf6246714b05cf41d32b222d74312bb89a2d7b508ff7bcdc55e430da54643d82
leftImg8bit/train/hanover/hanover_000000_002357_leftImg8bit.png,gtFine/train/hanover/hanover_000000_002357_gtFine_labelIds.png,e27ad68c7d366c737ac1069385cf2afc212e4da031bacfb0043fe82d34c183e5,48f516fe709eb3485300dfe3e8630d3041bdcc1170b96d3c061a1ce7ea368ef3
leftImg8bit/train/hanover/hanover_000000_002458_leftImg8bit.png,gtFine/train/hanover/hanover_000000_002458_gtFine_labelIds.png,4cb4339538b1937a16e93e74e1c3df22c8b04deff529625dd51f4cb3af1afa8c,3518a7965b59d8be51750d62c9ef1114d396ed778b97076eadd3ef1c0cf9dd59
leftImg8bit/train/hanover/hanover_000000_003224_leftImg8bit.png,gtFine/train/hanover/hanover_000000_003224_gtFine_labelIds.png,ddda8d113ff13966baf46480a70821586653bbfd6fe5acd1cc52a50eb803d0b6,adccdd05223f06b1cb3ce1669da0ed1b2d714d02db3f893d4cea5692e621fd26
leftImg8bit/train/hanover/hanover_000000_003411_leftImg8bit.png,gtFine/train/hanover/hanover_000000_003411_gtFine_labelIds.png,34aa450f7564ad12e288fe85c435ee3024bc83788dbb6d448ecceced5fb8f9b8,02fc3ab0b89f3592140366ad4a0a26dd82c2ef95124a3110c0a3ae5d719f48e9
leftImg8bit/train/hanover/hanover_000000_003853_leftImg8bit.png,gtFine/train/hanover/hanover_000000_003853_gtFine_labelIds.png,15ab1515c6c889f4b4c721d5911ee55576018a3aa6691ac5afb3c1748dc6b50a,67ccd6c8a0f4d010c9308cca3ddc4986551b7486823a506aa05b5b25a64efeef
leftImg8bit/train/hanover/hanover_000000_004230_leftImg8bit.png,gtFine/train/hanover/hanover_000000_004230_gtFine_labelIds.png,28e1ddc06e1193b310df01f95aea7862408113aa17f0a4f194edcb7a34168f54,7dcec860b0e666165dac9b8d024e222f3e61d73d3b0d6019ec3f1d4078333563
leftImg8bit/train/hanover/hanover_000000_004646_leftImg8bit.png,gtFine/train/hanover/hanover_000000_004646_gtFine_labelIds.png,72b9c35d12cdf5f1d24d42b1b63decb4b59d22961290ad74a2ee4db557279e02,6f9b69a1fee109edf7b0f73925b39f73b5651285ae9cf8ad1420359514787f60
leftImg8bit/train/hanover/hanover_000000_004752_leftImg8bit.png,gtFine/train/hanover/hanover_000000_004752_gtFine_labelIds.png,d09dca119be55ce854df94b52d3ec80637e98eca12a180ec378a9e0c3140d4e3,1212d718e81f1b598141ddc2911e4fd98b0caa80a9661a0249ac6d0f1acd6ada
leftImg8bit/train/hanover/hanover_000000_005175_leftImg8bit.png,gtFine/train/hanover/hanover_000000_005175_gtFine_labelIds.png,f7facdca9518f10f34d4761c8f0189098dfe4bf03af3a44156dd8a2a000c088e,c6ed16985e0551f0ae34faa1cde0334b8db98f49414c4e2a11077d733ce90668
leftImg8bit/train/hanover/hanover_000000_005288_leftImg8bit.png,gtFine/train/hanover/hanover_000000_005288_gtFine_labelIds.png,6537ae4b2b81b5dfa017cc5e1b268a3ca41ac47b6eebbb113812b2ca4592e03f,8d3b9fb75e5e2fab8ffd038cf60a4e8fae7c3e2b2313d541bb2210ae0660100b
leftImg8bit/train/hanover/hanover_000000_005599_leftImg8bit.png,gtFine/train/hanover/hanover_000000_005599_gtFine_labelIds.png,7ddc5fd45a8e651a37d646af0cd7cccf68cee64465ed6a601c634fba98cc2a28,9a85c0c6794693e8084e20ad99014929fe7d878490af4e64410b530007135d92
leftImg8bit/train/hanover/hanover_000000_005732_leftImg8bit.png,gtFine/train/hanover/hanover_000000_005732_gtFine_labelIds.png,3099f056a9ec079c09f578e97eff55c7b2300705d9ffc4e45a414c731a344926,56115a9f152317af8c55672148f99daaf550f8b6995babbddfa3326194d84033
leftImg8bit/train/hanover/hanover_000000_005970_leftImg8bit.png,gtFine/train/hanover/hanover_000000_005970_gtFine_labelIds.png,c4ab0969d53267d3eaaa86fdb0894a5f3a1d7ca8ff2ed9d9caee62d70d4e82ee,98690ff22c6e3fee12b5777e53877666d9ceb8073a6db19f96bd37fc060a5ac4
leftImg8bit/train/hanover/hanover_000000_006355_leftImg8bit.png,gtFine/train/hanover/hanover_000000_006355_gtFine_labelIds.png,da30161891513eb72d43da9ff799c7e616f6e0c85bd8da83e72c13f58dd9f6dc,82ea07e84e9241ef9856d459f2712caa1788840eb582fd6b9140b853291ca512
leftImg8bit/train/hanover/hanover_000000_006922_leftImg8bit.png,gtFine/train/hanover/hanover_000000_006922_gtFine_labelIds.png,0907e2f1d443a1ec7db3cf3d9f1666584e8224969f99c296a096df39aa590f6b,36e525402c06bf4f1352137a931be04038d513fd67cc743cb2b6e05f82535b81
leftImg8bit/train/hanover/hanover_000000_007342_leftImg8bit.png,gtFine/train/hanover/hanover_000000_007342_gtFine_labelIds.png,64bad66fb641d513e7362ab4b4b358a23c0024aecdf18619113945201e44c51e,b881bb92797792cd2204f1a5e8fc9a0e3a20e44e1b262f263ce76cf179a655a1
leftImg8bit/train/hanover/hanover_000000_007780_leftImg8bit.png,gtFine/train/hanover/hanover_000000_007780_gtFine_labelIds.png,cfcc4b5c258d6f6fcd4b16b34215230325cf9151533614ece93692e4da134d76,5e1d0d78659f3a8c88f29f4db64ca76ce084fd105e138abd8547c23f47de82ff
leftImg8bit/train/hanover/hanover_000000_007897_leftImg8bit.png,gtFine/train/hanover/hanover_000000_007897_gtFine_labelIds.png,576c910de230ed8c8d5f646ac41b9c4a36b77abcf3324b723b4063fb9e8e1543,40770fceaf651469752d6105b67bf9b779913aff3fda475fd8ccae54bda52a0d
leftImg8bit/train/hanover/hanover_000000_008017_leftImg8bit.png,gtFine/train/hanover/hanover_000000_008017_gtFine_labelIds.png,25475ab1f4bab38402b8c70a0a5168628e11bb20fb7b29ac479ee19698d2ec84,99c821c3dbdced6a96131edfd61d3cd073f2fa6e379a500a2e6bf06c410e369f
leftImg8bit/train/hanover/hanover_000000_008200_leftImg8bit.png,gtFine/train/hanover/hanover_000000_008200_gtFine_labelIds.png,5fd6d14b0ce73e7e4c3c2e12c82246230ff968ef9515a3874d97b147baee5a0c,d56aeb20ab8e8cc2a5561144c11021b97756d878877749fa38e740750b2f775c
leftImg8bit/train/hanover/hanover_000000_009004_leftImg8bit.png,gtFine/train/hanover/hanover_000000_009004_gtFine_labelIds.png,ae28540c682dda17194fb9874b455a9b3a582224c1b11914a0d8a8cc6c259561,3586b95aeff3ad807931038bc85ff3522360563d5ec5ebce787aec7909157bc0
leftImg8bit/train/hanover/hanover_000000_009128_leftImg8bit.png,gtFine/train/hanover/hanover_000000_009128_gtFine_labelIds.png,1d92716bd9110d78b87a4c9ea02e8aa88406163732bb80af6ac23037fd5cfd7f,ee6418bcdc4ab90d4459dd0644bfd8b879211dcbe48820372d554f3ebaf03df9
leftImg8bit/train/hanover/hanover_000000_009420_leftImg8bit.png,gtFine/train/hanover/hanover_000000_009420_gtFine_labelIds.png,84a4197aa6574c1b806417a87a10ee2754a31b3ac86fb19e6df05453db74c762,46bc8ca723b0842c947bcdacb22b01c8bfa0033fdfb3ee4e9eb3fd3a225814e1
leftImg8bit/train/hanover/hanover_000000_010403_leftImg8bit.png,gtFine/train/hanover/hanover_000000_010403_gtFine_labelIds.png,35631deeba58a690b5812d211c76ac7bb06abd5e26ca07019573ee928bf4b7a4,e2ab94facfb4b76e4d149ea6d743845f80c811637d12e814722e63105e677c77
leftImg8bit/train/hanover/hanover_000000_010553_leftImg8bit.png,gtFine/train/hanover/hanover_000000_010553_gtFine_labelIds.png,f1a534cedd32bcfc2784bacbe8fc3f10ca0ef992f9ab2ab18217a95e7237fa69,45d4a15252b03e365c520ecad66378720c8d838a0383f95ad4648d867f754a75
leftImg8bit/train/hanover/hanover_000000_011170_leftImg8bit.png,gtFine/train/hanover/hanover_000000_011170_gtFine_labelIds.png,4171bc75b5fcfe100183abebdf68ea97f9b0da137930f878b71f5f12db16550f,256790c58b9183a261aa9bf80b6f2a367e5f9c04d7cdee0b912e7f9055b08d09
leftImg8bit/train/hanover/hanover_000000_011471_leftImg8bit.png,gtFine/train/hanover/hanover_000000_011471_gtFine_labelIds.png,428b3295cebd739dfc2367459315843da7e4c37ca8d73c04e2ec858e83301a08,aa4eccd77801462e0769c32df475dcfb861fad4cc4a33b2bb9cf1288ad2ca1bd
leftImg8bit/train/hanover/hanover_000000_011971_leftImg8bit.png,gtFine/train/hanover/hanover_000000_011971_gtFine_labelIds.png,ada42b1de9c067b5d277facbe937a8f00460b92b7b49396bffe7429eca44d5b5,fc98cecefafe7e1b0c48154db9977659b36d8106df5df8bc24453f15cdebbc9b
leftImg8bit/train/hanover/hanover_000000_012347_leftImg8bit.png,gtFine/train/hanover/hanover_000000_012347_gtFine_labelIds.png,9df4601cee8342b06b0d15939766f5076e75cdb9a8013cf69fbf7b845449a0f9,509458cc63bf035eed0e03226fb119b4df260707a7ee1ba1d867f15a010d3a75
leftImg8bit/train/hanover/hanover_000000_012675_leftImg8bit.png,gtFine/train/hanover/hanover_000000_012675_gtFine_labelIds.png,f4b2cd8e44eca1b7f8c950a6f7ec18898c5baf9b8433b05a8166054656595ffc,83d84a16a5b5705e1d3af80cc3205af4746a95995ea7a38ad11b16153456f5c9
leftImg8bit/train/hanover/hanover_000000_013094_leftImg8bit.png,gtFine/train/hanover/hanover_000000_013094_gtFine_labelIds.png,9c74f3063895fcfcdffe34e481c66443396275e25264a2ed978384211ff5c5e9,531063dfd41881b255b5ab8b90925cff415d0bb041afee15dfa3e5917842381a
leftImg8bit/train/hanover/hanover_000000_013205_leftImg8bit.png,gtFine/train/hanover/hanover_000000_013205_gtFine_labelIds.png,978ae5f7a16fde9af4ce3c76feba39306178cd68d2ed49e400d4006d18517baf,96071867f9cf87370b905e21bf8630eb94f2047a10e31465da42901bde8598af
leftImg8bit/train/hanover/hanover_000000_013814_leftImg8bit.png,gtFine/train/hanover/hanover_000000_013814_gtFine_labelIds.png,bdc9aabd9bcf5153219998ce707f2ae1838f627583953a25137457927c537081,07e2568abe8849ef64792144b00b73fcd4419414db4b74804ea7645dd3796fed
leftImg8bit/train/hanover/hanover_000000_014319_leftImg8bit.png,gtFine/train/hanover/hanover_000000_014319_gtFine_labelIds.png,60d9f56331f6b9473e522434f6d438fceb36a02f6a96c08fd94bf4bc5613c0d8,b64db1a45f37273d1fd8ff0b698b7aa78eb623142d0b9e8cce662ae3578c1ce0
leftImg8bit/train/hanover/hanover_000000_014537_leftImg8bit.png,gtFine/train/hanover/hanover_000000_014537_gtFine_labelIds.png,819b7181aeaf0f038d2836aadf64e6c350f5df70f9e42c5fa85a6919fde21b25,06966a7bb068b3dad8be6f7603e3ce366fcd49ca10f3f92352027f7d2c637aaa
leftImg8bit/train/hanover/hanover_000000_014713_leftImg8bit.png,gtFine/train/hanover/hanover_000000_014713_gtFine_labelIds.png,7e658f3225a9e8e23d17b8589362aae997c422ca0b19496d22925f896769b962,11f2a06d8822e64ae4fe57b794142a1a67ecb9c0354b684742397a942cdde413
leftImg8bit/train/hanover/hanover_000000_014919_leftImg8bit.png,gtFine/train/hanover/hanover_000000_014919_gtFine_labelIds.png,6d89562eca8927c7bba3149b4144fb2f4fcc5b76402d8fa2302fe7346e07c246,ffcf0bdd5cf97694b130f724d84de5eb99cfe08631699cc8cf274a31268cfcd6
leftImg8bit/train/hanover/hanover_000000_015587_leftImg8bit.png,gtFine/train/hanover/hanover_000000_015587_gtFine_labelIds.png,6323fb6af57aec59f1624384c30d4a4a56eae4ac0260e108a035e43e9c828029,c683ea842663f22127973be2ad521b78c7d42844eff144f7c13d2c88da57a8ec
leftImg8bit/train/hanover/hanover_000000_015849_leftImg8bit.png,gtFine/train/hanover/hanover_000000_015849_gtFine_labelIds.png,aac72f06000d3bee629ddffc1a7cf70230557670cb7f406479d04ff9255f2b9d,4ce320254bd1c4656b7c4b033b63ef281ab9646a1da6d68a6633e0385348712d
leftImg8bit/train/hanover/hanover_000000_016038_leftImg8bit.png,gtFine/train/hanover/hanover_000000_016038_gtFine_labelIds.png,bceeb5e8a94aff22e0d354d23451c6452ffa327b3a5bbe3b94dfae63314e3acc,2e0dc4a98ae8dd0cc1b3c125ece30f0024ff80b8e121dc446dbfc56d2bdf67e8
leftImg8bit/train/hanover/hanover_000000_016558_leftImg8bit.png,gtFine/train/hanover/hanover_000000_016558_gtFine_labelIds.png,4684e394d52cecc5a177341d7e1685bbefb9bdaae93a5bd7e25174dcb80caed4,78aced780148784b616c147b1db03914d1c8af7ec00f0e2fc3d93f0dbe5d712d
leftImg8bit/train/hanover/hanover_000000_017041_leftImg8bit.png,gtFine/train/hanover/hanover_000000_017041_gtFine_labelIds.png,5d8201e804848b5d5258036dc9a37ee48e22d4c9b3cd542d2bcb08e8ae0822b8,54bbbfcdf82d148fb3b5358da967a863243a86e65da5336f22a5f8d42c4ce265
leftImg8bit/train/hanover/hanover_000000_018213_leftImg8bit.png,gtFine/train/hanover/hanover_000000_018213_gtFine_labelIds.png,05bc9fd6b208818174345ebf29adc742696dd31b84510be9c6889b28ec98003a,bc08e4a3d9e2b4b47914caaf2d850838795f94684a4ac0899d8a6320d50da819
leftImg8bit/train/hanover/hanover_000000_018546_leftImg8bit.png,gtFine/train/hanover/hanover_000000_018546_gtFine_labelIds.png,8e010d38eab1b6ef0151b3f0f826adb8dbac1ec3bd8a47d7ff0aeac7f6c3268b,869c5c8effe01ab0bd52bf2720e44783df131593864026b02ea13f2a682bdc6f
leftImg8bit/train/hanover/hanover_000000_018800_leftImg8bit.png,gtFine/train/hanover/hanover_000000_018800_gtFine_labelIds.png,65ae9dd0fc055c8c8eb57958823b2a6e77e90d23333a36a9ac3e64b899b8a419,9d175c4e9e1489ecb94c712ed6bbd10668f58eb8d578b498ad2babf120f9595b
leftImg8bit/train/hanover/hanover_000000_019116_leftImg8bit.png,gtFine/train/hanover/hanover_000000_019116_gtFine_labelIds.png,8d3e7d09c7dc6d8e67d8ca6fdc5056a45dceb992f7aa4647293eb62edd91f926,6eed1ca44f4af33282cda38a510924de7bcc1c239a217634ca39a229f0f15c8c
leftImg8bit/train/hanover/hanover_000000_019282_leftImg8bit.png,gtFine/train/hanover/hanover_000000_019282_gtFine_labelIds.png,69a574b6c113cdf219aaef11e882228d204eb7bfe1afedea20ebe541d0763b0e,c98f942569250fb914e861973bbe6da118d06ea5fad8fb036c8b9f9079827f2c
leftImg8bit/train/hanover/hanover_000000_019456_leftImg8bit.png,gtFine/train/hanover/hanover_000000_019456_gtFine_labelIds.png,daba68c99ab3bc57aa22013dffbcea2f377c8c908cf9fd3ff6d5bd31e8c9afb1,f2047e151a73091998564b7074d9f3dde40753fdefb802e9dd37d09aa5e540d0
leftImg8bit/train/hanover/hanover_000000_019672_leftImg8bit.png,gtFine/train/hanover/hanover_000000_019672_gtFine_labelIds.png,a8369d1790af19309847fc514b1028c961a41d4479487fd19a79a735da6692bd,f8964288f6767fc5942e00ea26ad14ae403e957c8d8c56c9b34716e1f88665a6
leftImg8bit/train/hanover/hanover_000000_019938_leftImg8bit.png,gtFine/train/hanover/hanover_000000_019938_gtFine_labelIds.png,6066a27ec7a0e95cc6483b6232bbcdfd8e22dceafc4157a0561f6506a4c6a9dc,b9ef679db11c123b964ca34b9183c57f37c976bed7a133689ae0e1740899e2c0
leftImg8bit/train/hanover/hanover_000000_020089_leftImg8bit.png,gtFine/train/hanover/hanover_000000_020089_gtFine_labelIds.png,fdda90e632b45b286bb2536a30211d00b64a2c996fc570e962665769e2d1b105,802661c670a0c3eaa73ff7c8abebc29dd00bd4f4635952c48788f43ec633f2a5
leftImg8bit/train/hanover/hanover_000000_020655_leftImg8bit.png,gtFine/train/hanover/hanover_000000_020655_gtFine_labelIds.png,7aa41042dbf39010ea5e06ef9417f26736aa71e2fc8f9e5df801249c4ddc3701,0c55bae71bd9dc3c05356fc3b766af1193572a56d1d590cc87c23f618d66db7f
leftImg8bit/train/hanover/hanover_000000_021337_leftImg8bit.png,gtFine/train/hanover/hanover_000000_021337_gtFine_labelIds.png,52a079f6a55228ae466ca28fe98ef41ccd9ced8ccd5629a9046ad18ff5649d3c,ec1241c062cbf361a1bc6cc7281adc9e20bdd2ef8b5f576c41360ddccbea2507
leftImg8bit/train/hanover/hanover_000000_022645_leftImg8bit.png,gtFine/train/hanover/hanover_000000_022645_gtFine_labelIds.png,125e0880ee5944192a0671a79bfd522e7bf8bc29c2791cb018f9b14ae2574c72,cc242392064d3ce9ada2417c0d0c1646a6f904da5dc4d8f5a61788bb37102f97
leftImg8bit/train/hanover/hanover_000000_023239_leftImg8bit.png,gtFine/train/hanover/hanover_000000_023239_gtFine_labelIds.png,091e7abcdcb760404bc8bfc7012a03a655d7a176bde0a9bd3e9acd2b72faff97,44dd88db332a1d3666f86393d07161dfc3d28cbedc8d83143a48fce217c08d7a
leftImg8bit/train/hanover/hanover_000000_023276_leftImg8bit.png,gtFine/train/hanover/hanover_000000_023276_gtFine_labelIds.png,987aacf930f568a1e8aaedff1f8ff7a9ec378a5e7aee0ae7629fe6c5818cdbd8,f303c5cee37085faef4d2c045c4742187f167f3fdecea6617842fb7a04fd4d55
leftImg8bit/train/hanover/hanover_000000_023614_leftImg8bit.png,gtFine/train/hanover/hanover_000000_023614_gtFine_labelIds.png,372cbd8d4a7676d8bd30909b65b63d039c1084ffabae1e7aa0549a679b4d90b3,f34660745811e335ba26aa544fa8fac2f7f545225ddf0dba719d69fa69cf3667
leftImg8bit/train/hanover/hanover_000000_023881_leftImg8bit.png,gtFine/train/hanover/hanover_000000_023881_gtFine_labelIds.png,557d22d65f5c7078f4143ee9d44ef421e297efa007bef709319fe543be0720eb,c38f93bbc451ecd58d4f4eab4d37a130439eae74baea4c0af9c3d4b94ca23916
leftImg8bit/train/hanover/hanover_000000_023975_leftImg8bit.png,gtFine/train/hanover/hanover_000000_023975_gtFine_labelIds.png,08816d4bcc477504b43234f04d4f9acceee0a7f5ec2fd2d2dcacca37ba9c7009,139602de748b06450f288077207a7d79c8f37d8274575a9033e73140708fb326
leftImg8bit/train/hanover/hanover_000000_024136_leftImg8bit.png,gtFine/train/hanover/hanover_000000_024136_gtFine_labelIds.png,38f182067b9eedd12beea620b2336a0b1dc079624f7d15a27de90af6d5e6af67,56f031a793d46808b93da7798780ba5c76e6a8d7071bea450c2750cde7ceae9d
leftImg8bit/train/hanover/hanover_000000_024276_leftImg8bit.png,gtFine/train/hanover/hanover_000000_024276_gtFine_labelIds.png,28b6ee2962e62adb409232ed403ee97c88c64ff26654aa2b36503990dd002f5f,3f41af8e205b16e10490c657993cf46c1276fa30be5f3f94cb3049d5816e9371
leftImg8bit/train/hanover/hanover_000000_024441_leftImg8bit.png,gtFine/train/hanover/hanover_000000_024441_gtFine_labelIds.png,29dba1a38b9ee1d570d8b28de5bf3dcfbf6bad87ebd57bcea259618916ab7677,cbc864cb5822e68e7eed7c64e444965dcdbb07b6746ab166c6675a437f53fee9
leftImg8bit/train/hanover/hanover_000000_024719_leftImg8bit.png,gtFine/train/hanover/hanover_000000_024719_gtFine_labelIds.png,4598141ef8a9bd578cbcff797999bdceae6de4c1ac93a88b95a39ff23e0ba039,23bb5d9f5b57e1ce8d8d9657278297d231efebb6c0aac56dae07e9f6aaac8652
leftImg8bit/train/hanover/hanover_000000_024989_leftImg8bit.png,gtFine/train/hanover/hanover_000000_024989_gtFine_labelIds.png,2ef79ea1ebd3d208b8c027231d423973b89a54921d558884e9909418c63a8e3f,12404e8eadb0c95ccd498e5d5cace94c6e636969fa9addd5a43cfecdc4a0f14b
leftImg8bit/train/hanover/hanover_000000_025335_leftImg8bit.png,gtFine/train/hanover/hanover_000000_025335_gtFine_labelIds.png,fdebae60858cff3a00219236a1628a4b87f48a2357e45f60fdd27cd233d46110,86eb83ef5820abbb94bc60a9d42dba0c9209e01e8c0090189dac0e4db98c73b9
leftImg8bit/train/hanover/hanover_000000_025437_leftImg8bit.png,gtFine/train/hanover/hanover_000000_025437_gtFine_labelIds.png,ef2bce6278152989b74457ac782cac1ca430a3db2c29fc2881614ec98eba4297,a1032e7291bd3c3e08725f23fd3b56956be5896facad92ce3985c2044fbc8724
leftImg8bit/train/hanover/hanover_000000_026014_leftImg8bit.png,gtFine/train/hanover/hanover_000000_026014_gtFine_labelIds.png,b814f641a0bcd3a159b7afcc9bb185e6b5bc8012051da4b4a31e5cf9942e5ace,8c04b0aab79449c191a5bbba2ee44045a716d066fe23fc4245d89d26abf15e64
leftImg8bit/train/hanover/hanover_000000_026183_leftImg8bit.png,gtFine/train/hanover/hanover_000000_026183_gtFine_labelIds.png,3e0c5624350fadd04bc220859045066b83dda6036aee129f4dbfd1560a915029,8e3aa71b7bc144c4892b1ef69a33911729b26c84dd0d95d20bd4f6f7975ab329
leftImg8bit/train/hanover/hanover_000000_026356_leftImg8bit.png,gtFine/train/hanover/hanover_000000_026356_gtFine_labelIds.png,1c381fa8eccf54176d5d8ac4743635931c1481ed56686dbe631344ed7ed7d342,a6d3fdf04f82a8354667dc4f5a4b7b0108e0c554fd003a6fd8dbeeaa89360538
leftImg8bit/train/hanover/hanover_000000_026743_leftImg8bit.png,gtFine/train/hanover/hanover_000000_026743_gtFine_labelIds.png,36093d6dce46d8a7172bca80fde31cf9ba5767a0a2f88e5f9b576772c405513b,5a095ef5e642be064195b939474fbb91cdf3bdf1c65966eb5716f20fc71f2bbf
leftImg8bit/train/hanover/hanover_000000_026804_leftImg8bit.png,gtFine/train/hanover/hanover_000000_026804_gtFine_labelIds.png,ec82d095a2679634da397b195e11a9b665b6e0128ea200e573ad4023cc9fef83,cfa44bc3d6c2c932788f9dcfb48c9fb5663984dac5746d4b1b8c21a1b3d4f9f0
leftImg8bit/train/hanover/hanover_000000_027007_leftImg8bit.png,gtFine/train/hanover/hanover_000000_027007_gtFine_labelIds.png,6fd398a1cfde240627022db2eb9c4fc2a6a2dbd93b56e999f37ab35248a05c2d,c8d10abfd0adaa8ee36640c6fb0bc189da263c2a54c249473b11dc773f79c944
leftImg8bit/train/hanover/hanover_000000_027282_leftImg8bit.png,gtFine/train/hanover/hanover_000000_027282_gtFine_labelIds.png,68f9801f0a4f7de3c310bb231ace38d2d10c51f2150cf268738609a590eefaee,5821e56de9acf9570f39cf9176ed9caa158ee18b1ebd554896caa3ccd44a6402
leftImg8bit/train/hanover/hanover_000000_027390_leftImg8bit.png,gtFine/train/hanover/hanover_000000_027390_gtFine_labelIds.png,f43e6ea38503c8a218ca0873a3896bf4166baf967ebe417246a639198bf8e49b,8de082f594a4aa73d1c01b92584cdb9dea87817991ade12192b53482196da41b
leftImg8bit/train/hanover/hanover_000000_027481_leftImg8bit.png,gtFine/train/hanover/hanover_000000_027481_gtFine_labelIds.png,1dc332ab7f1c0c419f445e40fe7937005a78786aa6e1f2c8c29876d913a817c3,dd14aa802ace8eaa5c34e6df437cf6c60c99700cd08107906d5b930dc9fad856
leftImg8bit/train/hanover/hanover_000000_027561_leftImg8bit.png,gtFine/train/hanover/hanover_000000_027561_gtFine_labelIds.png,9557dcdc9e645598e42913a16b42405500bc37cb87225dd274c26e47a17724ae,f1728449941438d5df52546bdc8841d16dd89e2e008750b4fc6662cd98fdd947
leftImg8bit/train/hanover/hanover_000000_027650_leftImg8bit.png,gtFine/train/hanover/hanover_000000_027650_gtFine_labelIds.png,572884c4c48cdeecf304f69424393ed7293da0405662339067503e489f6169a6,af1360bc7cea55688ce93b89b3671dfbd86196244edcd66c6e519e21a839346e
leftImg8bit/train/hanover/hanover_000000_027766_leftImg8bit.png,gtFine/train/hanover/hanover_000000_027766_gtFine_labelIds.png,4126afb7d456b461a297a6bc036af701abffa9bd2659333bd1ba66bd1e6be3f1,be7620661592ebad65d163d5b63e686be643ca9344c23210ecd0a189044beb58
leftImg8bit/train/hanover/hanover_000000_027998_leftImg8bit.png,gtFine/train/hanover/hanover_000000_027998_gtFine_labelIds.png,ca05a16a35b9a125806c3bfae316541afc4262259d7444c05b742e61b5c0b0c4,e64bc091b8030ada67c9c968be3c2d314df019337d2e5f7669b350e839068372
leftImg8bit/train/hanover/hanover_000000_028202_leftImg8bit.png,gtFine/train/hanover/hanover_000000_028202_gtFine_labelIds.png,c381b629bbb892bba124a1a39e18be075c894721d2a58c8c1b49c6ec0cf4ad0c,42448abab46b9188006c40a8ec9e6f4af2b3c36d8fcd4fe1c221dcdcab21b0a8
leftImg8bit/train/hanover/hanover_000000_028460_leftImg8bit.png,gtFine/train/hanover/hanover_000000_028460_gtFine_labelIds.png,64b27d39306e1ab3a8e4e34d5e2d58c307cd47ba7c844a770dd3283df06e10a3,b6a7ed048d1471e0fb195424136dbeddb8aa6c405dcdf9c25049c3faec278471
leftImg8bit/train/hanover/hanover_000000_029043_leftImg8bit.png,gtFine/train/hanover/hanover_000000_029043_gtFine_labelIds.png,340e90d8ae560f65c31b6b3838f2ccad6d577da65e33eab6763eb18d59825070,ece7077ad9d05dfcfc18782c410ec07390b8a38fddb790f5716e0ddb2cf0d7af
leftImg8bit/train/hanover/hanover_000000_029325_leftImg8bit.png,gtFine/train/hanover/hanover_000000_029325_gtFine_labelIds.png,2fddc8400141e1bad7500be8f03808b7738c3be83ba45e8424f675aecfbf02c4,752504fe67314e86ebabfd2e8e89bdb60d47c2f1811a398375f031eced38400d
leftImg8bit/train/hanover/hanover_000000_029404_leftImg8bit.png,gtFine/train/hanover/hanover_000000_029404_gtFine_labelIds.png,3bb9382747d1c708c600216546ee85f0b5304a87287b978c9df20a23037a3cd9,a7f63693223c6d3c274574d929e6f06ffd4b2995fb44adbe3b8cb92d2a12fe81
leftImg8bit/train/hanover/hanover_000000_029455_leftImg8bit.png,gtFine/train/hanover/hanover_000000_029455_gtFine_labelIds.png,e95e0a86beab556544d110e7a5c85e1f1841983765b5d0477322102369bed174,89b177a76c7118a04d5662376666e2b8a82da946024ea5904c92cdb3fcee7e0a
leftImg8bit/train/hanover/hanover_000000_029769_leftImg8bit.png,gtFine/train/hanover/hanover_000000_029769_gtFine_labelIds.png,50a80a429afe7ddadce704b96c0c83217b8076dd33526cf8f680c96a35363f8e,65691992e09087343214ae76f9adaeaf96ba94191090523392c0996c00d596ba
leftImg8bit/train/hanover/hanover_000000_030276_leftImg8bit.png,gtFine/train/hanover/hanover_000000_030276_gtFine_labelIds.png,94ac124df43c0274b8c6457d6326ae8ceab88ae91e6c3c1a0e729ad751436771,ddb29f491c1b373d32303d70d94029058c5613ac06722812932ef58940679155
leftImg8bit/train/hanover/hanover_000000_030346_leftImg8bit.png,gtFine/train/hanover/hanover_000000_030346_gtFine_labelIds.png,74d5f20541e17cf25554d9a4a23a3504bcc6c43923ad754f00e24248ac2e2430,7229253256a0790b407e9e1eacc318b6fea3dc960db1ce072f62528b481effa8
leftImg8bit/train/hanover/hanover_000000_030546_leftImg8bit.png,gtFine/train/hanover/hanover_000000_030546_gtFine_labelIds.png,5ceead44cc10fc96da07ca232977a2dd2b87cb1114cce5ec3a160ad4b2e6a8ec,bc55644143acae4784c5284e58f792224edd717e9fa4c72d0cb7b00a7b8e07d5
leftImg8bit/train/hanover/hanover_000000_030781_leftImg8bit.png,gtFine/train/hanover/hanover_000000_030781_gtFine_labelIds.png,2350515e3708356eab55f4840ed48cf314363c7abdcb101e64482bfd5adc3409,6bfb1cde63265b2ec46cacfce50f071d15e02c0291e4e7c146f47bcf65fa78df
leftImg8bit/train/hanover/hanover_000000_030889_leftImg8bit.png,gtFine/train/hanover/hanover_000000_030889_gtFine_labelIds.png,f5140f5a8b18d9d7f90d1fe7b55bac58916c9e605613cb2e7ba6ae9b1d805cb7,50c3d5c58cc36e9f9f8aa9bd86efb74df35d759ab28cfed8c976897d82508d09
leftImg8bit/train/hanover/hanover_000000_031144_leftImg8bit.png,gtFine/train/hanover/hanover_000000_031144_gtFine_labelIds.png,e9426dbf1aaea352e1445acd0f0eea627048c73f69a7c526b0607b774d9e1bed,ffb969e9f8d136964b1bb6488fe7fb91a14f8b946d26f888ec471c31988fce2a
leftImg8bit/train/hanover/hanover_000000_031856_leftImg8bit.png,gtFine/train/hanover/hanover_000000_031856_gtFine_labelIds.png,27166d1803d42a5150cf979e020ff8578c64838e3fe44095bd25b6b5e2dcf1f7,065ad04441dde1f1863a16e88c41cdbede875de11ca43d1395bce6442eca49c3
leftImg8bit/train/hanover/hanover_000000_032210_leftImg8bit.png,gtFine/train/hanover/hanover_000000_032210_gtFine_labelIds.png,767fc5560d7e3d2decf0ab4436747d9e36733ac9a6cb0bed7aea037be5ba3775,82fc7a6372610b99a9f91b27566a3c8b7ebc022c56be29fe53941f68e9df002d
leftImg8bit/train/hanover/hanover_000000_032351_leftImg8bit.png,gtFine/train/hanover/hanover_000000_032351_gtFine_labelIds.png,1f08303c9da10cb4f2f10f29955d306a2581f48dc74a0b108f6205c8276baacb,fe46d4b96bd384f692eddbbf269e4fab8e3e127bf5cbdb2277ebc58e107692e5
leftImg8bit/train/hanover/hanover_000000_032559_leftImg8bit.png,gtFine/train/hanover/hanover_000000_032559_gtFine_labelIds.png,45e490334f7fb5851124ab727a10293698f6038f2f7e26963ca24a9f84aec2e1,5f50860dce2584ec3a3ce87c803ff622a1e1e14ce9a298e90bf8afa35b545fd1
leftImg8bit/train/hanover/hanover_000000_032681_leftImg8bit.png,gtFine/train/hanover/hanover_000000_032681_gtFine_labelIds.png,aea7265d434b143a04daf95b9133aea0c60bb307e569f720f1c3fbeddd766a4f,a620d35db1f87fbea9c508ad71ca486a6b7e5d729b97a20f199025cc05cfcbcf
leftImg8bit/train/hanover/hanover_000000_033457_leftImg8bit.png,gtFine/train/hanover/hanover_000000_033457_gtFine_labelIds.png,1ed9e2d78f9a7df0335bb1891235c6ef488eb3acaec3fc25f3706fd60dee1283,fe9b6e39301128921d193d374470cccd90e7353656c13309a67551ab08a74d7c
leftImg8bit/train/hanover/hanover_000000_034015_leftImg8bit.png,gtFine/train/hanover/hanover_000000_034015_gtFine_labelIds.png,e7d7c4acaa6d10248c5f13be076065338485531e488ac0c9c6ea34587e67fab6,eb1bda5b5eb52f6a75842148069b94ed085dc64f1ea9c25cf2ff65599b51b9e3
leftImg8bit/train/hanover/hanover_000000_034141_leftImg8bit.png,gtFine/train/hanover/hanover_000000_034141_gtFine_labelIds.png,e37ddec33c0dd6d1949a874589ce61b4bdada288e2c3f6064292619292a27611,46169ecad251c235c3173c3539a0f6e6ad286b9043ac085d4f0dfe52a5f395f0
leftImg8bit/train/hanover/hanover_000000_034347_leftImg8bit.png,gtFine/train/hanover/hanover_000000_034347_gtFine_labelIds.png,cf839901e47c3789833af2524e2250de4bd87068360f5edfab0d578ba7e89dd2,f9ce548407d2f6756d31963e73866f8e9746c5e34953cc91d835a986a93c0668
leftImg8bit/train/hanover/hanover_000000_034560_leftImg8bit.png,gtFine/train/hanover/hanover_000000_034560_gtFine_labelIds.png,c433b9407e5e788366801998364e8284d796431e1551c4eb9495340a8150512e,bc87343a9b8e9ea69ab28e5f72b012d35c691cd8ff7f92b9ea92a22ba40ed57c
leftImg8bit/train/hanover/hanover_000000_034720_leftImg8bit.png,gtFine/train/hanover/hanover_000000_034720_gtFine_labelIds.png,b107f7c54dcb4efbd892392f98f2088f30a6724c29e1d296b924a3502f301606,4af8d940c1668553c033eb614cd686920c08bdd3654cb9fc47c8eb30290e5845
leftImg8bit/train/hanover/hanover_000000_034935_leftImg8bit.png,gtFine/train/hanover/hanover_000000_034935_gtFine_labelIds.png,843151f4e42f36b47e0c66fc4810c321ba3e7f9a709fe0eca688b71aeed87f38,c14b44858f3509741ffc44e794403eca41cb567c95c6e40e3af0e1e1faba84e6
leftImg8bit/train/hanover/hanover_000000_035491_leftImg8bit.png,gtFine/train/hanover/hanover_000000_035491_gtFine_labelIds.png,f585be58c9353fb7af044b45b7c88a84267fefa0d44d8d00287a040a40b2e3bf,66cfe74afb04a32a94b46e2c8373bb00a8e443a6a264cf7548baaa7e05cb462d
leftImg8bit/train/hanover/hanover_000000_035606_leftImg8bit.png,gtFine/train/hanover/hanover_000000_035606_gtFine_labelIds.png,f0450865cc7ae75112f18bacf3a1a933c6fcb48eff8e06ac8a1570a5b9072df2,7d2c3fdec7198198e48b0feacab8b873bbf68e4ad99b8302528ff6fa08b242ee
leftImg8bit/train/hanover/hanover_000000_035768_leftImg8bit.png,gtFine/train/hanover/hanover_000000_035768_gtFine_labelIds.png,f21389065dd70120c83cdc47c0b2d309f561204531f64ea6744b687fbfbfa95a,6855fe084470e65b906d9eceab6a163b6365faf0eead232073f144cd936a554e
leftImg8bit/train/hanover/hanover_000000_036051_leftImg8bit.png,gtFine/train/hanover/hanover_000000_036051_gtFine_labelIds.png,5ad9881ea68b1b62578e73a377d7175dbab42435f4f1641712ff51c44bb08563,563c2249e0f2b536177e7026aca9ce6885ba39c790f36697e4937d091cf7697f
leftImg8bit/train/hanover/hanover_000000_036562_leftImg8bit.png,gtFine/train/hanover/hanover_000000_036562_gtFine_labelIds.png,9afd2c79b6f229970b77574329e501db75d5f5c2a481b49bfe8eef6332b57fa7,20ed2c273884f1a1aac408f21024aa0ef850ab81985c0defe2401b09936f5fb5
leftImg8bit/train/hanover/hanover_000000_037039_leftImg8bit.png,gtFine/train/hanover/hanover_000000_037039_gtFine_labelIds.png,f14b4e0fe9caa625e23de2cecdc1a0d5e9e64738ede8001db7eefa820dbd1d95,e2d498e89f053d61b313cd6303d673e06e8f960fd9a285b31428b58f0d5ed451
leftImg8bit/train/hanover/hanover_000000_037298_leftImg8bit.png,gtFine/train/hanover/hanover_000000_037298_gtFine_labelIds.png,6a7f9888728693b94434d9c79e8ca0dd33c1bc4e175376a2bf7bb8effc5955ad,15a13053da1b6f0c6a1a0a04b93d683062db3be8b51f959e60a1350f8728ba7d
leftImg8bit/train/hanover/hanover_000000_037516_leftImg8bit.png,gtFine/train/hanover/hanover_000000_037516_gtFine_labelIds.png,22bdcda41537bee6a35e34707650053cb72134208d538927dbcb598e10566582,c96d6295de7577b7824bc4a77fb5c043eb216f0fc7306623e636abc6df90d36e
leftImg8bit/train/hanover/hanover_000000_038773_leftImg8bit.png,gtFine/train/hanover/hanover_000000_038773_gtFine_labelIds.png,37ea01a10dfcbdce3ede4cc59300d7ad54856946ca945219ec0e9e8f0383a76b,c52a47b4a2ff27877daf6b7a1a858a5a0da2784cb1a624b22d3ac2460f190582
leftImg8bit/train/hanover/hanover_000000_038855_leftImg8bit.png,gtFine/train/hanover/hanover_000000_038855_gtFine_labelIds.png,2f8edb8a164a0cd6b8b86a9b66c1051beb6e19f1d0fa1f5851f247a21c172d52,e21f0acfed6dc865de3af0a63b06d739322a5eb650144cfbdef6da360f7726aa
leftImg8bit/train/hanover/hanover_000000_038927_leftImg8bit.png,gtFine/train/hanover/hanover_000000_038927_gtFine_labelIds.png,4cf49de337a155521155d2404e2969cbc1c4ae092a7b086f8c5c7accc980c677,edaeb9da0f5fd5291979d1b7c66431f1f761fff107d35a45f46b436415658add
leftImg8bit/train/hanover/hanover_000000_039021_leftImg8bit.png,gtFine/train/hanover/hanover_000000_039021_gtFine_labelIds.png,1171142660a5b71afb36e1b67ce33ed87c6f670c16dea6c0de1b602b82895539,13d57cde67338b70541dc6f2032163f621e5172869b3e4ca216914ed47b5e804
leftImg8bit/train/hanover/hanover_000000_039470_leftImg8bit.png,gtFine/train/hanover/hanover_000000_039470_gtFine_labelIds.png,128da4a2d721be70e8fc7d6e7bc5ab317b8be0228afbcd8f94a183d42938ecee,fbc323d5df4a1900c2cdcb6522846884d05e30cfa3a91b9ce8ef10781324d19b
leftImg8bit/train/hanover/hanover_000000_040051_leftImg8bit.png,gtFine/train/hanover/hanover_000000_040051_gtFine_labelIds.png,7a7f408646517a37c4a17978c100115fb2f42a9f54670cb1e462830695c3ca22,aff463c33b0ed8fce4a9ae70e304dff97678eaf485aabd988718071c9bb89b51
leftImg8bit/train/hanover/hanover_000000_040133_leftImg8bit.png,gtFine/train/hanover/hanover_000000_040133_gtFine_labelIds.png,b96618bdb3783b0f3a6b6b4757cfe9bcb329f25a59331aa224ceff485aa8aacf,df458f4a48632cf578c0b00eba10d3cb3c4c0466437cf3c541fbfcefbfdeeedb
leftImg8bit/train/hanover/hanover_000000_040221_leftImg8bit.png,gtFine/train/hanover/hanover_000000_040221_gtFine_labelIds.png,b4c0d6a564e6ce59367e4f7f86697b7dae376c9bef71db8bef59b66f6c7a6c39,71f7c873679581e3e44c3851abb1d40b97582d688b8a34f68c8ec54d4793607f
leftImg8bit/train/hanover/hanover_000000_040294_leftImg8bit.png,gtFine/train/hanover/hanover_000000_040294_gtFine_labelIds.png,f1d70a0233b0351c61183f6fefe7bcda486cb2362f7a43f864e4a9cb54792c51,a31220dd5236a9ea3a069519fea1e35c9603727b8998682e355270544d684d5b
leftImg8bit/train/hanover/hanover_000000_040456_leftImg8bit.png,gtFine/train/hanover/hanover_000000_040456_gtFine_labelIds.png,796afe1879051fa92be6d2626b7dd7daa5142c3fb233f790ca18f9f0a85f420f,8781bef025c53027a06ac4d8558dee4c6dcde624251a6699a5d0b6abc884fb06
leftImg8bit/train/hanover/hanover_000000_040793_leftImg8bit.png,gtFine/train/hanover/hanover_000000_040793_gtFine_labelIds.png,49aa19135f6af052146598f8bb0605f643f0b7ddd6584fbe84055e68d50a3f4b,993bac8970f0ba024345bcb90c89c55debf8d6718291025c0dc6b8662e7fffbd
leftImg8bit/train/hanover/hanover_000000_041232_leftImg8bit.png,gtFine/train/hanover/hanover_000000_041232_gtFine_labelIds.png,2d9d6fae9ec5b82218295f534a6309a70493c25999da53ee02d6e56920cc253a,2ef4e4d908d8632e5b714970358f6888f940a21f8a573f762f692e5bf8f3f691
leftImg8bit/train/hanover/hanover_000000_041493_leftImg8bit.png,gtFine/train/hanover/hanover_000000_041493_gtFine_labelIds.png,eff3b77df0be99f7d7a5087af7eef0a0555797b24fad51111b26e991781648da,157fd022e81c335d537e38923281a452a2ba466ef4f979b120d87daa8adb9f22
leftImg8bit/train/hanover/hanover_000000_041610_leftImg8bit.png,gtFine/train/hanover/hanover_000000_041610_gtFine_labelIds.png,cf91c63e9f8546a1d4059c47c765f6208116f51125c4c8681a222b0ef0a607e2,caa6fed8f21dddbb67475ce44fa48bb2e4d167c01ac48e1ee9d5752ffeffc29f
leftImg8bit/train/hanover/hanover_000000_042255_leftImg8bit.png,gtFine/train/hanover/hanover_000000_042255_gtFine_labelIds.png,b90c7445114f6cb3da9d32353ce72c4783c3c69f98c9bff59ddf8cd578ece119,568e1088522afd048d026d6241d29e925182c2e4f0a821a4f44b13bb21ec5bbe
leftImg8bit/train/hanover/hanover_000000_042382_leftImg8bit.png,gtFine/train/hanover/hanover_000000_042382_gtFine_labelIds.png,178bc878b512c19e4581fd28427a3cc262cbdad21dad7f854b9a4af7df836ea4,7abd54b3d5d3cefaf7a48ad4f575ac3938b7bca841585d61642446f02f92c649
leftImg8bit/train/hanover/hanover_000000_042581_leftImg8bit.png,gtFine/train/hanover/hanover_000000_042581_gtFine_labelIds.png,5f6c0ee84c7470c61ab03bbb4cf4f27796c68f898b5ef03d999b2cce27d8cb2e,85fd75910ec004877ebbd972d73d67cf28af9a574921506a114e754307b9c054
leftImg8bit/train/hanover/hanover_000000_042770_leftImg8bit.png,gtFine/train/hanover/hanover_000000_042770_gtFine_labelIds.png,f6f67c1481cce5e92e37467ac7e1d0fcffe3625704e3110e68ea6d6b08e4a773,92ff0bd0a23f5733a1aab70c682b862a0e7906bac59ceeaebd4140f5f108b02d
leftImg8bit/train/hanover/hanover_000000_042992_leftImg8bit.png,gtFine/train/hanover/hanover_000000_042992_gtFine_labelIds.png,69b4c5704e85a50ea3c0dbedfb5f0d0c6cc425ee5233a1bbb6de70f0382e5f89,4556718732ba0b05dc3c6ea812bd201e18975271c9676f7e9aff57c4dc649d6f
leftImg8bit/train/hanover/hanover_000000_043102_leftImg8bit.png,gtFine/train/hanover/hanover_000000_043102_gtFine_labelIds.png,c0af455e1b15648ceb1ac1112da8fdacd850c4ecd936c48b98fa527323cababa,8043167b23b30407f7c8586133dd2e45836fd177df10b472707f8d1d858b8a2b
leftImg8bit/train/hanover/hanover_000000_043236_leftImg8bit.png,gtFine/train/hanover/hanover_000000_043236_gtFine_labelIds.png,9db027915b9ff3b26cb4323a0c3726761cc5460811e2a9f5293de22e0fbae583,7d14ed2770521a4cc3b2a58c056a955f446edd157da58238c75474e084e348ff
leftImg8bit/train/hanover/hanover_000000_043550_leftImg8bit.png,gtFine/train/hanover/hanover_000000_043550_gtFine_labelIds.png,602969d6e9ba85667da40f7d473f6e47abfe8334e23e05f63f040b85694e5223,aec7c35c3afd06c884a3561a557fb67d86254f32b832e15aa3317530e2bfad8b
leftImg8bit/train/hanover/hanover_000000_043653_leftImg8bit.png,gtFine/train/hanover/hanover_000000_043653_gtFine_labelIds.png,fb5bcc84b959a1049880cf9a24f4950d260464aad042c0837df0148891f4522c,309fec530e8143bde8221625160a7cdd2a39496f20269ed6550939b58c9a2819
leftImg8bit/train/hanover/hanover_000000_043822_leftImg8bit.png,gtFine/train/hanover/hanover_000000_043822_gtFine_labelIds.png,baa71c867b3e4b9d1502a29bb492ca6103fb03191ac4cf349815cc3924cb7896,2ff19aef29ee76b3fc001bfddc77b74371e6b518eb7829bb4ded57ea25d91061
leftImg8bit/train/hanover/hanover_000000_044085_leftImg8bit.png,gtFine/train/hanover/hanover_000000_044085_gtFine_labelIds.png,78b70177aceff87c666f1e4935eba46e93ed4c79811094c6351781a99cdf09ac,862dfc392e396168d1aa4fe77951337635c355daffd557ec2dbfb6297142a240
leftImg8bit/train/hanover/hanover_000000_044195_leftImg8bit.png,gtFine/train/hanover/hanover_000000_044195_gtFine_labelIds.png,6c01801440f87c55ed641a82d48623e2291edd207d0987137222e9741fe5619f,009c74ce60b13c35ceaff214707533d51449d75c19317a9a4407c0dd3362e222
leftImg8bit/train/hanover/hanover_000000_044344_leftImg8bit.png,gtFine/train/hanover/hanover_000000_044344_gtFine_labelIds.png,4c504c3665b4f4f2fa04ee14c3fca3dfb76924a7164ff082273879a5f24b7719,697b327766255e485fd5afb41500ffad41d25bba2a39600013501d7b71ad40c6
leftImg8bit/train/hanover/hanover_000000_044622_leftImg8bit.png,gtFine/train/hanover/hanover_000000_044622_gtFine_labelIds.png,a6a1e21330fd70c7a2c981f4a888a11e5b4495f88b7cb09def60410459acdbfe,4bc84c74a7504661639191e1dccfec36138a878f28a206ad228f30bb6611d8d0
leftImg8bit/train/hanover/hanover_000000_045004_leftImg8bit.png,gtFine/train/hanover/hanover_000000_045004_gtFine_labelIds.png,885b4f769540f1103e90419aab8afe2ae9f88ba47728ae794fd2c1bd880e6679,4d6f53f63dc991d7caff8c06c8b8209d7f0eeb34ffee30830430dc3934cc6774
leftImg8bit/train/hanover/hanover_000000_045188_leftImg8bit.png,gtFine/train/hanover/hanover_000000_045188_gtFine_labelIds.png,da096d5fb39035f757b9a1564cf2e724cccfa22a87b9fdd011597834ccee516c,4fb5a84e60195075bd3336204811d68f253ad6fe87c55be21a29a173d1914696
leftImg8bit/train/hanover/hanover_000000_045446_leftImg8bit.png,gtFine/train/hanover/hanover_000000_045446_gtFine_labelIds.png,06b9a607823ffe849916a6493a68f9e60ee6167f63867bf9d950f1eb40f98879,f92bd6b4d1507136392698c9bdd5e0515ab04706353349a6a3f0e4cc50431b32
leftImg8bit/train/hanover/hanover_000000_045657_leftImg8bit.png,gtFine/train/hanover/hanover_000000_045657_gtFine_labelIds.png,01106f4fc1b14615f6fd7327a6c9a298e512f6fe5624e0359ebb15a53e95e712,759f957d1e5167a60724744acd430d2f6f4452c37f620aea8df1e22fac54a4cb
leftImg8bit/train/hanover/hanover_000000_045841_leftImg8bit.png,gtFine/train/hanover/hanover_000000_045841_gtFine_labelIds.png,b29537a0decd49ac1466badbc3f644534058a4b3e408f66769a219eada8a3133,0829122437c3677db8d1572f121f56d3d9d0b47a32d041b82c7825290abff55a
leftImg8bit/train/hanover/hanover_000000_046200_leftImg8bit.png,gtFine/train/hanover/hanover_000000_046200_gtFine_labelIds.png,7160c8c2437782bc11bc01097fb02b5c6d102e1cf968757b0a68a99f1622a907,0d3fb11f35f0434a8daa1393de98a75b49e6a91c11694807be506ac12ef50e8a
leftImg8bit/train/hanover/hanover_000000_046398_leftImg8bit.png,gtFine/train/hanover/hanover_000000_046398_gtFine_labelIds.png,84495a9922cd850bc5837683d20928ee6b727355f6b7105aa730c9622015e69c,73d960a45b5ae409125a763f5f8d1ac1803ae96504375475cc4d805c6d3e6863
leftImg8bit/train/hanover/hanover_000000_046572_leftImg8bit.png,gtFine/train/hanover/hanover_000000_046572_gtFine_labelIds.png,7f0bd83371f69c92af0a837b11df2285e4475bb055b13523289c89372c88150f,04722d0cb5113b33705c50fe0c8874536784654900add39c02912ac6742a8935
leftImg8bit/train/hanover/hanover_000000_046646_leftImg8bit.png,gtFine/train/hanover/hanover_000000_046646_gtFine_labelIds.png,291a425125986e5ebe83b7c59a34281ee76aa0669940e2281c863596cbea8537,e89ed75c3c97e6589ee244b5a71985604b153f73d7ae3f179355b52e5901dce9
leftImg8bit/train/hanover/hanover_000000_046732_leftImg8bit.png,gtFine/train/hanover/hanover_000000_046732_gtFine_labelIds.png,05431da4d53870f392b3fa256078155b32b2d40cc21a083a2685407cd748e5c1,f8887a622918f7a78486267955496eae20f79ef5af64d73a81504ba16e1cf5ef
leftImg8bit/train/hanover/hanover_000000_046954_leftImg8bit.png,gtFine/train/hanover/hanover_000000_046954_gtFine_labelIds.png,b7c9be64ba0c48144d53febd199a6c6a9982b9051fcfce0fb995ab9d1b1287ab,6b0238696754e26045d015d3d0a25fac581e6382c384d76e81b66949c6f63f04
leftImg8bit/train/hanover/hanover_000000_047499_leftImg8bit.png,gtFine/train/hanover/hanover_000000_047499_gtFine_labelIds.png,2dfef79a19c5f458144d86777611354e9a84b39ba3583a72ee00a436be07c3d3,6b055905eb24a9f978f5eaeaab8e835c907f2aa9bb64cf8a90c6a87def97b9e9
leftImg8bit/train/hanover/hanover_000000_047629_leftImg8bit.png,gtFine/train/hanover/hanover_000000_047629_gtFine_labelIds.png,92cf0ecc28e94fe90ea1d55f45270a1244c4cc7c86dda0b0e3db79fd87f9d527,8a80f529d5b8c71a739532a7b55333796449642cc71aea4c15984c81d3a75f3a
leftImg8bit/train/hanover/hanover_000000_047870_leftImg8bit.png,gtFine/train/hanover/hanover_000000_047870_gtFine_labelIds.png,ff3052b44eb0845b1d54b8078216f86cbbde6a092dd74b9f8a61c1c6e3e3af68,21e49dd1db74e14b40f07fb0af3e4cf99823cdb59f9980cdb586e811ef60c0a7
leftImg8bit/train/hanover/hanover_000000_048274_leftImg8bit.png,gtFine/train/hanover/hanover_000000_048274_gtFine_labelIds.png,a1da5c4f882f0eefc071e7b9a5a0951427fe6651f449d52461f57004b21eb902,ad2acdc62ec044e6f63c38e6279d47773d50831b6477fbfc3fc5deb90a596bb2
leftImg8bit/train/hanover/hanover_000000_048379_leftImg8bit.png,gtFine/train/hanover/hanover_000000_048379_gtFine_labelIds.png,ed37ee59f50c8d44611454cbee6e64609a44418819ee241d323ada9bd87fdd70,d64c9be6e17a2f8349eee5ba7b33ce39d23d100eec4e7e5e94904be711ca2fca
leftImg8bit/train/hanover/hanover_000000_048508_leftImg8bit.png,gtFine/train/hanover/hanover_000000_048508_gtFine_labelIds.png,3ff8c70888a066128071fd4cb8934e3478850df44fa207986430cab54c12709e,b6176eef4b297da4cb3346cf43dbf191dc83e836a74641f78f900454c4d862a5
leftImg8bit/train/hanover/hanover_000000_048765_leftImg8bit.png,gtFine/train/hanover/hanover_000000_048765_gtFine_labelIds.png,d0cc14368b74e1e7d7c932a3fae96591b4d3a24d137b91e71ca895447059250f,0dc978100d402da3f712ff74933388a2e1dce2a2933359a82a3bc0fb915a27e5
leftImg8bit/train/hanover/hanover_000000_049005_leftImg8bit.png,gtFine/train/hanover/hanover_000000_049005_gtFine_labelIds.png,ad6de881da6af976d4c9e05a5f3f7f97f8d56cde093f80ce0dc8753accfd0db0,fbdf68f6c5ff6c270c2e7d7993c821b84f1841fe4d8f17f75ca68121270143b8
leftImg8bit/train/hanover/hanover_000000_049269_leftImg8bit.png,gtFine/train/hanover/hanover_000000_049269_gtFine_labelIds.png,c15369a770d544135c8167f01593e984cc2494eb0bbce1dfad5f432a286eaa49,6417f200ead66d93484cc7611bd9a7807242aa03035d8df399d1739040b920d3
leftImg8bit/train/hanover/hanover_000000_049465_leftImg8bit.png,gtFine/train/hanover/hanover_000000_049465_gtFine_labelIds.png,d6b523eb3a898021b07e3eb0e3e6a67f1a4f9eb38e3d5b69ee6b4c2d35037faa,661fbbdab3e9dbe49f8d99993e032f960819c91cf17a1b5b61d521555b9a75c7
leftImg8bit/train/hanover/hanover_000000_050228_leftImg8bit.png,gtFine/train/hanover/hanover_000000_050228_gtFine_labelIds.png,42623de65447009b8476033aa7f3f3c43c8a57a8239d27b4de1c4c9138d809f0,5861e4c47db07a77e388c05faebce154d4ada7a3f5eec4bb863b280076f6d44f
leftImg8bit/train/hanover/hanover_000000_050398_leftImg8bit.png,gtFine/train/hanover/hanover_000000_050398_gtFine_labelIds.png,78b618981bf38dc1c5fb6e31250f491eed4080e348bab140042e2309daa6daba,dadd5d48080f438d7740a56f03b72f9d935788e69ca874dbac5f51c393ba1ea3
leftImg8bit/train/hanover/hanover_000000_051059_leftImg8bit.png,gtFine/train/hanover/hanover_000000_051059_gtFine_labelIds.png,0c96b861ca0336b729c0ea6bae7f02b0785ff32141b91c85a98ef7b59d4da79b,55c4821e038d09f28e1881a62779d55de08cdca4dead4d68f9d051812ad16fb7
leftImg8bit/train/hanover/hanover_000000_051152_leftImg8bit.png,gtFine/train/hanover/hanover_000000_051152_gtFine_labelIds.png,2bd9f0e08de469af02931fbe475bce74269a47b98a2a233735c4d7209cb455cf,7c21a968736fb41a2b483cfadafd82c177ef1e342aee3ec02822194e98297b58
leftImg8bit/train/hanover/hanover_000000_051271_leftImg8bit.png,gtFine/train/hanover/hanover_000000_051271_gtFine_labelIds.png,9549883c9184cc525e258eb62c459fcddc287ec55b7f319d38dbeccb972d73e0,c23e611e41b100eaddd09fecbab675efde7777f4182de52131403b66eca83b78
leftImg8bit/train/hanover/hanover_000000_051536_leftImg8bit.png,gtFine/train/hanover/hanover_000000_051536_gtFine_labelIds.png,56fc86893688648461dbd03669a07ff135f91eb463d5b6543305ab1fe98c4118,4d4d02ea21a5a1c38234d6c4a9ddfe532806ba72a8ebf75a826badc8f071b28d
leftImg8bit/train/hanover/hanover_000000_051842_leftImg8bit.png,gtFine/train/hanover/hanover_000000_051842_gtFine_labelIds.png,7f910beb51f964c309eccedd2f92c0cb0cd8bf46c63cdab779149c6375faa9fa,234455fcb181ad6eae3ba5461c1b541a3d33325bb905a0be464db44f8a289791
leftImg8bit/train/hanover/hanover_000000_052013_leftImg8bit.png,gtFine/train/hanover/hanover_000000_052013_gtFine_labelIds.png,9ce55126541ee18fb0cacd23498f8891338be0239e1078fbb818078eebebb0d5,e84c7534af6b46cba870cd28a30c83d79ff43cdcbc36250462ca20331f44a3ab
leftImg8bit/train/hanover/hanover_000000_052512_leftImg8bit.png,gtFine/train/hanover/hanover_000000_052512_gtFine_labelIds.png,8829c6424d4cb842af07f79f97574e1b12c9fdd513b3258d7ccdb3cc71ec0f4a,7261749a127cf4194ad944b0d0df39bf4c2c1935bb636ca6d4543e4af41275cf
leftImg8bit/train/hanover/hanover_000000_052649_leftImg8bit.png,gtFine/train/hanover/hanover_000000_052649_gtFine_labelIds.png,0d17720644448e846cec1fd3b71b3d01880d99d0bd3ca130eba276a58c03b609,17a5e319636c5db6c005c845e2ae38e75329ee07f2a9ee7a0a2425b26afc8977
leftImg8bit/train/hanover/hanover_000000_052729_leftImg8bit.png,gtFine/train/hanover/hanover_000000_052729_gtFine_labelIds.png,eeba2cb50b4ca5e3e8081a014b77ad5fd5057e536d49816d17f70e7b354eed8d,7a37e7ef2dadce6c2d9dc94fb4bf943e0c760bb9d8a45ee101375d033cb13b69
leftImg8bit/train/hanover/hanover_000000_052887_leftImg8bit.png,gtFine/train/hanover/hanover_000000_052887_gtFine_labelIds.png,807b2751d34952c5a7ef19c0365e9bace06e8372424ded4e07f5c3ff81e860a7,b209018bc3c4b3a0ea6447c18f4a9aa79aaf69ef10176b8cad4add901baaeff9
leftImg8bit/train/hanover/hanover_000000_053027_leftImg8bit.png,gtFine/train/hanover/hanover_000000_053027_gtFine_labelIds.png,8375b5957c9b0215b9ad0f14a335ca679d329354b7762d4432f77651c2ab9b61,e2e3509d0207df0713b88e1ea9662acec2ff4bf1c9b78828c31eef5c564baea3
leftImg8bit/train/hanover/hanover_000000_053437_leftImg8bit.png,gtFine/train/hanover/hanover_000000_053437_gtFine_labelIds.png,2a84effc2301bc73063f405759874c8623672021db7770fafd65e9ad00f9d979,5b7d41ef354b2ed329c50eadc42865d000b702c9764981cf9314944c29ba9dae
leftImg8bit/train/hanover/hanover_000000_053604_leftImg8bit.png,gtFine/train/hanover/hanover_000000_053604_gtFine_labelIds.png,b1be11e531736b1685c11115df64c56cdb4bb5367a3c8e98cd3a216991c86cef,d7ac7364520492c7a8c86bf696e1e85492dcd1e90dabe45552bc89d0ba94f3c9
leftImg8bit/train/hanover/hanover_000000_054276_leftImg8bit.png,gtFine/train/hanover/hanover_000000_054276_gtFine_labelIds.png,976a464b3aca56c4cd6d4cc2d58ce1e343a3c72c1706f582edc6f9c265fa3363,83c4cea749829f02fcc1ccd752c70f9d73d9ccab4862e51b85b4a3371a0073a3
leftImg8bit/train/hanover/hanover_000000_054965_leftImg8bit.png,gtFine/train/hanover/hanover_000000_054965_gtFine_labelIds.png,faba46bb62e5aff24077938d96809fbea6073d9f4384acf71f9f8c719e585f3a,0592a0c3e093382e4dd0928db521c3489c5b22ad54478b0baf7b085210570096
leftImg8bit/train/hanover/hanover_000000_055124_leftImg8bit.png,gtFine/train/hanover/hanover_000000_055124_gtFine_labelIds.png,ad16a43a828afc5c3028fe02fc2eb6e871fc79e8e89a4fb83249aed1872db6d6,7a241fe7faacd125187c2e9661180eaf2358637e71a826546a760186f245962d
leftImg8bit/train/hanover/hanover_000000_055592_leftImg8bit.png,gtFine/train/hanover/hanover_000000_055592_gtFine_labelIds.png,70105344e86f6269749fdb9b8f15ffe2979317e9d99ed62b70f5d9d7ec25cfcb,ed0e9a081580bd8ce2c7734aeef7aff67b650568b5e8452d374d1b107b552d33
leftImg8bit/train/hanover/hanover_000000_055800_leftImg8bit.png,gtFine/train/hanover/hanover_000000_055800_gtFine_labelIds.png,f6de7da7717e5ae02ae4c17163c20960e5298bc6ff3e218a679841e175043e29,d7e9ce80823712c9c58632b8162e71ca0834cf4dc48652dc97c54b6ba11e1ea3
leftImg8bit/train/hanover/hanover_000000_055937_leftImg8bit.png,gtFine/train/hanover/hanover_000000_055937_gtFine_labelIds.png,8c4872e1669bd204a310cdf9ca53b214b595379da5909f7bdf08de0b4a3490ec,bd95395305ab27b911854ca430b46fdd0d0a2ea95f2f03b908daf57f0f024b75
leftImg8bit/train/hanover/hanover_000000_056142_leftImg8bit.png,gtFine/train/hanover/hanover_000000_056142_gtFine_labelIds.png,cc9de60d4a220de453af0ca6a4ce6c681f812cbe9bb1f4131e0eff4be7a06999,9b5eb7ad3b56a53739290c4148f903a86064b7ef1ac33cef440f75727d98ce99
leftImg8bit/train/hanover/hanover_000000_056361_leftImg8bit.png,gtFine/train/hanover/hanover_000000_056361_gtFine_labelIds.png,7e668dc18112166a5a25e208478f6ee08f82875d78210ae8d3517cc0a083d3a7,1c8fb001cc294e3f6772695bbd49d4ba87effb10baf20a583a479099fd0666f8
leftImg8bit/train/hanover/hanover_000000_056457_leftImg8bit.png,gtFine/train/hanover/hanover_000000_056457_gtFine_labelIds.png,7e0b390df10a8460e56174f3f86f05a62c33e8fb94a2b06a7b46be2e3c25ebe4,a0a8414a20040a8e568e71c289c8f259dfaa8a20fea5f9fe5abca7873ca81475
leftImg8bit/train/hanover/hanover_000000_056601_leftImg8bit.png,gtFine/train/hanover/hanover_000000_056601_gtFine_labelIds.png,39d55617fd390f63d34b7d818aa0e50f7ac9f9b729537fcccec5041b4dfc6854,8558fb2141c7372e7034e1963a6fc2afb498205458dfbdee05184c91067c89f9
leftImg8bit/train/hanover/hanover_000000_056800_leftImg8bit.png,gtFine/train/hanover/hanover_000000_056800_gtFine_labelIds.png,9e00fcaf8d44a0b33033d0782c98e324afa6a42f12ac4d9aeb4036f5a9197ba1,c372cb3b73e2b3a9a2f01322bb12785675923739edba533cc7c7f1a1ce0bc45c
leftImg8bit/train/hanover/hanover_000000_057532_leftImg8bit.png,gtFine/train/hanover/hanover_000000_057532_gtFine_labelIds.png,d985de993fa976a7e6372c5947a91f5d7217a1dd5bf9fbedb21e9c1ba967f351,a19ae0a856c416cc5b4e7167c63813618755bd4cbb40d4c888b93b590fc21707
leftImg8bit/train/hanover/hanover_000000_057710_leftImg8bit.png,gtFine/train/hanover/hanover_000000_057710_gtFine_labelIds.png,b0f1a5b52cb9dfd4e112721114b319f67194e9b21841cfb9794269b29d7a3ae1,75283fa5ca7fa16187427dca9a7caeb19fba051bb47c3d36fef8da9fdfb5082f
leftImg8bit/train/hanover/hanover_000000_058189_leftImg8bit.png,gtFine/train/hanover/hanover_000000_058189_gtFine_labelIds.png,87b226f0a0b2fb6cd8f5f4a16adff90a5820b0c8b7a57d5cc84184c4c44280ae,19298814f8026897c99cbfa7975df49fe5e437b27da937936d21b556a10a5949
leftImg8bit/train/jena/jena_000000_000019_leftImg8bit.png,gtFine/train/jena/jena_000000_000019_gtFine_labelIds.png,c1a99da65e1dc8bbf40b54808f2cf1f0cbe21a8bf706ecf101042979746acb47,f4cbc406c449d1155977343184f36d6fa641bf9b56cefebf4e5039e3fef4bb89
leftImg8bit/train/jena/jena_000001_000019_leftImg8bit.png,gtFine/train/jena/jena_000001_000019_gtFine_labelIds.png,1b6ebc62cffeb7efa3ca58b05e61d4b422606235d55b2f4723946384bcd04824,8e3824ef6e77067919ceaf102c98e00e575d6adb04c6180b75b643a84c4a5022
leftImg8bit/train/jena/jena_000002_000019_leftImg8bit.png,gtFine/train/jena/jena_000002_000019_gtFine_labelIds.png,025df3f4c06b1822f39f46607c7dc1136ba5feea96232b97dc2c86135233ce21,502ded6fb833f078ccdf7cc0957d0a52ba962aa1a3f8baf6337ee42d5fc9d5c2
leftImg8bit/train/jena/jena_000003_000019_leftImg8bit.png,gtFine/train/jena/jena_000003_000019_gtFine_labelIds.png,d85190da26cc6adb85add66f3844bc9c37edafce118e967920e1e6b4adfdd874,54e59df15d53da69893f308c229e9eb36447e5b63c4d464e104fbe1de9f05fa8
leftImg8bit/train/jena/jena_000004_000019_leftImg8bit.png,gtFine/train/jena/jena_000004_000019_gtFine_labelIds.png,68f5bb1222c0a334327896bc0f43150804defc7cbc6af132b52f882e87cf1a4a,a5a6243e97bcec8c66ad8f54f77d205081e9a86babfdaf56d1b5d49bb17cee8c
leftImg8bit/train/jena/jena_000005_000019_leftImg8bit.png,gtFine/train/jena/jena_000005_000019_gtFine_labelIds.png,5b005d827b033c70622e013f0ab0a5dbbd08b9c735f52f42aaed535f6bef1ad1,f5f2758ffee4b4943c28c535a1aa14e50c56b7b7fd5a277a33698b5baf8cbb0e
leftImg8bit/train/jena/jena_000006_000019_leftImg8bit.png,gtFine/train/jena/jena_000006_000019_gtFine_labelIds.png,ae7d3dd91f479575813cfcb371f1b869fe9b6254e278c8a74b5552c811939fa6,055921a3f2e7e3ebf92f8cc393b64638ba767d8a6fe5adfc45058fc8496fdd0f
leftImg8bit/train/jena/jena_000007_000019_leftImg8bit.png,gtFine/train/jena/jena_000007_000019_gtFine_labelIds.png,d148a86c5dc81d6649ccad53470295327c5e61c0ceb493c40da6c146e43f6abe,9e67a669b7c62cf4210c97bd6803cac1e9e2972a5aeb3dbcf69351334d060db7
leftImg8bit/train/jena/jena_000008_000019_leftImg8bit.png,gtFine/train/jena/jena_000008_000019_gtFine_labelIds.png,543cbf91e72d19eeeefeb65e4d79a0a64ee5a8af77e5b4ad7a07a0fd61114737,bb8ae0462fefd99e764a892c9de2f1b5a646cf79d37dc22bc26fc4fe880a8867
leftImg8bit/train/jena/jena_000009_000019_leftImg8bit.png,gtFine/train/jena/jena_000009_000019_gtFine_labelIds.png,7614f039608784b1b2834be7b2bf961f95ab3b6359321fd9d7689e61d9defb59,a3de8b4fc053b361de14e9fcaa5b2c167dbf51f7dd9ac17a130dc95a6f403afe
leftImg8bit/train/jena/jena_000010_000019_leftImg8bit.png,gtFine/train/jena/jena_000010_000019_gtFine_labelIds.png,a24d899b75fd5224271db05776a4399a1b97b3c565e4bbface505749b23e510b,330a4c0119bf754eb1a16e4cff71dedc261fb6d1b4637b48538510fa239291a9
leftImg8bit/train/jena/jena_000011_000019_leftImg8bit.png,gtFine/train/jena/jena_000011_000019_gtFine_labelIds.png,0a345f0402a2483677413505e6c9cc9927443452c5a09174aca157a63e6df0c4,b5f45d003dd05c2537a71b2e6a4be99c95f8056a2c341f84255acc11d6366a97
leftImg8bit/train/jena/jena_000012_000019_leftImg8bit.png,gtFine/train/jena/jena_000012_000019_gtFine_labelIds.png,59eb9f3a7c6f1f62e40ee60178e8191849270ccb80506b3a83b852a6c928ab6a,11f3022ff831e605be0b2faa5ba6fe4b2750d0b26333cc536b67f063e4bef01e
leftImg8bit/train/jena/jena_000013_000019_leftImg8bit.png,gtFine/train/jena/jena_000013_000019_gtFine_labelIds.png,49a0aadb78525ee0ab2c849aafcca3b08e836e7b8a4441b03c960ab9863ea13f,769ae34a82ae8ee2676ff26408aabe611d54019d96f46fdf6d4fdf244628e915
leftImg8bit/train/jena/jena_000014_000019_leftImg8bit.png,gtFine/train/jena/jena_000014_000019_gtFine_labelIds.png,badbd4710bfd165c9f7b9ed8dd439984f6ce896d8c7d5a853136502d5dc8d72c,6f9f4261cdcdc77829de478db2da64118d5daa80a11e1b51f4c31a408abd102c
leftImg8bit/train/jena/jena_000015_000019_leftImg8bit.png,gtFine/train/jena/jena_000015_000019_gtFine_labelIds.png,2cbf0c10e3b182c057a74a34f2d14f16037505a4b3225ba41312f03cb0a6b070,ed6df8786ff2a3ccdca3183e46c5054c83263158d9252a1b7409b1622f89b0fc
leftImg8bit/train/jena/jena_000016_000019_leftImg8bit.png,gtFine/train/jena/jena_000016_000019_gtFine_labelIds.png,5dd29aa785760af04d6898702ec8a48a1fa7190a4b620bfecac23a288517e8d0,183f97be4ca9d1ffda656f7cf8555e7cee58a5cf545175edc1b96ab11d242d1b
leftImg8bit/train/jena/jena_000017_000019_leftImg8bit.png,gtFine/train/jena/jena_000017_000019_gtFine_labelIds.png,a9fbac77bee5fb215fc6d6410a9fa69798cabc56e77b6077118226da67933887,78fbf2784fe0c818b70f2c88d20f92a7059dd784cecaa3c6e2923c96e82cd3fa
leftImg8bit/train/jena/jena_000018_000019_leftImg8bit.png,gtFine/train/jena/jena_000018_000019_gtFine_labelIds.png,aeee2b8b53a94d3fcbadde25eeccc591ae7b53e0a02499df4f35c184bd224b4b,adaba1c097b416c6da90f9aee4490574327f275cec6148be0a4c2ce7a4a2dde1
leftImg8bit/train/jena/jena_000019_000019_leftImg8bit.png,gtFine/train/jena/jena_000019_000019_gtFine_labelIds.png,767f161875cb18b5e321edaf8e64d97797bf9b1d930ae778be7390f3f93c3286,a0dbf0c111aebcb516c23c3540387e6a0363e9f4b0a70bae45eefe28704ba99b
leftImg8bit/train/jena/jena_000020_000019_leftImg8bit.png,gtFine/train/jena/jena_000020_000019_gtFine_labelIds.png,311687290b91e90d9ddcae2a79ff2574c8bf9d616b53445f1508294e18fdaf63,4b9db341bb3e9f24df610cc15d470355bfc4062dfa359900c60a43f548cd0113
leftImg8bit/train/jena/jena_000021_000019_leftImg8bit.png,gtFine/train/jena/jena_000021_000019_gtFine_labelIds.png,35ed7171dfa8be72d0fbaffaf72590f55bb977c1b9105431ae3bf9082a0a2486,92eb48c3c483d6819bf72a77eeeea438dc7f028baa1c84cdaef7bb60fde537b0
leftImg8bit/train/jena/jena_000022_000019_leftImg8bit.png,gtFine/train/jena/jena_000022_000019_gtFine_labelIds.png,0e440e8d6dde01f82bbd6b9c5c93ac73270fe8c63f1fbf08f53f6ca820251e0c,578d3117ca9e75605fc626822f3555e1b0060c11b5b2b7d0b89b8bc1217af927
leftImg8bit/train/jena/jena_000023_000019_leftImg8bit.png,gtFine/train/jena/jena_000023_000019_gtFine_labelIds.png,4f8659db4ebcbc3d68ec44aff4f839c397bddbee742536cbac36d75787964c0c,b3cce83afbb5d6cfc62f3b4c329d7d2377675807e775769119289cec4534ff28
leftImg8bit/train/jena/jena_000024_000019_leftImg8bit.png,gtFine/train/jena/jena_000024_000019_gtFine_labelIds.png,32067bcb6a1cc98c6eb62cf68fa276d1ccc95feeb6113af759836eb66f79b101,03a9f9bcee8c2cec83422dfc63756517a92adc1840834788afe8c9b5eddb95d4
leftImg8bit/train/jena/jena_000025_000019_leftImg8bit.png,gtFine/train/jena/jena_000025_000019_gtFine_labelIds.png,e12210613d9a42e2289e0cdf17a5ca563a7701112e8c17ecebee92e87163d446,5d631c3aecb4ca95e4c308c1e58fc488109a5f60b5042fa9e14c5edb58dc44ce
leftImg8bit/train/jena/jena_000026_000019_leftImg8bit.png,gtFine/train/jena/jena_000026_000019_gtFine_labelIds.png,b8a31ec7d11b54da0a95cdd3e8aae29a2c24776e20c40dca7b7ed2b117293525,74461ee2d8f6564bef00fcd4e665f64db3387f091b3962b299e565d951e93a94
leftImg8bit/train/jena/jena_000027_000019_leftImg8bit.png,gtFine/train/jena/jena_000027_000019_gtFine_labelIds.png,dead3fa7d444104dd41a73dedca3dacd00fa043e080fc3eadf08c7ded4573dc5,9c27bf65201cb2df31524a5c442b2ff8832612c74ccaf1e46f2a7e0578d0108d
leftImg8bit/train/jena/jena_000028_000019_leftImg8bit.png,gtFine/train/jena/jena_000028_000019_gtFine_labelIds.png,d7a7b20e6d3a8a23606cdd7df22bc386385d843958bf69c7a2d133bcb1620f8d,0311431926e316b73646d54d3dd5b6ef49f34d7394abf04d7f592a773e87a29b
leftImg8bit/train/jena/jena_000029_000019_leftImg8bit.png,gtFine/train/jena/jena_000029_000019_gtFine_labelIds.png,cd91637a2ae308333990e981b34d28c2f7164991dca726b1691de376dd867854,ee2d0340866d47299ff702fc05e84fdfb319b2de1ec5e7ed7687a6c100a14523
leftImg8bit/train/jena/jena_000030_000019_leftImg8bit.png,gtFine/train/jena/jena_000030_000019_gtFine_labelIds.png,559fb8d608f3e3fe07463ffdb7f1c5c9c12a1c5fd44f74c8c389702991a41c5c,1c581aec6997f47e7d3182cd5ecce0226d198caeacb46a1222aaab99f80e1a78
leftImg8bit/train/jena/jena_000031_000019_leftImg8bit.png,gtFine/train/jena/jena_000031_000019_gtFine_labelIds.png,cd98926abc80d2e0dfe30acc0e958b3ccd9241f69509956a0aee0d077f8f9944,b1f175d9902dca8e3f01fc073c24a0642c357a610669ceb358468a8aee4eec09
leftImg8bit/train/jena/jena_000032_000019_leftImg8bit.png,gtFine/train/jena/jena_000032_000019_gtFine_labelIds.png,37ffff2ba429e5a44f4856658f0c4dc4e0691abf2ea3969ab7cde7a8bc9ffc60,98024417cfc519582b5dd32a9f13cb3b6be84f0ab7f6bfee1d880c297322fa93
leftImg8bit/train/jena/jena_000033_000019_leftImg8bit.png,gtFine/train/jena/jena_000033_000019_gtFine_labelIds.png,7289747b40fae3cff7dedd4d71c9d92434514460ec9a47537009d9ea12599c97,9123932c0bf0615a03335040bae39e329f4e7dee4c850bdb94f881eb4c7edcf2
leftImg8bit/train/jena/jena_000034_000019_leftImg8bit.png,gtFine/train/jena/jena_000034_000019_gtFine_labelIds.png,863eedecbbd814dca2b25a6a8b5a3ee34abf5612dbc9c0ecaa99d0087e13fe3d,8b6bd927d0d577407315bc22681fae82d30651cfeb1a4924c1be12d6113c3477
leftImg8bit/train/jena/jena_000035_000019_leftImg8bit.png,gtFine/train/jena/jena_000035_000019_gtFine_labelIds.png,18375760d646cf887e3e331bc8fdc6206afb60b5ab102f9fef463ade33a973de,3d4cd263ad6c2d754714947624b80f021ac1da754de5ce3d97a0dd913a30003a
leftImg8bit/train/jena/jena_000036_000019_leftImg8bit.png,gtFine/train/jena/jena_000036_000019_gtFine_labelIds.png,2460f66d22b9fc0b79bb3dc0fdc0e35b3f7f60702ad2f7cc64cde5bed2be9abe,54223b1504e8506ae0297e2d2b539ea164fe479ef2019c771f1be3b02267beb0
leftImg8bit/train/jena/jena_000037_000019_leftImg8bit.png,gtFine/train/jena/jena_000037_000019_gtFine_labelIds.png,f5e3d63d0fba05e912d012334724f8b16663e809420aa84beef39c32f7d0b539,69af107e076a8f376a7e34135d08c08dd2d1fd30c657e723cfec4461f7638fd8
leftImg8bit/train/jena/jena_000038_000019_leftImg8bit.png,gtFine/train/jena/jena_000038_000019_gtFine_labelIds.png,6b0042fe660ab438df4b6b762882d19a39c6676b563698906ec0b28539c2495b,60c1e4267098949a5b972fb5827bd94416c31c4f0de148c58f7bd3decffdae77
leftImg8bit/train/jena/jena_000039_000019_leftImg8bit.png,gtFine/train/jena/jena_000039_000019_gtFine_labelIds.png,519d4ad93d62855595d53630b722227ed9dc0084cfd6f02fd91c08b92462c58f,ad3082b7f54a81c50cc4ce7e37dae3779fe8c71b9fccd63b2882585dec88b555
leftImg8bit/train/jena/jena_000040_000019_leftImg8bit.png,gtFine/train/jena/jena_000040_000019_gtFine_labelIds.png,c35f6de5dbdddf40396dd53d4f446a93d8a6e2664d003791ca531f3aed4735df,fb016c18900c6cbf331f8d34ab25dc2191edfd9132237e5c3eadb01a8db5f055
leftImg8bit/train/jena/jena_000041_000019_leftImg8bit.png,gtFine/train/jena/jena_000041_000019_gtFine_labelIds.png,a5bcf07f1df81d0856472cf40f12a126e593b7cacbed0063c391061e01daac08,192f11047035bb81c7654049f5e14e8ed1d8961283b9ebed3dfc2ef8df9b1557
leftImg8bit/train/jena/jena_000042_000019_leftImg8bit.png,gtFine/train/jena/jena_000042_000019_gtFine_labelIds.png,0928143640d3c70f14e88531267575c9555948c2c105a8d119edb81dc1c1643f,6bc6c31a87cf9f35d351f647573b189a9675600a3679418435f947c7c6a3f316
leftImg8bit/train/jena/jena_000043_000019_leftImg8bit.png,gtFine/train/jena/jena_000043_000019_gtFine_labelIds.png,b46d3e6cedd59e950956fca56b365acfb17af1f2892d0ba1494a93452136bf65,a8a2941457683028e2756513a6e79afe424beb0c59b8cdac31ee6499155de870
leftImg8bit/train/jena/jena_000044_000019_leftImg8bit.png,gtFine/train/jena/jena_000044_000019_gtFine_labelIds.png,5d77cd7753c5912b449698f0935f27a1c3dd672de3d062d6d98707a3c5d3a351,da19cfbbacfcbef737b0b3232202c5178dba45c186a0e79a6e01018735f818f3
leftImg8bit/train/jena/jena_000045_000019_leftImg8bit.png,gtFine/train/jena/jena_000045_000019_gtFine_labelIds.png,b7b63459c6a3f06f3e1e70b0a7f75493921d106c60490229176092c054baf2e2,cbe2b2fc77d06b66efc42a6c24bed06cf2293bf6d264fde2e48da3e3421fb783
leftImg8bit/train/jena/jena_000046_000019_leftImg8bit.png,gtFine/train/jena/jena_000046_000019_gtFine_labelIds.png,a8c5d70a4f54cb65843237e065a2e18b3f7a8e221e8820d8a9bd87b0a8e4fe4f,72e538d5a1ee8fdd9838c8219d3c7f2898b2387cc41fb980eecc73207ad165f1
leftImg8bit/train/jena/jena_000047_000019_leftImg8bit.png,gtFine/train/jena/jena_000047_000019_gtFine_labelIds.png,5d2cd417062bd8273b1a7f7156674d005ad85d476e02a437f960b4df8b4678c7,6d692a76f06f2917a705891217dffc801cfc7767d94783a50aa843a373c09881
leftImg8bit/train/jena/jena_000048_000019_leftImg8bit.png,gtFine/train/jena/jena_000048_000019_gtFine_labelIds.png,00e1a3727392591322d99c70118d958b40d352f9d2722f72575df389df53125f,452a5d09de340aadf1307935531262fd0415a8ab42c74ba2fbbb6b9c52b2a2a7
leftImg8bit/train/jena/jena_000049_000019_leftImg8bit.png,gtFine/train/jena/jena_000049_000019_gtFine_labelIds.png,d87f538f7f6a2003be5e1c070218315c4af0fb2a7d61479cfa9b7784aa181f8f,d71baffeeb7907a1d9ace40d98cb940d5b369060e9fb590fc3022e1ae5405477
leftImg8bit/train/jena/jena_000050_000019_leftImg8bit.png,gtFine/train/jena/jena_000050_000019_gtFine_labelIds.png,76c452fe71c66b891bb20e15da19009d2dfd0ae6e2a65bd720799de492d37909,8a3257c069572214cb3f1dd65712209b7c931ebea9197d3dc0d47f5c9a8377d9
leftImg8bit/train/jena/jena_000051_000019_leftImg8bit.png,gtFine/train/jena/jena_000051_000019_gtFine_labelIds.png,b574d6ea627167613a8874bc83a22372267d6d1ff640f4878bc2cb6cc30194b4,cdb89d86e53a056c3ea5fb71f2e8d3ebf413e6cb54a8844e6714ee36c94a36e1
leftImg8bit/train/jena/jena_000052_000019_leftImg8bit.png,gtFine/train/jena/jena_000052_000019_gtFine_labelIds.png,c9caebbe4055d41ad38d2b39ec3ecf1c91f858580bea185bad26f879e9e38f88,bc8245a3aec95ee2f69f46bbf54e36b2ec55247b7929578ebd466549bfa8cd44
leftImg8bit/train/jena/jena_000053_000019_leftImg8bit.png,gtFine/train/jena/jena_000053_000019_gtFine_labelIds.png,eeb2b007b3ff9f75b34b746d0c91a2707c26b19ed3296bc8139246fd2258fa8c,1c0715af891abd2a996072a2ac720499b1e99df21138b0e86b291708580cfdd5
leftImg8bit/train/jena/jena_000054_000019_leftImg8bit.png,gtFine/train/jena/jena_000054_000019_gtFine_labelIds.png,5a7164c4eff2ffe563fed8c35c9d3c85c64af6e84bc28f76224e59c422119d4c,b0ff54ff17abc9acf63a2541871dc913cebb1b567045a8d6d4ad2ba21b8a4184
leftImg8bit/train/jena/jena_000055_000019_leftImg8bit.png,gtFine/train/jena/jena_000055_000019_gtFine_labelIds.png,c992b469a10f81a0268cdd7d50cb57cade3ec0f41cc9d09028545c44fb717757,5456f8972a11b07aca9e9abcc009d7c081820409f1de188831203b4bda18fc8a
leftImg8bit/train/jena/jena_000056_000019_leftImg8bit.png,gtFine/train/jena/jena_000056_000019_gtFine_labelIds.png,6f56731a34d5b3e8ea4f5c4bf6c5b8d59ceb9be00c30f629e2980ec9b4043abe,2a0f27ed130bcb1398dd496d5819bad85620826f22413bd832cf0e29bf83fe50
leftImg8bit/train/jena/jena_000057_000019_leftImg8bit.png,gtFine/train/jena/jena_000057_000019_gtFine_labelIds.png,22f1d07c11b8a0e787a719e4094aa72796fa78eeccaecb0938c714ebe618a3af,a2da4e6968a473354b30e9db00dfdb97d849cd799cd0a509eb3d5849bd6ac815
leftImg8bit/train/jena/jena_000058_000019_leftImg8bit.png,gtFine/train/jena/jena_000058_000019_gtFine_labelIds.png,933e8d0e9c8427115dbdb1abca0c1d5e2658e0da8ba22b76cf6057b63a9d5e7f,0c72e4d8cf319659a01e1f834365fd06e9680f0fc30cd30482a0f8d3984dbbcc
leftImg8bit/train/jena/jena_000059_000019_leftImg8bit.png,gtFine/train/jena/jena_000059_000019_gtFine_labelIds.png,9e410fd166dd92ab0bebcb6ef8fc4ade7a6f70849a1c74dc0a89a1278e4f0077,4d1eaa0b50f4c5b1cc7c245557b90d43018ebefb122360a9e37f0810a951da93
leftImg8bit/train/jena/jena_000060_000019_leftImg8bit.png,gtFine/train/jena/jena_000060_000019_gtFine_labelIds.png,2c1fae70811a44aace4d9951906be1e46f78dc7a357f8b12c5655b6c7446c424,1d88909fc65acf679fb4cbc9812434f8394405b7000e26633bb2c469ba818775
leftImg8bit/train/jena/jena_000061_000019_leftImg8bit.png,gtFine/train/jena/jena_000061_000019_gtFine_labelIds.png,7559289635e3509690c045fc8b85edb9c72c5b221cc5f05cdbd25a39620277eb,478731069c5e69d059857d1fb26df6b2984f126e7523e887013ed8daad4db2ac
leftImg8bit/train/jena/jena_000062_000019_leftImg8bit.png,gtFine/train/jena/jena_000062_000019_gtFine_labelIds.png,9d1d1020d3856e8a6bea21789c8115d608d0b84a38b00195d1ea44ac8d82cb85,fdedd7b2b15a6a455adc6083710eda02f8f8852f776fc317401bca00789e33e3
leftImg8bit/train/jena/jena_000063_000019_leftImg8bit.png,gtFine/train/jena/jena_000063_000019_gtFine_labelIds.png,1d594dcdcee5da8165e50c60680fa3d99ae8b4e6abc1527e45a80e60f5204df9,7287e2b6396356a2ad7a074f4432666c131f275e7b6c9bfaa3988204dd144d93
leftImg8bit/train/jena/jena_000064_000019_leftImg8bit.png,gtFine/train/jena/jena_000064_000019_gtFine_labelIds.png,4c1ad0e394f929c2e7010bdfe5ec54a083ae6c9030701209fecee68614c386ea,16b07916775f742d918f8cf1cfe92906ada789df4ffb5e208e2f639d7fe9c7d9
leftImg8bit/train/jena/jena_000065_000019_leftImg8bit.png,gtFine/train/jena/jena_000065_000019_gtFine_labelIds.png,e38257b9feafde6ee4d8cf08b015fb2a8255c8acfd2c65ed7e8191bbf5a28290,1d8279a3c3911677219f1adc0f281116789e36ab5dcb0108227f47e661a6605a
leftImg8bit/train/jena/jena_000066_000019_leftImg8bit.png,gtFine/train/jena/jena_000066_000019_gtFine_labelIds.png,e0e1230467bd6c8725554b091ca0ec00213383bb1b8f05d7787a7a0cc21ac033,ae5e8f935dcc18109fbd8949379260dc7a7d9dabbef249e6f41c8169c51f3ac2
leftImg8bit/train/jena/jena_000067_000019_leftImg8bit.png,gtFine/train/jena/jena_000067_000019_gtFine_labelIds.png,a7359b9511bf7b7430f705d61798e390fd6da02eaa647bf86961a66b6cf5b90c,2d939d97b86f5918683afd749a08624c75f21f9c5feb071a642e9c6dd8aac24a
leftImg8bit/train/jena/jena_000068_000019_leftImg8bit.png,gtFine/train/jena/jena_000068_000019_gtFine_labelIds.png,05d4aff12e5ea9dd5f60d2b8bff9e1ecec34a5a6218060afc255124839721e06,e62bd880cb798faf64ce4e014a8d20c21092555aac92814b84fadccf66122330
leftImg8bit/train/jena/jena_000069_000019_leftImg8bit.png,gtFine/train/jena/jena_000069_000019_gtFine_labelIds.png,5e9bbac70502a0ee3be5ab7dd8ae93cb2ac3224b2153627f64e8a715269d5ab8,481199f1bb4c12a4768f0e3c1edcc18ddafc0aaa923379a15ecc8acd2ce9bf8f
leftImg8bit/train/jena/jena_000070_000019_leftImg8bit.png,gtFine/train/jena/jena_000070_000019_gtFine_labelIds.png,ed60972d73913ff4ab41658ae32662efe25dd24ef6d5cf83bf6e777a9a814685,53616403063d39fe9244b959861881129492ba477dbae6ac93f5a0e41cb96ace
leftImg8bit/train/jena/jena_000071_000019_leftImg8bit.png,gtFine/train/jena/jena_000071_000019_gtFine_labelIds.png,e1019b69a9478f48c1bf43790804def3f0d07c2dd46d08da1ebac6c83bd411b3,0a392f15c1625c3c27819e768fa037c783fc4aada5c1f369bb1414fbc23418c6
leftImg8bit/train/jena/jena_000072_000019_leftImg8bit.png,gtFine/train/jena/jena_000072_000019_gtFine_labelIds.png,9a9dd5c726b4198dcff7b9b70ebb4e4c155f268cf52e60a0430ed6a6051185ef,c0cdce2c8fcbeb4ee6aad8cfaee68acacad8dcefed38b7992e7b2214c2925ccb
leftImg8bit/train/jena/jena_000073_000019_leftImg8bit.png,gtFine/train/jena/jena_000073_000019_gtFine_labelIds.png,30e97d838df5717281ea7f3e76bde248e7bcc6fc3b01d587d8b84b6d47626528,aca8dbc305e87c638cf4969fc63a9e407ab3105732d3fcb1187681dd75ea69cf
leftImg8bit/train/jena/jena_000074_000019_leftImg8bit.png,gtFine/train/jena/jena_000074_000019_gtFine_labelIds.png,ea91ff7346e11459b09cb4aa2086db8d381b82ceb76f5c4a7c6ded9afe7ab7c8,8402faab80b61f72566f4893d7777e31c706b7f42a65545c41f3aecc5903d94c
leftImg8bit/train/jena/jena_000075_000019_leftImg8bit.png,gtFine/train/jena/jena_000075_000019_gtFine_labelIds.png,b67327d4f3cf06deb299d7f6c58e865ecf011b8c771de969afac7aacfcb06749,9578206d4bd83c3ee6921b4ab40a10b581d53290061fbf6798fa2757a7e28178
leftImg8bit/train/jena/jena_000076_000019_leftImg8bit.png,gtFine/train/jena/jena_000076_000019_gtFine_labelIds.png,3b437b6c5460734394e1a0b93716136fc12eaa1abc628d818b97dd9fd7696b1c,641ca67f0334612d24bee7204a9a413ce30a0781f866ce36e33468ef491962d9
leftImg8bit/train/jena/jena_000077_000019_leftImg8bit.png,gtFine/train/jena/jena_000077_000019_gtFine_labelIds.png,d69524977aaea8b7ecc6c486575f8a018f13e062725420be6719684d2eb9c1b1,211e821d4f6cbe12c7e1dc8f5f9d5caf1e9ae74623b742f587057ac82a5ba607
leftImg8bit/train/jena/jena_000078_000019_leftImg8bit.png,gtFine/train/jena/jena_000078_000019_gtFine_labelIds.png,946184f957e7d834579d22b6c5369915c3d2e6b382fec6cbda3aadd5494fcb64,5d24d7fbf49a7e9d7bade87d0ce1a501bba46e7d94a485feeebad5661e821212
leftImg8bit/train/jena/jena_000079_000019_leftImg8bit.png,gtFine/train/jena/jena_000079_000019_gtFine_labelIds.png,15d351b067f0abc545c7eafc0d26c05f2c374aebc4d9c49efe37d664a1960b0a,b5a42b0df762eee6f0f6ff032cb4aaf5ef4af6bbf592f6c8dd0eafe19775d6af
leftImg8bit/train/jena/jena_000080_000019_leftImg8bit.png,gtFine/train/jena/jena_000080_000019_gtFine_labelIds.png,6b40df66cab27ea1570c5054e7a91a2fa48748baf112966f46f86081948bd241,a6d4091c6d059e5a77d98e46b404fc167fbad8a41bb5c3a07f9d2e88f6bb980e
leftImg8bit/train/jena/jena_000081_000019_leftImg8bit.png,gtFine/train/jena/jena_000081_000019_gtFine_labelIds.png,c520758d4099fabef4638977eae4a79cbdc6af1135cc97077864c3f9a9c7aa7b,e8419b0d1458e80b4c495287ad98280d45678747f57f9b5b0639b79f785bdf5c
leftImg8bit/train/jena/jena_000082_000019_leftImg8bit.png,gtFine/train/jena/jena_000082_000019_gtFine_labelIds.png,fa03750a82a756736053148b508257a9e8d2152536e603a6dbe16445807267f7,02edd63b9604372750040d26609854236ecef1f39d737142d4b2a396f6edad83
leftImg8bit/train/jena/jena_000083_000019_leftImg8bit.png,gtFine/train/jena/jena_000083_000019_gtFine_labelIds.png,cd420ff5c26303e8742f018c7884d3bbb58618d60750337a1e49874296a2d7f0,b3673f3e2d2f514fdcdfad44887d5e08a7c75f4483b75923c12df474d7d46ba8
leftImg8bit/train/jena/jena_000084_000019_leftImg8bit.png,gtFine/train/jena/jena_000084_000019_gtFine_labelIds.png,0b6f6c26c3c0757cda56bba4cf7d25f41d3286eef004d6ce2cc74ca87e9f9b15,e5814dfbb2ab76bb860838f68dec4818df6581c7bb4c872fa13efbf5a35bd727
leftImg8bit/train/jena/jena_000085_000019_leftImg8bit.png,gtFine/train/jena/jena_000085_000019_gtFine_labelIds.png,ed2051bf55868d42ab07c953386988e809d5eee5ddc818fa2db342a78baf7109,fb3956e006875767d592187cacd4e68609d6fc30cc171785f6ca30294b4eadc5
leftImg8bit/train/jena/jena_000086_000019_leftImg8bit.png,gtFine/train/jena/jena_000086_000019_gtFine_labelIds.png,07cf15fe3a8ca3da48cccb9565f902647a6862eaf6144cd34c8af9bdd7a0dc64,10ccc8ef326a144d44253e0c6f264f8b9e3037e1830533749e5bb211a30f076d
leftImg8bit/train/jena/jena_000087_000019_leftImg8bit.png,gtFine/train/jena/jena_000087_000019_gtFine_labelIds.png,99f56a8eb77ca459e324a7ff998fc58f7949b4514c753da4fd5260dadb3b9e6d,584465cb1efe3130ccbaf41b212013ef4ef98ceb1c9863debf41b4222d43fed9
leftImg8bit/train/jena/jena_000088_000019_leftImg8bit.png,gtFine/train/jena/jena_000088_000019_gtFine_labelIds.png,2c2a33bc4a054c49019ff16dd7b41993c2c2ebf30a458c35a73e07fbed10d12d,f3d1e46cf465ad4a72149ce577d5e93fef43a37a7ae4e943cd00cdf4b9dde5a4
leftImg8bit/train/jena/jena_000089_000019_leftImg8bit.png,gtFine/train/jena/jena_000089_000019_gtFine_labelIds.png,017f3bfe51f630a2e14a39a29db6bf6925d7e5eacf2b6b0a5f023d558429eec4,6b6788424afb38103d8c9b981b10e1e16040a433257d735ea4ed98af82adec97
leftImg8bit/train/jena/jena_000090_000019_leftImg8bit.png,gtFine/train/jena/jena_000090_000019_gtFine_labelIds.png,166967fea61be633bb6c57ac7a8443bff61f19639483ce0a592cef1756b3686b,cfea4659e6d81f62e4aaeab236d98916082e0452d4aa51cf60c6b8819d3d6657
leftImg8bit/train/jena/jena_000091_000019_leftImg8bit.png,gtFine/train/jena/jena_000091_000019_gtFine_labelIds.png,971529966e32cbd73e3132216a516943046c7ed50d4f9c07ae79a38114fabd2a,8c7bf90bd839093d2c5794edb4a97b248b99b1cbeff1fffe9ca4af2d9a2ab03d
leftImg8bit/train/jena/jena_000092_000019_leftImg8bit.png,gtFine/train/jena/jena_000092_000019_gtFine_labelIds.png,e6a8c1362e8e4742d158bb3eebd71aaf2df25257d21512370981577f7e255866,4e858ac4f5748bc255a4dbd7eb7ccc363ce46be31b7893ab930d2c54b931160a
leftImg8bit/train/jena/jena_000093_000019_leftImg8bit.png,gtFine/train/jena/jena_000093_000019_gtFine_labelIds.png,b03333923c57346f4dff1cc7d94589c1b961c36e86f6401507011530bb6e476d,3ae8ae9aab2a33c9e31e77bc8b54566c170a9e679e88072900269970d90e8a91
leftImg8bit/train/jena/jena_000094_000019_leftImg8bit.png,gtFine/train/jena/jena_000094_000019_gtFine_labelIds.png,aa2d28b62e994090c08f5922ddfa0b3da51e51b05a1f6a97130950c909448b9d,9de17176a49d7584f792b18a2760a09d133bbd2610e4c3721d6c6329b2f30a15
leftImg8bit/train/jena/jena_000095_000019_leftImg8bit.png,gtFine/train/jena/jena_000095_000019_gtFine_labelIds.png,f03b03683994ca868888d97eee36c318f471b81bf604ac59d87cbe8fa0a66cdd,c2f64a44c4e7fe3e3cbf2d20b4bd946609d5c0a384ed259996eda418745d9254
leftImg8bit/train/jena/jena_000096_000019_leftImg8bit.png,gtFine/train/jena/jena_000096_000019_gtFine_labelIds.png,997e6ff80cd747e382867537e6826a4908b7ba5835ca53c076890984da3fd22a,f23563edf0fd505136cc956d06ba3aca27cf88d64a54d9e8f1660df93b8665c1
leftImg8bit/train/jena/jena_000097_000019_leftImg8bit.png,gtFine/train/jena/jena_000097_000019_gtFine_labelIds.png,c7e3b843de082420d8bf9327fa4fcb2ac8670c5cbee6d137d3624c5a55ab1cc6,380c3ff1c56305c5e2126c45ce2b320540caa44ef8260418df94d2a61d33b841
leftImg8bit/train/jena/jena_000098_000019_leftImg8bit.png,gtFine/train/jena/jena_000098_000019_gtFine_labelIds.png,a371bf5a43570c37d25e33d02910a9ed20eea37b6bef7f450cd004fc5ca212b0,4996370ed58c4b2912535d369569cf47fe9ec55ab88940519305b1cfefc5e6a8
leftImg8bit/train/jena/jena_000099_000019_leftImg8bit.png,gtFine/train/jena/jena_000099_000019_gtFine_labelIds.png,98c844b075f9f1eccc86bec080e94e4d877f527aa8f778c8a32f11c74fa57262,3a7301e0d5391de677bc4a72532cecfa0c0b2136b9ace81501cc8d29a5f7ad89
leftImg8bit/train/jena/jena_000100_000019_leftImg8bit.png,gtFine/train/jena/jena_000100_000019_gtFine_labelIds.png,baa8bf0ad0eecc7d9db1e078ec92c943b73d3d8bfba493e6b97c4fd0f2b9a32d,05e81b093442bedd9860fc2265de20811f3fd6c8914a79a26e8f7a37546b58ab
leftImg8bit/train/jena/jena_000101_000019_leftImg8bit.png,gtFine/train/jena/jena_000101_000019_gtFine_labelIds.png,f3d974e47188f4f5a3410270e1249d02a768a4a8388b7ad1c877304ff62ef187,2b532cd6a2d5a389668c1dd374b19f66e9a3c482d3ed0d9b2a70573c1c39d6e1
leftImg8bit/train/jena/jena_000102_000019_leftImg8bit.png,gtFine/train/jena/jena_000102_000019_gtFine_labelIds.png,2397873caceb460c6c6e2ea9f697585434721cd7b2bdd8cc3cd4330054531e03,dcfa6abeda8c31b4ebbccf023cd0e870cb4b10948a118c7e90960a628b64bdd8
leftImg8bit/train/jena/jena_000103_000019_leftImg8bit.png,gtFine/train/jena/jena_000103_000019_gtFine_labelIds.png,292db60f4dbc9b6c0d44852247416ad20f2e6177823954777db0298bc2960f3c,407bf4c65e1927551c0a6cf6e1ce553c1b85c6d15ea543f9cdaf97d3d59f5628
leftImg8bit/train/jena/jena_000104_000019_leftImg8bit.png,gtFine/train/jena/jena_000104_000019_gtFine_labelIds.png,53e171f1c214fe236ed674153900c7defc5daf946e6a0d711e76d37d9712e9b2,33912f66da5224468bc639ff1dfa4c8b1c3c144e0b24e848800257ac23f0b1a5
leftImg8bit/train/jena/jena_000105_000019_leftImg8bit.png,gtFine/train/jena/jena_000105_000019_gtFine_labelIds.png,93c9d0493275cb6acdc42a52ff3742e7764458e8f7e45634a290da23a402c078,ae9efe8450d776560546aa9de5bf512b936d013d629a13d853ef74c7739f2918
leftImg8bit/train/jena/jena_000106_000019_leftImg8bit.png,gtFine/train/jena/jena_000106_000019_gtFine_labelIds.png,35aaa552ecbfd4d991f6e3991e78cd3cf07ccee2b03161065c0f6814d5ab7873,4b2e7e70fe35aeaffb9e8f7df521f1b099235dcf42f543a8e68d7fdc4913b645
leftImg8bit/train/jena/jena_000107_000019_leftImg8bit.png,gtFine/train/jena/jena_000107_000019_gtFine_labelIds.png,79b1d8c53bae5413cc4e21819903fc552dfffc48b3bbe23a2e28937ad8898267,8454167a42592abee80fdc3ead7c75122384723e0bb5d5422ab63fef3bd3290e
leftImg8bit/train/jena/jena_000108_000019_leftImg8bit.png,gtFine/train/jena/jena_000108_000019_gtFine_labelIds.png,f628f4373eca46adc2f1d059d0bc4c72dde08b24102c2a15a57766a019034fae,d51b55f2f963fbe92c4b5a5491778ccd477faeace12501b26f16785f0fd8bb0d
leftImg8bit/train/jena/jena_000109_000019_leftImg8bit.png,gtFine/train/jena/jena_000109_000019_gtFine_labelIds.png,1149bbd825ec850a8107a814b44a3324ccef2db0ebc88440dcf850ad3e1e2872,4a55ad3a17129326680aecc87a3d485127fb6d5ec2d7dd1fe112001a4c4f1707
leftImg8bit/train/jena/jena_000110_000019_leftImg8bit.png,gtFine/train/jena/jena_000110_000019_gtFine_labelIds.png,4d3220e0bb9f76890a1b9c5e72739e31cbfce95828b217870e1d892cd622c772,c6bebdce424d3f795cc5d9f9cc74075969c626b2fbde6466e687ba28fd1b375d
leftImg8bit/train/jena/jena_000111_000019_leftImg8bit.png,gtFine/train/jena/jena_000111_000019_gtFine_labelIds.png,08962f51114210a729ae3e392ca75024a00809541f7d03289fea2ff0f2a2c1a4,901e92820d2691520736d55156e594222c18159df6c778a13d04db71bbc33cc9
leftImg8bit/train/jena/jena_000112_000019_leftImg8bit.png,gtFine/train/jena/jena_000112_000019_gtFine_labelIds.png,f2e50978dce35f77407f546a07e874ba89622eb80e476406153a915579a8624b,3f308e9a236db83b7fadb99fb1b5073154318eb9f3c2d44b9b65bb940c9b5e72
leftImg8bit/train/jena/jena_000113_000019_leftImg8bit.png,gtFine/train/jena/jena_000113_000019_gtFine_labelIds.png,14bc53a0298c2766ac44527491a8506da84a727417f21a88312fd62d557a7595,44fba61cc9a4ca062ac46e912b4beb447d3c27854334d23ad8b12a4926d5c2e8
leftImg8bit/train/jena/jena_000114_000019_leftImg8bit.png,gtFine/train/jena/jena_000114_000019_gtFine_labelIds.png,598f9d6124339d561d7f1643b2fcf6369a0ed42bc9f83c83a604d8cc5d6bc87c,f333427f2d70fab74b99b69e0a2e11f3b190db1b7e55c636e34b3d92c10cbdf5
leftImg8bit/train/jena/jena_000115_000019_leftImg8bit.png,gtFine/train/jena/jena_000115_000019_gtFine_labelIds.png,b27f8fd0eadeabe8a2c2c462fe4b3be62c7fa8d59c744bad9f242f32fe526954,4c20d14808b4524194d7d6f5267cd2fda8a814f33239b175a403a5a88f3abbeb
leftImg8bit/train/jena/jena_000116_000019_leftImg8bit.png,gtFine/train/jena/jena_000116_000019_gtFine_labelIds.png,116219710c871a6cc9e549fe49fbb6ca554308144699c7621e3cf67589672789,81155323acdcd069aabda0bd02c0541a344c78507fccffe5e4f14fdc6358bc37
leftImg8bit/train/jena/jena_000117_000019_leftImg8bit.png,gtFine/train/jena/jena_000117_000019_gtFine_labelIds.png,6a81b0ee41b6e8599460d4eb4510b4a9153ef0d9f73fb2a1b9ba7f88a8a12bd5,7d1945d1ed1423ecc7309b801575f4a0e7f8c833ffd37ea86e6d3af2b7317730
leftImg8bit/train/jena/jena_000118_000019_leftImg8bit.png,gtFine/train/jena/jena_000118_000019_gtFine_labelIds.png,e12c6f0b25715209c839a5b6b2c84a7c5a043491462f4b4869c8658cc61ba0b5,dab11002255e515c40828198315c21e191fde4305015c519a9866e2576b2dde5
leftImg8bit/train/krefeld/krefeld_000000_000108_leftImg8bit.png,gtFine/train/krefeld/krefeld_000000_000108_gtFine_labelIds.png,f0dc35756d390502637611702d3f893d9de7f37fd284a43b5e211799227a9bc4,3328a110dac05aa62a28f4a82ed3ab22af89fff420fd6dde362ab9f8044b23ce
leftImg8bit/train/krefeld/krefeld_000000_000316_leftImg8bit.png,gtFine/train/krefeld/krefeld_000000_000316_gtFine_labelIds.png,0ab9403afb999743c6f20976b9541791e8bfc23cedfe9876bf1e6e07495dbc27,1e8bd78a65d697f2ba9f0aefbc0424b4c60e8b16f1b832af5c38396d47e2ee97
leftImg8bit/train/krefeld/krefeld_000000_000442_leftImg8bit.png,gtFine/train/krefeld/krefeld_000000_000442_gtFine_labelIds.png,482e77790bc8e2852426c868412dbc90dd9c9607b5befedb969e3aee6d0bfbb2,dd4691eaec5db8e9565097ea36736c0d81d34cba646a5c77506ac2094aaf0d49
leftImg8bit/train/krefeld/krefeld_000000_000926_leftImg8bit.png,gtFine/train/krefeld/krefeld_000000_000926_gtFine_labelIds.png,11960f304975e9c979e1f4f1372b5c69dc3c1f2572c2da5689201998338c6319,43b0980c324009a733855b451f1a710fbcff86e1c656e6f15eff6e4831fe128c
leftImg8bit/train/krefeld/krefeld_000000_001566_leftImg8bit.png,gtFine/train/krefeld/krefeld_000000_001566_gtFine_labelIds.png,3277fdd653f7752353ae6c120785563186bdb340198fffd00ade7d0619c64fcb,d4ef06624b9840b0857c453f71d47a47510b5c13ad9c94b6d4da5c709cb399b2
leftImg8bit/train/krefeld/krefeld_000000_001908_leftImg8bit.png,gtFine/train/krefeld/krefeld_000000_001908_gtFine_labelIds.png,8cac7d45ae02b13fa3bb3f9656224e81afdaf670df9e367c2737c981f097779a,6e43546865fcdef20cf80c87c52b1153293caa4d93b412feef0546cb8897a0f6
leftImg8bit/train/krefeld/krefeld_000000_002083_leftImg8bit.png,gtFine/train/krefeld/krefeld_000000_002083_gtFine_labelIds.png,9a68d6aeac0316bab69b62449ef32693fdc543d3e4f39e1f5686f7c49c3869ef,25b931456f108108dd758f228e1ede141800941edef7e890019b1b6c3734204b
leftImg8bit/train/krefeld/krefeld_000000_003096_leftImg8bit.png,gtFine/train/krefeld/krefeld_000000_003096_gtFine_labelIds.png,033d0b1ac79c5ac02dfba7ff2b1e55a59e4010d80ab9e1e5f000f70c55996da1,c312dfc3b0d78203fee806380f6d0c38b60a531d02f162d2b22a7ed61c7afdbf
leftImg8bit/train/krefeld/krefeld_000000_003707_leftImg8bit.png,gtFine/train/krefeld/krefeld_000000_003707_gtFine_labelIds.png,e64c742a097b46d9ef096c4e6a0c575f945ce418a204eaad70e9c2aba1bbdc28,160d23365961fcd9a5061f621e0d7de4fbc0a4d5eaf781e46e078fefa3072661
leftImg8bit/train/krefeld/krefeld_000000_003937_leftImg8bit.png,gtFine/train/krefeld/krefeld_000000_003937_gtFine_labelIds.png,881d140bb56dcb2baf09140210d97e0b346bc3d5c813b0082d73bb54f5adc1f0,60363dabe2ef6263d10283635f35e6eea537a4f13e73629febf928f256b4ce30
leftImg8bit/train/krefeld/krefeld_000000_004447_leftImg8bit.png,gtFine/train/krefeld/krefeld_000000_004447_gtFine_labelIds.png,9bbfed92aa432d4a4962cb27b7aa7665e56ce10dcf45e29c57e7f0a72c03676a,2d7bf22a3bee344bb8cf625e248d70e2b3b0195f8b72f355d1c220f9d65c0906
leftImg8bit/train/krefeld/krefeld_000000_004608_leftImg8bit.png,gtFine/train/krefeld/krefeld_000000_004608_gtFine_labelIds.png,00548115e3ef092cd85c5950326daf8dec1933a7dbf735d4e47957039fe2fbf7,5dcb06b26abb1c905dc8eaae5eaec4fbd751e3012b6122db4378e6f7bc3f7ec0
leftImg8bit/train/krefeld/krefeld_000000_005252_leftImg8bit.png,gtFine/train/krefeld/krefeld_000000_005252_gtFine_labelIds.png,fa11ba8554dcfa350c65cd304877510b6cd6ee9232fa95939e9502af654bb752,c4520af9c7a53b3d34753e20ffad1beed629f4536e3ba7719d32ed3e95e614c9
leftImg8bit/train/krefeld/krefeld_000000_005503_leftImg8bit.png,gtFine/train/krefeld/krefeld_000000_005503_gtFine_labelIds.png,3ef5a22f54a4c0734f6676a4aa7a7b54a53a9de4493b8bad30017ee5471583e6,77aeb5b622dfa104c6af54756f38183dc86fbdb0a6daccc6df963f11f743b7ef
leftImg8bit/train/krefeld/krefeld_000000_006274_leftImg8bit.png,gtFine/train/krefeld/krefeld_000000_006274_gtFine_labelIds.png,9e548d51adcf1de33f85956e9f625e84957e8958492a802b0e3f9e9484b9d7f8,064b03b16aa1468d896167d84d32f3e6f84dd27baba10e3bc2d0c8f3fe1c00d1
leftImg8bit/train/krefeld/krefeld_000000_006686_leftImg8bit.png,gtFine/train/krefeld/krefeld_000000_006686_gtFine_labelIds.png,49988e96f386360109f97a12c84eb58dd04d15f033a4ac6085c727adae31c440,0df76a4a08e77ef366b3e6037c2b4cc7c0421e1ffe1d7630200f02636992c46e
leftImg8bit/train/krefeld/krefeld_000000_007325_leftImg8bit.png,gtFine/train/krefeld/krefeld_000000_007325_gtFine_labelIds.png,b4fc970aa5fd45c9a66df02f2f81a1505dc8ebe24fcd0cc4e30f7c5b49fa9022,55dd69e70706c1a2d08ab2ad12719074fb3c0bfd5463b72bf90eacc0635fe44b
leftImg8bit/train/krefeld/krefeld_000000_008239_leftImg8bit.png,gtFine/train/krefeld/krefeld_000000_008239_gtFine_labelIds.png,e495f2eb08e18d02eed8096f2d8a348b8a6e711410d4d7e0655e78ae2d53b20a,cb09e23f0feb7e9c5fae0ce67fd17a263f15fb89d454f13c038abf3ef23c29a9
leftImg8bit/train/krefeld/krefeld_000000_008305_leftImg8bit.png,gtFine/train/krefeld/krefeld_000000_008305_gtFine_labelIds.png,fbf0cec2098ed6f0d6433a7d7f729c0439d1e57967bf54ef9a2f4adbdcd318c0,d37816e20eb6da5e43c9ca3edd8867f1024c2502de945527333e2424d1e686f2
leftImg8bit/train/krefeld/krefeld_000000_008584_leftImg8bit.png,gtFine/train/krefeld/krefeld_000000_008584_gtFine_labelIds.png,79943ff1c8d8e5a2fe81b088517ebcb9e8ebb88753c5cecf1438739f64953855,09a889ca92df79f719bd43365f4f84c351c426042d96364964fe4ae55a042c30
leftImg8bit/train/krefeld/krefeld_000000_009404_leftImg8bit.png,gtFine/train/krefeld/krefeld_000000_009404_gtFine_labelIds.png,4364824e2435f960748769858c58a4a023bbaeaa65509b14af1d43db7020f5e9,07d1024503b1fff00173658b9f194d2cbb65935c8765f3c1a84088ebcf43e295
leftImg8bit/train/krefeld/krefeld_000000_009574_leftImg8bit.png,gtFine/train/krefeld/krefeld_000000_009574_gtFine_labelIds.png,9727d9bb065c5ca73b1efeb5f3578cf5d94abe1fd16d33585eec4182a74b457b,f3884331cd917367344d795585cbd9aa06c14afcc0264bb00ba29c51dbea5a45
leftImg8bit/train/krefeld/krefeld_000000_009926_leftImg8bit.png,gtFine/train/krefeld/krefeld_000000_009926_gtFine_labelIds.png,d30c71c7e0eae505af8cbf823729947dcf8c471bfc2b9ed7e7cb3c5d927f2866,42a539dca2ac5e306359a88d12ba1b63727f44bdbaf20a9c99e25948554f0dfe
leftImg8bit/train/krefeld/krefeld_000000_010160_leftImg8bit.png,gtFine/train/krefeld/krefeld_000000_010160_gtFine_labelIds.png,c0eba104e972a8cec9f0f5785736a791a3ea3a32cf53275787bd9dc72d859809,97273a4d6df452e914b18385cb08d1368fc327fd2bb5402253e0a9c7c3637ee1
leftImg8bit/train/krefeld/krefeld_000000_010329_leftImg8bit.png,gtFine/train/krefeld/krefeld_000000_010329_gtFine_labelIds.png,9567929f6475be34be6f2840183e3887c02583069f90cee429a1f1a028228985,cdf2d455d2498fe0c9103c0ca549f6ba51c4478ebb9b15964f36bfa379c56e30
leftImg8bit/train/krefeld/krefeld_000000_010653_leftImg8bit.png,gtFine/train/krefeld/krefeld_000000_010653_gtFine_labelIds.png,15b47eb3472d19a0ec0b01f4617a5ab5d0e20ea6a075b10ecb46c4eea1aa72d0,8a4cf6327aaf09d4513311d592803ac1c091e57217602b9cc96de84e5a0336d7
leftImg8bit/train/krefeld/krefeld_000000_011483_leftImg8bit.png,gtFine/train/krefeld/krefeld_000000_011483_gtFine_labelIds.png,f446780bb0620596fb6fbfc249896ee28ca4ab50727a282b5609593481b96f76,334bf933fba86f6504c22712b7b41192443efacc3d967453f85a04fca258d600
leftImg8bit/train/krefeld/krefeld_000000_011655_leftImg8bit.png,gtFine/train/krefeld/krefeld_000000_011655_gtFine_labelIds.png,81f8076958054944e23dc44f84f2e23632f952a4ad96657249ec7522bb5e2d58,02adce3a12a6e50a89bfef906ac854e44c79aa1cd25522037b6a4f6a940c83cf
leftImg8bit/train/krefeld/krefeld_000000_012353_leftImg8bit.png,gtFine/train/krefeld/krefeld_000000_012353_gtFine_labelIds.png,b9b63cca4ac96fd1dd6fcfc2323b7c09356a21e4f2dd2ab2089932c9288af9f9,ea142a1a026231b1169101c37f4eea21ad1aa1dac9f82276dab05c5860d6fb54
leftImg8bit/train/krefeld/krefeld_000000_012505_leftImg8bit.png,gtFine/train/krefeld/krefeld_000000_012505_gtFine_labelIds.png,cb73d6db6f736ac5dedd15fb29abb00b85c7ee536d6205a57a8579d3380c7810,011c5e78f7b6fd1c542e2712c891833b2432fae489a3f2a2802dee7b92b631c8
leftImg8bit/train/krefeld/krefeld_000000_013139_leftImg8bit.png,gtFine/train/krefeld/krefeld_000000_013139_gtFine_labelIds.png,d8507e56992a9073d64a12454c8e25c442736e839546f30e46990c08649e77d9,5117bb34ee8c3fff26e1fd55630beeed016ba45c7438c5f688c50700cb5590e3
leftImg8bit/train/krefeld/krefeld_000000_013257_leftImg8bit.png,gtFine/train/krefeld/krefeld_000000_013257_gtFine_labelIds.png,0f781d8d123829a245b1f1f0328776527fae1d2aaa93909bf8e4d4c6ca1a398d,e6fb58317a8543164b3d3b4a722855cf56596f5804000ff2b88346e4d8574b51
leftImg8bit/train/krefeld/krefeld_000000_013766_leftImg8bit.png,gtFine/train/krefeld/krefeld_000000_013766_gtFine_labelIds.png,2b79a93c232bf4aba39310cfc27ec9a0529028741d523e6f4b9b6e0aee4c31ad,7fd5295cbc9a7cddb9b24a2625ba526f87fe65da5062b22955c4a3233d406afa
leftImg8bit/train/krefeld/krefeld_000000_014146_leftImg8bit.png,gtFine/train/krefeld/krefeld_000000_014146_gtFine_labelIds.png,dd6e2f6e75ae19ee4c5c3193460e18a5565feb043fca8099ae8506a4008c8695,f83dd37894a3f373a1e3a0d5918892c11d74169e238308b9c2bc2482f07f72aa
leftImg8bit/train/krefeld/krefeld_000000_014673_leftImg8bit.png,gtFine/train/krefeld/krefeld_000000_014673_gtFine_labelIds.png,b427cd7801f5a03dd6ea3aa0f57d94926dc9fbecb0ee93acdecefbd9dbce419b,4c9897e5fdc75ae2b8a8ac4edda422bbc4bb66b1b0890fb22d367cb2864279d9
leftImg8bit/train/krefeld/krefeld_000000_014886_leftImg8bit.png,gtFine/train/krefeld/krefeld_000000_014886_gtFine_labelIds.png,84e16cdc823246402390b2720be225b90dced8f8765fdffb8c381e1d1fc0f973,7db0278b3c191c727fb3b5a940c4c4fc6cfb96b80f0ee68d3948dd7ed90e3df5
leftImg8bit/train/krefeld/krefeld_000000_015116_leftImg8bit.png,gtFine/train/krefeld/krefeld_000000_015116_gtFine_labelIds.png,fa86163bfac14d69fd710fdea7d3f4f61b1ae90031502973906c2a27334c7e58,5719d2b6689879c9b95a9998247cd04b64691a4ae666e737d70d339d106a9a40
leftImg8bit/train/krefeld/krefeld_000000_015494_leftImg8bit.png,gtFine/train/krefeld/krefeld_000000_015494_gtFine_labelIds.png,d078491b8ec9bb39c00e3065f1810211564b75acc9a3079c67195d6dd8d5bbe5,fcdebdbdb283934cc1a2b079b70907d6d1d6be36cf21da855313084e169ce181
leftImg8bit/train/krefeld/krefeld_000000_015687_leftImg8bit.png,gtFine/train/krefeld/krefeld_000000_015687_gtFine_labelIds.png,30979091fb06295e2cd4e4bd69c219e13c34e6fa262ab89da386d3a9423d1547,4558c6e6ae0651f2fdd7f00a87b4384848577998bf78c510c30be97b7b42a66b
leftImg8bit/train/krefeld/krefeld_000000_015868_leftImg8bit.png,gtFine/train/krefeld/krefeld_000000_015868_gtFine_labelIds.png,37914c461503812027b264a0180a23f67b5e5682bcc3bd743e2c080abb585f27,001e2982a064d8ea20f27e8e24bd161759174d2af2b5e2286e502ee8a664865f
leftImg8bit/train/krefeld/krefeld_000000_016342_leftImg8bit.png,gtFine/train/krefeld/krefeld_000000_016342_gtFine_labelIds.png,7b4c4c8155a29a50353f810ed900939e3f135e46152c60fe1859d9bf2b42b398,333f88fb4ff8b1afb4717a03e9ac196a71727a37c6b4dc45e82b08ed05eb806b
leftImg8bit/train/krefeld/krefeld_000000_016863_leftImg8bit.png,gtFine/train/krefeld/krefeld_000000_016863_gtFine_labelIds.png,fcdc07bf28d47cf7080bcc536d85791c8160c54592e86659dc2088f7389985f6,7849808f49b64baa9176dca59efc19e48040a1d2b3a87bf267ad7190ce20077b
leftImg8bit/train/krefeld/krefeld_000000_017042_leftImg8bit.png,gtFine/train/krefeld/krefeld_000000_017042_gtFine_labelIds.png,5ecd0c2cc8196e38d44dfa5b08b6ee6f5d3640f9b2791f63a0fd9d1229f08b47,ff8cbdf0617c0b3e9999c45177f90feb54731ceabf0eee1d6058657587f0e497
leftImg8bit/train/krefeld/krefeld_000000_017342_leftImg8bit.png,gtFine/train/krefeld/krefeld_000000_017342_gtFine_labelIds.png,bef4e677f1bef5e6ccc881cd83e79eeec821f03e2cda4c600ce99eb8345cbeeb,555e13917bdc6540a3c2fe38874821ed3ace8963db0904c63fa2bd856058ee61
leftImg8bit/train/krefeld/krefeld_000000_017489_leftImg8bit.png,gtFine/train/krefeld/krefeld_000000_017489_gtFine_labelIds.png,dc0ee4a4694f6c7dd066f6bf520253271495f7cb8d37e872779c88398a0a6d9e,49bbc35027e257ec97372709bb9e6111d9a16c0a3823b983e04170063dae8035
leftImg8bit/train/krefeld/krefeld_000000_018004_leftImg8bit.png,gtFine/train/krefeld/krefeld_000000_018004_gtFine_labelIds.png,6471a850e1133b13a35c9aa7c41d4191190e6a24eb84037668c59ef215a4b63d,faa06cdba8de0aa762a0074af11ad71b4ae49b0c31f3d07d4cf14e410f0a2bb2
leftImg8bit/train/krefeld/krefeld_000000_018514_leftImg8bit.png,gtFine/train/krefeld/krefeld_000000_018514_gtFine_labelIds.png,236648746b7f60ebc7f1f80eab6a9a887bb6c1a5810331ed63f70879d0756b53,a7e9686be2ad0d1c9483a67a9608f5db1bc5a00030fabf63e6b10e333e0ccc7c
leftImg8bit/train/krefeld/krefeld_000000_018747_leftImg8bit.png,gtFine/train/krefeld/krefeld_000000_018747_gtFine_labelIds.png,b9e971e1672d443182ecf725fb6b7647353aa41741d11cdcc106a21c214f8b3b,29740b7446f665e76c4d144a0a0796a9adeb928bbbe5a1cc88acb6a9252aee15
leftImg8bit/train/krefeld/krefeld_000000_018866_leftImg8bit.png,gtFine/train/krefeld/krefeld_000000_018866_gtFine_labelIds.png,c8494077f00186ab2134c584958e39ae63976d7c27bedb19451065a2aa1997a1,e1a9ebd8ae2315b8a4187f2b8d7d294051dc7b64eb7d99a1acb567547a8d2b53
leftImg8bit/train/krefeld/krefeld_000000_019125_leftImg8bit.png,gtFine/train/krefeld/krefeld_000000_019125_gtFine_labelIds.png,cdb845e4050b8786b1930a4c31eaf1d94553cfcd00c8624849714c90abd834a1,88e2d30d7eec2e71e1db317a88412a9e60653365835ad606384cbb298967944f
leftImg8bit/train/krefeld/krefeld_000000_019697_leftImg8bit.png,gtFine/train/krefeld/krefeld_000000_019697_gtFine_labelIds.png,dc46c9a6b383bc07ccc1bb6c029160cfd6b911690e9a7c66c9f315664676238c,ce754cdb1bcf13816ebe8321e44e6fd22e639261fd44445148df993bec44b7cd
leftImg8bit/train/krefeld/krefeld_000000_019791_leftImg8bit.png,gtFine/train/krefeld/krefeld_000000_019791_gtFine_labelIds.png,b076c5e0ade49a316e41f667802b6899e8d990731abec9822e5491e2597382e4,6650a0bdd798e343c3ccdac286fc23df1db7384e6d743be43a0016fae8ed712f
leftImg8bit/train/krefeld/krefeld_000000_020033_leftImg8bit.png,gtFine/train/krefeld/krefeld_000000_020033_gtFine_labelIds.png,ea1543deba8104367f43257b39c14cfe1aa73f5eb6e858738416f3ee61b99525,9f70574b10578f682aa7616ad6f4670c862defb9a7fe06d04df880459a47a3bf
leftImg8bit/train/krefeld/krefeld_000000_020334_leftImg8bit.png,gtFine/train/krefeld/krefeld_000000_020334_gtFine_labelIds.png,13b974f1c6c740b44fbf15354aff8a9ea71d2ff083575f86ede308dafd03ac6f,0a753b81c1cf286ef2c107085fc5ceb40bccfc4cb31bb55b53f72a2c52fcdbaf
leftImg8bit/train/krefeld/krefeld_000000_020624_leftImg8bit.png,gtFine/train/krefeld/krefeld_000000_020624_gtFine_labelIds.png,31ed291155a1ab29afb3e5cba71de208d671858a7c2f840639a1bbcbabe4edde,f2b0b7e4bf4d3a245596ff4937442cd0fb020215a914696351afe651490e18c0
leftImg8bit/train/krefeld/krefeld_000000_020873_leftImg8bit.png,gtFine/train/krefeld/krefeld_000000_020873_gtFine_labelIds.png,e8b9351aa79299ab047e706df1f44800f5a4628a8fc5715c28a98d870b450f08,3fbe5fd4c74a118c576644331f1e7bbde8949199b200b6853e2131387bff9fa8
leftImg8bit/train/krefeld/krefeld_000000_020933_leftImg8bit.png,gtFine/train/krefeld/krefeld_000000_020933_gtFine_labelIds.png,cf2ec6dc47e335dcab570c6f8465d6abe2153149b311e540c3d2ca448916bc19,0d2c31e801e34f3d9a0db716436c6c2dd69df5c2f58b47a2f5a0b4dc37e1a394
leftImg8bit/train/krefeld/krefeld_000000_021000_leftImg8bit.png,gtFine/train/krefeld/krefeld_000000_021000_gtFine_labelIds.png,ff1a032d3e35dd7649fbfeebf27a66304a47b6f7cee2888066c52231ba000818,fa6fa5b18f0ce5333aad6a68c06396c1d3c7dfd65ed919d8147de064b005c7a9
leftImg8bit/train/krefeld/krefeld_000000_021222_leftImg8bit.png,gtFine/train/krefeld/krefeld_000000_021222_gtFine_labelIds.png,ffe8972a8cfb0edc8d28240753b69dabe5073c202f6b5ce26935cfd6282c91de,03a79efc68b310449bfa8648b1d6581e71a59df2493bd30a887d2f995d96e2cb
leftImg8bit/train/krefeld/krefeld_000000_021553_leftImg8bit.png,gtFine/train/krefeld/krefeld_000000_021553_gtFine_labelIds.png,89fc17985a490248bf95ad2ad4b86fe233cd35cc9362a9de19d33737b2a79b0f,227233d8606dd4b81fd274e211f9762eb760e2c94cb0d7ac96971ca938a38fbb
leftImg8bit/train/krefeld/krefeld_000000_021814_leftImg8bit.png,gtFine/train/krefeld/krefeld_000000_021814_gtFine_labelIds.png,fc90cdddbbc73c9c491f850fa09009e047c4385b686fa74c36f0c471746a0be2,d630135eaffbd74627205f47741458270f74000c26f3ee531ce571da642b9f52
leftImg8bit/train/krefeld/krefeld_000000_022162_leftImg8bit.png,gtFine/train/krefeld/krefeld_000000_022162_gtFine_labelIds.png,cd8bf126054edfe01c90f1ed432fa3bf4688256bec1fc5de9466ccee593c5e9f,565dcb93073fc80b2c55c3f6b42f0918d9546fa123668b1aa9f72c1672e71dc6
leftImg8bit/train/krefeld/krefeld_000000_023143_leftImg8bit.png,gtFine/train/krefeld/krefeld_000000_023143_gtFine_labelIds.png,a91aa58247f80691d8029f22dbf3f9586002d55606f53352fb65a19c613eda61,d94219ead2d335b002c6c4f23b86f716ce96d05d5f574e6a8e318d4df844fa99
leftImg8bit/train/krefeld/krefeld_000000_023338_leftImg8bit.png,gtFine/train/krefeld/krefeld_000000_023338_gtFine_labelIds.png,0988440b2b2857d32ecb8d6aadc81acc16b109dbf4a9681c832fe3401e37a735,2b27316d582732e7560a3118c3bd6d2e4ba1faf6807a72a97f3b3dca0c218c47
leftImg8bit/train/krefeld/krefeld_000000_023510_leftImg8bit.png,gtFine/train/krefeld/krefeld_000000_023510_gtFine_labelIds.png,3433a961f3139d12b0579993da251d229a1c4f9903c0d055770ce7b28a36596f,c29cc24ea3596614573896b660c813853a743312dcdbaefabaa5ac3f5c07cb80
leftImg8bit/train/krefeld/krefeld_000000_023698_leftImg8bit.png,gtFine/train/krefeld/krefeld_000000_023698_gtFine_labelIds.png,a7e31eee3416243c40241dcc61b561a4d3fee2f24dfb122bac3d35af9b64bc5e,97c1e7bc331a230e9a2627fc162e5d6e0be5698eb2d669a3441e007267670b23
leftImg8bit/train/krefeld/krefeld_000000_024276_leftImg8bit.png,gtFine/train/krefeld/krefeld_000000_024276_gtFine_labelIds.png,bea333e7cb9dfdb370ef2873fef169f8677e1e4a9136e8729b4df42e7f587b10,33e76be104f3a1399561d748b384bdf7238413ec40a00d18956f2b18cd768e0a
leftImg8bit/train/krefeld/krefeld_000000_024362_leftImg8bit.png,gtFine/train/krefeld/krefeld_000000_024362_gtFine_labelIds.png,49732bfd649c1e789ccfb60b44068bfb170550a43e8818e4ed89b4417f57420a,b3f4a05bbeceb1e37246f95850f7428c8794e7e040238c0f87e5cc9f3276caab
leftImg8bit/train/krefeld/krefeld_000000_024604_leftImg8bit.png,gtFine/train/krefeld/krefeld_000000_024604_gtFine_labelIds.png,444f020461f948347b120750546be689d1329353604a475fdb2b1ad7e37cca00,1f8a1a503fcb806adfd3494247238b9bcbc2192416189e7c58d8401127708896
leftImg8bit/train/krefeld/krefeld_000000_024921_leftImg8bit.png,gtFine/train/krefeld/krefeld_000000_024921_gtFine_labelIds.png,3c3444c283025cddfd6f314324acbf4a6e3cc574d9c863d11b5b66b122c58d80,4c46e4dc36632450ea618dae174fa89d0fa25aef9f0fc21c7b9efdf5a501b0c4
leftImg8bit/train/krefeld/krefeld_000000_025434_leftImg8bit.png,gtFine/train/krefeld/krefeld_000000_025434_gtFine_labelIds.png,506cb647f1edb285e9b2473ed2f28889ee478047ea336861feff680cbad77249,5396d55c14d43858321cdc3ac9c000a0bf667e37fc0d773ef6eaff56d805c100
leftImg8bit/train/krefeld/krefeld_000000_025812_leftImg8bit.png,gtFine/train/krefeld/krefeld_000000_025812_gtFine_labelIds.png,92bcd01016793ce676afcafdd27e94b14d4ba72f3e749d9ddba72ff9a8c20d85,ff3e216b4248cc2c8df46a40fedd3794627aaf3d29ef5b99e6482ce673bdcfee
leftImg8bit/train/krefeld/krefeld_000000_026269_leftImg8bit.png,gtFine/train/krefeld/krefeld_000000_026269_gtFine_labelIds.png,1543bb7f83e6777f723a2d50040ecda63d59b14d00fb4ff913d41b23c8432944,5c5b16b696c3828845b0c9cb940f63936f1503348d61d8595e94c3afab47db12
leftImg8bit/train/krefeld/krefeld_000000_026580_leftImg8bit.png,gtFine/train/krefeld/krefeld_000000_026580_gtFine_labelIds.png,fa1f0ff796fcdb1e67ba64ebdd2e36e40f07a26e0664a33a81416fcfd4ff2e50,dfe718a4c4f9640781f5d5fbedf74bd1e0faa0bf6f1d301e431fa50e17f57d13
leftImg8bit/train/krefeld/krefeld_000000_026919_leftImg8bit.png,gtFine/train/krefeld/krefeld_000000_026919_gtFine_labelIds.png,c5367341e1886779f917bab91eb53b885f6d6dbfa46881d41d4f93613e5a23e4,6473dba3c21113ce4eb1207bc1ffa35f6b28643794622b737ca9c70a95a3e45f
leftImg8bit/train/krefeld/krefeld_000000_027075_leftImg8bit.png,gtFine/train/krefeld/krefeld_000000_027075_gtFine_labelIds.png,dcd1f2125d708e337743d855cebc1797da2837732a5bead6f51dc484f5e46a27,f2a96f374059665f55bc5d3b843af91e5e4bab76d65098e0caf006fd399db7f1
leftImg8bit/train/krefeld/krefeld_000000_027596_leftImg8bit.png,gtFine/train/krefeld/krefeld_000000_027596_gtFine_labelIds.png,8339770fd033a92779d702a639121bd7224ce97482bb18cff5343f097fb95e5c,66f3a95086255eca3bc2267ce85a4220a2cc8788d125e10b162c358713d8f794
leftImg8bit/train/krefeld/krefeld_000000_027954_leftImg8bit.png,gtFine/train/krefeld/krefeld_000000_027954_gtFine_labelIds.png,89ebdc0271c9e2ff1107bdf3970bf7b8d084c39bac7214a882d768a578edfae8,7cf2eacfb807609b98115d9b9eacc847007ba993b1d7473410736a0e4f00ce38
leftImg8bit/train/krefeld/krefeld_000000_028378_leftImg8bit.png,gtFine/train/krefeld/krefeld_000000_028378_gtFine_labelIds.png,2a32dc76a8471328be2eb6d93dd1120faa73429cc86607aac906ccc4e8d55063,6b25851f6214926782aec6b81bfcd0b0085079a1edd3a361585eb3a52c0baf56
leftImg8bit/train/krefeld/krefeld_000000_028638_leftImg8bit.png,gtFine/train/krefeld/krefeld_000000_028638_gtFine_labelIds.png,d8383a2e6d63858c2c4ddf71f37dc9d86d98ac3107af0c5c67f8b62c39d3b359,e16ef9ae08a55142c08892953fc13fb6c07a03220a6176387b27fa9a02c05a42
leftImg8bit/train/krefeld/krefeld_000000_029050_leftImg8bit.png,gtFine/train/krefeld/krefeld_000000_029050_gtFine_labelIds.png,5dab2e131e72c733084fa5691b1f1fa35bb1c272403dab12bde3a42f3c152ea7,2a2f4f2dfeef5bb667a241fef30d707cebeb8f5ec61035270f336bc7f10d8d33
leftImg8bit/train/krefeld/krefeld_000000_029704_leftImg8bit.png,gtFine/train/krefeld/krefeld_000000_029704_gtFine_labelIds.png,b5fdc66ba4f400ea3bb959322567f1c61217fe2aa36afffa4394e3ab3949d7dd,06727f6f93b96d5714e718614f9d7e94c9a955e47ed04265ecca030cfb9eb07a
leftImg8bit/train/krefeld/krefeld_000000_030111_leftImg8bit.png,gtFine/train/krefeld/krefeld_000000_030111_gtFine_labelIds.png,4727af06088d63706904af8762f2ab1e3b74bfd082585fc99fc697a7e332ab19,5018e45508f24f24363658ab7b16e8650926d7574e55b957d3b73840e22e68af
leftImg8bit/train/krefeld/krefeld_000000_030221_leftImg8bit.png,gtFine/train/krefeld/krefeld_000000_030221_gtFine_labelIds.png,b2d1a3c22213e2f81a4ebca8eba3772a04b35116c3ee3caad418b0445ddd4693,4b920fbb9138b6f8d7f7c3094a09338d768c393ced8de3046c3018935c8bb35f
leftImg8bit/train/krefeld/krefeld_000000_030400_leftImg8bit.png,gtFine/train/krefeld/krefeld_000000_030400_gtFine_labelIds.png,f847f8f7104bfa32a869887540cf81ebe92c7b7dc13a878483a59e89ac213a56,0d32d04cf0eb2bd0195007b895d6ba2d3724ccdd2716cce5a8ea5238c0fb067f
leftImg8bit/train/krefeld/krefeld_000000_030560_leftImg8bit.png,gtFine/train/krefeld/krefeld_000000_030560_gtFine_labelIds.png,db1c0f5d4739afc23f0d2d7b9dbb13eff583de4a45104166849de82d69c73a7f,eff8d3cd96a5d78a71ffead692ad5901a50d008a7596819ea98b0c5d08db308f
leftImg8bit/train/krefeld/krefeld_000000_030701_leftImg8bit.png,gtFine/train/krefeld/krefeld_000000_030701_gtFine_labelIds.png,74f462b7bf55d9f140fd153894f757ea14386f70e256274e1bf750f9f11adfef,2db26f3a8db16db20615eda6835345928282763795d8437a3f50246763f91c31
leftImg8bit/train/krefeld/krefeld_000000_031257_leftImg8bit.png,gtFine/train/krefeld/krefeld_000000_031257_gtFine_labelIds.png,6fc8e8654d0b427c3e90615c9ad14f02474a1b939d9772ca53f39a293720972a,f63889be59c78070a48577ba56d490e00bd8f876da2c92f8b1ec5e66a772af99
leftImg8bit/train/krefeld/krefeld_000000_032390_leftImg8bit.png,gtFine/train/krefeld/krefeld_000000_032390_gtFine_labelIds.png,28d05d46253e6cc0c8345d99b9326fd255b644478ada8e4bf7d442c84ef98083,4c349c702b43f7011763428289e5b0d303359285b99918e0d654b36ae58c1f46
leftImg8bit/train/krefeld/krefeld_000000_032614_leftImg8bit.png,gtFine/train/krefeld/krefeld_000000_032614_gtFine_labelIds.png,61cbe26d561c781a5890773faf0cc9dc4f09a3800f37f7686687607bdda7fda2,ca954709509ccd4e0c593a8f79bf04f8dfb76c2c420db05fc4d905d934fa1f38
leftImg8bit/train/krefeld/krefeld_000000_032845_leftImg8bit.png,gtFine/train/krefeld/krefeld_000000_032845_gtFine_labelIds.png,891ae869df146f47558610e4f1897ed6645466129904b55b8e3848a17e7d2ae0,70483f98041c8a24f9deb9b7283d2990bfc8e39bbe24c2459cf690e5c8d824e6
leftImg8bit/train/krefeld/krefeld_000000_033478_leftImg8bit.png,gtFine/train/krefeld/krefeld_000000_033478_gtFine_labelIds.png,9c7c7bc4e274a289852aa55f19e7396ba2ba6f3fca22fd75c65d3920a9c20caf,ef5d19081a63a07054391774105315682fafbe7e555430d1188c287f4aebc284
leftImg8bit/train/krefeld/krefeld_000000_034156_leftImg8bit.png,gtFine/train/krefeld/krefeld_000000_034156_gtFine_labelIds.png,05b3ab8460ebad2bfdb2271fb8cb3f3a291f17f3da0471848a55f8502100cb1c,459927428c3eedd7b2578d5297acca4da8e09c6fb2cfddc1bdf51a23ea8117dd
leftImg8bit/train/krefeld/krefeld_000000_034231_leftImg8bit.png,gtFine/train/krefeld/krefeld_000000_034231_gtFine_labelIds.png,242f4abadeae53561559753dae91604f015a4a2a9dcfcfc22b4d104dafe0223d,3f2571b620d97c94c06598edc9c6972db62b78a3e474acf7ec7415b94cf9322a
leftImg8bit/train/krefeld/krefeld_000000_034389_leftImg8bit.png,gtFine/train/krefeld/krefeld_000000_034389_gtFine_labelIds.png,dec49ee16128b623f67d91f142a167991dca0f51c82288c23793012bc2fae10a,d571df1de619a651feffbb00620e0832f3a80caea7f207dc7f69aee71ca7b478
leftImg8bit/train/krefeld/krefeld_000000_034686_leftImg8bit.png,gtFine/train/krefeld/krefeld_000000_034686_gtFine_labelIds.png,0440bb54d20d53977c20e9d31ed316b4700a7dba294a2ae65ece84aed5f46df1,2f826f6136e03437fc7deceb8072545718b1465cf4e0b779700a9d05c321bb0a
leftImg8bit/train/krefeld/krefeld_000000_035124_leftImg8bit.png,gtFine/train/krefeld/krefeld_000000_035124_gtFine_labelIds.png,2c79a8793dec64da2238311f035cec7517a2c748ba2a63592a3e19041f9ee6ec,c793d9cee59434149106f85ee2156cf78ef6e4c34914188281a6e48c6b7b22a8
leftImg8bit/train/krefeld/krefeld_000000_035398_leftImg8bit.png,gtFine/train/krefeld/krefeld_000000_035398_gtFine_labelIds.png,1abe33c427947337109181dbbdea7f2e7df5da112d6e799e82e970ddfd76ea28,bf82f96b9da4c449b9bb9fc4dd16ebd7ba44183d5ef7c452657730ace6eadddc
leftImg8bit/train/krefeld/krefeld_000000_036299_leftImg8bit.png,gtFine/train/krefeld/krefeld_000000_036299_gtFine_labelIds.png,1d93310a2bf8cc0dfdece4b2f9be4ba6b4c51bc23a2c81019e355f0b2a8ae598,1da1dc2b6161f6c6e4175592e6363e89ec129da6bf13078b95d8c70dc06b9dc7
leftImg8bit/train/monchengladbach/monchengladbach_000000_000076_leftImg8bit.png,gtFine/train/monchengladbach/monchengladbach_000000_000076_gtFine_labelIds.png,565121c325aac23a5820acea7f513587950a6fccc69a3c880981fc47a69280a6,cc1b3ab76453cf65618676b40de0f96dbd695af675181f56ed4805953c13922c
leftImg8bit/train/monchengladbach/monchengladbach_000000_000383_leftImg8bit.png,gtFine/train/monchengladbach/monchengladbach_000000_000383_gtFine_labelIds.png,de2f2d2c0dbbd334be933513c27833d59d5310233a81721de68e0c78c4cf99ef,43bff9fbf3bdff6257301430a6c4abaa8afbd861204670974c88a683a8d1b3e3
leftImg8bit/train/monchengladbach/monchengladbach_000000_001068_leftImg8bit.png,gtFine/train/monchengladbach/monchengladbach_000000_001068_gtFine_labelIds.png,79b12a45b8333869d98858f3fc14d83ab7f2de57de6d8aed6ada10322523c335,2a3e7852e9bfd09eb0b4778fcab2d1be0b864ec4022750432b024db35b4f29b8
leftImg8bit/train/monchengladbach/monchengladbach_000000_001294_leftImg8bit.png,gtFine/train/monchengladbach/monchengladbach_000000_001294_gtFine_labelIds.png,3759b3fb677963cf8609afba5f698306b27a9978ae03cbf132144e229b8ffade,7d6db3eecd4ebd3d59d949ab5e008e585e9b9ecfb59015d106b416c20f3d045b
leftImg8bit/train/monchengladbach/monchengladbach_000000_002255_leftImg8bit.png,gtFine/train/monchengladbach/monchengladbach_000000_002255_gtFine_labelIds.png,f285ddd821eeb4e9a75b10cf0f9a2e1037923487614325238fced9282181cd8b,7ae44d9712cdca7bfca47137aaf354f35aa953caa672ce4182952426b1fae78e
leftImg8bit/train/monchengladbach/monchengladbach_000000_002478_leftImg8bit.png,gtFine/train/monchengladbach/monchengladbach_000000_002478_gtFine_labelIds.png,6941775ae116a5c4332ebbad50279856b6e7c9dbb884d7065f39fb4b80818ba9,c03012fcacecd40ae0ab842982f80848f8c407b2a412de1a6dd2cd3435134a30
leftImg8bit/train/monchengladbach/monchengladbach_000000_002972_leftImg8bit.png,gtFine/train/monchengladbach/monchengladbach_000000_002972_gtFine_labelIds.png,03e10cbb2c05a546cf5cd4ed5616ebf9e593d4c28bc107ab5a3c1ab370e98ead,ed8e4e06a6fff6a91cff812b7ae478c8c6f5129998d71db0b5e20e392f6b1357
leftImg8bit/train/monchengladbach/monchengladbach_000000_003442_leftImg8bit.png,gtFine/train/monchengladbach/monchengladbach_000000_003442_gtFine_labelIds.png,7947b071cfc641cf192cfd5cf55d2915ee1e45a629601418c47ef0abae0553fb,0631473c709599b7206b7ff4a160eacfb4c88188dda7bdb4d42c7eaeb6fa9f4b
leftImg8bit/train/monchengladbach/monchengladbach_000000_004580_leftImg8bit.png,gtFine/train/monchengladbach/monchengladbach_000000_004580_gtFine_labelIds.png,c7185a344155f73505ac41c37a9cd7bfeb6e0ae98d4a9e9e227b4a5ecc34b6f4,c70c177f665e117648559a3681390c5df23704b4c8c19e47da3d6fecaf19629e
leftImg8bit/train/monchengladbach/monchengladbach_000000_005138_leftImg8bit.png,gtFine/train/monchengladbach/monchengladbach_000000_005138_gtFine_labelIds.png,9037b5af777e29da71b6788f8c7c620bc947c4c3b6e1806451d46ab5a97fda0b,ef1adb9ab9bca2b51726ffc89a89a6d6d32290fc29446c08e9972e9e57c1050b
leftImg8bit/train/monchengladbach/monchengladbach_000000_005686_leftImg8bit.png,gtFine/train/monchengladbach/monchengladbach_000000_005686_gtFine_labelIds.png,a2d61749ffe6a9d85748d1caf821e85aca8aa8adb0c294a1705698516ee8c863,96bb3a6dd15c68e3596e8598c7ea96708739c33788192fee7c65d976e4108516
leftImg8bit/train/monchengladbach/monchengladbach_000000_005876_leftImg8bit.png,gtFine/train/monchengladbach/monchengladbach_000000_005876_gtFine_labelIds.png,aebf66bf33fa5c725800575b5c51f929665f34c5dd8c4b2c681332a0a44acfaa,ba9e95a6717a548f2f66a4024126d099d92e33be04d64bb295e866580d632fe6
leftImg8bit/train/monchengladbach/monchengladbach_000000_006169_leftImg8bit.png,gtFine/train/monchengladbach/monchengladbach_000000_006169_gtFine_labelIds.png,976d712d7bd182008cd20e688fd1c1d822935dd4d689dfdc921cbac95859f01d,4b8883ceb84fcc78b40072fdb5fbd2e0ad6b4945ae481d0ac08078d8f74488d5
leftImg8bit/train/monchengladbach/monchengladbach_000000_006518_leftImg8bit.png,gtFine/train/monchengladbach/monchengladbach_000000_006518_gtFine_labelIds.png,3718b1de90c60c8656efd51ba4c2c3210bcebb3f72edce8f0b7b0aac56cdcb64,8d1048788b263591781609a2ea79aa15323a4700e2f0f576fc8176e510887c9a
leftImg8bit/train/monchengladbach/monchengladbach_000000_007098_leftImg8bit.png,gtFine/train/monchengladbach/monchengladbach_000000_007098_gtFine_labelIds.png,0e01265ab4a8fb05f12758ead693701b033da3e21208a5c9c64776c60df85b39,8660c89ced494367141069641507751734104db75297f8f5d72fface365c2b76
leftImg8bit/train/monchengladbach/monchengladbach_000000_007695_leftImg8bit.png,gtFine/train/monchengladbach/monchengladbach_000000_007695_gtFine_labelIds.png,61d04d37a2d94a653cf444ac7b944b434861c891067ed59a66342f8763cba456,10c67fba7825c0cf3c4034edefadce3f2fd2b87d5ca3588b93a1405bcdf641b8
leftImg8bit/train/monchengladbach/monchengladbach_000000_007851_leftImg8bit.png,gtFine/train/monchengladbach/monchengladbach_000000_007851_gtFine_labelIds.png,e61ed478ceda5102154618eab27f8d45ca8ad7b880a58e7333fa3dc6fd03bab9,3c69ec5044652d51b80e8c302025981ca11615914f70ef3ad7a7b315e72fbe73
leftImg8bit/train/monchengladbach/monchengladbach_000000_009191_leftImg8bit.png,gtFine/train/monchengladbach/monchengladbach_000000_009191_gtFine_labelIds.png,c88e3dacb54396cc94186b925fb55bf3f906ea0912a2a7d7f70128bbab03e172,b1f0f3d75dc75999c48a3b1ed23e71590b9333eb6f01765a06a6bdce9af0e2b9
leftImg8bit/train/monchengladbach/monchengladbach_000000_009615_leftImg8bit.png,gtFine/train/monchengladbach/monchengladbach_000000_009615_gtFine_labelIds.png,817343b6f2e8dfea56c91fefa2f448bea415b4056ab5a41633862e8affeab132,b0a0d5fe14939664ca32811f99571b854eda60ee6974073c41903f89924dd62c
leftImg8bit/train/monchengladbach/monchengladbach_000000_009690_leftImg8bit.png,gtFine/train/monchengladbach/monchengladbach_000000_009690_gtFine_labelIds.png,4f7e2efec6b8d2e0c3fd2bff0362aeab3cdb60e5f4c21fa79fd34428d084bb80,abfc65be714d355aaf1319fa2a673b483d2c1cb2766b84bce1605054e614ed47
leftImg8bit/train/monchengladbach/monchengladbach_000000_009930_leftImg8bit.png,gtFine/train/monchengladbach/monchengladbach_000000_009930_gtFine_labelIds.png,57d1fa200ede7fcc53dfc8939b7c46dd3978ed1292ac138c21bfdc829101d03b,2b197a921d386bddfb77b9a8d0cc7aad139156c1b8d5d0867082cca4dc473754
leftImg8bit/train/monchengladbach/monchengladbach_000000_010280_leftImg8bit.png,gtFine/train/monchengladbach/monchengladbach_000000_010280_gtFine_labelIds.png,03a916fd8d37cb5e5524e2ba45af7ebea3a3af476dc8a70205664216954af377,20560ca6d7fe6d2960f00ab477e4e84445a601d8c4ec2b5e641713abb264a4e8
leftImg8bit/train/monchengladbach/monchengladbach_000000_010505_leftImg8bit.png,gtFine/train/monchengladbach/monchengladbach_000000_010505_gtFine_labelIds.png,fce0210e92563c6e8cc7580824674d5e9b220078bde66f78c0b5c021c297de34,2e2719803e88bdec816cd48c7bb8de69462b8cf1d029100ad2849d91d23b76e0
leftImg8bit/train/monchengladbach/monchengladbach_000000_010733_leftImg8bit.png,gtFine/train/monchengladbach/monchengladbach_000000_010733_gtFine_labelIds.png,60ff1d988675ff18c49c3732ce5bb79fbb89f75c3e6c258f0543bfc367b32fa7,8df1e8b17019fea4f69bdc6cdedb5667d1748105223ff078c58e342e7485e04f
leftImg8bit/train/monchengladbach/monchengladbach_000000_010860_leftImg8bit.png,gtFine/train/monchengladbach/monchengladbach_000000_010860_gtFine_labelIds.png,cbc338d03e679511c7aab54ea5175f82b8c1f6ed35f27c63a1ddf037f824ee44,08f2317f68853651842867d0666e930bb1f65dfb8506f3f3e728bebd60940e43
leftImg8bit/train/monchengladbach/monchengladbach_000000_011383_leftImg8bit.png,gtFine/train/monchengladbach/monchengladbach_000000_011383_gtFine_labelIds.png,b77dc24c286fbeb3f0ffaf7dc709d8691b3dd1311366942b92b14b8bf9859c0c,acc231b8298832f38951f7eea657d3ad76fad18df2e690ef84d0cb7ad5e6c9e7
leftImg8bit/train/monchengladbach/monchengladbach_000000_012376_leftImg8bit.png,gtFine/train/monchengladbach/monchengladbach_000000_012376_gtFine_labelIds.png,d052866e7e924d0545d687db120dd243cf1b1b3701f8752a99c848a183a669f6,6558f76a8b6db53ff6987dcd79ddd96ee54d54cb99c0402670652ee2d052ac6f
leftImg8bit/train/monchengladbach/monchengladbach_000000_012672_leftImg8bit.png,gtFine/train/monchengladbach/monchengladbach_000000_012672_gtFine_labelIds.png,c943596f792e93e261a9e5b5250acd0bd4b2e4b618bfa47215f6caf00083770f,0c8a0aca6001f83bd1dea549a97129ad2131992993165b279db4362752cba8fb
leftImg8bit/train/monchengladbach/monchengladbach_000000_013228_leftImg8bit.png,gtFine/train/monchengladbach/monchengladbach_000000_013228_gtFine_labelIds.png,dabccb8577721e5f585192756c649b80f88958c5705e4407214b5d7e832b958c,663a584c3df9a2014af2a47a2415717cd16020eb7ee174b88b7b5545c088a301
leftImg8bit/train/monchengladbach/monchengladbach_000000_013352_leftImg8bit.png,gtFine/train/monchengladbach/monchengladbach_000000_013352_gtFine_labelIds.png,5c3afd1bafc84fb2b26e21c3febaa3a2c4adfb47f12293ae8c7dec799080c628,f1d12a86da944104ac7b9fdfd2890299a511708b13045eb3907ef048d8e16657
leftImg8bit/train/monchengladbach/monchengladbach_000000_014685_leftImg8bit.png,gtFine/train/monchengladbach/monchengladbach_000000_014685_gtFine_labelIds.png,981b95004c13036d7bb996d1ac5fe283e6c075b236c58a80ee23e7a3d980466d,893b9f2d6b784cb62187309e17fefa825ee67dcb61aebe896026d250c2f4f5e7
leftImg8bit/train/monchengladbach/monchengladbach_000000_015126_leftImg8bit.png,gtFine/train/monchengladbach/monchengladbach_000000_015126_gtFine_labelIds.png,0907fb707e0b14decdcd61fef032e32c0996ffaabe74b1d30006a5a9aed637b8,fe10de2934862f5fc200163c2947fcfb5c85613e61cfc4f24617beb0c5ac20d3
leftImg8bit/train/monchengladbach/monchengladbach_000000_015561_leftImg8bit.png,gtFine/train/monchengladbach/monchengladbach_000000_015561_gtFine_labelIds.png,5d66ab57362365ba56006db27514bddc84e445d26b24288f7f173bf14bf53e85,9524de448bf3ad09566e59271beb0b6ead38301cb6b5b3c000b7c54353035da7
leftImg8bit/train/monchengladbach/monchengladbach_000000_015685_leftImg8bit.png,gtFine/train/monchengladbach/monchengladbach_000000_015685_gtFine_labelIds.png,1b9a3d6b06b2f8a50bfc1b1dbad7c06133afafe04487ec37d6dc20cd89bc92b0,b5c11b3c44346d264eb72e7b88d4c1c60cdf9b9a8388db51bbf237fb9641aa43
leftImg8bit/train/monchengladbach/monchengladbach_000000_015928_leftImg8bit.png,gtFine/train/monchengladbach/monchengladbach_000000_015928_gtFine_labelIds.png,d506ed7835d2823231089d01ddff1a440fd341345567e2fada3f6ec3eb1c92c9,647230873b00b1e3ff06c11f33fbfef68be2c2b22814297a2c5597b25104e57f
leftImg8bit/train/monchengladbach/monchengladbach_000000_017950_leftImg8bit.png,gtFine/train/monchengladbach/monchengladbach_000000_017950_gtFine_labelIds.png,485ee9522a141699b1e4673fc0b51f7bbfcf763c91d1bce659c9e38d0de8111b,b0a4ea3706447f1d845f3032ba9e2b4acf798df7b3271b8702c4abf367c26973
leftImg8bit/train/monchengladbach/monchengladbach_000000_018114_leftImg8bit.png,gtFine/train/monchengladbach/monchengladbach_000000_018114_gtFine_labelIds.png,d009f47f6deec9a43063a2c6863d14882bdb8b62a34aadc44ca4634c61fade0c,da1618023d2e9d8319b7464f16338d45b1bcbd1cfa241e63fad12090bc88fb48
leftImg8bit/train/monchengladbach/monchengladbach_000000_018294_leftImg8bit.png,gtFine/train/monchengladbach/monchengladbach_000000_018294_gtFine_labelIds.png,ebe016a143ce30f52fbf2efa2d0ba9beff496e9845e64d753ab40993a93cf528,20e20c2430f54f746b3d0dc2be94fb51fc05fe612d94d4a75e3d6f37fcbf6c29
leftImg8bit/train/monchengladbach/monchengladbach_000000_018445_leftImg8bit.png,gtFine/train/monchengladbach/monchengladbach_000000_018445_gtFine_labelIds.png,f70b0bfb1da035d2b7ccb0e58eac1a22d01d96b79cbdd70a5472f8447b332cf6,80853d51ded41cb4c50765e34c55c5b39d1592bb40620e9123ac3cf48f8555f4
leftImg8bit/train/monchengladbach/monchengladbach_000000_018575_leftImg8bit.png,gtFine/train/monchengladbach/monchengladbach_000000_018575_gtFine_labelIds.png,1dfa8fb84fcd88cda5ef554c0eda5f5be7ce202fb6d49cb135ae15e101ad51e1,da2fe814fa602f1e6549a4a677ded75ef24b515497c76420b677347f1b6f7bda
leftImg8bit/train/monchengladbach/monchengladbach_000000_018720_leftImg8bit.png,gtFine/train/monchengladbach/monchengladbach_000000_018720_gtFine_labelIds.png,0ff3ee9f29dc1bbbedc46ee0f27b2c12259816439001bd8c29bbbbc61e908983,ca5a1245987af67b1f652474f7bd1737d2fbae092ea7ee00687b72022b2f565c
leftImg8bit/train/monchengladbach/monchengladbach_000000_019142_leftImg8bit.png,gtFine/train/monchengladbach/monchengladbach_000000_019142_gtFine_labelIds.png,f33c07b53d95849644de571d175879d69d1fcd73c0746568b3c134d71c84178f,e03e89f9325f3e61b39bafa3ac28c08b7adbf1f5710e11d48ceb808335953055
leftImg8bit/train/monchengladbach/monchengladbach_000000_019500_leftImg8bit.png,gtFine/train/monchengladbach/monchengladbach_000000_019500_gtFine_labelIds.png,1fdf9e53a2f29088cbd0d4577ea7f335de145c81291e5095e5a8256ffc961ad3,bff11a189b3ab35dabc54b3d9121375e6b82acb8c0ccc9e821bfd6bf8b1ad270
leftImg8bit/train/monchengladbach/monchengladbach_000000_019682_leftImg8bit.png,gtFine/train/monchengladbach/monchengladbach_000000_019682_gtFine_labelIds.png,637afc1f58e36d25dbf776e615b5abdbf3e84e3e62f1b237ca077e9fc5fd5261,ec7ccab141a2d6a545fbe3528308bb3cb6d81ef2c439c3cd6fab48280b58010e
leftImg8bit/train/monchengladbach/monchengladbach_000000_019901_leftImg8bit.png,gtFine/train/monchengladbach/monchengladbach_000000_019901_gtFine_labelIds.png,9a5c1c49f398e79716c832b9af025b3b3d15e7fbaa4101acd989d124a8b276f5,28826f814c3bfef9e36a93eaced8809b725ca74293dbdba4e4bb5059c89db16b
leftImg8bit/train/monchengladbach/monchengladbach_000000_020303_leftImg8bit.png,gtFine/train/monchengladbach/monchengladbach_000000_020303_gtFine_labelIds.png,8c697d57cff8e06fa9835953546680569d9bd44935dcc6c6dd3e457f51a0164d,d6d7c3464de0b9dc0752b07030da44b88b59bf86e64796cbcc0d00944550842e
leftImg8bit/train/monchengladbach/monchengladbach_000000_020596_leftImg8bit.png,gtFine/train/monchengladbach/monchengladbach_000000_020596_gtFine_labelIds.png,2cf2c3324d072e4f488c2ca6112916f20bfa7d2ff62c0c9f33c93e18b4e32859,00b96a30933748bb42e33d471d71e127ed0dbfee45d4d4b88a859f243119e2be
leftImg8bit/train/monchengladbach/monchengladbach_000000_020856_leftImg8bit.png,gtFine/train/monchengladbach/monchengladbach_000000_020856_gtFine_labelIds.png,c754ffab3a22de7c3be6f3d511b1817ed8f0331c811fc49bb468bb30f4a3b4ca,63c9a95b9fa4a8b63ad4e2838714091bbf735415b213c19880ea03535634b9df
leftImg8bit/train/monchengladbach/monchengladbach_000000_021104_leftImg8bit.png,gtFine/train/monchengladbach/monchengladbach_000000_021104_gtFine_labelIds.png,3e71103d560461fea33e6181268ad1fbf0e5fbecbe4dad954a23230a3cdfc3a0,c7b15528a6dc30d4dfe13f628fe1b3b38d2e83e36d422db1051fa83fc8050ecb
leftImg8bit/train/monchengladbach/monchengladbach_000000_021663_leftImg8bit.png,gtFine/train/monchengladbach/monchengladbach_000000_021663_gtFine_labelIds.png,d10d3f8cd00f901f3b14da1abfc432ee07b6849a41ffe3526c839309c4eaf25c,c9de023968a62ad220d1b1045f9bfd4b62bf5b24218ea4ed4a1bdc9a7a62b740
leftImg8bit/train/monchengladbach/monchengladbach_000000_022361_leftImg8bit.png,gtFine/train/monchengladbach/monchengladbach_000000_022361_gtFine_labelIds.png,3df079efa73aef0bce31aa2085d7c818d08cbf592dfac21e152b959984471e44,08f5563038dd6f00d4b850fc05a3a19f383f22871e8ce545ba525f8a1ea68a8a
leftImg8bit/train/monchengladbach/monchengladbach_000000_022748_leftImg8bit.png,gtFine/train/monchengladbach/monchengladbach_000000_022748_gtFine_labelIds.png,2c444af6ccfb9822f026274bc4b54fb0a9091720851a0f77a4000565575240a5,8331a881ef0d37fd7185e636090fc9dc6acbbbcb5ead968194e7dbed4fd9226b
leftImg8bit/train/monchengladbach/monchengladbach_000000_023052_leftImg8bit.png,gtFine/train/monchengladbach/monchengladbach_000000_023052_gtFine_labelIds.png,7a605e6635f85da76cc80d200e2684bd7fd6e48a2e81790352223618e8544476,ed72765cfa9d16ab812e1fccb32fa551e01390ab28c2c2459856fcce74416364
leftImg8bit/train/monchengladbach/monchengladbach_000000_023375_leftImg8bit.png,gtFine/train/monchengladbach/monchengladbach_000000_023375_gtFine_labelIds.png,85b7f43a7ff8fc0c4de092f619452dfb8892404a08d7f4e562ee46e573a3a63b,71feefa3e8e1032d23ffb98fe2771d7fede700e9ca96dd1ac5d9ee78ecbcef71
leftImg8bit/train/monchengladbach/monchengladbach_000000_023489_leftImg8bit.png,gtFine/train/monchengladbach/monchengladbach_000000_023489_gtFine_labelIds.png,cddf3a671dd00127852aad701a88036a685ec8cd469aa382187b07f432696923,514cb080aabf2cfb997f852821a9fb6db1dae365ee3b0d2637a13374b304b4b2
leftImg8bit/train/monchengladbach/monchengladbach_000000_023856_leftImg8bit.png,gtFine/train/monchengladbach/monchengladbach_000000_023856_gtFine_labelIds.png,8f48bfd46efc7d436d347e2d6f15d90a97a58cda5a6b07c86faf31cedd759fef,e854b220d6acb5b8a09d02436828a9f37084b499ee8cbaf9aa1b339dd1c0d06d
leftImg8bit/train/monchengladbach/monchengladbach_000000_024243_leftImg8bit.png,gtFine/train/monchengladbach/monchengladbach_000000_024243_gtFine_labelIds.png,07320cb65510c27ea1f637e5a08a82bf23e11651c2b7809e3f10230bdd0feabc,034e7926e252fa5615c056e5a823950e994bfc03106edecca798b790c367d72f
leftImg8bit/train/monchengladbach/monchengladbach_000000_024637_leftImg8bit.png,gtFine/train/monchengladbach/monchengladbach_000000_024637_gtFine_labelIds.png,571f300254717bcd6e2c7346fe9b1bd545038429cab769c41e9e19318821cf3e,bbe6f02bc4df2e31b88e7bce9d465f07f6f55f315d3f9afd92ef6ad465c5acc5
leftImg8bit/train/monchengladbach/monchengladbach_000000_024964_leftImg8bit.png,gtFine/train/monchengladbach/monchengladbach_000000_024964_gtFine_labelIds.png,e6a9e5118068ee8f869cf22fe5e0bc161a6a6223c421c4cf4485d40ce01efb24,87e31821bd2c8fed17d4a1061f5835e65362afda62bb8210fe0c5f76403cd9f6
leftImg8bit/train/monchengladbach/monchengladbach_000000_025215_leftImg8bit.png,gtFine/train/monchengladbach/monchengladbach_000000_025215_gtFine_labelIds.png,eec85d30923e9c0b7bbbb9b743ccaa553c73822aa0ca0c52a2fe462903968a6c,ad210a5933284b83d64dfa9d1dca924aba3f40ff610fc1bef24e5d4d1c2f6e1c
leftImg8bit/train/monchengladbach/monchengladbach_000000_026006_leftImg8bit.png,gtFine/train/monchengladbach/monchengladbach_000000_026006_gtFine_labelIds.png,3ff234fd73634d4d07c4ed54a67810080b45a5b2af6ee7408de808fc6bce80ef,0cdbf1932d142729bfb46b9e65d70dbd05ba98e12ac09dee4851ff7fe73b7a51
leftImg8bit/train/monchengladbach/monchengladbach_000000_026305_leftImg8bit.png,gtFine/train/monchengladbach/monchengladbach_000000_026305_gtFine_labelIds.png,f45acdb54b8fa801b6f13a36f4c94056e4482cfab0c91b013598f41e065f4b60,008c48a0ba03efe4be344e8db8206fc2fef7fffa6102bc506c5bdfb80337f60f
leftImg8bit/train/monchengladbach/monchengladbach_000000_026602_leftImg8bit.png,gtFine/train/monchengladbach/monchengladbach_000000_026602_gtFine_labelIds.png,09a0118473c72c0a8c2ac2194c0a893cd1ab2b45e16cb7159d4f0fa362bab1c4,b5e0250ff89f427d83ee232eb422710c948695ab23cff486b3bedac2edb6dad4
leftImg8bit/train/monchengladbach/monchengladbach_000000_026908_leftImg8bit.png,gtFine/train/monchengladbach/monchengladbach_000000_026908_gtFine_labelIds.png,9dd6d34b99fd95e01c7fa9df6c3ee2bc7565398b23e19b93e224a59d35703c97,33ccb2ce114c63c40dc8cdcd6bc6b3c278839a7c12b5e82d090fd2cf9b6e9cdf
leftImg8bit/train/monchengladbach/monchengladbach_000000_027628_leftImg8bit.png,gtFine/train/monchengladbach/monchengladbach_000000_027628_gtFine_labelIds.png,02e472c15360188dfe10c4cb29115dd939b5f14545282428b38a721813c8976d,d35fe8373fa43af543e0f3e3e1c3c65685ace48413f60764339013a21dbf34de
leftImg8bit/train/monchengladbach/monchengladbach_000000_028216_leftImg8bit.png,gtFine/train/monchengladbach/monchengladbach_000000_028216_gtFine_labelIds.png,5b82dea1c5bd58a91af81dfa0bb06505372a0439cddc264cbeda1f047329de8d,25e5be589070402249bccbbf8f80982e5014e1b7f507a8dbbd5a73273adf5747
leftImg8bit/train/monchengladbach/monchengladbach_000000_028563_leftImg8bit.png,gtFine/train/monchengladbach/monchengladbach_000000_028563_gtFine_labelIds.png,5898f8acde57f182aaef120dc43cb181014e274aabb2913d9be6b696d2d2409e,327dac1524cd6224c440e958583a5a3447904b7011a4517f166b64ccbef92f3f
leftImg8bit/train/monchengladbach/monchengladbach_000000_028883_leftImg8bit.png,gtFine/train/monchengladbach/monchengladbach_000000_028883_gtFine_labelIds.png,21c8f8d1af366f08b4be75f1742f99ef42cfd3e5bb5272c9e1763681ed2b494f,12b89e1da05b60912dbe8a37495ee0236b2284d4173415b81665ff8cf67a5995
leftImg8bit/train/monchengladbach/monchengladbach_000000_029240_leftImg8bit.png,gtFine/train/monchengladbach/monchengladbach_000000_029240_gtFine_labelIds.png,4141fdbfff90835afab983e727a05b2edd4ea1a977f52baf4444fdc52c6c6268,6294d0ba41bb0b8ad529f7b15eb2e30de7ddfdf98a110121027cb2b480a0da05
leftImg8bit/train/monchengladbach/monchengladbach_000000_029526_leftImg8bit.png,gtFine/train/monchengladbach/monchengladbach_000000_029526_gtFine_labelIds.png,70cf1c044d2bcb9de667be6fa6fd0c30bd3e7097c691c6fe093442d28bee0bb6,23eee49a1ff838cc7095c7bb168a831831f7e6b6048804e87ea57ec4fda2a139
leftImg8bit/train/monchengladbach/monchengladbach_000000_030010_leftImg8bit.png,gtFine/train/monchengladbach/monchengladbach_000000_030010_gtFine_labelIds.png,57e4602c68f9240b9a43079156cf6017df07ae957537d64429a5d226309c8fef,253f93988446a20aca746c2e1af9ff7b5abd23d250f3cb9ab25d5f0e959e2d1f
leftImg8bit/train/monchengladbach/monchengladbach_000000_030662_leftImg8bit.png,gtFine/train/monchengladbach/monchengladbach_000000_030662_gtFine_labelIds.png,cf0a56ec69e7fad889b3ff12e1eb426d5689a2f3c8aafcdef197e4c790875a8a,f948dee255d4e4602445a3f1c96d7af7a1acfc2c18180b9d8ec03dee42998fe8
leftImg8bit/train/monchengladbach/monchengladbach_000000_031005_leftImg8bit.png,gtFine/train/monchengladbach/monchengladbach_000000_031005_gtFine_labelIds.png,78e36d2ac5ea848ca78af3b9e32b700cc5a86ba5348f8db6c0bc8f695f3a918e,de47709647deee3b4f1b1395f1e80ce5ee843f9e897269c276005f761c8dbb15
leftImg8bit/train/monchengladbach/monchengladbach_000000_031360_leftImg8bit.png,gtFine/train/monchengladbach/monchengladbach_000000_031360_gtFine_labelIds.png,a7fff4c9b5ae65c01b568cb9623db88a6288b48801cc9e229a06e07752621eb3,510f33e5586ac9766c01957246a2a16fbb8a7ff968c74d0eaa6645f64d4ded83
leftImg8bit/train/monchengladbach/monchengladbach_000000_031623_leftImg8bit.png,gtFine/train/monchengladbach/monchengladbach_000000_031623_gtFine_labelIds.png,c1527307b6deed90af034bbe1afdd956c4a2e565aeafc58f28c514bf153dec45,2e6faa867e93da299685187d5c1b50260bef81a3400ccdad2e8e3f6b333cfd71
leftImg8bit/train/monchengladbach/monchengladbach_000000_032540_leftImg8bit.png,gtFine/train/monchengladbach/monchengladbach_000000_032540_gtFine_labelIds.png,8d1aec300234fd9f0b6954d098e457d81d8a395e796b5141b3fab6c059b90664,aa3278a4376bb1de9a6de3a912deba4310d17ebcba518c946e23b8bf2da38db4
leftImg8bit/train/monchengladbach/monchengladbach_000000_033454_leftImg8bit.png,gtFine/train/monchengladbach/monchengladbach_000000_033454_gtFine_labelIds.png,ce862fe3dd6f59602d48ef6e2bafcfe7cdfc8f5c70f084468e73c38bb8acbe3c,14a4743dc5a9a995476df8204304bebb0156bc5e22c8955ac136b35175785f99
leftImg8bit/train/monchengladbach/monchengladbach_000000_033683_leftImg8bit.png,gtFine/train/monchengladbach/monchengladbach_000000_033683_gtFine_labelIds.png,85f76582e61d4a18e5aad4889a01fab6275671db0e5953c8ed3c4d942e35e60f,079f3f2485fcd2295e2e562882aaabb33163b113af91a2b95232a040de1bccbc
leftImg8bit/train/monchengladbach/monchengladbach_000000_034302_leftImg8bit.png,gtFine/train/monchengladbach/monchengladbach_000000_034302_gtFine_labelIds.png,78d5147500c8052445590627807dc14bc97944782ff9a4e8cc4a2f2a415c03e1,9f093eb2af3995ef952583cce32df8ac42a57cbdaadb3ac6589aba344c4c3d08
leftImg8bit/train/monchengladbach/monchengladbach_000000_034621_leftImg8bit.png,gtFine/train/monchengladbach/monchengladbach_000000_034621_gtFine_labelIds.png,2db2422ac90d093ffdce9175d14249ecf3591cebd9e0ec6910dd6518bb3202ce,c781233d02391cabd37456c6ef76637e0da8c69cb0d43da1128947a37629e97e
leftImg8bit/train/monchengladbach/monchengladbach_000000_034930_leftImg8bit.png,gtFine/train/monchengladbach/monchengladbach_000000_034930_gtFine_labelIds.png,c485cb2e9aa1bfc18c49ceb84647c5dd9fac51821d531bae92722a401e3e9309,957a8dc0559c49bb0737ecb13689171e64c6f6882a761290df10ad8bab8b5568
leftImg8bit/train/monchengladbach/monchengladbach_000000_035083_leftImg8bit.png,gtFine/train/monchengladbach/monchengladbach_000000_035083_gtFine_labelIds.png,6f73dab43667f5bbe1062c214b00ce79dc9a2a25478761c26f67748300ce3c3c,e0972a21b7ffe2bcf07a24992a969f03bda2163ddfb9e7a86a6c01cfb1fe0c38
leftImg8bit/train/monchengladbach/monchengladbach_000000_035364_leftImg8bit.png,gtFine/train/monchengladbach/monchengladbach_000000_035364_gtFine_labelIds.png,cc07cbbcce59f59617a54148793740b7becf42dc1a99ea12b596d0c0005caf27,a03b2ee10d7ceaa5514ee7bb37e7eba7315b0bfee9a21c37e4da280442f2566f
leftImg8bit/train/monchengladbach/monchengladbach_000000_035650_leftImg8bit.png,gtFine/train/monchengladbach/monchengladbach_000000_035650_gtFine_labelIds.png,db893e00fb9eff5464672e817bc620bdcf913b052bea2b2c2d1f579d77af4f87,7b714fe15436a49767b8cc174f1d2ec84ea5fd80e62027c433d6fa9deb6f28ce
leftImg8bit/train/monchengladbach/monchengladbach_000000_035718_leftImg8bit.png,gtFine/train/monchengladbach/monchengladbach_000000_035718_gtFine_labelIds.png,77ec282abf04c6a3a52a8f2391fde88cced4397e36cea554f313052fbf369191,221f996ff3bae339273530cae37760a285ec83c2272f2e59cb95eb1b2a9b11af
leftImg8bit/train/monchengladbach/monchengladbach_000000_036139_leftImg8bit.png,gtFine/train/monchengladbach/monchengladbach_000000_036139_gtFine_labelIds.png,220ec89627420dd4c1f1ace7e5d5818466432fe4db137834bc179be41f23ec2c,9c5084a13e708a6b16eae56ff54dca15ee1217cdfee66b41f46365d6ac39e73e
leftImg8bit/train/monchengladbach/monchengladbach_000001_000054_leftImg8bit.png,gtFine/train/monchengladbach/monchengladbach_000001_000054_gtFine_labelIds.png,adb66e7e2ba0d29053999ea58237732b897195291ec763802d4fa7c9e3b72c3d,0bfa4db86a00660b1cfa8d9eea3c5a92db50fb59afbce97cfde995614a674d05
leftImg8bit/train/monchengladbach/monchengladbach_000001_000168_leftImg8bit.png,gtFine/train/monchengladbach/monchengladbach_000001_000168_gtFine_labelIds.png,84d00ba8ed6d433669e088dcc5d6b07af8dd23d305177bb48075a363e22892d0,8af074543ba40a8aca5b7d618dca342293498381b0baf883e8a08c49115909d5
leftImg8bit/train/monchengladbach/monchengladbach_000001_000537_leftImg8bit.png,gtFine/train/monchengladbach/monchengladbach_000001_000537_gtFine_labelIds.png,5f381aaf0deb73023f857005394026fc31283d845454fff8fa1c0dae20a60f99,4e996e07d8d0a3f110dbd97e824541c79e059164a48b0ec8e1318ecbe54bc400
leftImg8bit/train/monchengladbach/monchengladbach_000001_000876_leftImg8bit.png,gtFine/train/monchengladbach/monchengladbach_000001_000876_gtFine_labelIds.png,b85f06ad1f455c3ab0877bc06a748cec7719798245657cef9980777a2efb2d60,5d5e5ebaf0b3c2cbd85bc973a4b70e4ab0313f46d2c254f3b8b1227b6764fc58
leftImg8bit/train/monchengladbach/monchengladbach_000001_001531_leftImg8bit.png,gtFine/train/monchengladbach/monchengladbach_000001_001531_gtFine_labelIds.png,3b829fc75bb1257d04846989ffe298f9f9856248d2957abc80176946ac36dc37,adb039e22956719a51f9b69ad93e9f3a8aaef2d1a09935e1f26d3706e3db5131
leftImg8bit/train/monchengladbach/monchengladbach_000001_001936_leftImg8bit.png,gtFine/train/monchengladbach/monchengladbach_000001_001936_gtFine_labelIds.png,16b4605fe5500fbe4e2437ae80f5496f5edd1833e7ef0e3fdaf0de203107815a,5436862fae065d59b097eb88836cfbe582e03ead4a1c52b78eb5ea45d4905e0f
leftImg8bit/train/monchengladbach/monchengladbach_000001_002229_leftImg8bit.png,gtFine/train/monchengladbach/monchengladbach_000001_002229_gtFine_labelIds.png,ae0018003a576fc3677380b58fdb7de636db1139d95889ac987b11164e0f0850,2073324eda630ffce4297df1cddc1addfc2f4a363a70f0d34988cfe831fe0b36
leftImg8bit/train/monchengladbach/monchengladbach_000001_002353_leftImg8bit.png,gtFine/train/monchengladbach/monchengladbach_000001_002353_gtFine_labelIds.png,ada3cf73873e4e489039f7478ed301005df89eeced8360eaafd241b90c672aa1,fb402f742658dfbb7991e92211387d3416561edaab490b959f619cd6bf42c250
leftImg8bit/train/strasbourg/strasbourg_000000_000065_leftImg8bit.png,gtFine/train/strasbourg/strasbourg_000000_000065_gtFine_labelIds.png,ea68eb3fa63c17f5a7d912c48f53de8b7f0533da199a7206f7b637c8fa29dbff,a7becb912930dd5912c90f3fac9414403ae36bdce8b41ef03d51df4061bcac72
leftImg8bit/train/strasbourg/strasbourg_000000_000295_leftImg8bit.png,gtFine/train/strasbourg/strasbourg_000000_000295_gtFine_labelIds.png,b370840551c9bfb6f0c409dbcc430869f0ab940ec938a3ce157dfd7eb17a7472,ca4f7d7035ec047edf4f4f3957e064e495b48165c27f23f29e9e07a89a45085d
leftImg8bit/train/strasbourg/strasbourg_000000_000751_leftImg8bit.png,gtFine/train/strasbourg/strasbourg_000000_000751_gtFine_labelIds.png,bb620e13730b9e9342e660c4c41ddd5190688f6b4c545d138badae48535015f0,8a71c9f900dca6969f55a6ef65b5be0d07d78116819bd3ef16d521630aeae8ff
leftImg8bit/train/strasbourg/strasbourg_000000_001278_leftImg8bit.png,gtFine/train/strasbourg/strasbourg_000000_001278_gtFine_labelIds.png,5d7369e68569f1151cc56686c1a214ae7e41dd5826d5cab7eee0c7ca7fe9ef23,a5b9cc7a27c2d5a8b12985ee384a398943876cd79b6d7df5e18e89053f2977a6
leftImg8bit/train/strasbourg/strasbourg_000000_002183_leftImg8bit.png,gtFine/train/strasbourg/strasbourg_000000_002183_gtFine_labelIds.png,1260eb0e943df756f126c529037d8c8dcdcae40525003ba05683a14d0743887e,7a86f1b4f20a701e287e48a01ca9083dfe8b52721bdb277a75f0c24d72a0ddcb
leftImg8bit/train/strasbourg/strasbourg_000000_002553_leftImg8bit.png,gtFine/train/strasbourg/strasbourg_000000_002553_gtFine_labelIds.png,619f7860437d3ed5218c4bf6baab376d0ab33b7460f84b3f58f8aed48c0d3e08,002d9437a743d2bc0a2f48abddb8dc3ba218b090a1ace9aabdd2e842191a829a
leftImg8bit/train/strasbourg/strasbourg_000000_003632_leftImg8bit.png,gtFine/train/strasbourg/strasbourg_000000_003632_gtFine_labelIds.png,aa43e5204ab76317227e4b75d1a4c6fcbfc4a2ad4d38663735c3e33b1eabba8f,6a9e5926586cfba3628cfcdb0f46731a824b350089e0cf047993bbdfdb15fb4f
leftImg8bit/train/strasbourg/strasbourg_000000_003846_leftImg8bit.png,gtFine/train/strasbourg/strasbourg_000000_003846_gtFine_labelIds.png,0cafd697d9ad53f96080084acd7b08bb0e7ffa8bec463d577db1487634c12ff4,5186d1adc8846b14dd613a394153c539ba65442b03a04690e6794c0cd6f02288
leftImg8bit/train/strasbourg/strasbourg_000000_004112_leftImg8bit.png,gtFine/train/strasbourg/strasbourg_000000_004112_gtFine_labelIds.png,dc4f45c86d8dcfe78832485d4c869b9aba06808289f29b1bc30a99d8fcbd8803,924e60f06399a29be3eaf5c48062d418896abe397cb6c9e549383457a7e56492
leftImg8bit/train/strasbourg/strasbourg_000000_004248_leftImg8bit.png,gtFine/train/strasbourg/strasbourg_000000_004248_gtFine_labelIds.png,5216a8c24f8d3d1bb50a8e06ebd2bca8882b9a9d088c8a0857688f1b7a622ddc,e95ad7ccb0dd9dc1418d043fd02046828e78eca0fcf72a98f8317ef35074845f
leftImg8bit/train/strasbourg/strasbourg_000000_004383_leftImg8bit.png,gtFine/train/strasbourg/strasbourg_000000_004383_gtFine_labelIds.png,ba21e10be3fd5057a2ad10f2ede118d2a75c4027124a29a4c96d52d8f5816946,26a1f3269802ce98b083cfe27f63cd3652646b2272592aabc21d4acf4b9ee4f3
leftImg8bit/train/strasbourg/strasbourg_000000_004660_leftImg8bit.png,gtFine/train/strasbourg/strasbourg_000000_004660_gtFine_labelIds.png,06555ef7d4a561af00ef77f1b4cfd3a38b1f164d8a93f6af7c911ee3d4af4e0e,1dd6ceeb7b920c3ba39e390d074f3415a4301c5e680959799629089ad20fc658
leftImg8bit/train/strasbourg/strasbourg_000000_004951_leftImg8bit.png,gtFine/train/strasbourg/strasbourg_000000_004951_gtFine_labelIds.png,3fbb8663b523546bde24c913812747be262c86a3f8e006a38d964ab9fe429269,05d62a1ca57be5700f7edda76aef711f1e9b74ce0559df945d745799a8330115
leftImg8bit/train/strasbourg/strasbourg_000000_005249_leftImg8bit.png,gtFine/train/strasbourg/strasbourg_000000_005249_gtFine_labelIds.png,0f7dcdbeb77ec1189f2535ea32ec4b7be494c9becd4ed86e449c785e6c27d99f,53d088d0a79d63bf8f9f6c3e595426cc916f019645fb1ad67baa5d93ff69cf25
leftImg8bit/train/strasbourg/strasbourg_000000_005912_leftImg8bit.png,gtFine/train/strasbourg/strasbourg_000000_005912_gtFine_labelIds.png,e316c9727dd9a100e13e78e310a8081c55320bd0294bd7bf355775edd4016a7d,f586965c37b30d3ce1d18bc7e5f857afe61c35f6e90f7c7797a6d2e8dffd6a64
leftImg8bit/train/strasbourg/strasbourg_000000_005995_leftImg8bit.png,gtFine/train/strasbourg/strasbourg_000000_005995_gtFine_labelIds.png,7ad8e68ab3a15aec3ebf426fc411740c3b1e5b4656d89dcdd807d5615712b29b,af94c5a9f43798db67a0128132ad8314ccfc448d0f884eec32c22926a06c61aa
leftImg8bit/train/strasbourg/strasbourg_000000_006106_leftImg8bit.png,gtFine/train/strasbourg/strasbourg_000000_006106_gtFine_labelIds.png,e99625db0545627e852eb0fc397ed16a381fbdfd15c8a146c352e85d0a635929,3a6c55569b15e3858ee1c559c70a74f4bcb541206b735070bf3b718c6a03edb9
leftImg8bit/train/strasbourg/strasbourg_000000_006264_leftImg8bit.png,gtFine/train/strasbourg/strasbourg_000000_006264_gtFine_labelIds.png,45854eef7fd4f19b52eb79685492ed8966e2b90b031b59f0d82a28c3f10693fb,4c167ab2d84e8a1d8f6f64e2c8c1b1f6996cd8644c6653ea71950938bd6eff70
leftImg8bit/train/strasbourg/strasbourg_000000_006483_leftImg8bit.png,gtFine/train/strasbourg/strasbourg_000000_006483_gtFine_labelIds.png,08433b80058bc8a39723fb07b61e52327efabb42bb3c0a5823e0b8d1653bb057,873d23bb0efee1c7b1127ee128f0944c4d247ff9e80ff2e685afecc51e469778
leftImg8bit/train/strasbourg/strasbourg_000000_006621_leftImg8bit.png,gtFine/train/strasbourg/strasbourg_000000_006621_gtFine_labelIds.png,66e0fcfd92bf75350a01bf2c3be3305cf5547dbdec3bd558e986e994519311ed,75b7de8a41462dab311406a9628ede305dd9a368de3bb7e822d5b1a0e7320025
leftImg8bit/train/strasbourg/strasbourg_000000_006995_leftImg8bit.png,gtFine/train/strasbourg/strasbourg_000000_006995_gtFine_labelIds.png,c36e8c89ebdb9d91cf2f58203f1428dcee612cb215e70d2ed622432e5a2d4634,a25b999ec091dd01dc897e0d64cc980dca30a6a8281d8bcf019aa1c6cf2db4c2
leftImg8bit/train/strasbourg/strasbourg_000000_007441_leftImg8bit.png,gtFine/train/strasbourg/strasbourg_000000_007441_gtFine_labelIds.png,2c4785a1d19eb5bfcee94a251b11134e308cf20cd456d15f7087661387cd7d46,10dfce3dfaf6fd7acfcc1a6da384ae47eaedc52a2d5e5d27b0aad6e3324badd8
leftImg8bit/train/strasbourg/strasbourg_000000_007727_leftImg8bit.png,gtFine/train/strasbourg/strasbourg_000000_007727_gtFine_labelIds.png,0f15585ac8dcc9bfd27fd007c10c7a02b83b5e35bd2048f774964299cacb010b,ef092cc53cbe82fce69e0758de4d0b133fbc3b4cf2743bfef02bb5b2b516b30d
leftImg8bit/train/strasbourg/strasbourg_000000_007813_leftImg8bit.png,gtFine/train/strasbourg/strasbourg_000000_007813_gtFine_labelIds.png,bcc37ca63750cd03c7cb3a80417a23d9562d8fbe83ce20ffed1632401241ace0,7e3e4869bd88ba24ddd1d7c9e9d8ea1be8bea516fbb23aa1facfd83435ef7a2b
leftImg8bit/train/strasbourg/strasbourg_000000_008603_leftImg8bit.png,gtFine/train/strasbourg/strasbourg_000000_008603_gtFine_labelIds.png,b53193091db4c1273103498c5c972d6d2bef9ba4942142a728c6cd2c9a69fc5a,f4f6320ca3a193f14570eb7cf6f0f23f18f907ad87393dae48f41482f0635279
leftImg8bit/train/strasbourg/strasbourg_000000_008677_leftImg8bit.png,gtFine/train/strasbourg/strasbourg_000000_008677_gtFine_labelIds.png,1782af1881beb7082637a1fed2a05b9efc07f595fe5900791e8b7e79f5e41916,43ed84b8d874ec3cc2c8b0fe8e2e054f4bcc2116aab021301e907679497e9a66
leftImg8bit/train/strasbourg/strasbourg_000000_008784_leftImg8bit.png,gtFine/train/strasbourg/strasbourg_000000_008784_gtFine_labelIds.png,1204c170f744d73ca293bced740e64817cdfc1b24c02f4cccca626b722bbf521,118434872c20e5af28aea06a836a29565546a50de5b4144008319343049aa7cd
leftImg8bit/train/strasbourg/strasbourg_000000_009110_leftImg8bit.png,gtFine/train/strasbourg/strasbourg_000000_009110_gtFine_labelIds.png,359e0166e57d77fece256284ab842e8b2242b7d0b1ea8614556a547c5eece776,1fdd4aa414bc654bdca16605b7f83b45b291fe2b95e633419eb4d3a8c61d3aab
leftImg8bit/train/strasbourg/strasbourg_000000_009619_leftImg8bit.png,gtFine/train/strasbourg/strasbourg_000000_009619_gtFine_labelIds.png,b333427398d5835b6e248333c700cc96b3fae59f0b69326e0993d5125efc6132,1716c775503d878575952cdceb1f133bf23f4e0403686617b53215e93543cc76
leftImg8bit/train/strasbourg/strasbourg_000000_010049_leftImg8bit.png,gtFine/train/strasbourg/strasbourg_000000_010049_gtFine_labelIds.png,e464fd29d96e351492d1b6f8ab7399b9ec5d46852c1f606d035e57352fea7cfe,ca56106ccae78546dab515a6095b8504d37772d4112836b1163ea28bad791538
leftImg8bit/train/strasbourg/strasbourg_000000_010372_leftImg8bit.png,gtFine/train/strasbourg/strasbourg_000000_010372_gtFine_labelIds.png,257d1c0d9e57b60343e945431cb099f25263b9cb9fda9babeceeb5297f6fdef6,26beb711c452d7f8fa2382bb36ad77d672247780af8a7d1c528d47270b06b09b
leftImg8bit/train/strasbourg/strasbourg_000000_010816_leftImg8bit.png,gtFine/train/strasbourg/strasbourg_000000_010816_gtFine_labelIds.png,ca27bbb016225d66246d89d14f8caee38be90ff13202e31d8de41f327a6853e3,3e7e45b4aef0e5e45f633262aca4587b248ca89bdd6f7e345896ea7ea7662317
leftImg8bit/train/strasbourg/strasbourg_000000_011225_leftImg8bit.png,gtFine/train/strasbourg/strasbourg_000000_011225_gtFine_labelIds.png,f1e07dbb6466ae11d0acbf50dde9579bce7efe3d1329ef4cbd3a9e0249e519fd,60be9a557e5ac08c8c3f788bccfdff1cfea01e5d312a20e8fd0ff9a66cb09c52
leftImg8bit/train/strasbourg/strasbourg_000000_011880_leftImg8bit.png,gtFine/train/strasbourg/strasbourg_000000_011880_gtFine_labelIds.png,5df9a058b2867c086b67ec22ca0ee33f239aefd17118c31f47f7d5d5bc42cb22,3f5d46adf367b0cd444e0a4bbbcb39628986de987ae0217f71e8eb8115108fa3
leftImg8bit/train/strasbourg/strasbourg_000000_012070_leftImg8bit.png,gtFine/train/strasbourg/strasbourg_000000_012070_gtFine_labelIds.png,1f1c858e2388417078264c11c2242540fc032be3036177c9f440a74f5302541f,846f780ea52650110823f86908001188d6c441f90c28af74822edc7d1512d5f8
leftImg8bit/train/strasbourg/strasbourg_000000_012934_leftImg8bit.png,gtFine/train/strasbourg/strasbourg_000000_012934_gtFine_labelIds.png,a90042076f08f4adb6339bc40a27d948c9c8384c0dacfdd444e2fee6ec75defd,5d4b42f72a3cc6cc6ec8075039131880002da0e6f866283ac54d84ed713bb527
leftImg8bit/train/strasbourg/strasbourg_000000_013223_leftImg8bit.png,gtFine/train/strasbourg/strasbourg_000000_013223_gtFine_labelIds.png,b310e41421b14459c84ae87d3600dd636c8a39ccfa88132730bca0464bfe045b,1e59467b02d7b6546a7e297d40b9a20328bceeb547a0e34fea3cf20e17497b6b
leftImg8bit/train/strasbourg/strasbourg_000000_013322_leftImg8bit.png,gtFine/train/strasbourg/strasbourg_000000_013322_gtFine_labelIds.png,31cca441c48c03330bb28c0ee710b2e64a603b67eeea5239523a6bb4cb78272a,76655d13592f039e551c1eb09dce18d3af9b423ac30ab747418afe3465f5c790
leftImg8bit/train/strasbourg/strasbourg_000000_013574_leftImg8bit.png,gtFine/train/strasbourg/strasbourg_000000_013574_gtFine_labelIds.png,4b2b9e91071ab0e7310c7acaa4d540ca8aee87dacaaa45fbac4a2fdd7e79bfde,05e2782b832c1003136f462f13be1d49967a31bfca2d9bab7c370a08b6327e26
leftImg8bit/train/strasbourg/strasbourg_000000_013654_leftImg8bit.png,gtFine/train/strasbourg/strasbourg_000000_013654_gtFine_labelIds.png,5cfeec74b3e93ac68b953b9fe6d92dd448938692c2bb042e75faff80e6ff4584,bea91d4e9eed1d42edd96d94c2b766f5b8b1c7d9f8dea4dcac244cf5e3290970
leftImg8bit/train/strasbourg/strasbourg_000000_013863_leftImg8bit.png,gtFine/train/strasbourg/strasbourg_000000_013863_gtFine_labelIds.png,e35f4dab823fb3c6fc8f601ff107c75e3ea3e59d3b501a0b40e19e32e6bf92e2,d6b1dbc7d95c5e5cda2508baa484ce5552e20ba5573a9b4ad2d07e1384498178
leftImg8bit/train/strasbourg/strasbourg_000000_013944_leftImg8bit.png,gtFine/train/strasbourg/strasbourg_000000_013944_gtFine_labelIds.png,d22349357a2b214e045bc4bae53c7f2c8bda972ec4618687dd1b09b88e910ee8,06fc2fca4a02c86a8f360c562cc69384d88e1517de9822cc86ec48098cff2f7f
leftImg8bit/train/strasbourg/strasbourg_000000_014066_leftImg8bit.png,gtFine/train/strasbourg/strasbourg_000000_014066_gtFine_labelIds.png,08367ede6a827fc013ba07bf63bd265e41eec4c57a111c587ad5af8bbb34efc0,34476018c525965453a5f70fbedc011fa9817bcb4f012298115e1e2cfff7d24f
leftImg8bit/train/strasbourg/strasbourg_000000_014101_leftImg8bit.png,gtFine/train/strasbourg/strasbourg_000000_014101_gtFine_labelIds.png,b3ce8dfe3bc3ae640e5b0919f2df08de2ce3c47b1e97cd8b4de4ede266342d17,7d2206fbe3ebd81ba0b2d6123dd3fe5470358f4c770cc91b16074c9bc2177dfe
leftImg8bit/train/strasbourg/strasbourg_000000_014235_leftImg8bit.png,gtFine/train/strasbourg/strasbourg_000000_014235_gtFine_labelIds.png,8d9919305ff78a084c036c8a6a09233611163177b6f64c2c65b8c1beb9212764,3580b5e02aa5484a9d2a1da1cee76312568fe8a308da9e751e1a6655cd459c40
leftImg8bit/train/strasbourg/strasbourg_000000_014416_leftImg8bit.png,gtFine/train/strasbourg/strasbourg_000000_014416_gtFine_labelIds.png,2269fb700a8471fb41e5228625a67453a647d30671a65fb103fcb3b064d5e215,b7adb227863e4cd5b8dee0ac2bd8bba97f16fae06192e54eec562890162494a1
leftImg8bit/train/strasbourg/strasbourg_000000_014503_leftImg8bit.png,gtFine/train/strasbourg/strasbourg_000000_014503_gtFine_labelIds.png,5d6ca5d9e4589e5b7cc556891b6d9a022e1280b92e0043669328c472c9eab787,ca2d08e71aad993e047ce59b63f4a26117d11a35cf8215ba35afa1e4e7eea02f
leftImg8bit/train/strasbourg/strasbourg_000000_014584_leftImg8bit.png,gtFine/train/strasbourg/strasbourg_000000_014584_gtFine_labelIds.png,8da7122d98e4a0f48c5cd88b54cbb2cd5b953a871d66a9aa06a7f84bfaed3b32,94f208bd9eeda159c35d1eb2b9cc68245b77fe41233bc17dedb92531cdc608ea
leftImg8bit/train/strasbourg/strasbourg_000000_014743_leftImg8bit.png,gtFine/train/strasbourg/strasbourg_000000_014743_gtFine_labelIds.png,3ac7b66a6424c6723d664db53ac323a49a6bf49f65a9bd9f62a6b3c603b0109e,c6415f5eb6ff8e43403538ca60b4773301ffcc6ea0c13ac27a45a4cb8a14f9bc
leftImg8bit/train/strasbourg/strasbourg_000000_014931_leftImg8bit.png,gtFine/train/strasbourg/strasbourg_000000_014931_gtFine_labelIds.png,d47770daf67443c7cad4aef98739cc1cddf7efed4fb9729399601ab595516635,2a3253dd5850c4156c6dbf37474b135ca47a7749e2c7102add44e28f80d48a95
leftImg8bit/train/strasbourg/strasbourg_000000_015131_leftImg8bit.png,gtFine/train/strasbourg/strasbourg_000000_015131_gtFine_labelIds.png,10e34b4e35024a72b8233a76828afc967abcf7322333d7dc86afa838c198646a,10c85d27d0bc12778f6617318b51e257b932bc9f94617c082782f88d94bae0dd
leftImg8bit/train/strasbourg/strasbourg_000000_015506_leftImg8bit.png,gtFine/train/strasbourg/strasbourg_000000_015506_gtFine_labelIds.png,5451ab97d7d19e567f126018e13238a4d6938b57655fc11b25c30eb9118f10c0,835090ed7f6f522dac81f407fcb09c0c6bd58958a178070d82e9f46546ae07a6
leftImg8bit/train/strasbourg/strasbourg_000000_015602_leftImg8bit.png,gtFine/train/strasbourg/strasbourg_000000_015602_gtFine_labelIds.png,a8761d05b3a118f9694f036f67d9fc7b7257cbb8d9fd76f7138e65b8edbdeb0c,ec62ebf880943f43704a4b55f0937869391584550e894695df67ac9da5a9c713
leftImg8bit/train/strasbourg/strasbourg_000000_015764_leftImg8bit.png,gtFine/train/strasbourg/strasbourg_000000_015764_gtFine_labelIds.png,030128840b0e07c2171c4c68b732d85825bd670d7d27676be06791e5092a8afa,2abff209c014cfc2d28e2652243db32e07adabedf0a87e7db1d60ecfd872cac1
leftImg8bit/train/strasbourg/strasbourg_000000_016024_leftImg8bit.png,gtFine/train/strasbourg/strasbourg_000000_016024_gtFine_labelIds.png,bb63ea8d38d4262f8372e08ef02c6595f581b74694b2cef16940cd8b6441c7cd,5d487e5027cf5146df9b3fa9ff8bbe08acb223bb52e0687faf16f626d20c6a01
leftImg8bit/train/strasbourg/strasbourg_000000_016247_leftImg8bit.png,gtFine/train/strasbourg/strasbourg_000000_016247_gtFine_labelIds.png,5644b5d41a8014306b8258096257c68a1379b426dc6c74164d38344c421707fe,9c356fe1d1420b09b5351653d074f16673f7104eae17d15a5d12a558fb184aed
leftImg8bit/train/strasbourg/strasbourg_000000_016311_leftImg8bit.png,gtFine/train/strasbourg/strasbourg_000000_016311_gtFine_labelIds.png,a805b94bc9c5cb01fad731cf4c932845576d2e9a5e3d0940887f9e18531fc9ca,40c901075c145464fa23774dedd0f92fc1de5ab340782e2b05c148b0c82ceb7b
leftImg8bit/train/strasbourg/strasbourg_000000_016436_leftImg8bit.png,gtFine/train/strasbourg/strasbourg_000000_016436_gtFine_labelIds.png,c8b50ba9df8407e493d5be5a6d561a69c1d4c94480d9a496c1a2806113069b5b,2bd53d71e504df590636664efed6b4a8b3cf5d700298e3473e34e2c9df69af83
leftImg8bit/train/strasbourg/strasbourg_000000_017044_leftImg8bit.png,gtFine/train/strasbourg/strasbourg_000000_017044_gtFine_labelIds.png,0492d23a32cd97f7dedb3631836ec408dd34e3be749d641419e1602080d46fdf,ead3cf96032887817f0a16f9ee5d9bf69d2bc369a59d00562eee0d26bc1b7a76
leftImg8bit/train/strasbourg/strasbourg_000000_017081_leftImg8bit.png,gtFine/train/strasbourg/strasbourg_000000_017081_gtFine_labelIds.png,c03e8ec801d6bfdb038ed783da5c293330a83f2d3ed1408f3e21fdcb7ac5b5de,8d256541a19f236e4e5248149b91c4a2c07421daa70026f958f473c5aa4c80cf
leftImg8bit/train/strasbourg/strasbourg_000000_017159_leftImg8bit.png,gtFine/train/strasbourg/strasbourg_000000_017159_gtFine_labelIds.png,90a198e25d18abfcaab2ee94a6be8fc577d6e6f8da17700d1cb52b8988102446,abf038ca6d86c90784cdefe8380018138d0714fbbdb206b4d1450b58ae8e0f10
leftImg8bit/train/strasbourg/strasbourg_000000_017283_leftImg8bit.png,gtFine/train/strasbourg/strasbourg_000000_017283_gtFine_labelIds.png,19900b5aae8b5f9253a5e6a451991cf46cea093865905da38f746a9d19ada543,eb17cf112580498b29517ee3139b897f6d41ea2b2c18b33a8a490e153af1670a
leftImg8bit/train/strasbourg/strasbourg_000000_017450_leftImg8bit.png,gtFine/train/strasbourg/strasbourg_000000_017450_gtFine_labelIds.png,4a4f3df0408c66d815e5483ad7a597237b7954f039975c579d707baff490ea61,ed368ae0c98a0bce12cf4b0e1a406f1f27027f01fbfb6be6526e755218afd9d9
leftImg8bit/train/strasbourg/strasbourg_000000_017593_leftImg8bit.png,gtFine/train/strasbourg/strasbourg_000000_017593_gtFine_labelIds.png,daff72f574e4ad0960760e0f64a45190393322f6731c883050fffe69b07dd17c,38cb3e508c3eeb54b35917191f21691a389e1e6c947253d9186267f706311a0d
leftImg8bit/train/strasbourg/strasbourg_000000_017761_leftImg8bit.png,gtFine/train/strasbourg/strasbourg_000000_017761_gtFine_labelIds.png,9eb287243752841a79ef5f8b894119e662c839004c66b62b1e84dd2c5e2c4a9e,c97262173779908bbd247fdbed272c0158a1db1746d9281219f320465126d727
leftImg8bit/train/strasbourg/strasbourg_000000_018153_leftImg8bit.png,gtFine/train/strasbourg/strasbourg_000000_018153_gtFine_labelIds.png,718f51a17fd85e8e131f9cc6837f6f1a1d31658a966d48a01a318dee72120a00,227b597d9ea7f4b78a92cf17bd5993ea1e603185db2242eae0390df07194cb60
leftImg8bit/train/strasbourg/strasbourg_000000_018358_leftImg8bit.png,gtFine/train/strasbourg/strasbourg_000000_018358_gtFine_labelIds.png,5420097ea10a732e267bf858754693d82559544d6973919c8d2a094615b40757,b1307d3dd4d7935d91d4b9267bbb99f2145b565f74bdca22874862cf37c85764
leftImg8bit/train/strasbourg/strasbourg_000000_018616_leftImg8bit.png,gtFine/train/strasbourg/strasbourg_000000_018616_gtFine_labelIds.png,77ca12e6593e7af1a712670c30034d6ab67b3cc2a8785211e062d941c9105318,69e559a712acf97d7dc91ff6c438313e8ac7612a661ce6bdb28ee4d695d3f94f
leftImg8bit/train/strasbourg/strasbourg_000000_018874_leftImg8bit.png,gtFine/train/strasbourg/strasbourg_000000_018874_gtFine_labelIds.png,20e63e6014c5e4bb52f3c034ca3674e934b1ed42e5acf5a3113005f61d634308,f5dbf9380497ae1fed937cad5e5b48c67e774870829c7780f5c428fd5cfd5e31
leftImg8bit/train/strasbourg/strasbourg_000000_019050_leftImg8bit.png,gtFine/train/strasbourg/strasbourg_000000_019050_gtFine_labelIds.png,d96cc9a12573a09c4e007504ef447af291cd3c89cddbebbc0f868df91fc7e338,917769be084a2972d29d407a6f972249881d6c407ef4d5829a83102b381e6f37
leftImg8bit/train/strasbourg/strasbourg_000000_019229_leftImg8bit.png,gtFine/train/strasbourg/strasbourg_000000_019229_gtFine_labelIds.png,448dc374656ee2fc7ba963cc53d5aba5f6d7e9f0895824cdc104d858ae31d681,a1e2a235506ab75c5f1a30679d14f8ce4fb55b5cdead6f55462b83e8ef3b1ff4
leftImg8bit/train/strasbourg/strasbourg_000000_019355_leftImg8bit.png,gtFine/train/strasbourg/strasbourg_000000_019355_gtFine_labelIds.png,00d7d7bfa86fb83e0d6dc0e8162b66beda5895c02157cf340a687ba366d0c4db,f1b5742e6dc7e127dce56a940aabd8213a4d788024cb52da9ccd51dd7cc0b207
leftImg8bit/train/strasbourg/strasbourg_000000_019617_leftImg8bit.png,gtFine/train/strasbourg/strasbourg_000000_019617_gtFine_labelIds.png,52eb45e325e90db2301513c268aeec240f1acaab3665a8578be4b389410aca21,b6142a9926324bb45f3af66322fe0327d5ce701cf8ad664cfe3c030aab47076f
leftImg8bit/train/strasbourg/strasbourg_000000_019891_leftImg8bit.png,gtFine/train/strasbourg/strasbourg_000000_019891_gtFine_labelIds.png,1c01bdcd3f6d08ba0bb2866a0bdc385b0046f196d4b37c440d5e7f241a3faf6c,4562f9b223dff17e98687726c30a635c011dd24d841eca6fcfae0dac21bcf6c1
leftImg8bit/train/strasbourg/strasbourg_000000_020432_leftImg8bit.png,gtFine/train/strasbourg/strasbourg_000000_020432_gtFine_labelIds.png,38af441f2b88cf1de2e744c5a9c93e7e5857e6b9414c42d4580f9117bce2f48d,13d0528b1fee9ed249b61a5ca84dab74be148f2f91b2e8cffb663973550411e9
leftImg8bit/train/strasbourg/strasbourg_000000_020653_leftImg8bit.png,gtFine/train/strasbourg/strasbourg_000000_020653_gtFine_labelIds.png,d2f219afadce731b8d8fd5cc4b16ddc9a68bd957fe54c8e4ad36ebf34e9443b8,86731fb2e541c848ca84c6395c9fa2a2f8e5851a3f5d0055bcdb212581e45293
leftImg8bit/train/strasbourg/strasbourg_000000_021231_leftImg8bit.png,gtFine/train/strasbourg/strasbourg_000000_021231_gtFine_labelIds.png,150e406da8a2a168de83bcdef9811b9f8686dfdd5a6031ffb58a4da2307ac731,5e2380db25dff571c1b5f6f046e364c40469c001320027bc121f6d0ab6425516
leftImg8bit/train/strasbourg/strasbourg_000000_021651_leftImg8bit.png,gtFine/train/strasbourg/strasbourg_000000_021651_gtFine_labelIds.png,157ddad3ecf3ca7050d8015ddf02812dc16117576d259c074fe09d55f432d58c,b03239398a4c88e7527a6b7fe9229562b628721cee2482500f6c8bb1deafcb1b
leftImg8bit/train/strasbourg/strasbourg_000000_022067_leftImg8bit.png,gtFine/train/strasbourg/strasbourg_000000_022067_gtFine_labelIds.png,7c61ba57138e8beac7ef952d0ec8cb80ed056be1590cc75bb1da1d56988635ef,65be18794e1d4454f54bb1e1cfdbf116757f06f4bb86b7e4814513a902f10062
leftImg8bit/train/strasbourg/strasbourg_000000_022489_leftImg8bit.png,gtFine/train/strasbourg/strasbourg_000000_022489_gtFine_labelIds.png,68fadc866892c8d05211a1e0a4df999f341bb7dbfa40f0dcdc22857964f83de7,a2c82fe6053eadbd5bafb9d1532066c5aed59fd94dc864b7405c4c1530c2724c
leftImg8bit/train/strasbourg/strasbourg_000000_023064_leftImg8bit.png,gtFine/train/strasbourg/strasbourg_000000_023064_gtFine_labelIds.png,ad759232d7015aae059753207dae33bf455fb2596725b1c87c6de07a5a2b313c,54ba48b68e57a921d9e6d18dcef50039c9853ce7843ecd499a5b4a93fb47d93d
leftImg8bit/train/strasbourg/strasbourg_000000_023694_leftImg8bit.png,gtFine/train/strasbourg/strasbourg_000000_023694_gtFine_labelIds.png,4fbd4605e904eed5819ab6d58696ea2445155b590e3f174460e3e28be23bb122,6eca9538d004e82dd4984a128293e6a66ee873c7e6021501a9c4964709346ffc
leftImg8bit/train/strasbourg/strasbourg_000000_023854_leftImg8bit.png,gtFine/train/strasbourg/strasbourg_000000_023854_gtFine_labelIds.png,4b15a44d9aff460d0e6b53d5462cc5690869cac7de79f36da7fc6ffbc798207d,1d649e2b44e42f2c4c159bc7f7925421f1b42798faa54f5b02319bbb2f47dd60
leftImg8bit/train/strasbourg/strasbourg_000000_024179_leftImg8bit.png,gtFine/train/strasbourg/strasbourg_000000_024179_gtFine_labelIds.png,4ce34aa51389cc22a918174ef65379ea152bc8440d8d79d944bcdc53a751dbfa,93f24610e4e4553cd9dd595f72b624c17e6bfbdc20f334f0f81f0452238b4b7c
leftImg8bit/train/strasbourg/strasbourg_000000_024945_leftImg8bit.png,gtFine/train/strasbourg/strasbourg_000000_024945_gtFine_labelIds.png,e4579c5ea4d16a3b23f30fd394501a58563cdd748842973f9c0ccdf3c24858a0,9a8a47788470658770c1732616cebacf979887689a8b580a5cf2a08a61feed4a
leftImg8bit/train/strasbourg/strasbourg_000000_025089_leftImg8bit.png,gtFine/train/strasbourg/strasbourg_000000_025089_gtFine_labelIds.png,cf27a07a9dfd212024bf471190fbe4df447baa2b1a5389dcf3fec2f292387283,dc8ae89389c5a2e5d944db619ea4e1f4d464eaea26bac33b50efad3b5a09c9f5
leftImg8bit/train/strasbourg/strasbourg_000000_025268_leftImg8bit.png,gtFine/train/strasbourg/strasbourg_000000_025268_gtFine_labelIds.png,ec931720e74ee74963eecfebb0ad8a4d8be16a9f14b1a4328b46b4c5c5386191,8036e66ed056a28d225fa7e22c2d3fa342e23e152cdadd587651b4bb8a7636c4
leftImg8bit/train/strasbourg/strasbourg_000000_025351_leftImg8bit.png,gtFine/train/strasbourg/strasbourg_000000_025351_gtFine_labelIds.png,68a2e0c92cffbefcd271b9fc9bd44ff6cb194f1f373f06bb10b89d8b766992b0,b746f314d2bf3236c2e5b3b2afb544aa7eb5eb208a6f9c7309e59d6e05cad908
leftImg8bit/train/strasbourg/strasbourg_000000_025491_leftImg8bit.png,gtFine/train/strasbourg/strasbourg_000000_025491_gtFine_labelIds.png,618f4dfcf8dee1fe43b80c4a6bf12592d8f4439e97a96ee1ead11e385e8ef5bd,fd0333e8335df7a2be5d3c3082f53ecc6f469ca47f5c27e93d0209b0cf9ca1de
leftImg8bit/train/strasbourg/strasbourg_000000_025772_leftImg8bit.png,gtFine/train/strasbourg/strasbourg_000000_025772_gtFine_labelIds.png,674d75790a056c74f043eb088ffedbc12162875a8d40f81b5c2be6eb8ffe7411,f1574956cdbe1d5aa1ff8340bd54d499d0ed7513e083c82d856056eff2839745
leftImg8bit/train/strasbourg/strasbourg_000000_025907_leftImg8bit.png,gtFine/train/strasbourg/strasbourg_000000_025907_gtFine_labelIds.png,f58048fa287f9e555bf131e864f0d6721fc344a54f96af691bb0f189ceb2f6a8,1dd56355009a918d5ddf584c9121e30956fcf6965f47ed1e6e520604f83b5e34
leftImg8bit/train/strasbourg/strasbourg_000000_026316_leftImg8bit.png,gtFine/train/strasbourg/strasbourg_000000_026316_gtFine_labelIds.png,f145401bd316d2c423a40a4535fccb8ad3fdc10de1d71cbbdc129de9f8d19a59,528ed01cffb1e698c2e0c3b0a6847851af8e80074f7ae15711790d5b1b57a48a
leftImg8bit/train/strasbourg/strasbourg_000000_026575_leftImg8bit.png,gtFine/train/strasbourg/strasbourg_000000_026575_gtFine_labelIds.png,bf204e227b24cec97dc160390dbb33c31835aa0410d522df3b339b28b8ccbd08,198f28afb15b4caf8fb8ae4b70b5dd1cd3ce44c951906e0b1af58a1d91483257
leftImg8bit/train/strasbourg/strasbourg_000000_026611_leftImg8bit.png,gtFine/train/strasbourg/strasbourg_000000_026611_gtFine_labelIds.png,29e851ac7d30fe637573eab64ae22d11860289f329cf604fceb22d8992a74510,d0fc20f286f41d989f6e5b5dbe3ef648075f6ef42e871a62d65e2df83f24445b
leftImg8bit/train/strasbourg/strasbourg_000000_026741_leftImg8bit.png,gtFine/train/strasbourg/strasbourg_000000_026741_gtFine_labelIds.png,26e9f3becb4c14549e715037a5920318ad95e5bfb62807a84c68feb0bf8632d8,4805fff3133aaced40a19a15b87a18264762c11225d720ea5efaaff2eac025d7
leftImg8bit/train/strasbourg/strasbourg_000000_026882_leftImg8bit.png,gtFine/train/strasbourg/strasbourg_000000_026882_gtFine_labelIds.png,665198b3709ac4ecb95327427ebc98fc74025c08a2c40087dc3e48e9a2cd3124,7b8a90f5dc16a7d596891c52e6fb64c1f30a38484972491e307284eb9ec63293
leftImg8bit/train/strasbourg/strasbourg_000000_026998_leftImg8bit.png,gtFine/train/strasbourg/strasbourg_000000_026998_gtFine_labelIds.png,5bb90ab6dd1365035a3f78ba9ee9934f0f6474351a903435f3705262ca4ab907,6c91bbaab650c4f9f478b5eda525ff752b96900a3929070a82eda93566f86d12
leftImg8bit/train/strasbourg/strasbourg_000000_027156_leftImg8bit.png,gtFine/train/strasbourg/strasbourg_000000_027156_gtFine_labelIds.png,529d01f3a70e92da27ee9134ad918a2b69474365ac1620b2bdf2cf5b71670f12,67273c8047d2c52493aa206a86053e41a9ad70bba95ee65b6e1c096512fcf9ac
leftImg8bit/train/strasbourg/strasbourg_000000_027233_leftImg8bit.png,gtFine/train/strasbourg/strasbourg_000000_027233_gtFine_labelIds.png,b26f8c7903ad0f8ccce525113048187bc2f2051383513e06edf0bd0821a4187d,faa90ef05c5bcbeaaba7cbbe7aabd21395f6a55bd807a36c158726b1f5e1f1b0
leftImg8bit/train/strasbourg/strasbourg_000000_027771_leftImg8bit.png,gtFine/train/strasbourg/strasbourg_000000_027771_gtFine_labelIds.png,a3f93c94288368d97d9b3d31fee909e901a86f61519e11af54f5f1b28da42782,f1aea37d1db69992913a9c18fcdbec1720e63e903bf2da55cf333c55e9d22ef5
leftImg8bit/train/strasbourg/strasbourg_000000_028240_leftImg8bit.png,gtFine/train/strasbourg/strasbourg_000000_028240_gtFine_labelIds.png,11145c47538880c212f4c9270bd57055a712bf9bc050439ad63e5995e10b0747,fc6856bed1c370fd4dad6af6b32776116a63c5edbed4ce1d4f365010ab4117b2
leftImg8bit/train/strasbourg/strasbourg_000000_028556_leftImg8bit.png,gtFine/train/strasbourg/strasbourg_000000_028556_gtFine_labelIds.png,5bed713348b868477d72a5e48b3a59303febd8ea8726bdf7b606b80000811474,be6417cab67f852fa6c32dc7fceeeb01bd46f6b08aceb4c3d56a716407865946
leftImg8bit/train/strasbourg/strasbourg_000000_028628_leftImg8bit.png,gtFine/train/strasbourg/strasbourg_000000_028628_gtFine_labelIds.png,7bbf93b138e5959e6cb7a86f141ca5e848b62cab6aa9e55ed3e1a78aa4a9bb39,688bc8029f4f349c30ac4e02ce8ee7c7e88f511f6dad1ec7682fceed8e6ed059
leftImg8bit/train/strasbourg/strasbourg_000000_028822_leftImg8bit.png,gtFine/train/strasbourg/strasbourg_000000_028822_gtFine_labelIds.png,042f1f2a3d9af355b8c931f5b13ff492cabaa678726dc60808ee461032da61a0,18b514b38f2a0246e51cff08704aedc2ec1bee9598e720013de81195bb56d1d6
leftImg8bit/train/strasbourg/strasbourg_000000_028912_leftImg8bit.png,gtFine/train/strasbourg/strasbourg_000000_028912_gtFine_labelIds.png,83070391ab19ffcf6ea5dc9142444fac550c5cdf030f9c00f0fe8b04be0794bd,9c45489f7ea4ee976367f54f01fea5ae113bfef6f0f9fe17cf31f69e2bf61d93
leftImg8bit/train/strasbourg/strasbourg_000000_029020_leftImg8bit.png,gtFine/train/strasbourg/strasbourg_000000_029020_gtFine_labelIds.png,84c0c793d8a2e1b52ddb30f27419ea2be8e28337f3b6abcbadddb11de9845225,9178ad78e2512f0042d4a2d6ad3a39b00dff8c2cc4e72c30347f57228ee67ebf
leftImg8bit/train/strasbourg/strasbourg_000000_029051_leftImg8bit.png,gtFine/train/strasbourg/strasbourg_000000_029051_gtFine_labelIds.png,55fe9a3a5e3494b331206760b0c077121df1ec0b0c819c4bc04d6f3b86eadc5a,0d5797286c8d393dddb4b3c9a9c25b5e69b77ab7d0880c9a257b6e59664c43ad
leftImg8bit/train/strasbourg/strasbourg_000000_029179_leftImg8bit.png,gtFine/train/strasbourg/strasbourg_000000_029179_gtFine_labelIds.png,bdf612057a7899cb874b6a59ecea63071122e94840e2e50e03efcfc681ed1b55,2c30c46b4b0859635b071a1addb284f3dc94f53874587df954da6b73ea268583
leftImg8bit/train/strasbourg/strasbourg_000000_029281_leftImg8bit.png,gtFine/train/strasbourg/strasbourg_000000_029281_gtFine_labelIds.png,6a4996e2533e23d4ecc4854fe4ec2703eeb3e105dcb5e13a045c3f2e399076fa,55635f779ced4af04485ccac38758d7feb9fa3dedbafa60650457e6332904562
leftImg8bit/train/strasbourg/strasbourg_000000_029339_leftImg8bit.png,gtFine/train/strasbourg/strasbourg_000000_029339_gtFine_labelIds.png,20bd6da15019c5a4ec37c16c04f4ef80d5c17aca775631a27a176626b5385f46,7947ebfa357046e727d39f3b10d05998aa811e303f141e7394b4d18ccb7ee37a
leftImg8bit/train/strasbourg/strasbourg_000000_029400_leftImg8bit.png,gtFine/train/strasbourg/strasbourg_000000_029400_gtFine_labelIds.png,2aa18289a4d28ec2966b1a0fb2609b55969bc2cbca96fd9f36490af891485679,33aec6c1ff46bd62dbb922cf2183ae65386e7351c43fc4b6dd8878df6f460fa6
leftImg8bit/train/strasbourg/strasbourg_000000_029481_leftImg8bit.png,gtFine/train/strasbourg/strasbourg_000000_029481_gtFine_labelIds.png,2d49a7ebde8b490b19962e95964c162e8a47b1353b3073b099e5afe4d12b4a97,784680aa52a9811bcccc2620698b5c89e0aad1b40c30479559a4995c6156bb25
leftImg8bit/train/strasbourg/strasbourg_000000_029577_leftImg8bit.png,gtFine/train/strasbourg/strasbourg_000000_029577_gtFine_labelIds.png,915318a8ca8430fb0a981e64cf8f81591a708c1c7cde74ad4ddfa78a9effdd7b,2db32cf9d3b7b1b60218f6316a8aa22a994a0e2afa49ba6f4abed70096161e59
leftImg8bit/train/strasbourg/strasbourg_000000_029729_leftImg8bit.png,gtFine/train/strasbourg/strasbourg_000000_029729_gtFine_labelIds.png,0bb9cf709072e57e727deec954af1a5e89fec5d8811d39c0a3d5477e4c5ddf78,4ebfdf983f8991fb8e85896e37849b7eed933d1336279dc88503fe1097543823
leftImg8bit/train/strasbourg/strasbourg_000000_029839_leftImg8bit.png,gtFine/train/strasbourg/strasbourg_000000_029839_gtFine_labelIds.png,a3ba9506eb0f03db5cdbfc545bba9419bbeef605daa99d8b7ab4536b1df4d2a9,b6c40e63a9eab37f92e245b292edd7bc8b5b69a94695882e9fac99921698a4c0
leftImg8bit/train/strasbourg/strasbourg_000000_029915_leftImg8bit.png,gtFine/train/strasbourg/strasbourg_000000_029915_gtFine_labelIds.png,ec88d5d28a2a744a942895a7deba0f4f36df8995ba3990e90a1e3bfd7c992981,282a694beb434c68564f5345f4fd29ae8eeeabf20913b86778685d477e0123b0
leftImg8bit/train/strasbourg/strasbourg_000000_030017_leftImg8bit.png,gtFine/train/strasbourg/strasbourg_000000_030017_gtFine_labelIds.png,69ca6262bd0e2e3bcbfceb035f8fc50a1a93c35c92d785bbbb1a672ecb330fe8,01cded661a854a5c3c31afabf9e7e1483b96a95dc336925d13554ca4b2dab5a5
leftImg8bit/train/strasbourg/strasbourg_000000_030122_leftImg8bit.png,gtFine/train/strasbourg/strasbourg_000000_030122_gtFine_labelIds.png,78b163aa74db06a7531c5ae7d44b0983094f1e88ab67b7480f99a9c57c0d1f8d,d9b44a7db27e170e763bf4d69ac5a1f5d73110c690503c2e6465a93f7a134b79
leftImg8bit/train/strasbourg/strasbourg_000000_030324_leftImg8bit.png,gtFine/train/strasbourg/strasbourg_000000_030324_gtFine_labelIds.png,af84500f06cb710ec4cafbc02240907437b20bc2c0174e534cde1fdab8fe9e1f,95c8d1f1b99d41df17ddcc9841c6c181ac5776e7634e54403c65c5c9effb4bdd
leftImg8bit/train/strasbourg/strasbourg_000000_030435_leftImg8bit.png,gtFine/train/strasbourg/strasbourg_000000_030435_gtFine_labelIds.png,4b7bd1567fa8ca65909aff6c8d813fd5c7fd798c807b5c1fb90ff7e3accd57d3,6afebfeb626b4d6361ddaea2e4ff36f7d196b4ac05f3fd7a4146449b543c3f7f
leftImg8bit/train/strasbourg/strasbourg_000000_030706_leftImg8bit.png,gtFine/train/strasbourg/strasbourg_000000_030706_gtFine_labelIds.png,d1f83014082f6f077b21d94bda01d51e12c22c545c01d8279e1069d40cbe9426,81fd67ecbb8ad760edd64ac69c2a8757dfc8e3eb97caf58280d6d5e8aa585c57
leftImg8bit/train/strasbourg/strasbourg_000000_030941_leftImg8bit.png,gtFine/train/strasbourg/strasbourg_000000_030941_gtFine_labelIds.png,92bfadfba4220beaf5687fbe34b236508f542aed7feee6966babb3fe14be40a9,b78b9f61d8833282122b204587b50aee70f948890662aa45572016a220491d0c
leftImg8bit/train/strasbourg/strasbourg_000000_031067_leftImg8bit.png,gtFine/train/strasbourg/strasbourg_000000_031067_gtFine_labelIds.png,1cc4794bb3fcea04edb767be091e765cf76f9e9898ecd73f3d37af2c717ce37c,73e371f1c9f2611bd64961d78167b8fc1b10f4bb0a08c42b63a8dfbc7e659d2d
leftImg8bit/train/strasbourg/strasbourg_000000_031223_leftImg8bit.png,gtFine/train/strasbourg/strasbourg_000000_031223_gtFine_labelIds.png,e6d6d88c5a19d44f14b4ca99558ac3b121d2af9f49e963d384ba10aa579a477f,3b830c7c0c2b05b60eeb8687ced32637b87d14c772fa3ef3916a82d04bfece15
leftImg8bit/train/strasbourg/strasbourg_000000_031323_leftImg8bit.png,gtFine/train/strasbourg/strasbourg_000000_031323_gtFine_labelIds.png,32a284d22d91991f5f224e7db680c59f93ecf84b009e05693894619c1e1f8587,3b8b7fb1b55f746bf422b761e2284ecf52432b05b7afcfb03c96a8b5e4b3b142
leftImg8bit/train/strasbourg/strasbourg_000000_031602_leftImg8bit.png,gtFine/train/strasbourg/strasbourg_000000_031602_gtFine_labelIds.png,a6fe0b5394485f7eff8a203c6cab60e9ebf610499b165d65bbeb20a6032e6962,690f8469fd1e3a794c40aefe76dd15eb34a61e42d82b3648bdac4ad33badc1c8
leftImg8bit/train/strasbourg/strasbourg_000000_032186_leftImg8bit.png,gtFine/train/strasbourg/strasbourg_000000_032186_gtFine_labelIds.png,8c68296821585e9c906f095e72686366d33133ed6534d3a42662b937b3b3cc12,d27a415fce312e4072862369c3a93d60a5532249b4681b58f7b0e9e50da2e936
leftImg8bit/train/strasbourg/strasbourg_000000_032346_leftImg8bit.png,gtFine/train/strasbourg/strasbourg_000000_032346_gtFine_labelIds.png,649bac9d40be85bf468509a82dfca20321c4592ddbd9f04bdd944b32f891dfd4,9bb044eeec1494858d64d6f162488a4fb3c123b79e804717cc67753c0e1487d5
leftImg8bit/train/strasbourg/strasbourg_000000_032962_leftImg8bit.png,gtFine/train/strasbourg/strasbourg_000000_032962_gtFine_labelIds.png,2551916675fa7916f73579f8a1bb6b4998643d792738d80c8c8d2dde6fffa83b,9644c3d6a29f272d023d02bdda001757bb60a9d7f9b2422575f2d04e9e0fe178
leftImg8bit/train/strasbourg/strasbourg_000000_033062_leftImg8bit.png,gtFine/train/strasbourg/strasbourg_000000_033062_gtFine_labelIds.png,0ebec45d8859cbbe5e44c6040235f38af0f163cd699e4b9fc43f5b47f79a8203,19906b2bc17377fbda5b1b75c15f34e195681e5df9a5619643d6d67649ea36ec
leftImg8bit/train/strasbourg/strasbourg_000000_033129_leftImg8bit.png,gtFine/train/strasbourg/strasbourg_000000_033129_gtFine_labelIds.png,fcaa0cb8646ca81a09c9e20e91837ba4b1d8ac80080b025c6a0ce82f6dca6b7d,ce6608ef17975927e0a393d4048eb3f04498386d23f6b3438c33eb95d4fa17b9
leftImg8bit/train/strasbourg/strasbourg_000000_033425_leftImg8bit.png,gtFine/train/strasbourg/strasbourg_000000_033425_gtFine_labelIds.png,b83b1d3c39ba6ce1164c2ba1955d0e48d085d7e2603c6bcf10454829877830a7,f287877028bec082ed281c48e6746978e87163438743ac0e80652129cd5c5c1b
leftImg8bit/train/strasbourg/strasbourg_000000_033747_leftImg8bit.png,gtFine/train/strasbourg/strasbourg_000000_033747_gtFine_labelIds.png,bf700dadba6c31b2fb04933d14350aea7e80cddab5991e84709aca8b6cd5ceca,85520dcf93bc0362248f246e122dabf8ce771d3e68d506b47f9a70c03ca3b82e
leftImg8bit/train/strasbourg/strasbourg_000000_033838_leftImg8bit.png,gtFine/train/strasbourg/strasbourg_000000_033838_gtFine_labelIds.png,558ea0d430659a52c64a6ed88b366ab6484076d8b1eb17b7a1c24d021dec2542,59aa5b9211b933d5801846a1ebf37522908f688d06ca928b912cb1c951d05632
leftImg8bit/train/strasbourg/strasbourg_000000_034040_leftImg8bit.png,gtFine/train/strasbourg/strasbourg_000000_034040_gtFine_labelIds.png,9538561d6d1044b891cb91cfda817dd6d7ba0afc0e3a84b50fdae36e836ee3f1,1fa4c5fa8ef591c8bc58a599ed93308db0a68484880fc4eba8e13ba3b8b0e5b1
leftImg8bit/train/strasbourg/strasbourg_000000_034097_leftImg8bit.png,gtFine/train/strasbourg/strasbourg_000000_034097_gtFine_labelIds.png,36222ab4d5a3c6c64f2fd95ecf4c98e896e113bc429df75cc141867ecc037fa6,3aad8666d31df722a05fe7f29053fc834e55c141bb6f897c63c16ba988a3fa74
leftImg8bit/train/strasbourg/strasbourg_000000_034387_leftImg8bit.png,gtFine/train/strasbourg/strasbourg_000000_034387_gtFine_labelIds.png,23185c80117e3373610e981e21101ea22eb41c40f912af3ca341511c4ebdab5a,cadf9f64207e524859f1a57e647ddadbd49ad064250296c74698596e31103741
leftImg8bit/train/strasbourg/strasbourg_000000_034652_leftImg8bit.png,gtFine/train/strasbourg/strasbourg_000000_034652_gtFine_labelIds.png,1d9e2798a21cd8a2218ac4782d3651ea47a46de86d40d81d00cb6c0cabb4b53f,7b2117b8cffdad9fa17cd2ea0ec35af63d644e5110aa6fd92c55500610d59ca3
leftImg8bit/train/strasbourg/strasbourg_000000_035008_leftImg8bit.png,gtFine/train/strasbourg/strasbourg_000000_035008_gtFine_labelIds.png,89d13a6487337afc11b97c46c8202e93d96adb2c16313342e36ad3ffec695ac8,fe179f84c197922324af9012e5e8c31b63b6714e85f469a0e9cc470bf4090c6e
leftImg8bit/train/strasbourg/strasbourg_000000_035255_leftImg8bit.png,gtFine/train/strasbourg/strasbourg_000000_035255_gtFine_labelIds.png,188dc60db81c42bcde47132cfa1f73837c73650d40d7593afc710b5d8f7dffe9,f92899f277f9b35b7a91b222d3f234b48e9c924e11defc0b4d7f6a0036cefe76
leftImg8bit/train/strasbourg/strasbourg_000000_035571_leftImg8bit.png,gtFine/train/strasbourg/strasbourg_000000_035571_gtFine_labelIds.png,c14577c5a80f7a3f9d7d9ab6972a9eadc44290e43417e7fdc330992c92e7dd67,bb1b9debd335a2cfc54bf020c82496b3c1ec285eef317cdafea30612f2b04b04
leftImg8bit/train/strasbourg/strasbourg_000000_035713_leftImg8bit.png,gtFine/train/strasbourg/strasbourg_000000_035713_gtFine_labelIds.png,8e72e7971a6aee1d28d0f1bfd7acad089ae23e80070d025d61b7beaedcf87b71,0b6a9402881a4cc65b4b0449e2cd3958e524866c8a7dabe7f7c36fce245c711b
leftImg8bit/train/strasbourg/strasbourg_000000_035942_leftImg8bit.png,gtFine/train/strasbourg/strasbourg_000000_035942_gtFine_labelIds.png,c66f9e7f66a530c9b0abb0a79265597dd407c85c2eba1ea4dbe7813a70c3ca59,4af11b2bf0f8aa9ce8c3b4bc880921ceb7131f6880115a9ca277173da29c10f2
leftImg8bit/train/strasbourg/strasbourg_000000_036016_leftImg8bit.png,gtFine/train/strasbourg/strasbourg_000000_036016_gtFine_labelIds.png,a6ee478d3296cf7b2b366359454c9f8f8d6708f2ca712373a3b62a99a0b73b0b,d7f550071a40ff0b2745c9fc6a21d68e0aabc5d60b55f420f054866f385dc5f3
leftImg8bit/train/strasbourg/strasbourg_000001_000113_leftImg8bit.png,gtFine/train/strasbourg/strasbourg_000001_000113_gtFine_labelIds.png,fd9307b8dcfcea98e01be7a57ca74cec45a879ac04031832412e960e063d004a,5188a35e55b465185e850470dc41bd31300cf9bf6cee69082f5bc241501ddb8a
leftImg8bit/train/strasbourg/strasbourg_000001_000508_leftImg8bit.png,gtFine/train/strasbourg/strasbourg_000001_000508_gtFine_labelIds.png,a40acf933df544cc7c2b524d5f2e3d3ca238346895629d9cbec0e9976899d4c5,609a109324059405024e411e6d3fa83ef71dcca7c144040a3586b650aeee4502
leftImg8bit/train/strasbourg/strasbourg_000001_000710_leftImg8bit.png,gtFine/train/strasbourg/strasbourg_000001_000710_gtFine_labelIds.png,27e8ee132ae6dfdc264cb3ad3a2afa807cbb5a6f10cb14c86fdaaa7f71e93c76,bf2cb353a4247eff680c46f45c7a0617745045bce453a6e3d4d24a1f15f4d459
leftImg8bit/train/strasbourg/strasbourg_000001_000778_leftImg8bit.png,gtFine/train/strasbourg/strasbourg_000001_000778_gtFine_labelIds.png,04e5de45c32e4a36ac155c677978f7d617cd12982a06800b0232f36cbf086032,d8f4a509be0b3bd78ae33ce7425103ecde1aeb04e3975eff0993ebf78ca87d82
leftImg8bit/train/strasbourg/strasbourg_000001_001072_leftImg8bit.png,gtFine/train/strasbourg/strasbourg_000001_001072_gtFine_labelIds.png,6e43f582e8d2a9d26b0c37461ccf18c28dc922cf424cdacfa0c11ca43ddcc412,82b4cd0f562c943e5fbc672f5b628db02852a5896ee5b0ad1983f893307b8eb5
leftImg8bit/train/strasbourg/strasbourg_000001_001449_leftImg8bit.png,gtFine/train/strasbourg/strasbourg_000001_001449_gtFine_labelIds.png,3632b1885626d9d9669658e79a39024333254f65bb93c917b387b1c29775b440,8bddeef211c15c8ddd0ac77dd59e01642b9585782f2bf96f1c6a563994ba8945
leftImg8bit/train/strasbourg/strasbourg_000001_001722_leftImg8bit.png,gtFine/train/strasbourg/strasbourg_000001_001722_gtFine_labelIds.png,efe19463d577ec45614811ac0e18a4731395553f53051b5bb3450c39efaaa2fc,45ea0e08ccdac4f033ae004d94614eccdb94e51ab460b3fd43b416e35833de42
leftImg8bit/train/strasbourg/strasbourg_000001_001901_leftImg8bit.png,gtFine/train/strasbourg/strasbourg_000001_001901_gtFine_labelIds.png,ae4c43c40929ec6089cfa76276b4d24ed859e1245ca36284b1f61be6fe8f30d4,7f2e3cf60cdffb877a108a7f631d883a85eea4f001a53d37943034bca0bdb6d1
leftImg8bit/train/strasbourg/strasbourg_000001_002081_leftImg8bit.png,gtFine/train/strasbourg/strasbourg_000001_002081_gtFine_labelIds.png,cbffaf08211c783f7dd6da94f8df5184207509b61dda44fb9be25180cb25b087,8f1e18f49e312f61c4c3ae897e6fb4b0b11bf8031fa47b1dea31b3d90777cc97
leftImg8bit/train/strasbourg/strasbourg_000001_002216_leftImg8bit.png,gtFine/train/strasbourg/strasbourg_000001_002216_gtFine_labelIds.png,00099fc583c81fe2051393c5e8a98241912789b68e4adfdb6bff71acc9efe35c,a5176cfed3e88fb8d6d46c57782ef7aa8fca5f862d0c8a71f469ac2a3e8f5b3b
leftImg8bit/train/strasbourg/strasbourg_000001_002354_leftImg8bit.png,gtFine/train/strasbourg/strasbourg_000001_002354_gtFine_labelIds.png,f6bb9789bed04796fd5e2a7ef6806c3f6270012ee8d9b0b5fde73ced96d97902,873a6c1b4cc972f0cfca5f23c81937e3a2edb2ae1351aa509b409171f5443765
leftImg8bit/train/strasbourg/strasbourg_000001_002519_leftImg8bit.png,gtFine/train/strasbourg/strasbourg_000001_002519_gtFine_labelIds.png,150d9a0fa6ca533a99dfeddf78fc33a83fbba027213e4b3ee77c538ec9778fe7,ca84555f3c7ff120e23dca3340b5ad743fc9ad32cade6acbdb978e357e7294c7
leftImg8bit/train/strasbourg/strasbourg_000001_002644_leftImg8bit.png,gtFine/train/strasbourg/strasbourg_000001_002644_gtFine_labelIds.png,df615d19dd483cb48bd96ed761c16c4f82e85100d4555bf7441a31f025723c6a,8065853b56fa997a47175d6dcafb792e1930c8f0ec43a82ec3e6cf5d72ae806f
leftImg8bit/train/strasbourg/strasbourg_000001_002949_leftImg8bit.png,gtFine/train/strasbourg/strasbourg_000001_002949_gtFine_labelIds.png,84df003db5aa7b1fb1a0e768c4ea228ed4e5e0807c1d6bf757771ed9abe95dc6,489455a7100129bdf45b09a7c93b65dd421ec91e32355362504b2082c62e55e6
leftImg8bit/train/strasbourg/strasbourg_000001_003159_leftImg8bit.png,gtFine/train/strasbourg/strasbourg_000001_003159_gtFine_labelIds.png,eb31279569c290af97cfc7073355bc8381017b6db86a7e72ddde335890de9339,25b9874d9a041acc84af3169a32f69fbad68a20e72ed205d102c238836fc56bc
leftImg8bit/train/strasbourg/strasbourg_000001_003489_leftImg8bit.png,gtFine/train/strasbourg/strasbourg_000001_003489_gtFine_labelIds.png,8b2cf77afe5ee9b9057b230eb811db34a17b250d3f00de1fc49df47ef5ae5e0e,cb7ecf6dd6dbfa853d32ac96b22ace515501c74f7f7a2df9ae4a641e44c99ef2
leftImg8bit/train/strasbourg/strasbourg_000001_003676_leftImg8bit.png,gtFine/train/strasbourg/strasbourg_000001_003676_gtFine_labelIds.png,b77262561bf183736ef5ada551e44dba91415cb67e03d5b5d2f920d409d45184,61e5a225ad9557dc48b534e6ad06b2bf635b937a0bba46ec646105e8c7420bcb
leftImg8bit/train/strasbourg/strasbourg_000001_003991_leftImg8bit.png,gtFine/train/strasbourg/strasbourg_000001_003991_gtFine_labelIds.png,282c8de638bcf390204e37f1b820932b828adba954be2a4fcafd755838b0b267,0c091d6c577f64c64cfcb557a488099c328f5cfa23e08dba4e364d5c5b12f361
leftImg8bit/train/strasbourg/strasbourg_000001_004106_leftImg8bit.png,gtFine/train/strasbourg/strasbourg_000001_004106_gtFine_labelIds.png,487b64f627f29763c355565750eda02fc90476ef99ba2acec272fdca21b34d5a,4d35671acf26fded2d77acf2b049e9917fc49198d9222f87316d97f40b71bcfb
leftImg8bit/train/strasbourg/strasbourg_000001_004260_leftImg8bit.png,gtFine/train/strasbourg/strasbourg_000001_004260_gtFine_labelIds.png,9efbb08e127b989c2dff9aa08c766bac22584d59127ca17b488c13fe3fc4be51,e60e84fe26b8eef1066e69dc685e238067a2c21a19765cb7542784417a1b1bca
leftImg8bit/train/strasbourg/strasbourg_000001_004745_leftImg8bit.png,gtFine/train/strasbourg/strasbourg_000001_004745_gtFine_labelIds.png,ce64226b24e28a2a078a4e0110d690eaa355aa46dfe3608a35e4458193118c8b,01ec6e14d58a8add78f32f87f07ca60610bdd0ad80ef9f57015679f63f184dc1
leftImg8bit/train/strasbourg/strasbourg_000001_004983_leftImg8bit.png,gtFine/train/strasbourg/strasbourg_000001_004983_gtFine_labelIds.png,e3ed6ecef9b85a2010d168815e15f7b2ed0664ad72e0945c3a2aa2c45e67233b,bc658817babdab0be2d0909a536eee8625e06323cc2d3a9ea1b5fc8797edfe6f
leftImg8bit/train/strasbourg/strasbourg_000001_005219_leftImg8bit.png,gtFine/train/strasbourg/strasbourg_000001_005219_gtFine_labelIds.png,0459216ecae49f8c65d326f6ca85f080a4fdc6365964e93399dcb234d3278bf6,43822c7395f44558c118d3af6e1cac4184e4360146b578ed98346c22e17f66ed
leftImg8bit/train/strasbourg/strasbourg_000001_005289_leftImg8bit.png,gtFine/train/strasbourg/strasbourg_000001_005289_gtFine_labelIds.png,b72d5590d47b00e5ff475e77b6804144d8e53e70b70a10e80305296bcc7091f8,5a5cd3f4ece8696eff547612bb6b4043462c8843382eaee612d3a028c82fc07b
leftImg8bit/train/strasbourg/strasbourg_000001_005666_leftImg8bit.png,gtFine/train/strasbourg/strasbourg_000001_005666_gtFine_labelIds.png,563e4d21ffdb25752883495ea0f3c88e52ba64dec11cfbd20e90621f146d4539,0b97569c1592fba650bf65c922d3ac3088833142c8ae2042fdb301fd61c3cbc7
leftImg8bit/train/strasbourg/strasbourg_000001_005876_leftImg8bit.png,gtFine/train/strasbourg/strasbourg_000001_005876_gtFine_labelIds.png,d88e972e98d888fc4074b4596f7062f77aed0303dc7c7756d063cc86292280d9,4cfcc3f284ceef09f27d9790dcd48de4acd681e3096f084215a0877a8236bc85
leftImg8bit/train/strasbourg/strasbourg_000001_006153_leftImg8bit.png,gtFine/train/strasbourg/strasbourg_000001_006153_gtFine_labelIds.png,4be050e67eeaea93b14ec18f8f1482c438240383401bedc46080cc81fc44107e,1ac46d2b3f573651a07b658c9348cb01c932dbcc6992bfe226b05312384bd027
leftImg8bit/train/strasbourg/strasbourg_000001_006386_leftImg8bit.png,gtFine/train/strasbourg/strasbourg_000001_006386_gtFine_labelIds.png,e4adc0dca8adf6c9343c5a031cb2b99b6802f49843b7fd88329029bf8b805145,f11986ebc6026374b217d3a28f72eb18d5bfcae7e4181b067d904bfe8dabdb67
leftImg8bit/train/strasbourg/strasbourg_000001_006562_leftImg8bit.png,gtFine/train/strasbourg/strasbourg_000001_006562_gtFine_labelIds.png,bf816051308a6820611942f84e1a425e5aa19ed00a747d6e690d8d500d9a3f52,3f762e404cb363d6cf0439357565e157e3f8487958ddbe46f6ff28f64563fbcd
leftImg8bit/train/strasbourg/strasbourg_000001_006916_leftImg8bit.png,gtFine/train/strasbourg/strasbourg_000001_006916_gtFine_labelIds.png,de20560c84deff5085a79667b3e14618ebf9a01e69c0a9f1698ada50f295c120,a95d97e65ab973a3312c11c0b5be3e4a417a51f8c3684449661dbb80995491a7
leftImg8bit/train/strasbourg/strasbourg_000001_007148_leftImg8bit.png,gtFine/train/strasbourg/strasbourg_000001_007148_gtFine_labelIds.png,38fb6798bc312fcb30ecd2230eb0ca7cd44176bce876d4064daa9aeb20f3e590,efb7c0b75913c622fbb601a20b731cff839d7ddbf6c4f2ff17fa8a165ec5cca9
leftImg8bit/train/strasbourg/strasbourg_000001_007524_leftImg8bit.png,gtFine/train/strasbourg/strasbourg_000001_007524_gtFine_labelIds.png,a35c8042404ada50d700541f4087591bbc418e93a87131d212368caa96bcad7b,aff13b360ad21e26da3719d47ce258de541c210510b90861d0267ea62b9d4d58
leftImg8bit/train/strasbourg/strasbourg_000001_007657_leftImg8bit.png,gtFine/train/strasbourg/strasbourg_000001_007657_gtFine_labelIds.png,aa57a8e6bd158f7cc85427c30ea9edbcfc2cc4a8caf767e6201e1f5034d6c29f,97be5f1ce19ecec6ba9ef33cb48fe50abb491d316b462e4c4d28889c162996ad
leftImg8bit/train/strasbourg/strasbourg_000001_007864_leftImg8bit.png,gtFine/train/strasbourg/strasbourg_000001_007864_gtFine_labelIds.png,651a7793a5ba8ed8c47d387e627d83f5c540d1c426ba6d6323cb06a577d368f8,0e89ac0fa267bcfe3c9db5a1750e595e9ff1299d7c0a320b3eea34d20089fde1
leftImg8bit/train/strasbourg/strasbourg_000001_008310_leftImg8bit.png,gtFine/train/strasbourg/strasbourg_000001_008310_gtFine_labelIds.png,27433617f94982a00dadcd646cfe6ba54d545f30888820ddeacea2f2bd9ade91,6aa736af16e9d52d5a9c4f3cd6072a704f259fc98639223586f54ac327eb5633
leftImg8bit/train/strasbourg/strasbourg_000001_008576_leftImg8bit.png,gtFine/train/strasbourg/strasbourg_000001_008576_gtFine_labelIds.png,7b7a931c100ad4e4bd81238c941a7a5e3e026ea1badf0df708a609b973879021,7cfe776420595290ffc74f7fa498f375577481861ef86af0ddabfa9682bcc2cd
leftImg8bit/train/strasbourg/strasbourg_000001_008771_leftImg8bit.png,gtFine/train/strasbourg/strasbourg_000001_008771_gtFine_labelIds.png,76ef6141c9f167fbac05ba0eb654f8aef93676aff26bb6503856dcc42f4df13d,75b233904eac0286f4a74480b38ddac8a3b607b8099e77a8f43ea5707708ac51
leftImg8bit/train/strasbourg/strasbourg_000001_009097_leftImg8bit.png,gtFine/train/strasbourg/strasbourg_000001_009097_gtFine_labelIds.png,3501f34e17881972ee3ae54ad631118c2a11ab25e3235932fad7a789f3fcd757,e629854273ea7b6f13c11d2cf44deacd13f5587eae158ad7a2b04a62a4be44e5
leftImg8bit/train/strasbourg/strasbourg_000001_009246_leftImg8bit.png,gtFine/train/strasbourg/strasbourg_000001_009246_gtFine_labelIds.png,447c6d5280ca3c75f41a55befb7fa34e70ff380ab72ccd14d962214b7d105467,e05072cfc13e03ac2afdb74963f8fea3f7a6ebdf53dd281b158bb8a6655811f0
leftImg8bit/train/strasbourg/strasbourg_000001_009333_leftImg8bit.png,gtFine/train/strasbourg/strasbourg_000001_009333_gtFine_labelIds.png,b880bd7228a3d4bf50cbb3e82c37924c334af5d29f4e463db58b1225336ab5e4,71c958d442a3a20d9381b56fe422e43002636d221c576db3bd7cdb0409ececf8
leftImg8bit/train/strasbourg/strasbourg_000001_009471_leftImg8bit.png,gtFine/train/strasbourg/strasbourg_000001_009471_gtFine_labelIds.png,26244376cc2a80ae42748b99b7286f2f89428effe6eaacbd62b6f97dbe8d2806,30143d76c35fe45c0760e3d8b881fc0a5cc92d0959d929993227911343cd78f5
leftImg8bit/train/strasbourg/strasbourg_000001_009618_leftImg8bit.png,gtFine/train/strasbourg/strasbourg_000001_009618_gtFine_labelIds.png,a295ab9eba6c8b03fab1b4b21228da8a8cd92accf361355df15f8141e540fddd,fbe9ef0a170517f0ee5b75a3b8f2df647763bc5cb003f95c78a23636d00012c6
leftImg8bit/train/strasbourg/strasbourg_000001_009795_leftImg8bit.png,gtFine/train/strasbourg/strasbourg_000001_009795_gtFine_labelIds.png,9cbb904f4ad12ccf86814abe16f5675386f62860d017891a34fc3eed8a7b1009,ce987005add997686cee6ad169f9c339183cecfa2b14d85dd1a17522e1836f16
leftImg8bit/train/strasbourg/strasbourg_000001_010162_leftImg8bit.png,gtFine/train/strasbourg/strasbourg_000001_010162_gtFine_labelIds.png,11b52889ac41b3cb84198ab81cabe609bf68024e3da53edd98fc9f60a1f4efd0,f91b4f431f2fa719cc36fc34ed48f567409924cb102d9704eec18979be5ad6fc
leftImg8bit/train/strasbourg/strasbourg_000001_010445_leftImg8bit.png,gtFine/train/strasbourg/strasbourg_000001_010445_gtFine_labelIds.png,9601e5ce038a172c45a4c0ad6541789d9ef373734ee770e82dc5a31f04080105,f130bca44065b774a96202f6b0586c9119a01943c50198dd64ce6227b3e7c58f
leftImg8bit/train/strasbourg/strasbourg_000001_010640_leftImg8bit.png,gtFine/train/strasbourg/strasbourg_000001_010640_gtFine_labelIds.png,eab6f57475f8752526f93158844d81fc0faa62c04000e9efd555788a8aff20fa,afd160bf4a7e38f854d129042344838a6aab3100498fbeeb6bd20a2fb95e566d
leftImg8bit/train/strasbourg/strasbourg_000001_010755_leftImg8bit.png,gtFine/train/strasbourg/strasbourg_000001_010755_gtFine_labelIds.png,487aac7fbca41a87e4a3c24d4099da82b4620c80f2cd3728caf7818d36669a23,048226385340987e27b4673e40126a08a4bdc5dac307e0f1908f35208f670cb1
leftImg8bit/train/strasbourg/strasbourg_000001_011617_leftImg8bit.png,gtFine/train/strasbourg/strasbourg_000001_011617_gtFine_labelIds.png,70003422356c8c6e963edc58da04288e9a96c0ba3f9c10929a82205d80c0e31f,402ddd2668c3b548131c98380559acb4e9d534b53450710626b106797376e5d5
leftImg8bit/train/strasbourg/strasbourg_000001_011775_leftImg8bit.png,gtFine/train/strasbourg/strasbourg_000001_011775_gtFine_labelIds.png,495de0baf4be34f74887549d44a71eadb83e43515cb76fcc240e2cf574ac0129,fd28cfb2d9a2a04959a5769025e31efb896d8dda5324cf2656baab918160bb45
leftImg8bit/train/strasbourg/strasbourg_000001_011990_leftImg8bit.png,gtFine/train/strasbourg/strasbourg_000001_011990_gtFine_labelIds.png,6f8ac3d9cd7e5789e936f77f166604d624c8c50dda05bc88680f3120807e840c,0f9c46c1e0bd41a628ed3bab7fed0a15b3c6bffe6262adb8ed31bb020f6eaeaf
leftImg8bit/train/strasbourg/strasbourg_000001_012956_leftImg8bit.png,gtFine/train/strasbourg/strasbourg_000001_012956_gtFine_labelIds.png,4901eed29f23eb7247db180450b08f7945545ee3d9c6c2a066351291450d1a68,06c9f5954fee963f44054d9c4991d9c22560ab0b1ea48c09099bab1e05153ed9
leftImg8bit/train/strasbourg/strasbourg_000001_013266_leftImg8bit.png,gtFine/train/strasbourg/strasbourg_000001_013266_gtFine_labelIds.png,bbc64d9de40483e11aefbb963ef5af27f176a70053afb064fbccbc8fd3d7bda2,0705980727ed2909d507549a41b15ed3fbd18bd187441d1c17bf29dc2db10f9d
leftImg8bit/train/strasbourg/strasbourg_000001_013767_leftImg8bit.png,gtFine/train/strasbourg/strasbourg_000001_013767_gtFine_labelIds.png,a0215e7bb09b9ae5c368734c584124f17d9673679abd6d83ab300f8da68ff933,98bfc9905d7ce0502bf084b15cf17603033c6a079d22e15d130350a08aaeb83a
leftImg8bit/train/strasbourg/strasbourg_000001_013914_leftImg8bit.png,gtFine/train/strasbourg/strasbourg_000001_013914_gtFine_labelIds.png,ebbe35ff426121b836c1712cbc78dd29358384030104ff1303bdb92db188b2f1,7896caf560d82a0070f896d8440be390cb2828b0342e5ddcaf744a5cf865c8da
leftImg8bit/train/strasbourg/strasbourg_000001_014033_leftImg8bit.png,gtFine/train/strasbourg/strasbourg_000001_014033_gtFine_labelIds.png,d61ef0b588f61823b44e92bb93fc16bf87b50a689d1ff2de2c0b67dc9e632548,673df318c8dbeff9412d03f0932abd64317a45761499ff2ae27e633ad4b5b5d3
leftImg8bit/train/strasbourg/strasbourg_000001_014258_leftImg8bit.png,gtFine/train/strasbourg/strasbourg_000001_014258_gtFine_labelIds.png,c0d8510a699d39437b9e4c4816013069b60985cca7d3e00a6804d06606856967,71c88806eeb2df16790d6fdd3ba7a788b8c8b9a2065938b7aefa4bd5f41c4118
leftImg8bit/train/strasbourg/strasbourg_000001_014629_leftImg8bit.png,gtFine/train/strasbourg/strasbourg_000001_014629_gtFine_labelIds.png,dce827f785a3913e0674141037bee157f785f4777c8163f6a7378d0a611ad387,c0a79125fb9620bbfdaa6f4dde1777e8442b01c2769468e939064c2ab7e3689c
leftImg8bit/train/strasbourg/strasbourg_000001_015220_leftImg8bit.png,gtFine/train/strasbourg/strasbourg_000001_015220_gtFine_labelIds.png,385782d0a6e46ce95ccbd2d7a1c8227ac360ff4b6ca1153a448cc5c64bea45fa,22765343a3de771eb1f86dcdc9631b53a7a893bcb80c39abcfc5c3dd2b1d3e87
leftImg8bit/train/strasbourg/strasbourg_000001_015605_leftImg8bit.png,gtFine/train/strasbourg/strasbourg_000001_015605_gtFine_labelIds.png,3addf690dff16dde7dd0e953f6fa18261ee50ed4f69444ff6ef832400a938ab8,12472a6d36e274c37b967b82a1908aeb51339e5384b1e6533b09ccec05e74a83
leftImg8bit/train/strasbourg/strasbourg_000001_015974_leftImg8bit.png,gtFine/train/strasbourg/strasbourg_000001_015974_gtFine_labelIds.png,6d56ce4cee1806664e021d0c67456b2bbdf89fff7641409b9d1e6996d8bafbd7,23127108684e065f157ed41085ce87fc681f0231d6536adc43ca2b0f5a36da5d
leftImg8bit/train/strasbourg/strasbourg_000001_016253_leftImg8bit.png,gtFine/train/strasbourg/strasbourg_000001_016253_gtFine_labelIds.png,e2b82214ef1373c977ddcf92d2dec4fa1e0fbcd50ea786869c387b68745bd963,ac696eebd30608e1fc557e987c695815dcb5da479b6b868100802c02c4012d87
leftImg8bit/train/strasbourg/strasbourg_000001_016376_leftImg8bit.png,gtFine/train/strasbourg/strasbourg_000001_016376_gtFine_labelIds.png,058dd9312432afd816382e0182277f9a18ed0ad2d23468ecdc7b5884b709428e,f833016185d40c763f3fe4bd467a4a7507af86786d4872fb545689d8fc951d8e
leftImg8bit/train/strasbourg/strasbourg_000001_016481_leftImg8bit.png,gtFine/train/strasbourg/strasbourg_000001_016481_gtFine_labelIds.png,41f896ad1b8be04080c04c01983b626b0ebcce0f658618c387f0cb011b03c980,1b51596b027b11a3c5886cd5b024901deac27d77dd3743f846a1141da2a8c5fe
leftImg8bit/train/strasbourg/strasbourg_000001_016681_leftImg8bit.png,gtFine/train/strasbourg/strasbourg_000001_016681_gtFine_labelIds.png,e72e295be97b14d49902f8ea5266ff8e6e479af648ad3ae287a74390217d84ef,41d834a964132208e757c96168606ccb6f4e09b1ca9797b12791945e6a728946
leftImg8bit/train/strasbourg/strasbourg_000001_017469_leftImg8bit.png,gtFine/train/strasbourg/strasbourg_000001_017469_gtFine_labelIds.png,70434eea85681b858b7ddfaf3c319673632999cc1bdaea36df221ba72df3a25f,50ea86c5faef42aec4f57e09542c1f629262e813403695141c33bce2a595d20f
leftImg8bit/train/strasbourg/strasbourg_000001_017540_leftImg8bit.png,gtFine/train/strasbourg/strasbourg_000001_017540_gtFine_labelIds.png,4892cc5d244e65b241e53d9af9e841fc858dc667d2acc26f81373a9050dc2dbc,5ca69cf164e29a0386f18d2ba101a680eb9dd0eac340e97161d7d727708c3498
leftImg8bit/train/strasbourg/strasbourg_000001_017675_leftImg8bit.png,gtFine/train/strasbourg/strasbourg_000001_017675_gtFine_labelIds.png,8fc15448d0a36e3f684071784ae31fb37cc4c8b07b78ef60a8ae94e1ebb70206,d7e0b19bfa404a2b2529cdc577aa47bf6ac2d9ef0f7db15ead15e4bfd0487911
leftImg8bit/train/strasbourg/strasbourg_000001_017844_leftImg8bit.png,gtFine/train/strasbourg/strasbourg_000001_017844_gtFine_labelIds.png,c1471ee158d432a955d289b96490331f5c0a2b57a7e90b85e0e76ad97cdfe204,00cc02dd0b99f847bb1003574e4532faf4b89f336611db9b6bcbb3f0b97e1fbe
leftImg8bit/train/strasbourg/strasbourg_000001_018155_leftImg8bit.png,gtFine/train/strasbourg/strasbourg_000001_018155_gtFine_labelIds.png,83247576b981f8e33d7976ffb04d119f99baf3d4de06bebaa67b50a5f3fbaf97,725e9949a6c67f17a3284cf87bec39ee76c9db7de17af21b76e930411e8ecc80
leftImg8bit/train/strasbourg/strasbourg_000001_018432_leftImg8bit.png,gtFine/train/strasbourg/strasbourg_000001_018432_gtFine_labelIds.png,6a45d9d16a6b9d7e6a5f93c534f3c3e5b7bc67e7a50d1b7e298a2d35f46f066d,fdfc5873f8c406479a85c47d5e936d442f499c8d5417fde0f50ac8c23ea0f32e
leftImg8bit/train/strasbourg/strasbourg_000001_018742_leftImg8bit.png,gtFine/train/strasbourg/strasbourg_000001_018742_gtFine_labelIds.png,3dc3c81480cceeec919744e70d8a18e1f3fc020cbf5314551f64ad9229f10e98,100f661eaca8c4929114ae53cf4ad86a22f9e51c71432ab24c502d45b4d9cb58
leftImg8bit/train/strasbourg/strasbourg_000001_018872_leftImg8bit.png,gtFine/train/strasbourg/strasbourg_000001_018872_gtFine_labelIds.png,a4e58de24a8ce2f885a888c9bc5ec3571f87c77d5e30525074ef6c773ae5503d,235fdf977485d66156944b8341ab398591edb442cbca0f9fee409d983a640ed0
leftImg8bit/train/strasbourg/strasbourg_000001_019247_leftImg8bit.png,gtFine/train/strasbourg/strasbourg_000001_019247_gtFine_labelIds.png,1506b6e6776600d2ac6e17474858458d9455e93a0d77e9174a0c324d59d2dac7,d49cc536e424f6cd423bbe793bc03561647b1664f7a83a51a9e1e38e9776c414
leftImg8bit/train/strasbourg/strasbourg_000001_019698_leftImg8bit.png,gtFine/train/strasbourg/strasbourg_000001_019698_gtFine_labelIds.png,a0480d1dab4b16aa63cb1270b848edd04bc91a52a6210eefaf659b74ca0751de,c69d40b0eb35be46f9feb1c9da8e918419a4dd7cf12e5efc668109c5bceb4861
leftImg8bit/train/strasbourg/strasbourg_000001_020904_leftImg8bit.png,gtFine/train/strasbourg/strasbourg_000001_020904_gtFine_labelIds.png,8141031c6e444d6679eddb390cb12b136f75c2e2d0c95e48be6283e2eaa6241e,8c9201227f9edf87fd98dfa52c34b2f31166ad8cd95ea76e05718e7ef2e023c2
leftImg8bit/train/strasbourg/strasbourg_000001_020956_leftImg8bit.png,gtFine/train/strasbourg/strasbourg_000001_020956_gtFine_labelIds.png,8279398a997092e222d6a065f3d98c68f2256ace638490285f910dde4a0b0afb,645abf86137d6b0adefb4866ac9be0a109e8da3d28b9000947241cc40d91ddfe
leftImg8bit/train/strasbourg/strasbourg_000001_021951_leftImg8bit.png,gtFine/train/strasbourg/strasbourg_000001_021951_gtFine_labelIds.png,4b38049c818bb2dc8ccd4fb311dbc76aec5e55a84ae022d4bcdc528d5134cda2,2e1e8f7eca088443213a1d85ac533046f295ea8b0da76489a17146d2f586dbb5
leftImg8bit/train/strasbourg/strasbourg_000001_022151_leftImg8bit.png,gtFine/train/strasbourg/strasbourg_000001_022151_gtFine_labelIds.png,e73a4ada13978244832e30d09e2b04d1585459d88a07514f79ea2f230732761b,f1ecbd6de6492c42923679ecc3fe8b9122fef7ea65353d9deea103c213ece723
leftImg8bit/train/strasbourg/strasbourg_000001_022363_leftImg8bit.png,gtFine/train/strasbourg/strasbourg_000001_022363_gtFine_labelIds.png,f11b70c889f6352a7846dd4a9f676cf7a33689b237e353476dd7f5630986a05d,e06a54024673fe8a446b4e4ef52659aee6c38589822654837f304524ae994866
leftImg8bit/train/strasbourg/strasbourg_000001_022560_leftImg8bit.png,gtFine/train/strasbourg/strasbourg_000001_022560_gtFine_labelIds.png,756ef83ec4a70cfdeb1b2ac3829072d79f41f2e94c6658f6ea8afa02f22c4c72,e45af8de6729141074f80124a51629c2cd23f97f85aa851710d0ce4e25bab649
leftImg8bit/train/strasbourg/strasbourg_000001_022836_leftImg8bit.png,gtFine/train/strasbourg/strasbourg_000001_022836_gtFine_labelIds.png,f5d85705c01d1ca8e3a932215150248311584820eeab9f8a1617d362e1aa7832,da890cf57d39635ccc4d6d58fbcffba44f66eb56a6ccdf8d2be93526ddc7529d
leftImg8bit/train/strasbourg/strasbourg_000001_023271_leftImg8bit.png,gtFine/train/strasbourg/strasbourg_000001_023271_gtFine_labelIds.png,c1326a151f999e082aa537a9953a7ad33dec74369a1ae50650daa4ab2a0418c0,76ffab4df96555063c18ac02f13c4449d93e197fdcd16c778d153a8c9cecdb47
leftImg8bit/train/strasbourg/strasbourg_000001_023515_leftImg8bit.png,gtFine/train/strasbourg/strasbourg_000001_023515_gtFine_labelIds.png,657943c977d1f6637b116de47098df834b928354788f62fbe8855dbcdf083a6d,d64df7803e25265048784fc5558d8f65d9246682117b43198dac17f8c063b116
leftImg8bit/train/strasbourg/strasbourg_000001_024152_leftImg8bit.png,gtFine/train/strasbourg/strasbourg_000001_024152_gtFine_labelIds.png,732a3774f619ee68da46596a97a399b73825da243385b1cb3e69f3d46bf2aba8,f55c456006f89c9094068837fdeb9c6a8cadbb000cc48df538f1467fe5043681
leftImg8bit/train/strasbourg/strasbourg_000001_024379_leftImg8bit.png,gtFine/train/strasbourg/strasbourg_000001_024379_gtFine_labelIds.png,2b2826eb783fc60d9003d3a63ba8dab937ef0cca70733032bbddafad15bee1c3,a009183bf9542aa3b7cc5f1f318f769d4cb1387ba569cbe649879f6306a5eaf9
leftImg8bit/train/strasbourg/strasbourg_000001_024701_leftImg8bit.png,gtFine/train/strasbourg/strasbourg_000001_024701_gtFine_labelIds.png,ba57dcdf8a7301e343f36b8cd9ca623629843d8a71e8da0559d0f9fb54d7bc26,aba68d80cf7b0f461b755e07afbbf34eb2228cc40a5cd1cb24ab2cdd5801e37a
leftImg8bit/train/strasbourg/strasbourg_000001_025426_leftImg8bit.png,gtFine/train/strasbourg/strasbourg_000001_025426_gtFine_labelIds.png,7fdc197d8044d82ac73a4f0093d785d7ed85d52d7fdcb89f3f9adf0fee88a805,39ef92b7f13072c6cb998e7c0c846542255bc0d46cd994504d1e46c8c8883f00
leftImg8bit/train/strasbourg/strasbourg_000001_025833_leftImg8bit.png,gtFine/train/strasbourg/strasbourg_000001_025833_gtFine_labelIds.png,f9776f8e43906d3a2981ac616463ab48aa0074e604e75aeaebcb6925f9f86616,15ede284a7342478bb688ef2083406534e090cc5b1044eb3eb07f82a6dd3be22
leftImg8bit/train/strasbourg/strasbourg_000001_026106_leftImg8bit.png,gtFine/train/strasbourg/strasbourg_000001_026106_gtFine_labelIds.png,881ea458ad01b942517308bf944ed0ec9dc9fe0a56df1c7975fe04cdd1c01d38,d05a3cb05e6738a967ff1374d6af06dc71fe96256ead8744d4493cdfc4169ccc
leftImg8bit/train/strasbourg/strasbourg_000001_026355_leftImg8bit.png,gtFine/train/strasbourg/strasbourg_000001_026355_gtFine_labelIds.png,3887aee3419b8974dd5cb6baf63c4af0338d0c264eaa42f631b56e57cec8df61,b9b1d2a8d55d2eb736ea50ebfb532ed94385ebee0dabfce17faa3640afcb2951
leftImg8bit/train/strasbourg/strasbourg_000001_026606_leftImg8bit.png,gtFine/train/strasbourg/strasbourg_000001_026606_gtFine_labelIds.png,a879559498cf94061486639f55f79ee20fc8621c423726bd57c348733efbc670,c9454309c1b0fa77e47a987d7c7cdaba98063007779574be8783566ed787c243
leftImg8bit/train/strasbourg/strasbourg_000001_026856_leftImg8bit.png,gtFine/train/strasbourg/strasbourg_000001_026856_gtFine_labelIds.png,3678d9348f8b3bafe60319235c52607c83537a5c030a216521e216840f3cc6b2,1a85d6b264cf44551c9edc4450ab4d11bc1fa674ff26afbcbc73b128c360a3a9
leftImg8bit/train/strasbourg/strasbourg_000001_027097_leftImg8bit.png,gtFine/train/strasbourg/strasbourg_000001_027097_gtFine_labelIds.png,5eec2f50bf950b98112237f22d01bc2c8884773ca2eeabaf78b8c5fceee118d1,e7351aafd78e15cac8901766f7440517d25824277a4c954e910d69daaa133ca1
leftImg8bit/train/strasbourg/strasbourg_000001_028379_leftImg8bit.png,gtFine/train/strasbourg/strasbourg_000001_028379_gtFine_labelIds.png,3d29fdbc3c8e5047170371424a075396c6c6487776a9d7e704ccc9c01387e680,77760d486a69c7b97a5cf0ce4bb0ae826cf80f3758406121e6b497b7daa42e82
leftImg8bit/train/strasbourg/strasbourg_000001_028852_leftImg8bit.png,gtFine/train/strasbourg/strasbourg_000001_028852_gtFine_labelIds.png,f4cd1dceecb2649725a1924456cda5caac0c38d310b0d9b503beead3fa7b993c,ac67c7f3090b5d505ebba12c25cdf5269cffdbcf3a6460a63816ca62deed1a97
leftImg8bit/train/strasbourg/strasbourg_000001_029178_leftImg8bit.png,gtFine/train/strasbourg/strasbourg_000001_029178_gtFine_labelIds.png,8b0fad76beb43448b9de27092fa2780f431ad1b30aec5d76d660d1da04d78e28,05564d0d2de9832a6fc3a941abf82a63be569e8616d411af2150ae7caf59d68a
leftImg8bit/train/strasbourg/strasbourg_000001_029696_leftImg8bit.png,gtFine/train/strasbourg/strasbourg_000001_029696_gtFine_labelIds.png,214d7eb384609e86e71f2120a537c616725f4bf4922d44c48697e5fc4d01aace,43acc283d2106d5aae567688a613379a7b7292a605f661d7305f9655a35e9dac
leftImg8bit/train/strasbourg/strasbourg_000001_029980_leftImg8bit.png,gtFine/train/strasbourg/strasbourg_000001_029980_gtFine_labelIds.png,dcdaaac6fba7c33c1209e0c9086f011e0e25d25d75168e7c823845b0a28f75d6,440b5b9340a26b319e26d0f2c3b28e93a0e1eb3e29d66ec1f3e507725b5fddf4
leftImg8bit/train/strasbourg/strasbourg_000001_030120_leftImg8bit.png,gtFine/train/strasbourg/strasbourg_000001_030120_gtFine_labelIds.png,355192f504149fa5a49c37f552c4cd13ca2e7f9dba4f58a6b10de045bd690712,113a3cd7a39c87d352a1f1553d272ebdb8e2320b6df1eaa7c2555976be982fb5
leftImg8bit/train/strasbourg/strasbourg_000001_030269_leftImg8bit.png,gtFine/train/strasbourg/strasbourg_000001_030269_gtFine_labelIds.png,67c00a448a94c87c0fbfd45f5d4d8ed55953959a80ec540a206cb73906581528,caedf2e5171f2a056cd9bb899074d60eadef55a3a3a47dc159fbaee56f98fe9e
leftImg8bit/train/strasbourg/strasbourg_000001_030539_leftImg8bit.png,gtFine/train/strasbourg/strasbourg_000001_030539_gtFine_labelIds.png,c40d70a57d167947f90a8b1ab996036b7f919f21070cc772c3be07f39adc6c53,041532200292dfb5bb8bed1173e2e1766f06c1012fe393a232ce03be699a4f93
leftImg8bit/train/strasbourg/strasbourg_000001_030725_leftImg8bit.png,gtFine/train/strasbourg/strasbourg_000001_030725_gtFine_labelIds.png,a816a1983d0cf9752c41215dfda48a3beaf26f27b77a3081894b0ecb203a3949,60259534a00a3c1d41f417de7d459a3c7abf6f74a70bf3f871e36fa5a5be9423
leftImg8bit/train/strasbourg/strasbourg_000001_030839_leftImg8bit.png,gtFine/train/strasbourg/strasbourg_000001_030839_gtFine_labelIds.png,63cb691c5211076eead69f65da27f23cc67c52a240dd05dc8ec221a8baa5efa1,867ef9b6e440220520070d4a600b318cb05a19055d18d77233d81179b75616aa
leftImg8bit/train/strasbourg/strasbourg_000001_030997_leftImg8bit.png,gtFine/train/strasbourg/strasbourg_000001_030997_gtFine_labelIds.png,b34cfcac43b317ab90042913f2653e5874762be248e7b60e5c81f4b79cbb95cf,11f17f907993d12a0e8a4b6547d22482c43ffe14afe0e305fc2db420a43e4f3f
leftImg8bit/train/strasbourg/strasbourg_000001_031116_leftImg8bit.png,gtFine/train/strasbourg/strasbourg_000001_031116_gtFine_labelIds.png,3e289a1c95211e3876d56d1eaac19b36e40ffca55c670cbbc0621c660133bd2c,d17445c766489cd5a3d8f95f13a0ec43a2bc75eb3eeee9165ef98d0dc5124644
leftImg8bit/train/strasbourg/strasbourg_000001_031272_leftImg8bit.png,gtFine/train/strasbourg/strasbourg_000001_031272_gtFine_labelIds.png,9715975b9b4fb118b16d077c3e4ba92f478bc2e4e0f1ccee8f43267e31b12ac8,79819f8fcfbef17bfc85813a312a0cd0f3723004e55e867ccad5e067008b59c2
leftImg8bit/train/strasbourg/strasbourg_000001_031427_leftImg8bit.png,gtFine/train/strasbourg/strasbourg_000001_031427_gtFine_labelIds.png,fb97565b074dd30fbe640f9c52d5666a00bad4f28f141d84c1630ce6f7cba18c,5b38cef12594a6a2a8be97a86492ed42cf52458dc66a684e9a2d789cf3963346
leftImg8bit/train/strasbourg/strasbourg_000001_031582_leftImg8bit.png,gtFine/train/strasbourg/strasbourg_000001_031582_gtFine_labelIds.png,9c4cd8b10a4600faf7e1932a36f177b69035c8869d55c0848759f78fc9d3bce2,e1edddaa608f8741b04c8df4c99c11c16180e2bb80a4b7ae79c05f7eb593c532
leftImg8bit/train/strasbourg/strasbourg_000001_031683_leftImg8bit.png,gtFine/train/strasbourg/strasbourg_000001_031683_gtFine_labelIds.png,18fc30c19ac74f2de92e0f483cc199897138da6b14bc13a7557e771b756da1f9,0eb435379586056e1f2585aa921059dd598c79a0c3d7f9344da0d3a003c0375e
leftImg8bit/train/strasbourg/strasbourg_000001_031976_leftImg8bit.png,gtFine/train/strasbourg/strasbourg_000001_031976_gtFine_labelIds.png,822690c84399c52ed341634dfec615fac4831716b630dd3934fac274dc7d3205,d4bd5b6149ee4fa9805209b60685f3f77d8697a7c4fdccf581c777aaf5f79183
leftImg8bit/train/strasbourg/strasbourg_000001_032315_leftImg8bit.png,gtFine/train/strasbourg/strasbourg_000001_032315_gtFine_labelIds.png,123e8157444841a7387836f091efa1e39aa9802764be79e3099ef06ea498d1d9,82a2c8d20ccf9551c130b900d46f5014e24d65ce5e8f25d2192c38ea2123f8f2
leftImg8bit/train/strasbourg/strasbourg_000001_032660_leftImg8bit.png,gtFine/train/strasbourg/strasbourg_000001_032660_gtFine_labelIds.png,eafdc39fcf813072344a5612f16740bf26739bda6d32e54ff2656576ed45b19b,533b6261ad0ac3fb24e832e3b8b52a781354f369ce1cafae456cd054de1c2015
leftImg8bit/train/strasbourg/strasbourg_000001_033027_leftImg8bit.png,gtFine/train/strasbourg/strasbourg_000001_033027_gtFine_labelIds.png,bab28ebd7ac473262d45f24e54b0bedb457d599853f7abd3e6fe222cacdfcb1a,2a373ffa116016678911e620204e89e55e858ce7b7a7204d4e7f3a92d848b816
leftImg8bit/train/strasbourg/strasbourg_000001_033448_leftImg8bit.png,gtFine/train/strasbourg/strasbourg_000001_033448_gtFine_labelIds.png,0900e1bb2032de66215588d412825253c8e104b960f3d62b739a80524dab98fc,9054a50910de20a43d03a1428296a3bf461b9a9ea7b2c3d2559189e44a9a00c5
leftImg8bit/train/strasbourg/strasbourg_000001_033925_leftImg8bit.png,gtFine/train/strasbourg/strasbourg_000001_033925_gtFine_labelIds.png,e2ae0d0388eee39ba93af4ec8e29ee0d61c9337c59347cd652b6b031e01e27d7,4b0fe95a56dac4b802ce89ceb9de86a6582baa5b494f604948a09ced012882b0
leftImg8bit/train/strasbourg/strasbourg_000001_034375_leftImg8bit.png,gtFine/train/strasbourg/strasbourg_000001_034375_gtFine_labelIds.png,2cad3d67fa2d7c4ad2127b75fc697a87685803c7256649c0e2c3615773663bf5,47add4cfc0f11634c6f48303dc31d627ccc286605f2768f4d469470eb8aeb4f6
leftImg8bit/train/strasbourg/strasbourg_000001_034494_leftImg8bit.png,gtFine/train/strasbourg/strasbourg_000001_034494_gtFine_labelIds.png,660db2e3ef17b67b6bb2c733770fa9bc79f2e16413f7a9ef0b3c3c978c12f33d,59ca4659048393a83dd030eda68ffc181cbd0471193e38e71a073273ec7c7f89
leftImg8bit/train/strasbourg/strasbourg_000001_034633_leftImg8bit.png,gtFine/train/strasbourg/strasbourg_000001_034633_gtFine_labelIds.png,0830b947dd51760bafd2c59f4732a787b675a39482ea8a8ce870bb1913574440,38f4839cf331ae7d6066c8b1a8e3c14c0f0a9b740f875d9200dc9b1fee5ada0a
leftImg8bit/train/strasbourg/strasbourg_000001_034923_leftImg8bit.png,gtFine/train/strasbourg/strasbourg_000001_034923_gtFine_labelIds.png,c81d9b9c75990de0256b1894688df709f68ae35009d964553c5b20e38e9c91b9,94e85cc8119b89b75f5aeb2c15496148e5aea1b2a8da8ff1cbc55f0f83ec8517
leftImg8bit/train/strasbourg/strasbourg_000001_035276_leftImg8bit.png,gtFine/train/strasbourg/strasbourg_000001_035276_gtFine_labelIds.png,9ec3818d824f7a3e17c05d20df16932118b7d1c251fa8752f1350fc3ba597057,94c6641aec2480f4c324363817e5b1bb9780d880fe13e905e14566eb631497a8
leftImg8bit/train/strasbourg/strasbourg_000001_035562_leftImg8bit.png,gtFine/train/strasbourg/strasbourg_000001_035562_gtFine_labelIds.png,8a0733731328753be21f47ceb6ece301c431ed38834007197ab1143a8af54bb9,de387e048339f74928042ce1a10bc1594371e45d420b9f2ef4a846791c8bdb8b
leftImg8bit/train/strasbourg/strasbourg_000001_035689_leftImg8bit.png,gtFine/train/strasbourg/strasbourg_000001_035689_gtFine_labelIds.png,28fcfb1fa04d5c93cbcbd8c63412d4b174e67ea49b4da46a1d305821e7f43953,6234de8f2f7b63664585de22ed0cdb7191b99b7732dee2cb12c37fd4ef8ca750
leftImg8bit/train/strasbourg/strasbourg_000001_036232_leftImg8bit.png,gtFine/train/strasbourg/strasbourg_000001_036232_gtFine_labelIds.png,8b57a01a49d242f07e669185c008fc71b09d898adab94a22907339cb6c604909,6ce9927c01e289ff20be1420c55a05703e794bdabaacd64546ec11adf36ffb62
leftImg8bit/train/strasbourg/strasbourg_000001_036480_leftImg8bit.png,gtFine/train/strasbourg/strasbourg_000001_036480_gtFine_labelIds.png,cdcb3fe1db7ff19ff624ef7b3da5a6d13467354a318343176e6c5062f719a840,7b21d426b52821ec200f84138105c484821f8c177df5c0e79a628f8c33e65db6
leftImg8bit/train/strasbourg/strasbourg_000001_036697_leftImg8bit.png,gtFine/train/strasbourg/strasbourg_000001_036697_gtFine_labelIds.png,a65681fae575496f29c1774321b837b67aa07e2a4356473a6502b5fa13afaa51,ef4fd21e64b43d6c012fcad16b3a6e1e6a69a59f0c670be72e84eff97ad2d14d
leftImg8bit/train/strasbourg/strasbourg_000001_036937_leftImg8bit.png,gtFine/train/strasbourg/strasbourg_000001_036937_gtFine_labelIds.png,678848c8210c7b3a7155c2d0ee7769f86bcd10c9882ba65584ff27f193d8a980,552091501935e8d28e0a41cdbc78782e238a4478d012392c9cb097a8a575c22d
leftImg8bit/train/strasbourg/strasbourg_000001_037090_leftImg8bit.png,gtFine/train/strasbourg/strasbourg_000001_037090_gtFine_labelIds.png,2797b85cd97e01f9188abd15ff6e25b6775fd1b30424d8d3bd3a641081db6814,8d51b89a0ef96aa271734fedad32a8af94f90fc25b3065fed678e48cc4b38720
leftImg8bit/train/strasbourg/strasbourg_000001_037645_leftImg8bit.png,gtFine/train/strasbourg/strasbourg_000001_037645_gtFine_labelIds.png,9a92744f9ba5c3b51a707a43b8c9c6b83a6cecc62fee735cd278818729b86de7,918e120a8f0d7e58a7f8b31c8ed023edc861dc18c9b2ff00d76db6b54282404f
leftImg8bit/train/strasbourg/strasbourg_000001_037776_leftImg8bit.png,gtFine/train/strasbourg/strasbourg_000001_037776_gtFine_labelIds.png,44087d91618bbbac5feec661ab90eb6b2e5ac62dfd5ab53e39dc16567e03056b,4965f709ceed48b01617a6248d621756db47f37af7a30405c0390e06f8e266c7
leftImg8bit/train/strasbourg/strasbourg_000001_037906_leftImg8bit.png,gtFine/train/strasbourg/strasbourg_000001_037906_gtFine_labelIds.png,9261f297b51dfb4c69bb9a0c4cda704abadf49af45372d37eecfc3ffe36f811d,d91895af0aa3f7e29f544114ebbacb274bd87efd160a66819ac2c32210443b9b
leftImg8bit/train/strasbourg/strasbourg_000001_038281_leftImg8bit.png,gtFine/train/strasbourg/strasbourg_000001_038281_gtFine_labelIds.png,ee6a43373496db568085b3a26470cc0151b4b8fbce54c96f5fb1afcfa093fceb,226a576c58f6831978d3f71455f25faab2b4119ec2cc1020c8ecf5d834c76010
leftImg8bit/train/strasbourg/strasbourg_000001_039114_leftImg8bit.png,gtFine/train/strasbourg/strasbourg_000001_039114_gtFine_labelIds.png,e83e8fd66de3ad5dbf6f9190fc1d2c8b95db3d36c74cfbf4c26b0f1b4c054b82,54f3b0c77cae2c9f27d0b26c3bac5250193002acb5e50e5d9cb045207462598e
leftImg8bit/train/strasbourg/strasbourg_000001_039231_leftImg8bit.png,gtFine/train/strasbourg/strasbourg_000001_039231_gtFine_labelIds.png,d2b0b0fd1a8021d0b32a8964507c2bffd4d9819d167a3d9e08f6e96374792016,a819ca134bf1c34ada10efb73e724bbe9f772077a41154ca4a317ca3c76458c0
leftImg8bit/train/strasbourg/strasbourg_000001_039374_leftImg8bit.png,gtFine/train/strasbourg/strasbourg_000001_039374_gtFine_labelIds.png,0134483b3182a78c41256add290ebbf7b64cb215beaa94d9d3e5c904dec4f118,7b92a4599f8211b219e938d228351cab2bfb527c7a70786b912272fd383955f4
leftImg8bit/train/strasbourg/strasbourg_000001_039446_leftImg8bit.png,gtFine/train/strasbourg/strasbourg_000001_039446_gtFine_labelIds.png,4c90c06d53c738e7d7c05ddf702a5961e65da55dc1b2c26362777eac8d51ff60,e4ac6d7ede4b768f6923fb7c5f653ffcb3d6667dca266185dbad53dac1fdd251
leftImg8bit/train/strasbourg/strasbourg_000001_039558_leftImg8bit.png,gtFine/train/strasbourg/strasbourg_000001_039558_gtFine_labelIds.png,8ad0e87c3513785545683c5238556218ffb696b0cabd800f9e6f9e7fd4427d5a,7d8fda83383c8171ced5ddfc1937f9f80bb40f0c3b2237b986365adb04961f06
leftImg8bit/train/strasbourg/strasbourg_000001_039703_leftImg8bit.png,gtFine/train/strasbourg/strasbourg_000001_039703_gtFine_labelIds.png,a5c943216d584da5ec7abdac534bc5b6049c6cb4eb6e8e0fcf0abfa86a3f8c5c,d7bffd8947d9c7db6c59129b0e5d32dd08ca44e1ea466848ad6621fbb94d8331
leftImg8bit/train/strasbourg/strasbourg_000001_040564_leftImg8bit.png,gtFine/train/strasbourg/strasbourg_000001_040564_gtFine_labelIds.png,16b43f3cdf3c1c2103987c3b3008882646a2674e54c8b09d46e7da9cfaea0862,3484edde117eaa124c1cc0424fea01e43be94f238be35f399247a704d6ad5353
leftImg8bit/train/strasbourg/strasbourg_000001_040620_leftImg8bit.png,gtFine/train/strasbourg/strasbourg_000001_040620_gtFine_labelIds.png,d7428b583061e051c46737d6dc54fd50ea4f021df75e1089c7be34a1d0d50035,4d75c15815bb1b5eaef781572063b25c303b3896830f6bc42b10ab152d789a53
leftImg8bit/train/strasbourg/strasbourg_000001_040761_leftImg8bit.png,gtFine/train/strasbourg/strasbourg_000001_040761_gtFine_labelIds.png,f9a3593a06079c553aada56dae39e6b7ceeccaf2deefe23961195462b8969b09,2298bd0084c26d24b67ada5223992a0eefd4a5a3661549e21d252f02a6dcb853
leftImg8bit/train/strasbourg/strasbourg_000001_040981_leftImg8bit.png,gtFine/train/strasbourg/strasbourg_000001_040981_gtFine_labelIds.png,0b638e9cb3ecb97c446efff91afecf438e8d7b17cba77495895cc4a4b4309135,b3c614f91b0c7cbc29b41f0552d9864cb77da96ec22f44d4aa72bea52d171218
leftImg8bit/train/strasbourg/strasbourg_000001_041215_leftImg8bit.png,gtFine/train/strasbourg/strasbourg_000001_041215_gtFine_labelIds.png,c23f1490bd8707ac033ba98c8f19d2721743855913635cd324f4f52ac5a58d24,aedfdd56cf7ce7b09aad76a2cf31fef02cdd30bd5cc275a54eab8add4954c9c2
leftImg8bit/train/strasbourg/strasbourg_000001_042235_leftImg8bit.png,gtFine/train/strasbourg/strasbourg_000001_042235_gtFine_labelIds.png,b182579487369bbaebe26833b8876dc47e9fd4aa3036cf3986a5fffaf9408c73,241e6577f36bfffbd9a4341fc80963d39d1ad520eaaa2c1fff8fefc773f1e7df
leftImg8bit/train/strasbourg/strasbourg_000001_042309_leftImg8bit.png,gtFine/train/strasbourg/strasbourg_000001_042309_gtFine_labelIds.png,3629642b375f684972bd84399e4a86c3903883192651e881a0d7d5760c1f2840,44cc740aa724a89cf33a4f5640e125e397073e73e6fed607becdb15003e6c7f9
leftImg8bit/train/strasbourg/strasbourg_000001_042434_leftImg8bit.png,gtFine/train/strasbourg/strasbourg_000001_042434_gtFine_labelIds.png,0d7e0a0e5e0ba9261c7c6b8e1a1a10ae2afd3ebe0b216f7e5de37bb84c04d41d,7529a27616d16ad5d58ced9a2d010ed086d1ee3f4997f291dd1c7d15cdd3408e
leftImg8bit/train/strasbourg/strasbourg_000001_042558_leftImg8bit.png,gtFine/train/strasbourg/strasbourg_000001_042558_gtFine_labelIds.png,ce670873275dbb45a2a0fd6e9260b005e9fcab59d9b51c61e973806f9d8f7da3,315598e621dec4f6eb25f95711b87c74b12ba269b33a75f0d953fdb24913d24a
leftImg8bit/train/strasbourg/strasbourg_000001_042869_leftImg8bit.png,gtFine/train/strasbourg/strasbourg_000001_042869_gtFine_labelIds.png,362303c470a8f8be8c99ab7be4ba00f9494b91c0d4095b2732b558feb1bd4e30,006f2defa4673e97c8d0c0150a740976cb308a701cd4c392db95d70cc68fa9b6
leftImg8bit/train/strasbourg/strasbourg_000001_043080_leftImg8bit.png,gtFine/train/strasbourg/strasbourg_000001_043080_gtFine_labelIds.png,fb2c40783786f650af1cda0bc63f1dc4019f82750b34cfcafeff9db73ca2a444,289b2007cfa8b5fd12a44faea0b87f8dd6c5a529f4c17548ad490f2cc3954027
leftImg8bit/train/strasbourg/strasbourg_000001_043748_leftImg8bit.png,gtFine/train/strasbourg/strasbourg_000001_043748_gtFine_labelIds.png,0f856cede3b836bd479dcdfafeb0a6b079286afd00e3d39d07db24dae20f2183,311a04305ca89384820708dec8378a9f4636b7d14c0be943c4f712a2b3d8b62e
leftImg8bit/train/strasbourg/strasbourg_000001_043886_leftImg8bit.png,gtFine/train/strasbourg/strasbourg_000001_043886_gtFine_labelIds.png,0d9ecb5b2eb225f6c6ef2bc9d944a7071c31ff1048b7249ddfd3fd52c0dcae54,df05f1e1c0fd1200c05002490787e8d04471913a9863d90fd7b6f6f4b78f667d
leftImg8bit/train/strasbourg/strasbourg_000001_044219_leftImg8bit.png,gtFine/train/strasbourg/strasbourg_000001_044219_gtFine_labelIds.png,dbcf3fb727df2c26e978bff0ced56a14c9aabf53fb5ca088bd605fec14e1b36f,f015e766ba17bc470a5c188602a460afc52ec9e385abab4fb09c53d09ac4e49d
leftImg8bit/train/strasbourg/strasbourg_000001_045135_leftImg8bit.png,gtFine/train/strasbourg/strasbourg_000001_045135_gtFine_labelIds.png,80a159585dc55624d91bf42c82a9637df3c36640478cc8d99edde195339bc5f7,a861fcb2d7dc1d400b50c1838dba6f57fac1c5ffff63027ceca7df8700acd38f
leftImg8bit/train/strasbourg/strasbourg_000001_045481_leftImg8bit.png,gtFine/train/strasbourg/strasbourg_000001_045481_gtFine_labelIds.png,796fd2c1a6b4e4320b58b2aafb7df0fb6bbb63803de96eaaa85221bf6c041b66,9a5687eb962094221fd507dafc996aee6632f14ab08791d349dc45a045f7e662
leftImg8bit/train/strasbourg/strasbourg_000001_045880_leftImg8bit.png,gtFine/train/strasbourg/strasbourg_000001_045880_gtFine_labelIds.png,ae57c10b5c607dc278bc2c5ad2d262f42342ede964ae80825a32e6b51ee46148,eb58d67ca6a98fd218249449db6ff2d5641016c24ae6701332c5e54a24101ad7
leftImg8bit/train/strasbourg/strasbourg_000001_046324_leftImg8bit.png,gtFine/train/strasbourg/strasbourg_000001_046324_gtFine_labelIds.png,4470d63df97e0ba699cd6e7da6a91c971c0d1be1bae513d3b799e6ed7cec5b89,3b0f93ea9864f244c5b368d103921def8cbd24b5846f2c258d94981b485854df
leftImg8bit/train/strasbourg/strasbourg_000001_047336_leftImg8bit.png,gtFine/train/strasbourg/strasbourg_000001_047336_gtFine_labelIds.png,2982820575693ab7d97fe576e4ed3d19f08be532a80aca903edf8f0cc0a5b7a1,c2995c54c8727212f9b0c64c4f259992dbd6d763dfee5013913a100fd6ae4508
leftImg8bit/train/strasbourg/strasbourg_000001_047619_leftImg8bit.png,gtFine/train/strasbourg/strasbourg_000001_047619_gtFine_labelIds.png,b952f16b0a1647f3ad2b173e3b2598735f582eeea8c5052acc89fe2ca6924e2f,a4f9203ccb9d3f6660a87873176f5a1c159230f43a3d740c74ab1a10c1f6b793
leftImg8bit/train/strasbourg/strasbourg_000001_047702_leftImg8bit.png,gtFine/train/strasbourg/strasbourg_000001_047702_gtFine_labelIds.png,5c2c6ee7fcf9b8a5601e520b05e6c4419f4fbfa6537e929923944cfebb28d4a1,f917ac454a2154e43e2e91ea566c534d1cba292519b7e93e4960b764ae7f7e7a
leftImg8bit/train/strasbourg/strasbourg_000001_047755_leftImg8bit.png,gtFine/train/strasbourg/strasbourg_000001_047755_gtFine_labelIds.png,251aca25a08b91d5cda7db37a3264224fda1c961fca1c7f09447b40be4153603,a641c750e239869c60553cb31b264b9a9ea0798e42531d95444a44a0ac47717a
leftImg8bit/train/strasbourg/strasbourg_000001_047955_leftImg8bit.png,gtFine/train/strasbourg/strasbourg_000001_047955_gtFine_labelIds.png,b1f707ed80a06adc44434191ef942c7eac825ee86a9729976efd9e3f1edda184,5ccdfd246ab75dc8cfb443d9471eb95793cc3a73396306b75d0fb6a4f5d2733a
leftImg8bit/train/strasbourg/strasbourg_000001_048121_leftImg8bit.png,gtFine/train/strasbourg/strasbourg_000001_048121_gtFine_labelIds.png,91f18436550aea093ddff9ab27aa7cabd3e9b3469d7e7a52f11034c5f96dbd8a,795daafd65dce5a541b11106eebb2dbb5890a3df29ebe24b0a7cca3d9e2f074f
leftImg8bit/train/strasbourg/strasbourg_000001_048605_leftImg8bit.png,gtFine/train/strasbourg/strasbourg_000001_048605_gtFine_labelIds.png,1cc2966b682ed28fe572c63ae7806d6c761a589d061ddc613b3f7f5ebc1ea559,25a507f10ee072af7666efabd3c0cac3bc3e9835a506d71f6b2fc64c34740f2f
leftImg8bit/train/strasbourg/strasbourg_000001_049143_leftImg8bit.png,gtFine/train/strasbourg/strasbourg_000001_049143_gtFine_labelIds.png,141edd8cb909b1a58c8972f955a5c2436fc7be42758032d598d0417864653eaa,fcc7e1505b3b2823c0c303aaa4bd1fc803bed2a3e4fc13f18b30aa861b9cfe01
leftImg8bit/train/strasbourg/strasbourg_000001_049399_leftImg8bit.png,gtFine/train/strasbourg/strasbourg_000001_049399_gtFine_labelIds.png,07b4ea2eb422cbb2d6fbe8e78fae15c8db7216c69971e58e24e65c53b82d2280,91bfd3f3c4b15bc37c55bf06a8b49236eff5730157714713782cf6e3c929eacb
leftImg8bit/train/strasbourg/strasbourg_000001_049776_leftImg8bit.png,gtFine/train/strasbourg/strasbourg_000001_049776_gtFine_labelIds.png,3be6dff24440b04d6700af26f8029adfa71678ab06ce9c3653db80e8de27fe20,43579de226291e129ab08608ac659f87b5d0f40b8a99c3895e8f7391e097ef8c
leftImg8bit/train/strasbourg/strasbourg_000001_049977_leftImg8bit.png,gtFine/train/strasbourg/strasbourg_000001_049977_gtFine_labelIds.png,e7a81f86125a534a78e4f89566278810587024e6275b35763dd357b17b8807df,4a6a8704c480d6eec93c43d601ad109c282222b0bc17a1446b3c4d6535e42e08
leftImg8bit/train/strasbourg/strasbourg_000001_050098_leftImg8bit.png,gtFine/train/strasbourg/strasbourg_000001_050098_gtFine_labelIds.png,325e1592e178688dd20ddb2f57418227cb8c78cdc639eb2a7e3fdd7257b90916,05312ff21bc1822657ea2c175472df4642ee564543e056afdaf66c7f5c1adf25
leftImg8bit/train/strasbourg/strasbourg_000001_051134_leftImg8bit.png,gtFine/train/strasbourg/strasbourg_000001_051134_gtFine_labelIds.png,1b716e5c68fbaa7b90ba49123b67345177430298c1b85568fdbc5b832bd6b5dc,9dee1f9b832d9d87c08127d2cd4fbd47a3a173d76d9cfb0617dc240077fc0aa0
leftImg8bit/train/strasbourg/strasbourg_000001_051317_leftImg8bit.png,gtFine/train/strasbourg/strasbourg_000001_051317_gtFine_labelIds.png,775c5edecd65a6e861f46b859f71bf051e52948f8653f282fd253923f7d03d49,586f0dd2df250c28378d648bb3b39562af6f135b70e920c02bf0a506ab6ecda3
leftImg8bit/train/strasbourg/strasbourg_000001_051448_leftImg8bit.png,gtFine/train/strasbourg/strasbourg_000001_051448_gtFine_labelIds.png,679eaf7cb8c2a9bbad11d348271221595c56873376fe37c9b04ba3278854f0eb,bee915bb5ae50d4d8260520c66cf13a6cd77c3347e2f5aa29d678a794b072a00
leftImg8bit/train/strasbourg/strasbourg_000001_051574_leftImg8bit.png,gtFine/train/strasbourg/strasbourg_000001_051574_gtFine_labelIds.png,770c8d5232491b08146bc079e3560dfe314142ee13e7f897fb75127747cf0561,a5b8e53b9ce18a0259b8bff85163c9d4b5a5baed7fad74290010c6fef2e90321
leftImg8bit/train/strasbourg/strasbourg_000001_051661_leftImg8bit.png,gtFine/train/strasbourg/strasbourg_000001_051661_gtFine_labelIds.png,1794d76062fb178b29b4fd595b0bf5446ac232572333451dba0750f837895fcd,9e3acc60abe699efde5928c8af8454ef3c510c20543e7f86f402bd87c2b3f38b
leftImg8bit/train/strasbourg/strasbourg_000001_051877_leftImg8bit.png,gtFine/train/strasbourg/strasbourg_000001_051877_gtFine_labelIds.png,07735487a6f4828de7567e3c735f78dfc3037b312bd47a5af1fb104e3c74630a,1a5efdc4047278a468797f8b879fc1b60ac081e214ccfecbee8648b7008241a0
leftImg8bit/train/strasbourg/strasbourg_000001_051934_leftImg8bit.png,gtFine/train/strasbourg/strasbourg_000001_051934_gtFine_labelIds.png,3b2e5793408d95406eea18af7b94f3ac7d16ef63f533ac0c4f0ac5e9a901ce46,6eed846228166e4ee976831127bcd9b6f6de9ffe0f96ad0014512daf53ab2880
leftImg8bit/train/strasbourg/strasbourg_000001_052050_leftImg8bit.png,gtFine/train/strasbourg/strasbourg_000001_052050_gtFine_labelIds.png,3683e8737660877e902d8c9039f1c2bb14410f4540287038a3b15e6882b46c3b,b3703fc261f1a5ec4eb55f6b4d7f53f3ba2cd9c8e568dcac181ad46843e0e9bb
leftImg8bit/train/strasbourg/strasbourg_000001_052198_leftImg8bit.png,gtFine/train/strasbourg/strasbourg_000001_052198_gtFine_labelIds.png,dd2edeae72841991eff18ab08e26fb5c0e81a96355ec31f8753d421a24d0522d,5111338810da2a2f12a70a906f58ef6ddc8551522c647361ff2f293c3e4d28e2
leftImg8bit/train/strasbourg/strasbourg_000001_052297_leftImg8bit.png,gtFine/train/strasbourg/strasbourg_000001_052297_gtFine_labelIds.png,621f298555d0f9a4a9474f4a67d72a8f1790cfc857debe15c8305a2de0fc0102,0aa0e2e8d6bcb3735c0fc4cbbc24da4dbf2f54e2de9cdff956790e37594d6463
leftImg8bit/train/strasbourg/strasbourg_000001_052430_leftImg8bit.png,gtFine/train/strasbourg/strasbourg_000001_052430_gtFine_labelIds.png,ffe9d3404b58434fa4bcf1c2400aa9b63dcc1c8443423e9d4c7d372fc48359d3,af96b707ab46a7dd403e16a45c0588c84f287bce7f8918e74cf4289024ace9a5
leftImg8bit/train/strasbourg/strasbourg_000001_052497_leftImg8bit.png,gtFine/train/strasbourg/strasbourg_000001_052497_gtFine_labelIds.png,2a3150b16d9c4ef03020ecca64c6f4f822a5bf7ae5192aa086d70dab186097f8,ff58cc09f7ea8c52c65259683a1bbb3b515742cc6f518a993e59952192905caf
leftImg8bit/train/strasbourg/strasbourg_000001_052544_leftImg8bit.png,gtFine/train/strasbourg/strasbourg_000001_052544_gtFine_labelIds.png,dea72429805e6aaa96c917068e760a48096dfbf9c84ee51f8adcad51b42251ef,2ce87e4f239f6cb817f2074ae6358d70974716976261a5ab0cc3fe04635a6239
leftImg8bit/train/strasbourg/strasbourg_000001_052840_leftImg8bit.png,gtFine/train/strasbourg/strasbourg_000001_052840_gtFine_labelIds.png,fb1f79cb8b89bcb7fec49ff6b41f780e054e9c21483e230e9b551c1755f2305d,5142fffef636abb90fd71f149389cf444a8adc98a9c61c6b669541cc9ba71bce
leftImg8bit/train/strasbourg/strasbourg_000001_052979_leftImg8bit.png,gtFine/train/strasbourg/strasbourg_000001_052979_gtFine_labelIds.png,97286924b55c58be7871bb2725412a85b6ed300fb8df73adc2958a47ef3cebf5,bf9b945b49dea8a068f16914deca9f34f17a85124a88b703bc54cd3722500d05
leftImg8bit/train/strasbourg/strasbourg_000001_053222_leftImg8bit.png,gtFine/train/strasbourg/strasbourg_000001_053222_gtFine_labelIds.png,8e2c594e68449883cc6c34a1e383b3ed1915990fe67122890b0241baba3c8dee,fb6272131d9ff36cb8b818231e3d8a5f7ff65318c594e877c55ea4f8d4290188
leftImg8bit/train/strasbourg/strasbourg_000001_053579_leftImg8bit.png,gtFine/train/strasbourg/strasbourg_000001_053579_gtFine_labelIds.png,362a3f814f7f55d4cecc934e09f55396c6041b0301a696f64c980c725f944819,0c2b2716a6b2e2aceffea6cd609d5dd9f1666b8871fa8cb563c1e0ff8d743a89
leftImg8bit/train/strasbourg/strasbourg_000001_053976_leftImg8bit.png,gtFine/train/strasbourg/strasbourg_000001_053976_gtFine_labelIds.png,62894e02e8b4e25215ce0eb16408abef2ec1a1a81d33f4a925725fbc38c43487,f698e14b68bfb860d41217bc60a37cafc13af095cc15a403a65db8316e912ba3
leftImg8bit/train/strasbourg/strasbourg_000001_054275_leftImg8bit.png,gtFine/train/strasbourg/strasbourg_000001_054275_gtFine_labelIds.png,6e1af5bad95f47f1bd7a1f91269f3c56e4ce0b7f219c92751329247afc84f8bf,52bccd21025cb46e82e75397ccdd7f7fdac6934cfe5e0a995053af705ee3b60e
leftImg8bit/train/strasbourg/strasbourg_000001_054639_leftImg8bit.png,gtFine/train/strasbourg/strasbourg_000001_054639_gtFine_labelIds.png,014f0669843a92a61636dd6ab8eebf8dfc87ff3e298f825a2c1baf4b35b45d62,12aa7dcea1b6dd238768d27d2b4aea52d38ca1c42d85d42ac180e584564ba977
leftImg8bit/train/strasbourg/strasbourg_000001_055273_leftImg8bit.png,gtFine/train/strasbourg/strasbourg_000001_055273_gtFine_labelIds.png,c0af462afaafbde947b9176fed4653771f8ff889698ca42422ed2a321dada862,07ec7ab2ad5d04326e093c55eae1c0d0dc084a9719f433631f5add9670ca3f93
leftImg8bit/train/strasbourg/strasbourg_000001_055698_leftImg8bit.png,gtFine/train/strasbourg/strasbourg_000001_055698_gtFine_labelIds.png,448e0e8fc1d00ff0f4f57ff109a229fc54325adf33b912eb1e2bd20577f9d874,d1ad44a82f48f3c6635a36b2a45212659b292ce9e05e5485814a50554f13bba5
leftImg8bit/train/strasbourg/strasbourg_000001_055860_leftImg8bit.png,gtFine/train/strasbourg/strasbourg_000001_055860_gtFine_labelIds.png,8610ee78ff7910974e0f2181ac7338caa2894cc8cdada0b3d32340ee9d7647ed,1981c0b4d11669d9b28e150389e110de370101e90f4edc6c08958693c77b4a89
leftImg8bit/train/strasbourg/strasbourg_000001_055934_leftImg8bit.png,gtFine/train/strasbourg/strasbourg_000001_055934_gtFine_labelIds.png,0db40aecc170277fa50039f91e11368448f17d4bff23cb235c42da81d770be11,1ebfbd2288f3e6be7aee0b249ce805935c76b704caf1115599dac585245b5808
leftImg8bit/train/strasbourg/strasbourg_000001_056142_leftImg8bit.png,gtFine/train/strasbourg/strasbourg_000001_056142_gtFine_labelIds.png,325609b23c894e662791d591e33efa346152978cb3ee4194757fc30ad58bdea7,99297ed66916b1471a41d972709d82a15911ff344817144d68b2f41931c8d012
leftImg8bit/train/strasbourg/strasbourg_000001_056330_leftImg8bit.png,gtFine/train/strasbourg/strasbourg_000001_056330_gtFine_labelIds.png,bb5eb9f34699544ba7e9df89cde39b742d62026529f194345fe115d077a8f49b,b7de43a6e7044bdb8b348c3a8af6cf4abb705b1e8d2e3b77b81513cf9f9446ee
leftImg8bit/train/strasbourg/strasbourg_000001_056857_leftImg8bit.png,gtFine/train/strasbourg/strasbourg_000001_056857_gtFine_labelIds.png,8a8676e435fe177ada1d5f0cac0ec69a7a692c77c0ac75d6baa549c32889cdcd,a101fabad92e65b806e72f243118e40b7ab48e3316c912f052c078915bf3a4b3
leftImg8bit/train/strasbourg/strasbourg_000001_057129_leftImg8bit.png,gtFine/train/strasbourg/strasbourg_000001_057129_gtFine_labelIds.png,e1a3b4ad0f8134f38dae589ff10936d8ebcb3d577f217a7490964bc9870e562e,d15260a53abf8137a5a8256fd69bc4967cd5176ae35209a36d9ed34cd3879ca6
leftImg8bit/train/strasbourg/strasbourg_000001_057191_leftImg8bit.png,gtFine/train/strasbourg/strasbourg_000001_057191_gtFine_labelIds.png,055d490114e8a5334899733fa205adf84d803d42798b72b6c1004e9f92871f10,36ff9f666199766aea1de1d0017301b5e83ec02b0df32b34f2e5b7f3343b693c
leftImg8bit/train/strasbourg/strasbourg_000001_057517_leftImg8bit.png,gtFine/train/strasbourg/strasbourg_000001_057517_gtFine_labelIds.png,c011da0d07b388e203fcab6e9409dd1af1cb2e71e4fef50479ed78fb19d83fed,45ba9fadeb46c6d4e987657b3dde2dafbc8b506e493cbc86568e6dec76767a8d
leftImg8bit/train/strasbourg/strasbourg_000001_057811_leftImg8bit.png,gtFine/train/strasbourg/strasbourg_000001_057811_gtFine_labelIds.png,d4c9e6ed4b786372d99c28d8826d9fc6668f59ecedb84b2f785625b2624be8b3,5cba341e5387b3ecb18b3630054250f6dc90615b66d8aab59fcbcbc6d85e65e5
leftImg8bit/train/strasbourg/strasbourg_000001_057930_leftImg8bit.png,gtFine/train/strasbourg/strasbourg_000001_057930_gtFine_labelIds.png,53602c5929f9bbcaf2c9c20efcf7e5f9a161838e49993a34d13901d522c32aac,dddb3ebefc481255cfc0ae12653c5921e59368104c76abb8f5e5a2d6efe1e9ff
leftImg8bit/train/strasbourg/strasbourg_000001_058105_leftImg8bit.png,gtFine/train/strasbourg/strasbourg_000001_058105_gtFine_labelIds.png,3277ef0d725235a83a673453d64e163f56d4353bb50ada0b5a6f2ba9d2600894,d151d0392d2ad2c1e781c2659854791630014dbde808a15b6d5189a28516dc72
leftImg8bit/train/strasbourg/strasbourg_000001_058373_leftImg8bit.png,gtFine/train/strasbourg/strasbourg_000001_058373_gtFine_labelIds.png,767465e1cb03a414845185df9673769b52cf3a11e6c9ff9a75a90798bc602b2f,068030850708392640766604595c8ab8f0ff06da6b67e9e2ffb6efb863b30239
leftImg8bit/train/strasbourg/strasbourg_000001_058954_leftImg8bit.png,gtFine/train/strasbourg/strasbourg_000001_058954_gtFine_labelIds.png,b9adeeebd0ec95527893769d9182ba27fa680cf6d350f943672ea5ffe02c8642,697e787b83d17cef82eb655289cf230f912884a4572e6312c0e756af879e7e97
leftImg8bit/train/strasbourg/strasbourg_000001_059433_leftImg8bit.png,gtFine/train/strasbourg/strasbourg_000001_059433_gtFine_labelIds.png,635f083d4b42cf2ac78fec86bef5170639f93e4423ed291538bb3569368d38db,f4417b9ea5e4fadfc7a0409855ae11f8feb180eab9ab6d8ab2d167d6b94eb6bd
leftImg8bit/train/strasbourg/strasbourg_000001_059675_leftImg8bit.png,gtFine/train/strasbourg/strasbourg_000001_059675_gtFine_labelIds.png,7b3a816fc13e0610fb171131c7c94341bec46749bf31cab56f902013e4a8c555,32e3739dc4df13c1433745a1e2cc89fd7e5c15742ccfc164cb1d0a3ceaab9b7f
leftImg8bit/train/strasbourg/strasbourg_000001_059914_leftImg8bit.png,gtFine/train/strasbourg/strasbourg_000001_059914_gtFine_labelIds.png,ed7b52d85e8d7ac961280d564690a63ea6481c2c8f43bd6566a113d26cecd2d9,fdbaa9ae6bd09f82e0d5a956489670652fba3f5eb5a05afa13698d419e0c946a
leftImg8bit/train/strasbourg/strasbourg_000001_060061_leftImg8bit.png,gtFine/train/strasbourg/strasbourg_000001_060061_gtFine_labelIds.png,36c201ae48700e1be13fd26002573544f4cf789d7e98f8ad23bd5012cd48dbc5,04e4d99d744b2a14211781fc5a94b196ff5c63ab2eb93f002ed26b4879fb72dd
leftImg8bit/train/strasbourg/strasbourg_000001_060173_leftImg8bit.png,gtFine/train/strasbourg/strasbourg_000001_060173_gtFine_labelIds.png,56fc0018e67801bfb63d353d1329e0d23bcf64dccc6633102cb034b1e46ac8de,fdd6f6202e89b8cc90bb7fe5c6c0bb2ceea3903bdc9a0eb02a60100cc53987ae
leftImg8bit/train/strasbourg/strasbourg_000001_060821_leftImg8bit.png,gtFine/train/strasbourg/strasbourg_000001_060821_gtFine_labelIds.png,0c7cd3108a8b6aa19eef2b71735c2060221c8e15cab15429c93eb5a59e84d896,04581d71f1ab60b9369848d75c329e4da71078f682077d5e3698f3c8e9909fc4
leftImg8bit/train/strasbourg/strasbourg_000001_061285_leftImg8bit.png,gtFine/train/strasbourg/strasbourg_000001_061285_gtFine_labelIds.png,3c2e4b0b89911a717c23db620ccd080884b980b8b44b2745b361d05486cf0616,57e529a866f8a11e5a2c2539020780146b0e4fb137e55c0ee42ddfb8b5e0d217
leftImg8bit/train/strasbourg/strasbourg_000001_061384_leftImg8bit.png,gtFine/train/strasbourg/strasbourg_000001_061384_gtFine_labelIds.png,a50cda9b2b96929f7500a38508db1c1f6b39c27f9a5586e88632f6f8836c05ce,c28cd0d8e8f4e6cb9cc06af86e7d74843d25b3f9f7a34ff80fbb4dc172c58d33
leftImg8bit/train/strasbourg/strasbourg_000001_061472_leftImg8bit.png,gtFine/train/strasbourg/strasbourg_000001_061472_gtFine_labelIds.png,2fdf6038a35d3f060add2676fefe2f420d41b2e6647255151170121ca8aeef71,6451eeb1e4bed09d2f856cd5480802a25c08c02fd3ff93ba00e4c6de394f24f8
leftImg8bit/train/strasbourg/strasbourg_000001_061685_leftImg8bit.png,gtFine/train/strasbourg/strasbourg_000001_061685_gtFine_labelIds.png,f6e0869ab2ca28d440a6fb51e23b2d97c6b454352502f9c42d1d2d2e4e1b8d0c,0484ca504836d4f7cfb813e5e78ede694a5090acfb5255168febf2fec66be320
leftImg8bit/train/strasbourg/strasbourg_000001_062362_leftImg8bit.png,gtFine/train/strasbourg/strasbourg_000001_062362_gtFine_labelIds.png,f0b9b963f96375c14d6a01f4634212de9c9e9a3b684047d6082550ed50d3d005,efd2f3b61e7020145f0a5663d3131c47cee35992e955997a43f4ba9c2a84b885
leftImg8bit/train/strasbourg/strasbourg_000001_062542_leftImg8bit.png,gtFine/train/strasbourg/strasbourg_000001_062542_gtFine_labelIds.png,36e6fcbc4f3a0a419eb5260e930869ef5cc8c2c85d5d71e53db114034f90058c,874d9893740385ed5a7380b1b7ed86165dba75dc253af538ecade9bf883b5840
leftImg8bit/train/strasbourg/strasbourg_000001_062691_leftImg8bit.png,gtFine/train/strasbourg/strasbourg_000001_062691_gtFine_labelIds.png,e5d26e5829ad8986f253fd97d0f80813fcdcb6641255be126d893145ef12cebd,13034cc8f2fa321f529bb7074dccc63922511fd3722322f015aa79be831af385
leftImg8bit/train/strasbourg/strasbourg_000001_063385_leftImg8bit.png,gtFine/train/strasbourg/strasbourg_000001_063385_gtFine_labelIds.png,62c755691c18259b65a0f1ac6b1dacffc94ac76f2d0a62b0c158a440085aa54d,dcedbcb113fac5208618842bb4097712995d6c2034d58bde341a9423257e5930
leftImg8bit/train/strasbourg/strasbourg_000001_063808_leftImg8bit.png,gtFine/train/strasbourg/strasbourg_000001_063808_gtFine_labelIds.png,ea88dbd1cfa3d3f9d76a5fd15eff5f58abf61822abc3802912530de6314e4d74,1abf084fa0668933f23de00d96035958d5cfc2e375d2e6f80724717fa3750487
leftImg8bit/train/strasbourg/strasbourg_000001_064224_leftImg8bit.png,gtFine/train/strasbourg/strasbourg_000001_064224_gtFine_labelIds.png,2b5371e4dcfcb0054b0758f9e17deadf786aa514ba90d789eee66ab9a22a64f6,82db60eb63caea943764224af6b38230154f4f076202f9a57e714c5aeb08e7a6
leftImg8bit/train/strasbourg/strasbourg_000001_064393_leftImg8bit.png,gtFine/train/strasbourg/strasbourg_000001_064393_gtFine_labelIds.png,12feaa56bec37fc18924f308af128dce3444fc706f5ff03f4255e05ccecb43e7,d0f320faeb14f6e55abf1d75df819522d361e391f40fef12e781866474c8258d
leftImg8bit/train/strasbourg/strasbourg_000001_065214_leftImg8bit.png,gtFine/train/strasbourg/strasbourg_000001_065214_gtFine_labelIds.png,aaf4a0f1ed7cceabf336f7cf2e5ad6bde69a37b9e3c79fb80195ff168b5c6de6,522bce6bead5d3c216e11963242d20fa21c560f1d38c1be717c58ea19d628fc9
leftImg8bit/train/strasbourg/strasbourg_000001_065572_leftImg8bit.png,gtFine/train/strasbourg/strasbourg_000001_065572_gtFine_labelIds.png,7941f92fe9c51727cde7351e04222346921055e05a980f5c9ab7d222f0582e2e,efc69e1de71d919993630ce491f1c10850cfb06b13ae48736ecde30b134f45b8
leftImg8bit/train/stuttgart/stuttgart_000000_000019_leftImg8bit.png,gtFine/train/stuttgart/stuttgart_000000_000019_gtFine_labelIds.png,f6e562824596144eb5c71e8f42d4df09ca8fd41197c06653855a3b3c9ae0e0df,79ef5fd412f471784c93ae49868ce732b07718b7eb813c4e18c95f6f19d62167
leftImg8bit/train/stuttgart/stuttgart_000001_000019_leftImg8bit.png,gtFine/train/stuttgart/stuttgart_000001_000019_gtFine_labelIds.png,b23eca4a7dd4ca3a67d80c47191ce85694d85b675b330cbef7f6644acd248840,84a27909b6438309cf0122815e1161e086ca30fdeebee59b54084e31fe7683ce
leftImg8bit/train/stuttgart/stuttgart_000002_000019_leftImg8bit.png,gtFine/train/stuttgart/stuttgart_000002_000019_gtFine_labelIds.png,50fdf1bbfec2fd84769309f9e4d4b5729e9d42f3ac9c8c76e976ef9e4a6689f7,88bcc0673d83bffbe1cee75e864c212c0c71faa921a89d346f1625eaf041d92f
leftImg8bit/train/stuttgart/stuttgart_000003_000019_leftImg8bit.png,gtFine/train/stuttgart/stuttgart_000003_000019_gtFine_labelIds.png,89975097b27549c45572f00858cab18a673cab89b741494a3535402e7a3d7326,caaf5b853c60af31750c057be32bc8734dfaaff1d6fd9de251f38229277f658c
leftImg8bit/train/stuttgart/stuttgart_000004_000019_leftImg8bit.png,gtFine/train/stuttgart/stuttgart_000004_000019_gtFine_labelIds.png,daeb266355921379d62ea54093d866739b1aee891ce4f7d2d0e58c6cad875de6,b5bff6fbb3b1a5c399c6cd87a9d4075e618bf28cc25bb4c29eb71d73b182b203
leftImg8bit/train/stuttgart/stuttgart_000005_000019_leftImg8bit.png,gtFine/train/stuttgart/stuttgart_000005_000019_gtFine_labelIds.png,349c9e3b736de70fbc1e2e86c9a0915effae42195e843beb4022a5d27c494f55,0735cc596ae9a19f4ce9d2111f83b93a2a63f3986c4d89f9753166df18641abf
leftImg8bit/train/stuttgart/stuttgart_000006_000019_leftImg8bit.png,gtFine/train/stuttgart/stuttgart_000006_000019_gtFine_labelIds.png,2f60ff8b3cd810548e38fa51a16c55752cc4b16862d56f877b58906ab20babe9,aa4b40c02dc5be8515dec5f2a3e65a5ec2b56bd6555f58217637c9e65b3c1528
leftImg8bit/train/stuttgart/stuttgart_000007_000019_leftImg8bit.png,gtFine/train/stuttgart/stuttgart_000007_000019_gtFine_labelIds.png,8b29a543ab6e230b31ef9961c9f6d07fb5b0d40ee1b42c899cfac8e8ab536cea,660db92287dfc545a8236ff637b6a831ab6eb7ff260ef671233ba5faeb7c966a
leftImg8bit/train/stuttgart/stuttgart_000008_000019_leftImg8bit.png,gtFine/train/stuttgart/stuttgart_000008_000019_gtFine_labelIds.png,1b600f4a17e4b4b1a828019bb5a98afb295f94ea891865fbf5fbae0d9f57ce83,ec6675b2b61d27e888264d565afb0e5524c7fcff75ec7a9212be699b2903f9b6
leftImg8bit/train/stuttgart/stuttgart_000009_000019_leftImg8bit.png,gtFine/train/stuttgart/stuttgart_000009_000019_gtFine_labelIds.png,a42e4eb021cf2b2878ca1c5db23772cc49a0b3eafd8d60acad25bce78dc3bcbd,9b87447ca51def9d2141760bb32de2607665d52859ea01d6f81d1483b5c04134
leftImg8bit/train/stuttgart/stuttgart_000010_000019_leftImg8bit.png,gtFine/train/stuttgart/stuttgart_000010_000019_gtFine_labelIds.png,8d775111ff689cf453f41fa45cfe058983f4ce8044d4511a922ac7fd610a01cb,342a17bd860fb6714266b0eec8a32e7f0a1108244ee92a2e690484022c0d04d7
leftImg8bit/train/stuttgart/stuttgart_000011_000019_leftImg8bit.png,gtFine/train/stuttgart/stuttgart_000011_000019_gtFine_labelIds.png,d0c82d9b8d339f75db351c64bede455a3fc6275c02240a920045e586c54bd664,5d001ddbf739938e6e0a2804c07f9d67119405a8e8c3d06f31adca19e51da664
leftImg8bit/train/stuttgart/stuttgart_000012_000019_leftImg8bit.png,gtFine/train/stuttgart/stuttgart_000012_000019_gtFine_labelIds.png,fd6e13111414b75f236352443de9d50c7e3ea3d3c4a432d21a61077706074007,62966dea0b6959b0adb1fb3294d1a3568d76ca1136d60a13da338e2316c6fdd5
leftImg8bit/train/stuttgart/stuttgart_000013_000019_leftImg8bit.png,gtFine/train/stuttgart/stuttgart_000013_000019_gtFine_labelIds.png,a3f27e43a6863be671acc6a3dcce0bcab222e941f2bdbecf700e08d90319ee9d,cfc0fa6f7245bb10946e0ed532e240a6bdadc615cdafa68555530616adbac77d
leftImg8bit/train/stuttgart/stuttgart_000014_000019_leftImg8bit.png,gtFine/train/stuttgart/stuttgart_000014_000019_gtFine_labelIds.png,e6be27fd0e6c0708601ccd446b5e222ac79e5863ca6483d1a6e390c490a980de,fae66ff7c5789e992d39f6e51369a70f21f039f347a02eb359e8ee15ed2a3254
leftImg8bit/train/stuttgart/stuttgart_000015_000019_leftImg8bit.png,gtFine/train/stuttgart/stuttgart_000015_000019_gtFine_labelIds.png,af6324a1ccf056a6068622e04fbf804fe388ab50a4dbf4b5bab62736fc8197af,2be2a9244bffb01457989a702015fcf975d6305fee4f85c0223c167ca5cd9f51
leftImg8bit/train/stuttgart/stuttgart_000016_000019_leftImg8bit.png,gtFine/train/stuttgart/stuttgart_000016_000019_gtFine_labelIds.png,acce268db11a779d149c5db45b0c1ef34cd41297dd3b6b259af0c636f14c982b,ac0685bfa3f658b2d25c88dd262f123ca850d577fc0b3a87d4234237841c3c75
leftImg8bit/train/stuttgart/stuttgart_000017_000019_leftImg8bit.png,gtFine/train/stuttgart/stuttgart_000017_000019_gtFine_labelIds.png,0bc94432eddbaa32b12ce923295d6e2e2a9078e128dad6435800138437b0bff4,798f306621ffa9dfef097cbc33f8f97e2b079a88369d23a44a8b0b8d5c004824
leftImg8bit/train/stuttgart/stuttgart_000018_000019_leftImg8bit.png,gtFine/train/stuttgart/stuttgart_000018_000019_gtFine_labelIds.png,5192aa77ec74006cfa4ef9767c450d3382adb8de483aad421caa6494ca0f5e28,d7041d50ca85771c40b956fc6ef35ebd64f108d35b35b6500a7df81c2945f243
leftImg8bit/train/stuttgart/stuttgart_000019_000019_leftImg8bit.png,gtFine/train/stuttgart/stuttgart_000019_000019_gtFine_labelIds.png,5ff0c04e5fd500c83ce50ea3e3828ebab64524246c60692fd54a4d41e29f9b37,d439107854288fb567eb9778648475048719ed54f656480eb31aa512d1e12ac7
leftImg8bit/train/stuttgart/stuttgart_000020_000019_leftImg8bit.png,gtFine/train/stuttgart/stuttgart_000020_000019_gtFine_labelIds.png,89022a86387419ad10b7070d5b20172bc2500c0f266be15dfd3d8d36b01a9152,d9817bfe27947715c5e05dc9d1a6790ca44b236cbfae1ab001302640e6f3c3b6
leftImg8bit/train/stuttgart/stuttgart_000021_000019_leftImg8bit.png,gtFine/train/stuttgart/stuttgart_000021_000019_gtFine_labelIds.png,9488dc72b7d7f40b4f3cf0d0a1c6dd54269f635c03d3a7949501090b6dc0fef1,76dba035e55c3edf91f0618843876c19996d752aa4c7e73c020368f67b3e7fb9
leftImg8bit/train/stuttgart/stuttgart_000022_000019_leftImg8bit.png,gtFine/train/stuttgart/stuttgart_000022_000019_gtFine_labelIds.png,04e528a7f32ebabb053f4b427da75d108693eb61994e734a5ad71bf6f4435839,e807fb9df61411d9e8656e6cc490d988e75cf7f9efb816de6ff4ec2bd38a8f94
leftImg8bit/train/stuttgart/stuttgart_000023_000019_leftImg8bit.png,gtFine/train/stuttgart/stuttgart_000023_000019_gtFine_labelIds.png,b180052ab9aa02b5aac00196a7cbac7cb50902dbc6369fadafb1ba40f83a20b2,e3553ce9af41890eb12d27ca930b06bd0948c93c621596187a95571a544d83bc
leftImg8bit/train/stuttgart/stuttgart_000024_000019_leftImg8bit.png,gtFine/train/stuttgart/stuttgart_000024_000019_gtFine_labelIds.png,33e83fca732175b80fd35e41fcb87e691fd2b14babcc9de402afb3301d8ec164,8555a68fe76f1f0135d1f0a2f19ad900128c72dca1a38dc8cad02d2868fa45a4
leftImg8bit/train/stuttgart/stuttgart_000025_000019_leftImg8bit.png,gtFine/train/stuttgart/stuttgart_000025_000019_gtFine_labelIds.png,447a70fbbd59cc855849d76f579a627fb98f4fa5e3b1ff75390ff3be32634f58,7b5a97be86806050b009ef85409e379e0d8e99144e000ead067fc6074f1c9e11
leftImg8bit/train/stuttgart/stuttgart_000026_000019_leftImg8bit.png,gtFine/train/stuttgart/stuttgart_000026_000019_gtFine_labelIds.png,b01bc876c7537e8d52c7f5cf58eb501acc6799eba1191bf27a35131392f0d11d,64150c8bdc4f033ef3160fbcd448c4ad6314ff96be2303301e37ca33539a8cc0
leftImg8bit/train/stuttgart/stuttgart_000027_000019_leftImg8bit.png,gtFine/train/stuttgart/stuttgart_000027_000019_gtFine_labelIds.png,dbced6fe310199e06a72c28a2976f4c26f354995ed62321871a252ae88809e29,09c6840862702ca7df6c6ecbe09e2eef48b58908aacf0be5d84e4d1320023688
leftImg8bit/train/stuttgart/stuttgart_000028_000019_leftImg8bit.png,gtFine/train/stuttgart/stuttgart_000028_000019_gtFine_labelIds.png,cb7c07c8d01c717d74ab82d702292c6e98227c91d7aab1719ad8214aa41a1221,5b3811f1c4189495644558843f54abd47312874b045cd407835a884a1bd077f4
leftImg8bit/train/stuttgart/stuttgart_000029_000019_leftImg8bit.png,gtFine/train/stuttgart/stuttgart_000029_000019_gtFine_labelIds.png,670d1d6731ec006dbf02007193e07e764835d4b1bd3de3ec8cc3216ab014afc0,0e1f9d700b2c5962be71979d43b3e3d2843b1e3cd555588f8098d1333cfe04a4
leftImg8bit/train/stuttgart/stuttgart_000030_000019_leftImg8bit.png,gtFine/train/stuttgart/stuttgart_000030_000019_gtFine_labelIds.png,99eb557c01837c8e09d391f2e66a719afda67525e13fcd7c8a4294c49f23fe51,a42c85f54a36aea7505a1409841e6ae82997ac19b35a52253a5356f570be604e
leftImg8bit/train/stuttgart/stuttgart_000031_000019_leftImg8bit.png,gtFine/train/stuttgart/stuttgart_000031_000019_gtFine_labelIds.png,250373e457fbea341f5a78b1868003838c74b507fbccd8f8b06cc41c0f6a856a,368c4deaa50ea6e870debeca753752f0963fdc516fc3ab41ac4eb018fd8fa1f1
leftImg8bit/train/stuttgart/stuttgart_000032_000019_leftImg8bit.png,gtFine/train/stuttgart/stuttgart_000032_000019_gtFine_labelIds.png,e444711c3a651510fc6087bd219f3a88acf0f6e61089c4f89572ba99d75d886f,9d9bb6e9ac8ccb3c4c3bb08e6d2da01ef3f62e830dc020ba3835d435a8ae728f
leftImg8bit/train/stuttgart/stuttgart_000033_000019_leftImg8bit.png,gtFine/train/stuttgart/stuttgart_000033_000019_gtFine_labelIds.png,d00a47a0510a15ca47186e73e8ac54bd65a6d81b76beb67a95519600b98cfc35,a135d2afdb8cd1a1c5318bbff84c046f24148e5a007dab7cc1ca9ec9958b20bc
leftImg8bit/train/stuttgart/stuttgart_000034_000019_leftImg8bit.png,gtFine/train/stuttgart/stuttgart_000034_000019_gtFine_labelIds.png,3aeb0f093eb6a6de9bb754dea97b2075b3a21ab242b14890f8166527ebb169aa,2631d7cd4d9b171fc430f8e91e0595388bc8053ed1ed0e17d933b13aab2e5705
leftImg8bit/train/stuttgart/stuttgart_000035_000019_leftImg8bit.png,gtFine/train/stuttgart/stuttgart_000035_000019_gtFine_labelIds.png,725701d1a55ed26c3d7e03106ab68918d4687c3f8ee9ca54ff15b00f27cd3946,6db61a099962e407bac84925fd472c39cd0d968af5c2ee3155db6b51247f4b52
leftImg8bit/train/stuttgart/stuttgart_000036_000019_leftImg8bit.png,gtFine/train/stuttgart/stuttgart_000036_000019_gtFine_labelIds.png,a8f3aeaa9a8654657124268a5779ce1511fad54c77dec3002f135e97ce93d850,af0e89b2ed0a9032d38434d1491ca8fbdba0421e8fffadd8f015a5bbda1e5e02
leftImg8bit/train/stuttgart/stuttgart_000037_000019_leftImg8bit.png,gtFine/train/stuttgart/stuttgart_000037_000019_gtFine_labelIds.png,18663f0b04dd56232df6fbf491f8fd9030ed27daebb6c76e6d7e74b058bbd11b,5a246f8f868a8c7a3b9700c2c48064d12fda2a9b368d0dfa311b3c9b447ef1c9
leftImg8bit/train/stuttgart/stuttgart_000038_000019_leftImg8bit.png,gtFine/train/stuttgart/stuttgart_000038_000019_gtFine_labelIds.png,14805115ec8d5bb5f5ef287842fcbc50e157e80db5360f0ca8b80a15d41471c4,9713eb84b2f0573437dd1f7146390f6ce155877285737b0b338bb97a90dfe57f
leftImg8bit/train/stuttgart/stuttgart_000039_000019_leftImg8bit.png,gtFine/train/stuttgart/stuttgart_000039_000019_gtFine_labelIds.png,05f4e00524e1d34c0e80a8579f419455f80929f0fd846da8f89e91d5e6310ce8,bce07976462eba962016c5f1b7e6c6d12eb28786087738e79cb4a44b23b696f2
leftImg8bit/train/stuttgart/stuttgart_000040_000019_leftImg8bit.png,gtFine/train/stuttgart/stuttgart_000040_000019_gtFine_labelIds.png,9d2366377135362aca3fe98b7a4a2aa1ce974a79fb06c5df597a2671a9e2e993,6c21348c70fd89aa4557bbcaa1a270b0531fc714c996753d3d851f0d77dee7f6
leftImg8bit/train/stuttgart/stuttgart_000041_000019_leftImg8bit.png,gtFine/train/stuttgart/stuttgart_000041_000019_gtFine_labelIds.png,f58456092c3e955fd7571e961997a63c9419eb4f9fc0d82b1b5037bcfc1a5410,335b63b7647e63526e6fbd64883dffd028d3964f3603924b0bda156d50046225
leftImg8bit/train/stuttgart/stuttgart_000042_000019_leftImg8bit.png,gtFine/train/stuttgart/stuttgart_000042_000019_gtFine_labelIds.png,9b63d4c33aa37335d7366cc1e417682ff65ffade9a7c44ca5d918c2ceca00e3f,8245bd4c794bb9a9fd07cc16c3e8f2c68c7bb157a8e9364a3c21c29f21a421e0
leftImg8bit/train/stuttgart/stuttgart_000043_000019_leftImg8bit.png,gtFine/train/stuttgart/stuttgart_000043_000019_gtFine_labelIds.png,2d5e008577f0114cdf956de2956f78034e519853b8a81e69cb54eaad1efc5c8a,56444f58304e0313080b67ecdfcc51540197289ae8051623adde14da0e2840ac
leftImg8bit/train/stuttgart/stuttgart_000044_000019_leftImg8bit.png,gtFine/train/stuttgart/stuttgart_000044_000019_gtFine_labelIds.png,b106bd1bbd5c92e742465259f5e4d448428314d365f1d7881906fec04677b3d9,51500ede5060627fc833830707aa88d83b1b14db570fca22a81b35c78390dcd1
leftImg8bit/train/stuttgart/stuttgart_000045_000019_leftImg8bit.png,gtFine/train/stuttgart/stuttgart_000045_000019_gtFine_labelIds.png,ad4a9559cdbe305f2dcb9db589b555b72684341f290e281e6cf9c782a0ee023b,99eb6ce410546435e824dbb45c6498c9d66fdb02d16ca85f1d59bd1abfb05439
leftImg8bit/train/stuttgart/stuttgart_000046_000019_leftImg8bit.png,gtFine/train/stuttgart/stuttgart_000046_000019_gtFine_labelIds.png,fd762c97edd0c1f8c7fc4b7e51a3c0aeb6ee4a1d31c30b4ea81201c9ad7c1f9a,90dfc689cf5db2ced64021a9ad8781e244d9fb8acad9428bfea4c7e9ce112152
leftImg8bit/train/stuttgart/stuttgart_000047_000019_leftImg8bit.png,gtFine/train/stuttgart/stuttgart_000047_000019_gtFine_labelIds.png,bac9c191fd31a5699f8cad20c6e279f0438b4048ae1004bcfc31b1a4ecaab91f,353d8eb27b41a1cf27329464267bfdfe64435da43f1023a2866050612d2b8002
leftImg8bit/train/stuttgart/stuttgart_000048_000019_leftImg8bit.png,gtFine/train/stuttgart/stuttgart_000048_000019_gtFine_labelIds.png,66c63a69ea1c0792c08d2f902aacdd97f75a766ef2e7fcf442967a45a0ea32ba,ed299e1e4efba75aff1545c75d08cd93370a882aa265b4cb64c7cbaf7694f00e
leftImg8bit/train/stuttgart/stuttgart_000049_000019_leftImg8bit.png,gtFine/train/stuttgart/stuttgart_000049_000019_gtFine_labelIds.png,2ef40e3a220c641db88dbdb4734a1794a5aca84be2fb37b8b16c2c6bc4af0797,8a8455722de4d3ad03780239ba180102bc257919be9629dd40c41993bee8b8d2
leftImg8bit/train/stuttgart/stuttgart_000050_000019_leftImg8bit.png,gtFine/train/stuttgart/stuttgart_000050_000019_gtFine_labelIds.png,5c13dc32ce9583278b36a3f6ec0a86ca5abbe2771402c74864ad83295e9a3ae8,fd76def7d2dc2daa53330168b9379b88aab6f5c6ffad34a36bd66aaf2d3cc960
leftImg8bit/train/stuttgart/stuttgart_000051_000019_leftImg8bit.png,gtFine/train/stuttgart/stuttgart_000051_000019_gtFine_labelIds.png,7b1b04615abe6cf2f097acb29955405472ac5c6cd7fad71662b07eae353c6b6c,0b564de7021f2b7bb5fcada12e16016d9fa994dffeddee118c1ffb98e1e8ec43
leftImg8bit/train/stuttgart/stuttgart_000052_000019_leftImg8bit.png,gtFine/train/stuttgart/stuttgart_000052_000019_gtFine_labelIds.png,32d83d31b71b55c57e67aeb30be275bd33b84d68a204e6ccfee089eb0ac096a3,4197fd4206d13b177cc56a774a99de430ab55db72faa80980f9e94cd9c125c74
leftImg8bit/train/stuttgart/stuttgart_000053_000019_leftImg8bit.png,gtFine/train/stuttgart/stuttgart_000053_000019_gtFine_labelIds.png,d6c10e1be5a71cf49bdcc0f15ad3eec3d92df2dac9febdab6defb97428e40d70,900c186e819e9c2b12ba09500105507b3a58ee484d2cfd121617b33670069069
leftImg8bit/train/stuttgart/stuttgart_000054_000019_leftImg8bit.png,gtFine/train/stuttgart/stuttgart_000054_000019_gtFine_labelIds.png,341452756d5eeadaa4efe15e4663eb1f1e1b0b976585c1c969927b97f7b1bf7f,5f365684938a74756e3423fc23e67349521627e0b292e264d1d4294ed61aa236
leftImg8bit/train/stuttgart/stuttgart_000055_000019_leftImg8bit.png,gtFine/train/stuttgart/stuttgart_000055_000019_gtFine_labelIds.png,32040c738fe7d002eea6ef7dbec99b125dd42b93855266fcb327d962d6683956,7d59ecf83d9d3a6ce89ac3971f04e5002eba367ecdb804f1b6b90f1a5e5a595a
leftImg8bit/train/stuttgart/stuttgart_000056_000019_leftImg8bit.png,gtFine/train/stuttgart/stuttgart_000056_000019_gtFine_labelIds.png,1139c297c068f134b1b21360e8f299857e102c4e60053040ce71d139ba688c3f,5346c0a6950a5e11889d16d003ed88d44ca8fa87df585d87c7710c4790971258
leftImg8bit/train/stuttgart/stuttgart_000057_000019_leftImg8bit.png,gtFine/train/stuttgart/stuttgart_000057_000019_gtFine_labelIds.png,d7e6d56f4dd1af7e505e45f513360c4c2617e29186d2977fca42be30c8591035,7b58689c0ca46ab573897de520be7a31196f14cb3436616c93465660d60a11a4
leftImg8bit/train/stuttgart/stuttgart_000058_000019_leftImg8bit.png,gtFine/train/stuttgart/stuttgart_000058_000019_gtFine_labelIds.png,53c82d58fcf60f4db623b0100657a6fd4d29a7951f9f57edf85104dd093673d8,f9a8def367cc16e9e96e7857ae57747c4cf08b71770c38ad450bcb93ff3c456e
leftImg8bit/train/stuttgart/stuttgart_000059_000019_leftImg8bit.png,gtFine/train/stuttgart/stuttgart_000059_000019_gtFine_labelIds.png,247a66925569d56aa2736d9f15fcb7f763f3cc36e0386b88b74d247d8367768e,f5a98038b4df75b25190803b43b9ccaecfcb7bd5d65454f64249b81219f71f59
leftImg8bit/train/stuttgart/stuttgart_000060_000019_leftImg8bit.png,gtFine/train/stuttgart/stuttgart_000060_000019_gtFine_labelIds.png,8831b1e822f707f60848d4efb095cb629471a841f122ef99403aab66c78e828e,f8fb2a0167f7e528d8b26d3b71ae8a10e88f2899b1324d7765c0f1febd7546e7
leftImg8bit/train/stuttgart/stuttgart_000061_000019_leftImg8bit.png,gtFine/train/stuttgart/stuttgart_000061_000019_gtFine_labelIds.png,5475c050a09a8e950a7b986622f973a00acd0bd9db09ab99f322bcee6d981987,43725f38a5e23cb5488d4f941a3d3628c1b8040d5585b6dfa3328bc64fe40056
leftImg8bit/train/stuttgart/stuttgart_000062_000019_leftImg8bit.png,gtFine/train/stuttgart/stuttgart_000062_000019_gtFine_labelIds.png,7c83ca31f33a28402bd68410ed97b0c46272dc11edd98273250d5605314e3027,c5028622df144eeb0dc6eb1016c96f73113e38bcb81d8840b581c7ef8b1573c6
leftImg8bit/train/stuttgart/stuttgart_000063_000019_leftImg8bit.png,gtFine/train/stuttgart/stuttgart_000063_000019_gtFine_labelIds.png,8d154a4b6a2a77e085273ed993b17e99a7ec3062707374b57d2202a72d126494,2f351471657c2a96efb0af5c8015fd57d28e82c0baa117b91d7276ae46f11333
leftImg8bit/train/stuttgart/stuttgart_000064_000019_leftImg8bit.png,gtFine/train/stuttgart/stuttgart_000064_000019_gtFine_labelIds.png,721e5684ff5dcbc8ea9c0fe2015e27d47a5c6a739fbaf192490b330315bdda3b,8577e5483cdbf7f0c75745a6fedd18a688c78fc7dc163b85160509c3c1011aa4
leftImg8bit/train/stuttgart/stuttgart_000065_000019_leftImg8bit.png,gtFine/train/stuttgart/stuttgart_000065_000019_gtFine_labelIds.png,25ca1d6f0e10a30d4fd07ff8e67610a0556033de1e4c8d67f11b85c157996772,2b91b28b3a30fb0a173e61f778bbcfdd7ee987b8ae6d9ff936c6e0b445b5a31a
leftImg8bit/train/stuttgart/stuttgart_000066_000019_leftImg8bit.png,gtFine/train/stuttgart/stuttgart_000066_000019_gtFine_labelIds.png,1225f731232c29983c69dfc8b99d997eb4b3df6c53d89e8777073cfbcc73283b,0c5ac254c8a77f1246c8294c70c7e77aa68d3a90031b10d995c707d1718d33e7
leftImg8bit/train/stuttgart/stuttgart_000067_000019_leftImg8bit.png,gtFine/train/stuttgart/stuttgart_000067_000019_gtFine_labelIds.png,60afcf7da964a6df5d948e1871d2d08ee250dfc43eb5051f6d595427f9c5391a,0ca292900d221319aa8c10d3860d8cdd1a8ccb0d21ba05b28a03eb00a973df57
leftImg8bit/train/stuttgart/stuttgart_000068_000019_leftImg8bit.png,gtFine/train/stuttgart/stuttgart_000068_000019_gtFine_labelIds.png,32d304ea80ca55a656448e27decc859fb1a0d4f25ef2a9a6510a039765ccacf4,b012965c64bf99b5f3e078e5f5f0618d3ccbefd67fa03f209aa16f2ad7551f69
leftImg8bit/train/stuttgart/stuttgart_000069_000019_leftImg8bit.png,gtFine/train/stuttgart/stuttgart_000069_000019_gtFine_labelIds.png,c587d5a7f1d8747a41a692a20cf89053cbc8a7f65dd7fbcecad2eb21e219376a,1f5b1bf433878f7f7e4568f922a0bb972ac61f26e3b764d6141d3561f285326b
leftImg8bit/train/stuttgart/stuttgart_000070_000019_leftImg8bit.png,gtFine/train/stuttgart/stuttgart_000070_000019_gtFine_labelIds.png,baaded23c282fb0db56bdd9e3c5ac04906b7dbee2a223f4823c51ff98fcea2ac,e42acf1113a53d22701523aa7e917b5c2731c58234f37835d8501bc701700a91
leftImg8bit/train/stuttgart/stuttgart_000071_000019_leftImg8bit.png,gtFine/train/stuttgart/stuttgart_000071_000019_gtFine_labelIds.png,91f9bf5017b5d2e2df4eddda207ace196ebb6650947edcb3cb8c5bdee1edcb57,42f6c2818281435494d7a163a49bb274de8101c09143b8156e01291b86e1cc59
leftImg8bit/train/stuttgart/stuttgart_000072_000019_leftImg8bit.png,gtFine/train/stuttgart/stuttgart_000072_000019_gtFine_labelIds.png,e3cb0060d5477c698e27f46414a7c5ecadf1b636e847deba8da376bcead79cec,1b7ee1f4b9c2b69ee41d4d92e27f22df02baab1f44f41b28d08885c636c60909
leftImg8bit/train/stuttgart/stuttgart_000073_000019_leftImg8bit.png,gtFine/train/stuttgart/stuttgart_000073_000019_gtFine_labelIds.png,3b83c28163797c403f1615450ec3cf879c2fb8b5b816449a0b1e129a7caf8688,d56c50aaf05976151cd6506df0bdeb5e461ab332efadabbf41083406952becca
leftImg8bit/train/stuttgart/stuttgart_000074_000019_leftImg8bit.png,gtFine/train/stuttgart/stuttgart_000074_000019_gtFine_labelIds.png,21d5fd7112cc1655fab93017e82d445e01591904d44b7c5f5de51c1009399aab,ff1925d0c4b3ce144ffde03be5ec1136636fb91256da4d9097d834c1c5acf665
leftImg8bit/train/stuttgart/stuttgart_000075_000019_leftImg8bit.png,gtFine/train/stuttgart/stuttgart_000075_000019_gtFine_labelIds.png,4b404a2a8c33a83ee44e9dcea33f270b97629caf73ffd13dd8e6aa3c8a201dcf,0ab88e1f6c124c045f427ab01a67813249306c445cb0b5c4cd22ecc27976d735
leftImg8bit/train/stuttgart/stuttgart_000076_000019_leftImg8bit.png,gtFine/train/stuttgart/stuttgart_000076_000019_gtFine_labelIds.png,058d7dbbfb9020a13cffaec8eace5b4707fa35586a688764bd15facf09d06fd2,70b68bee6c8ea55a19327f4219510b1fe630fa89303064842136dd13921ac4f0
leftImg8bit/train/stuttgart/stuttgart_000077_000019_leftImg8bit.png,gtFine/train/stuttgart/stuttgart_000077_000019_gtFine_labelIds.png,6c65c4ab6f7c3641f9c45a723b57c43fa4b1312ecccde9351cf561ee3df9d6c8,c99d5e49e388659350a74d26d2250b37a501fc14d67c91ad055672934d9fdbb9
leftImg8bit/train/stuttgart/stuttgart_000078_000019_leftImg8bit.png,gtFine/train/stuttgart/stuttgart_000078_000019_gtFine_labelIds.png,8d272705a76877cb2e4acf2327a8dd02e1f9304557432ee03520cc820399752b,ace7d50ba3edac56486ee9bba119d4de93494291714fae07c536d20ae9c1b868
leftImg8bit/train/stuttgart/stuttgart_000079_000019_leftImg8bit.png,gtFine/train/stuttgart/stuttgart_000079_000019_gtFine_labelIds.png,452104b04d4c4c3c748283930dab4e06e624cc3b857acedb047704cdf69456c7,7f577669295c5097013d2f23ac9da5168c24a21e3cb1ed31740683908dc99395
leftImg8bit/train/stuttgart/stuttgart_000080_000019_leftImg8bit.png,gtFine/train/stuttgart/stuttgart_000080_000019_gtFine_labelIds.png,a789955bc3b8e6df4fcfe83de0f30557ee7cab6f3df9f59ef7d382e559617061,e334aa30393a806f0d1930fff8844ac9b3e9b297ea495884415d75dc8b5db903
leftImg8bit/train/stuttgart/stuttgart_000081_000019_leftImg8bit.png,gtFine/train/stuttgart/stuttgart_000081_000019_gtFine_labelIds.png,ab13af7f773a2390049a6761b31f58e64977be8b63ba9c62fb54361898341ac7,d16859567f7df9ef26b706c3255c7efee29abd29a6f9742bc083701ba614966f
leftImg8bit/train/stuttgart/stuttgart_000082_000019_leftImg8bit.png,gtFine/train/stuttgart/stuttgart_000082_000019_gtFine_labelIds.png,411401b23d92afd047e6c42d840a4cf628275dd1a7881440bc4f4e300f015939,838f242d8039984fb30900059eabd51fea1cc522947205c651d3388625d1e3b3
leftImg8bit/train/stuttgart/stuttgart_000083_000019_leftImg8bit.png,gtFine/train/stuttgart/stuttgart_000083_000019_gtFine_labelIds.png,3a9fa7cf9e94a6456e6fa6c2fe4c513091f95047318279bdbb0416a162689a68,4a7ce80a3462e7ce8852547112b730b406f829bf4378f72a067ced87ee1b577a
leftImg8bit/train/stuttgart/stuttgart_000084_000019_leftImg8bit.png,gtFine/train/stuttgart/stuttgart_000084_000019_gtFine_labelIds.png,c389ed8b46903d4b762df82fd235a37d380dd62ebbe88437f880083b95fd713e,37ce8bbac164f4580bc6ef6e16ec3d0c62510860661b6415402321b300808546
leftImg8bit/train/stuttgart/stuttgart_000085_000019_leftImg8bit.png,gtFine/train/stuttgart/stuttgart_000085_000019_gtFine_labelIds.png,7c93fc61da87377dbf26729239304a82a427d447b4edf4c9a4cdfec2d45ced18,e04b586cf02c945a2e29ace4233d9321f30671b54455248019a0852750cee523
leftImg8bit/train/stuttgart/stuttgart_000086_000019_leftImg8bit.png,gtFine/train/stuttgart/stuttgart_000086_000019_gtFine_labelIds.png,15d0662f471d6ab03b162a5f1e06522745feeea10eed671f84e7e3c10903f5fb,28e50ddf3987cdf13393c44185a1e947d98f7b0191ad542a95c5e23c9b6e6f84
leftImg8bit/train/stuttgart/stuttgart_000087_000019_leftImg8bit.png,gtFine/train/stuttgart/stuttgart_000087_000019_gtFine_labelIds.png,f7c0ffc747f45eeade9f44019f50d95fa4bd2ffcb41c46a251b04134f6009ee2,eec3284318ea9d49110a9432f4455465c420a8d8f76c08b8c92e423a77a080ab
leftImg8bit/train/stuttgart/stuttgart_000088_000019_leftImg8bit.png,gtFine/train/stuttgart/stuttgart_000088_000019_gtFine_labelIds.png,5502b57055887f9a33a0c8edb227e1b8c7b156e3a92d26a59252362d04fb3fb4,7345f0b6bf82b3e8ca04de00bfced481e66909ac1217383b4c23d805e3d1da97
leftImg8bit/train/stuttgart/stuttgart_000089_000019_leftImg8bit.png,gtFine/train/stuttgart/stuttgart_000089_000019_gtFine_labelIds.png,36a6eef7bb30f4ec9c346ddb0b26babc44f2e1e0b7d1bd79cfa2eb50a9cb8874,8040e9fbeaa7c4147cb2999c6041ea9ed093070e99dc3d2b3d312659fd73250a
leftImg8bit/train/stuttgart/stuttgart_000090_000019_leftImg8bit.png,gtFine/train/stuttgart/stuttgart_000090_000019_gtFine_labelIds.png,c0f0ef08477918e18d155e735703dbe9d43dbb8a2290b40d9ca1da27e17f60f5,96cb50deb8c34aa9bb88fb2adc95db279eddb09eb95a501ab6ca095544de9039
leftImg8bit/train/stuttgart/stuttgart_000091_000019_leftImg8bit.png,gtFine/train/stuttgart/stuttgart_000091_000019_gtFine_labelIds.png,dd2dfeef4d60493b66edf0ddba66ec8ece3c0f18ce6063e0af42db6647f14c7c,b2f9a2825d41e5c07d28cbafbb7e96d5b26eae6226c59dc0f92214bcb2c2c8a7
leftImg8bit/train/stuttgart/stuttgart_000092_000019_leftImg8bit.png,gtFine/train/stuttgart/stuttgart_000092_000019_gtFine_labelIds.png,3f90522453c58af66bbbebfe486e21016141e18308d0b0443fae5dcf21b6f54d,e8626d5a841c61ffbe7fddc332565b88dcc41c9c533d8c733ca9b1603c5a9600
leftImg8bit/train/stuttgart/stuttgart_000093_000019_leftImg8bit.png,gtFine/train/stuttgart/stuttgart_000093_000019_gtFine_labelIds.png,1211c6e42c9fb39acd89f411ffcab343ff299193a5413726ea75f52e2795d3dd,8320aaaea03f698a54e1974575f61298534ac05433cad376177f864a069ced56
leftImg8bit/train/stuttgart/stuttgart_000094_000019_leftImg8bit.png,gtFine/train/stuttgart/stuttgart_000094_000019_gtFine_labelIds.png,df3b13321d3efe0ee335c53d9fe205d3c3a9fa40f0a3673ad4f6c49a76182ed3,5afd5623ed3d8bd97079a5ee5936cf22c8ecb4c7181292ac63a19253ff7e8303
leftImg8bit/train/stuttgart/stuttgart_000095_000019_leftImg8bit.png,gtFine/train/stuttgart/stuttgart_000095_000019_gtFine_labelIds.png,73e3f9e6df345597d45a021cd290461a4314b5773dbef020c3395cb7f6a1c15a,14723f75e5c026557dfcea32b800f6d6a72321098d99c7abf951e7341092b85d
leftImg8bit/train/stuttgart/stuttgart_000096_000019_leftImg8bit.png,gtFine/train/stuttgart/stuttgart_000096_000019_gtFine_labelIds.png,029e223c689c10ce1b5387bb646aa896b65ca180c188d634cdc71d284ffcbc7e,d8891a144ba13f246067a338d12f262fc2d025b29648789050832cb05face8c8
leftImg8bit/train/stuttgart/stuttgart_000097_000019_leftImg8bit.png,gtFine/train/stuttgart/stuttgart_000097_000019_gtFine_labelIds.png,dcfdd5f8365be00d5b6c70ffd7dd2df09c43d6d8ff9afa0c3692592ee9fafd7c,98d6af64e0622115bf8f141711f8c884b226b94af93d94509c771323ca137881
leftImg8bit/train/stuttgart/stuttgart_000098_000019_leftImg8bit.png,gtFine/train/stuttgart/stuttgart_000098_000019_gtFine_labelIds.png,7acbe4803ab456e7053afd4ca2c91fc1d56b0d9e6b8fb92d2dceb98381db82e1,15b24ed474ffdecb4e6a4b394b4f7da3d10671141ab9766812ec87a6b69ef085
leftImg8bit/train/stuttgart/stuttgart_000099_000019_leftImg8bit.png,gtFine/train/stuttgart/stuttgart_000099_000019_gtFine_labelIds.png,1d2a26a905a592a1890e93d7f1b92ad0b0273e004eda433c59fdd350ae292b3a,9f10941344964a7accddab2542c5fdd49a7d5828128652cc340a96009f6633c1
leftImg8bit/train/stuttgart/stuttgart_000100_000019_leftImg8bit.png,gtFine/train/stuttgart/stuttgart_000100_000019_gtFine_labelIds.png,17dd9346a60c2452139ddcf24cbca5386d1dedab568a4e9b9593f5a10a4fab24,2982fefbac95e2ce4c89ab75419d99b0767d9e0578480c25244755a572f80959
leftImg8bit/train/stuttgart/stuttgart_000101_000019_leftImg8bit.png,gtFine/train/stuttgart/stuttgart_000101_000019_gtFine_labelIds.png,93d6d883c75d03cfbfac678a8c7b767e1e3a12643a46a1f459772cd7d8029baa,8aebb4b304da137989b6635e40cdcdd0b410553ac0653c7b1be3c969fe76d892
leftImg8bit/train/stuttgart/stuttgart_000102_000019_leftImg8bit.png,gtFine/train/stuttgart/stuttgart_000102_000019_gtFine_labelIds.png,05bca8bbba6e9af78d45c9da445a4ab03de4e38d2158f943df4fc90f862811d3,f4416d9fa6be9331f3145dba6b4271ed6b6d1866523bc3ac6e55b08ac72d2a10
leftImg8bit/train/stuttgart/stuttgart_000103_000019_leftImg8bit.png,gtFine/train/stuttgart/stuttgart_000103_000019_gtFine_labelIds.png,25f835263dd80b9830e06000d135ae34ce7f049d7e29364c65e18c79ac79e44e,5459953113a58754b2accbad268fdb94f011e2524055efcea149dcb74c95b826
leftImg8bit/train/stuttgart/stuttgart_000104_000019_leftImg8bit.png,gtFine/train/stuttgart/stuttgart_000104_000019_gtFine_labelIds.png,0382e20b045afccb30893ec831285fe4695d67747e1a90437505ca3cc2d28fd2,4a37f43ffca597227a685aff385629cc4a2e3c8f96c1f2c30b5ab9a337260f4f
leftImg8bit/train/stuttgart/stuttgart_000105_000019_leftImg8bit.png,gtFine/train/stuttgart/stuttgart_000105_000019_gtFine_labelIds.png,295ed3bda172c59ee781da065abd1bc01bad728f461253ccc9dd04672ec34dec,f2658d091ab7629b4ea65f27ffae6a729a0d1381e365cf568dbfd39b781b5e58
leftImg8bit/train/stuttgart/stuttgart_000106_000019_leftImg8bit.png,gtFine/train/stuttgart/stuttgart_000106_000019_gtFine_labelIds.png,77ef324c16a63c9f4059c55792e70d0dbf14c5cc4602cb11271163e40ecad9be,22b8b57eda409c44b583fcf90b27bd330580de891c581e2a79f9ce72a4b723d3
leftImg8bit/train/stuttgart/stuttgart_000107_000019_leftImg8bit.png,gtFine/train/stuttgart/stuttgart_000107_000019_gtFine_labelIds.png,0ad1d2c050a776e0a9d1ecbb6b4ab93cfb537f0cba8ea786ca8a21ad1bcfa3e7,42e7ef1babbf588c8f0a17be7f6a11354435d39b4be02a6ce7c0d0280726a300
leftImg8bit/train/stuttgart/stuttgart_000108_000019_leftImg8bit.png,gtFine/train/stuttgart/stuttgart_000108_000019_gtFine_labelIds.png,a4ef5f083ded3f621efab95516fbd73b2603129e10f51e83909f595940663224,ccbca6925cf07ef286b6cf1e1dffe5de8acfa782bcc5508c95967be5d3ff733c
leftImg8bit/train/stuttgart/stuttgart_000109_000019_leftImg8bit.png,gtFine/train/stuttgart/stuttgart_000109_000019_gtFine_labelIds.png,bb9d12c8861c48bf5a5a37d66d046584f0fb87212fcb42aa1c194da3737944c0,ba12e88fbb44ed5a58e29e4b7a7f38055bbaa5fe9a0fe3f53dd661fdc7602f38
leftImg8bit/train/stuttgart/stuttgart_000110_000019_leftImg8bit.png,gtFine/train/stuttgart/stuttgart_000110_000019_gtFine_labelIds.png,7cfb62ac11a455e846bf34e566540066cd7bee25c9a82cc0eb7b8439ca9a6ef8,944c939fb00f2dde3e170781ae294cfc39721372787e915ec4c24e7ef3727cc6
leftImg8bit/train/stuttgart/stuttgart_000111_000019_leftImg8bit.png,gtFine/train/stuttgart/stuttgart_000111_000019_gtFine_labelIds.png,1133b4b27b6abf66fbe56fe2f4022697385d7d96021302d1734f3d3137103a9e,48f0661f0947b6d6ac3d8f75ea2f5394cf2c1bc5f1753b76189f8fbfc9502afa
leftImg8bit/train/stuttgart/stuttgart_000112_000019_leftImg8bit.png,gtFine/train/stuttgart/stuttgart_000112_000019_gtFine_labelIds.png,265b3d75618abce08631ba2a8033e96a181727af344daa6a78025d5d9ce1fb76,4973e599108bed7241cf1b47b61b55f60da965180bae67173298e07861c6d1f0
leftImg8bit/train/stuttgart/stuttgart_000113_000019_leftImg8bit.png,gtFine/train/stuttgart/stuttgart_000113_000019_gtFine_labelIds.png,fb17be22e35fbe357231dfe8e6205c78f67eb2676a9ade08844b447f547be71b,6a0264ec973567a08a1519bef68c4c91dbc524bb687f627cf052bd625a99657c
leftImg8bit/train/stuttgart/stuttgart_000114_000019_leftImg8bit.png,gtFine/train/stuttgart/stuttgart_000114_000019_gtFine_labelIds.png,49b78eef6b48af5e6539a3edc07d8c81a6b55fdb3b16da31b69bb99337b8d425,fa69cce794499bab9d3790a8e370bf01b52153475d8bc621ab001dcbf8179cc3
leftImg8bit/train/stuttgart/stuttgart_000115_000019_leftImg8bit.png,gtFine/train/stuttgart/stuttgart_000115_000019_gtFine_labelIds.png,e40d39cbe84aa1103f66e257ab1a520cb270c944939065b78c13fba7bccfa532,d4e7cd4c3b7e4a5f8c3bbe5de4c01d1b9f3d106ec9f92166a80feb60e0097e96
leftImg8bit/train/stuttgart/stuttgart_000116_000019_leftImg8bit.png,gtFine/train/stuttgart/stuttgart_000116_000019_gtFine_labelIds.png,a84d9c94721c08eee55a9be15a05ab38f029cdc0474f6eddf77010eb26f9d6f3,3ec25028054c49b18caa50f47ed6804ba7a7029df2d1cdeeb7c22163bf49f028
leftImg8bit/train/stuttgart/stuttgart_000117_000019_leftImg8bit.png,gtFine/train/stuttgart/stuttgart_000117_000019_gtFine_labelIds.png,e1136f725a315a3c88f614a9f2fd34995b3a5bd86d6d4df3fc37e93253ba2ca5,325df4ff76b163bc7a738ed71533c4f9bdc8423f08d1ac30c9a06ccd36940808
leftImg8bit/train/stuttgart/stuttgart_000118_000019_leftImg8bit.png,gtFine/train/stuttgart/stuttgart_000118_000019_gtFine_labelIds.png,5bfe8479d8a78ca22809e9bde61139b95085823f9147de262a6d708a5189a6ec,272680eb4631060feafe0bf5ea8e7fbfe2d630fe819310ac32a8a2e08f0beb8e
leftImg8bit/train/stuttgart/stuttgart_000119_000019_leftImg8bit.png,gtFine/train/stuttgart/stuttgart_000119_000019_gtFine_labelIds.png,10e8a93e7c5c8e8ea13a4ffc25706764f7fd454b42566e77ec9f44715825315c,f07dd6445ad22c7808b987b7b304eab5c2f142c7203ea819d46e3096fe7b8708
leftImg8bit/train/stuttgart/stuttgart_000120_000019_leftImg8bit.png,gtFine/train/stuttgart/stuttgart_000120_000019_gtFine_labelIds.png,931b81c574b9f6a90144428c8c347d1c204967250714f948b2a4c54df10fcc79,af8602a1878e312ec9aadc828424f20f7b688461ee784ad34040094ed0f42025
leftImg8bit/train/stuttgart/stuttgart_000121_000019_leftImg8bit.png,gtFine/train/stuttgart/stuttgart_000121_000019_gtFine_labelIds.png,37bb4152d63f0f513f77918548e65bfd1ec0276ac67890e8642df416759de2dc,737c29a2d8bed895c9274230ff04c7b6f2334f7cf2612ecb858706f251e2e4b1
leftImg8bit/train/stuttgart/stuttgart_000122_000019_leftImg8bit.png,gtFine/train/stuttgart/stuttgart_000122_000019_gtFine_labelIds.png,c247a6bf40c01c0ad1dda75da688c13e9371db456072e8ce007d6eabf1af2c7a,d443db56a64bad547a0051ad64cb1b5e1b411f79a2ec7069ee3b113549a2e5c1
leftImg8bit/train/stuttgart/stuttgart_000123_000019_leftImg8bit.png,gtFine/train/stuttgart/stuttgart_000123_000019_gtFine_labelIds.png,826577e5222b24f1630b68ef469403819610a70c0ec6dec1d097503fa1f0327e,2ed7d25c4cb99fcea143ce97e15bd928afbe121b7560739ad443baeaa566e60c
leftImg8bit/train/stuttgart/stuttgart_000124_000019_leftImg8bit.png,gtFine/train/stuttgart/stuttgart_000124_000019_gtFine_labelIds.png,785c10c94868f3206a384b926104fa523bc586ebafd2193c587c55b06f2bca0a,d48a6bb8ec7b40da36b4891b8b1b274965dc5b4cf7f22d395c781b1ff8a361a9
leftImg8bit/train/stuttgart/stuttgart_000125_000019_leftImg8bit.png,gtFine/train/stuttgart/stuttgart_000125_000019_gtFine_labelIds.png,728f97f4c453f036f291779cc3751b0e1b564ae34228979f267658ee8a2d9a82,54be2f03ad8b3f3d2bbd075e62c8eb00dd2163a3b2bfe462d07f58e47b74c215
leftImg8bit/train/stuttgart/stuttgart_000126_000019_leftImg8bit.png,gtFine/train/stuttgart/stuttgart_000126_000019_gtFine_labelIds.png,bec42ad65a78f3f82c9a92deb688ba08523d1610362d730b0c36cf4a0eb24bdb,15fc6412901855054cbb8f5f0485d529ffd269fa0ded88cb62681f35470a6c5d
leftImg8bit/train/stuttgart/stuttgart_000127_000019_leftImg8bit.png,gtFine/train/stuttgart/stuttgart_000127_000019_gtFine_labelIds.png,6284607c2281875ce7c804964d90c917d2405f9ac03592dc395db4edfe4863a6,cee91ed494137605fbaa4b18170c126f004291ea4a93ae20478529b50dae4a90
leftImg8bit/train/stuttgart/stuttgart_000128_000019_leftImg8bit.png,gtFine/train/stuttgart/stuttgart_000128_000019_gtFine_labelIds.png,bd02ba5e9f5420ba63dec1c76e43e3d25ccac652c07ff232c328c03e786c16be,bbf961141baafa529f7c9da977e72ad0ea660fdf9aaaf7b393909413dd635b09
leftImg8bit/train/stuttgart/stuttgart_000129_000019_leftImg8bit.png,gtFine/train/stuttgart/stuttgart_000129_000019_gtFine_labelIds.png,6c2d966f9cb6c48592c1e46f317ef1eec06c99581d1946f1739bb673ce8fc01a,8393773e803acf53bc3aadc963ee217a1e1909462c9ac08437512e2d3a254952
leftImg8bit/train/stuttgart/stuttgart_000130_000019_leftImg8bit.png,gtFine/train/stuttgart/stuttgart_000130_000019_gtFine_labelIds.png,9288444df846f790f85f83cdee87e74ea39601c676352ff661f2fd49275f1290,ecc11c6aaef0220680e54184a2541a059e47bfd2eba157d91ed36b8461c2e3fb
leftImg8bit/train/stuttgart/stuttgart_000131_000019_leftImg8bit.png,gtFine/train/stuttgart/stuttgart_000131_000019_gtFine_labelIds.png,41d3d57ceb454c6f95ffa2353819d2c5a4a3e980511ab69302358c1297f09d7d,b1d28bb15c5f36a653d1d11065d903937abfe356e051fd82e68105bf3d48710d
leftImg8bit/train/stuttgart/stuttgart_000132_000019_leftImg8bit.png,gtFine/train/stuttgart/stuttgart_000132_000019_gtFine_labelIds.png,0a5cba312834119bce9fd9f661a1cbca205ac18ac18765d476efd870b0729bdf,b56586ee0e84606cde4b0627d6fb34932fee25373c1fe3a7de2937a969840ca5
leftImg8bit/train/stuttgart/stuttgart_000133_000019_leftImg8bit.png,gtFine/train/stuttgart/stuttgart_000133_000019_gtFine_labelIds.png,921a850bbb64a8c570ac544982bb16d1108f6b923796ff8834c5ff67989fe72a,706060a5473dfc0b6089441100b22affa8c122e97a073bb023849b00aed6e916
leftImg8bit/train/stuttgart/stuttgart_000134_000019_leftImg8bit.png,gtFine/train/stuttgart/stuttgart_000134_000019_gtFine_labelIds.png,874939b0d549dc0515485a44df6352345078b7768c803bbafd5de1c4a9572817,0c766680bb2f1f3ae492f9748c0255db9789272030d65c91a6ebda8686abc04a
leftImg8bit/train/stuttgart/stuttgart_000135_000019_leftImg8bit.png,gtFine/train/stuttgart/stuttgart_000135_000019_gtFine_labelIds.png,210d0d9eb513b2d44703e5963abe127a4872d76e399246c2ea2c61a1423ab5c6,a749c58c596470520a7a5eb89253d139eda2405c657fc15233711e448827d426
leftImg8bit/train/stuttgart/stuttgart_000136_000019_leftImg8bit.png,gtFine/train/stuttgart/stuttgart_000136_000019_gtFine_labelIds.png,ca78cf23f7ad56790e2d043fd5ef451989fe3b52ca3214470fd57f6787713db1,a2b524ca70adb8666adc2040d9566aebbf8cc2f657d7efec92fab615dc55fb77
leftImg8bit/train/stuttgart/stuttgart_000137_000019_leftImg8bit.png,gtFine/train/stuttgart/stuttgart_000137_000019_gtFine_labelIds.png,9f931507eca1902a308ada8c9088c697c57eb23a62228cf889c26501008f92fd,11d365e37c870cbb170c72b2bf9f4941012d9d765763a66376b1c02d87b5160c
leftImg8bit/train/stuttgart/stuttgart_000138_000019_leftImg8bit.png,gtFine/train/stuttgart/stuttgart_000138_000019_gtFine_labelIds.png,8d9c7bffda16d96acf6d65de5900f5aa0f85dff0c39cffb6ddf098a4ece35cde,5ae1bd4477fecf7cd74484679d882a3a451a1685e6abe88e6b22b7d38f850124
leftImg8bit/train/stuttgart/stuttgart_000139_000019_leftImg8bit.png,gtFine/train/stuttgart/stuttgart_000139_000019_gtFine_labelIds.png,03dc887e2022d55452ce629abd3e5611e1956ce2ada298c61e888a686938d95e,09c9dadc37789a42c2c2c93e322fb1cb75a223b4cb281761aa5c21bce4fed59c
leftImg8bit/train/stuttgart/stuttgart_000140_000019_leftImg8bit.png,gtFine/train/stuttgart/stuttgart_000140_000019_gtFine_labelIds.png,585e8d941d0eb60453b925696a48fd7e6e9aafd10217a719554e8212b5056023,39869645725a263c3006ed4a2ffb78cc39faa6f8d07a767822272c6eb7bd7db6
leftImg8bit/train/stuttgart/stuttgart_000141_000019_leftImg8bit.png,gtFine/train/stuttgart/stuttgart_000141_000019_gtFine_labelIds.png,2138a42e4799b3fd243763c2308393cc827879ecaf56d07fb3bbd7f73924d316,4f3f99eeec8ff2ff8c39bc995cd712a26a1528822e4f4815d6ba0b55d1d3eb58
leftImg8bit/train/stuttgart/stuttgart_000142_000019_leftImg8bit.png,gtFine/train/stuttgart/stuttgart_000142_000019_gtFine_labelIds.png,f37b7ad32b3ef209a6404afb5bd69e41278abb247199c9a22e88e996d128d079,ac7c7e23ea2b42cb5d6ff4a3178d61d294ea50f7c253e6294db66e8785b7ec76
leftImg8bit/train/stuttgart/stuttgart_000143_000019_leftImg8bit.png,gtFine/train/stuttgart/stuttgart_000143_000019_gtFine_labelIds.png,d59290355ee9053aaa04606cfdcbd9f12b7f68417212ef28bd726c5446884a02,678ecbd18408cba4b39763eb1fd2c091f4bfeff186ce54c0801ec24d9b1941ae
leftImg8bit/train/stuttgart/stuttgart_000144_000019_leftImg8bit.png,gtFine/train/stuttgart/stuttgart_000144_000019_gtFine_labelIds.png,051ac46b570b7bd7e1976b04fb4210e6801f09fc56c81d5e3d6a649159596ba6,b30798a1f50e1937f6fcb8696320067d3c2baad737be986dbc94dfcecaad51e8
leftImg8bit/train/stuttgart/stuttgart_000145_000019_leftImg8bit.png,gtFine/train/stuttgart/stuttgart_000145_000019_gtFine_labelIds.png,b9815211169ab8cbbddf9a3af4600074cba3c024f19291ff2ade1cd0aac95531,aaebc9b2b60ecf944c455a512cb863f987d483a30c4dbef5df3f7169b7fbd244
leftImg8bit/train/stuttgart/stuttgart_000146_000019_leftImg8bit.png,gtFine/train/stuttgart/stuttgart_000146_000019_gtFine_labelIds.png,ef1ff1d1da1e63305d96e26e41d3d71dbe4a4e0ea09e96c225dc5c8f52cd1fa7,63a5590854c76334478ccb2462376af31d935ee61f9529e3a2a62203878369ec
leftImg8bit/train/stuttgart/stuttgart_000147_000019_leftImg8bit.png,gtFine/train/stuttgart/stuttgart_000147_000019_gtFine_labelIds.png,b89c73ac8075efdebf0bea4a8365255e6538e8c11df3f74c21a88f386c6cdbb6,8d93f1807a806996ffbe36e7597ea993309bdd37879b99cf65e3dfd80a4bbcc6
leftImg8bit/train/stuttgart/stuttgart_000148_000019_leftImg8bit.png,gtFine/train/stuttgart/stuttgart_000148_000019_gtFine_labelIds.png,dbc1e2f719f59151c3c296ae18da6e7efca47e4d8a717d63904dd0311544c5c9,0294a3673933ede0ee2eb51b3f1f73d07d4c350735460b700a26265eae1df4c3
leftImg8bit/train/stuttgart/stuttgart_000149_000019_leftImg8bit.png,gtFine/train/stuttgart/stuttgart_000149_000019_gtFine_labelIds.png,da183d43cdbf10ff5e753f684405dcfb5c935a4b53e4fdb9d08d8fbc5a843fd2,2e157fb202af09b7c7260355319fd6f88be2a9cdb7283b9ffed9c5e52b8e0f54
leftImg8bit/train/stuttgart/stuttgart_000150_000019_leftImg8bit.png,gtFine/train/stuttgart/stuttgart_000150_000019_gtFine_labelIds.png,5aa7427ec6a0493fcb998493d5a55c8138d76474021683d4a8276adf22b13668,0e2e3c833feb983f63d476ba60a43265e76795f21d15c1c0ac9cef8f1161aadc
leftImg8bit/train/stuttgart/stuttgart_000151_000019_leftImg8bit.png,gtFine/train/stuttgart/stuttgart_000151_000019_gtFine_labelIds.png,c4d14027a877f9d23867be7c04dad62b580dc5d5938c786c44a07a99c07c57b5,4f8c361c503fdcaa2979ccfbed7c4b22034fc79a344d618f95df7466fe7cab73
leftImg8bit/train/stuttgart/stuttgart_000152_000019_leftImg8bit.png,gtFine/train/stuttgart/stuttgart_000152_000019_gtFine_labelIds.png,307d4bb26f613b3029b90647aa41c73d1dd2a3e26803e1f248c625a138a8c229,88d04e45b35e5dfa3df83861735ab25d0287ce99bdc7097935f79f48b98895b5
leftImg8bit/train/stuttgart/stuttgart_000153_000019_leftImg8bit.png,gtFine/train/stuttgart/stuttgart_000153_000019_gtFine_labelIds.png,1df20e1240e3511a5a99bd58e5772e773d385643f5776ddfa4c376a5ccd1ea35,035652a91d166e0b57441bb2bf113f76e78ba5dcaed37ff8513844936ae0ba1e
leftImg8bit/train/stuttgart/stuttgart_000154_000019_leftImg8bit.png,gtFine/train/stuttgart/stuttgart_000154_000019_gtFine_labelIds.png,61fba76938990596a13f6148b608b3ea2581d4defb10b2b112d38ab7718ba612,724820bf6cc60b41587be34e909bd380f5b2e08620451758c31bb6439822f5c4
leftImg8bit/train/stuttgart/stuttgart_000155_000019_leftImg8bit.png,gtFine/train/stuttgart/stuttgart_000155_000019_gtFine_labelIds.png,a95889f95c4e1b0bfb984fdcfd4315735af6b08d3b6ed1403792fea15d174977,e3f82524affd98d338890f23fea4ea6aa7b00f2f9e07162a9f25490885a7068a
leftImg8bit/train/stuttgart/stuttgart_000156_000019_leftImg8bit.png,gtFine/train/stuttgart/stuttgart_000156_000019_gtFine_labelIds.png,a6ecd806ddead6d2ec45725fbcc076038614ee9977f17296f0eb3296fbabd2e0,b9b269e7ad303f0f643dfb353cd9688095ca1133616796128838f787c44f3081
leftImg8bit/train/stuttgart/stuttgart_000157_000019_leftImg8bit.png,gtFine/train/stuttgart/stuttgart_000157_000019_gtFine_labelIds.png,4b512488bbee4c8c8108adcadf71590fac5ad0c43e03a2acd23ebc1a49e86cf0,9444f7100b0a42705dea3cab4e3a5ab1eb63ef93103ed4b5a9546765dceb3842
leftImg8bit/train/stuttgart/stuttgart_000158_000019_leftImg8bit.png,gtFine/train/stuttgart/stuttgart_000158_000019_gtFine_labelIds.png,b8ef509c10e6ff57af7ae77f4549678b04ee498e1b4d4666633685830b0325af,3f2b566ca41cab50fa581035febec51941793b18c79bb44e132c3335f61eb6d4
leftImg8bit/train/stuttgart/stuttgart_000159_000019_leftImg8bit.png,gtFine/train/stuttgart/stuttgart_000159_000019_gtFine_labelIds.png,8175a4f43c9df75335579f11792ea00ee358b99c10c3e06ec41b87246654a1cc,05e9928a5b1eaee460e1a7dd06e72136f90295829f7d6e523fe0995f6b8365f4
leftImg8bit/train/stuttgart/stuttgart_000160_000019_leftImg8bit.png,gtFine/train/stuttgart/stuttgart_000160_000019_gtFine_labelIds.png,2d1d1fbd7d1411839727cd33f72722f2ea108251a44d90f155a4d59666c822ff,d153561823914638dea79d466b2820fcdfec4bbc797d99130bf791d85fb3ae77
leftImg8bit/train/stuttgart/stuttgart_000161_000019_leftImg8bit.png,gtFine/train/stuttgart/stuttgart_000161_000019_gtFine_labelIds.png,20145314efa37d994f680872ef97ae334e672c678c1d9854fd7d4ba29e68bbd4,d5f0d19b85791e0961c41323fa3fb2beb95bca304c21b23dfc85e0b80a4fbe54
leftImg8bit/train/stuttgart/stuttgart_000162_000019_leftImg8bit.png,gtFine/train/stuttgart/stuttgart_000162_000019_gtFine_labelIds.png,30ab0d6cc1777ed61fb4ad753091508304d03a63e98dca4db009a7a14e201b6c,aef4dfdbbaf62a387447f6a0a74f4928129bcd9a29b1496bb4a8e0891c411cb6
leftImg8bit/train/stuttgart/stuttgart_000163_000019_leftImg8bit.png,gtFine/train/stuttgart/stuttgart_000163_000019_gtFine_labelIds.png,53a66c959e54223c72a38d1d492ead4d4ee3d829d45366978e842dd4fba6acc4,d61cfde148638309864a029a37efdc410c545a4af980fd0377d84d9874819165
leftImg8bit/train/stuttgart/stuttgart_000164_000019_leftImg8bit.png,gtFine/train/stuttgart/stuttgart_000164_000019_gtFine_labelIds.png,f66f9f8c0172909a71b0c0265e9e3f928bb7d4320a4a585aa41ac15b93e2b978,905b7824e718322e0a25e9c5b48b13450bbb7b6d0da2c314a8c4bd1e6d84bd9f
leftImg8bit/train/stuttgart/stuttgart_000165_000019_leftImg8bit.png,gtFine/train/stuttgart/stuttgart_000165_000019_gtFine_labelIds.png,dd741a9d680ca1d67046500c9e866d115753377429942d68aa0fc5352f6e03fb,7c7fdab286b8f379e3b3cd01501e47e830daccd358b113d77bfe11dfdbec7ec2
leftImg8bit/train/stuttgart/stuttgart_000166_000019_leftImg8bit.png,gtFine/train/stuttgart/stuttgart_000166_000019_gtFine_labelIds.png,afbcc38b7ab14e998286b8834608b94ebf06e790abc5b5af3015c2e3c16c457e,0ebe9ec27da3076ec7fec0b3713e046f7c71400dc70381c55e2c9f490d976bf5
leftImg8bit/train/stuttgart/stuttgart_000167_000019_leftImg8bit.png,gtFine/train/stuttgart/stuttgart_000167_000019_gtFine_labelIds.png,1ebba385e3808b3335892cd4b1b018f28b5de0751c65fd1d20ea93684bc466ec,461c8f5cdd55aad7fcb2154f37b216446e1cc1fc56da8d30e407a86526f481de
leftImg8bit/train/stuttgart/stuttgart_000168_000019_leftImg8bit.png,gtFine/train/stuttgart/stuttgart_000168_000019_gtFine_labelIds.png,8d399d8b53a1d3e62cf1716369f9e5c856bd9436de2892441ea4bc853119023c,16099c8d6a6a848b5d9fdc39ccb0930c1de0485ab9933584ba820b14f52b8cd8
leftImg8bit/train/stuttgart/stuttgart_000169_000019_leftImg8bit.png,gtFine/train/stuttgart/stuttgart_000169_000019_gtFine_labelIds.png,c1b6d7f8dda6397830ef067654bcf11b1dca41c743d63650fc69da0985f694a1,0239becb785570bd5a4ddf6fd7f1f76c784e57adaecdaf4e504f1e9dc0f0e508
leftImg8bit/train/stuttgart/stuttgart_000170_000019_leftImg8bit.png,gtFine/train/stuttgart/stuttgart_000170_000019_gtFine_labelIds.png,4e2cb7028db77deaa1764f9efc888da3c89b360af71bdfa7fe4909352712e622,047c647d58d768cea1be13f2a924ef03f802ac4f951df83d45509dff79004d05
leftImg8bit/train/stuttgart/stuttgart_000171_000019_leftImg8bit.png,gtFine/train/stuttgart/stuttgart_000171_000019_gtFine_labelIds.png,2cf67ab08e903b328b441d556213a5714b8446352411a35656222413cb580d86,0dc77e06045c12527bae84400306fdcc18ca28c1bdd11ace566ed48e0ec4a534
leftImg8bit/train/stuttgart/stuttgart_000172_000019_leftImg8bit.png,gtFine/train/stuttgart/stuttgart_000172_000019_gtFine_labelIds.png,23bbf34e5a34d2f72960aa36a1897432aaad348c9bff7e2a1c7947728aff3c5d,1e458dcefb177281ecbc2dc2528508a25097749dfc9b7892788101d6f0e6c891
leftImg8bit/train/stuttgart/stuttgart_000173_000019_leftImg8bit.png,gtFine/train/stuttgart/stuttgart_000173_000019_gtFine_labelIds.png,cb2d004566416985a435412451fdbd1bd17f1866c7d4a23162f64fd446747101,091e987ea5520a148313e9696dd9414d9c0dfa0b5fdadb87da6dd46c623701f9
leftImg8bit/train/stuttgart/stuttgart_000174_000019_leftImg8bit.png,gtFine/train/stuttgart/stuttgart_000174_000019_gtFine_labelIds.png,69f5b6ea5683df67f22a9068490bf29710beea0d3414240ef6ffe41dd5410c2d,a96d38fb890043c3663e30e51cc3110f12f5e1ee8db5135233aca7b468fe6861
leftImg8bit/train/stuttgart/stuttgart_000175_000019_leftImg8bit.png,gtFine/train/stuttgart/stuttgart_000175_000019_gtFine_labelIds.png,72e37a0fdc040f0bb6d47762ddef6503c490c8cd236e82f507089e3e44b21673,5e1ab564666705fcb6a2dd89902ddc3efe58b7b01695a819499143eb2e71f244
leftImg8bit/train/stuttgart/stuttgart_000176_000019_leftImg8bit.png,gtFine/train/stuttgart/stuttgart_000176_000019_gtFine_labelIds.png,f3bfeb9ba58fde41cfd9ac7e40161e0bda89b43920409ad2e1f3ee3e5678d7f5,42e254a736588330c8de07cbde75c3ecb61878b1a684f09a499e143d6601787b
leftImg8bit/train/stuttgart/stuttgart_000177_000019_leftImg8bit.png,gtFine/train/stuttgart/stuttgart_000177_000019_gtFine_labelIds.png,dff8ab8eecad136449d745fbf253476f853def0049ed6f95d3201fa0d182eda2,b2e5a1df739ce57b2fe4dc561293881748a3df4c690b0d114a6bc7e6d198ed36
leftImg8bit/train/stuttgart/stuttgart_000178_000019_leftImg8bit.png,gtFine/train/stuttgart/stuttgart_000178_000019_gtFine_labelIds.png,83629af982501ce002f83d377f9fb21e9d1e067637657f7525f3b4c3364a72f0,560885b8880d57105e6bd4f91ab994341a758d5738f154b3992e6ae3951d7293
leftImg8bit/train/stuttgart/stuttgart_000179_000019_leftImg8bit.png,gtFine/train/stuttgart/stuttgart_000179_000019_gtFine_labelIds.png,c4e0ae839ba1e14025453b742225f4ee05d18d73d43b6a714876f0509ac77b36,fa6d48044e568c535dd1f00510908072a3a7ff747616d1adc727c9ad041a4571
leftImg8bit/train/stuttgart/stuttgart_000180_000019_leftImg8bit.png,gtFine/train/stuttgart/stuttgart_000180_000019_gtFine_labelIds.png,5c32002bdccb73a86b726e117f8c18131fb03becbc7831e07f98e17949d266a6,c443d8902e3ac544c6302375aea4a7ddd54c78bf9252e96d5a236e4db80c7e71
leftImg8bit/train/stuttgart/stuttgart_000181_000019_leftImg8bit.png,gtFine/train/stuttgart/stuttgart_000181_000019_gtFine_labelIds.png,a05c3f0d5902985421e0c7aebebdd4789b44bd9fbe9a66d897bda5fc984ea0a5,6bf7ae9c4c8fd8622dcde754a1e64b617616731a4aa6e39c3241e2824a33476b
leftImg8bit/train/stuttgart/stuttgart_000182_000019_leftImg8bit.png,gtFine/train/stuttgart/stuttgart_000182_000019_gtFine_labelIds.png,9b6d77191aeed46b630de35d5e57c22af4768d8925677a1831ceee01a1dd41de,dd35f507bb2fa902d2bdc852f2a8155122b6d99261778d17ffa53b3e8af0c4a4
leftImg8bit/train/stuttgart/stuttgart_000183_000019_leftImg8bit.png,gtFine/train/stuttgart/stuttgart_000183_000019_gtFine_labelIds.png,e2a0a082c8f271240d1237250ae28451a8ffd806c1bc730aba801f35638b157c,46a3cce479bff52376a2b2653e38273e879e2b638e094d5c8700f83986a68512
leftImg8bit/train/stuttgart/stuttgart_000184_000019_leftImg8bit.png,gtFine/train/stuttgart/stuttgart_000184_000019_gtFine_labelIds.png,7b3b877fe43b7d24f4586afb45ff25d10914b3d916d7eafc494b290fa421ae5e,b09596b5b5627e11b147f75be84f26fc79a7c965a45ddeaa08043a4288a84dc1
leftImg8bit/train/stuttgart/stuttgart_000185_000019_leftImg8bit.png,gtFine/train/stuttgart/stuttgart_000185_000019_gtFine_labelIds.png,5d0a2a308de36f21a861b78172971f2fae615fe5f6e0044c07a494a5ada5449a,a47d21102178022ed72e773ea1a36e9525439ac5eaa2049453b8f4e9df110da8
leftImg8bit/train/stuttgart/stuttgart_000186_000019_leftImg8bit.png,gtFine/train/stuttgart/stuttgart_000186_000019_gtFine_labelIds.png,2b70b5aaff877b07bf9dcd1475186318d486650a3d7b4d37960381b9f7aa153d,4c4f8d6fba137d847972355323e91cce23a7759e946f386be0021095e638d51c
leftImg8bit/train/stuttgart/stuttgart_000187_000019_leftImg8bit.png,gtFine/train/stuttgart/stuttgart_000187_000019_gtFine_labelIds.png,0b477d7babcfcfd8051c74c8307f3a379508fce938f2b5ad39394712bbfd28fa,9b70be8b07fe8a952da11a18ce772dc273dad534de8c0537fd9f1b5bdcdea266
leftImg8bit/train/stuttgart/stuttgart_000188_000019_leftImg8bit.png,gtFine/train/stuttgart/stuttgart_000188_000019_gtFine_labelIds.png,023be20593803368432f2d4aeb730ef093b2943717e0fb524ab227b87e7c956f,8c694b820f49da9811f9284c775a6778eeb382f8cc580d080f4715086d0fa848
leftImg8bit/train/stuttgart/stuttgart_000189_000019_leftImg8bit.png,gtFine/train/stuttgart/stuttgart_000189_000019_gtFine_labelIds.png,f38619f296ec39f40dd481f84d9cbac4b716482ead55cffc472de4fb4ebeb537,be1aca732f4e7939f011049e162646b95cbe69a25f15f6b302a2782aa4ef6523
leftImg8bit/train/stuttgart/stuttgart_000190_000019_leftImg8bit.png,gtFine/train/stuttgart/stuttgart_000190_000019_gtFine_labelIds.png,379504e354d4d948a174fea18e4d3725a8e2eabb171df17696efeb586a6a0ffa,7d987cc7995f844c936c17d35347f3c7b234f50eead5bdd6ed75deb25f916ea5
leftImg8bit/train/stuttgart/stuttgart_000191_000019_leftImg8bit.png,gtFine/train/stuttgart/stuttgart_000191_000019_gtFine_labelIds.png,88857f053fce9e2e6dcdc005eb34b9715d3593304051c1ce86bef2f35f223652,bd9d0812e748d8cfd45b444a4ec761ff366dbb0929b67a6bb032b489266af897
leftImg8bit/train/stuttgart/stuttgart_000192_000019_leftImg8bit.png,gtFine/train/stuttgart/stuttgart_000192_000019_gtFine_labelIds.png,925441c98b9ee17f2978ae62b324ece83a9fa133079735f9e38251bf4d43b096,7181df3f9d0af5079b23a4e48e0b82f384b1588654e093ad265719e342a438df
leftImg8bit/train/stuttgart/stuttgart_000193_000019_leftImg8bit.png,gtFine/train/stuttgart/stuttgart_000193_000019_gtFine_labelIds.png,56f04a46b7829e3c6b5bb7d610dbc82f6179ac8840efc3f83931f5a3a45d31b1,4c9ccc46a2df1cd91479a20d5076d0041d4ac120dab8cc5cc31a6ea64b4a3013
leftImg8bit/train/stuttgart/stuttgart_000194_000019_leftImg8bit.png,gtFine/train/stuttgart/stuttgart_000194_000019_gtFine_labelIds.png,2aa766c15de62ce1d2cdf4f26f254de7a3727299243537cc3ed4dd611721fea4,49226eeef0f41d677b8e77904d59f3a0f69923ecc4af12ae7e7e184efe59e536
leftImg8bit/train/stuttgart/stuttgart_000195_000019_leftImg8bit.png,gtFine/train/stuttgart/stuttgart_000195_000019_gtFine_labelIds.png,1d1faad7bd93abe8fa64394febd34aaa6cc8ad450e9fd77453727362c2596020,59829f5c65df38d91675c80ec01fda4111c7ce50019102bd0ef5a657eeeb3e4d
leftImg8bit/train/tubingen/tubingen_000000_000019_leftImg8bit.png,gtFine/train/tubingen/tubingen_000000_000019_gtFine_labelIds.png,7d88631850a85d169ec808134e25aacac0514be5eb335cb5854b78e69d28a645,0c6b0e2bd8dfc03f5c1f77fe9d6340c56adce5b8500144eff69176687ab3413d
leftImg8bit/train/tubingen/tubingen_000001_000019_leftImg8bit.png,gtFine/train/tubingen/tubingen_000001_000019_gtFine_labelIds.png,b9faa83dc59c3af292d8f4a57153ae9248bb282d9345ab05163e6faece53f9db,76d2a441d86716965bd6ad272015e09e0495655a19a3d7c2046632b33dc692ed
leftImg8bit/train/tubingen/tubingen_000002_000019_leftImg8bit.png,gtFine/train/tubingen/tubingen_000002_000019_gtFine_labelIds.png,9ee37bb73c7f6e5eb2f66b98008c2caf3ff137e792300897d207caa41e826620,bc4aa928888cf37e6c053a205ccd062dcc2604544b9919df2c725f51fe79f058
leftImg8bit/train/tubingen/tubingen_000003_000019_leftImg8bit.png,gtFine/train/tubingen/tubingen_000003_000019_gtFine_labelIds.png,7e086e4ca93919a7fd5c08a82826885690aabb5160d0011ea3143e8fb81a24b6,985ffc372b3c38bad5bb407fc99c9aab3290b598685b31a982dd979b17350e3f
leftImg8bit/train/tubingen/tubingen_000004_000019_leftImg8bit.png,gtFine/train/tubingen/tubingen_000004_000019_gtFine_labelIds.png,0951a2497124eb8ab176ae4ba9f972654847f15edb4c2cb21accabe54cfdf08b,c5d95199974554599b04406d1d74fef9bf8e2e2d12c61e4bc747fe616e6325f9
leftImg8bit/train/tubingen/tubingen_000005_000019_leftImg8bit.png,gtFine/train/tubingen/tubingen_000005_000019_gtFine_labelIds.png,93e820aa0e0ed4fec5289a1388e45220ca6e08958319a0fed5d81905d526c9fc,13aa632014b4a1d7aff4828eaab225d7fbd807774c4ef5b7d0e57ba17975419f
leftImg8bit/train/tubingen/tubingen_000006_000019_leftImg8bit.png,gtFine/train/tubingen/tubingen_000006_000019_gtFine_labelIds.png,49a918eeb70f7e7592436e965478b3a0cad610c97512e18bfb7fd0a4b2cb66fe,02155066d39d6cf55a39324257458219fdc85f61b5c1905d125e6284c2aaac24
leftImg8bit/train/tubingen/tubingen_000007_000019_leftImg8bit.png,gtFine/train/tubingen/tubingen_000007_000019_gtFine_labelIds.png,e694788f673f1fe2c0616bff558f0fa1ea7b0825859e5197c40b69588c898316,3cae5c0eacceed5f24e9b65fa2d3f9194c8af03935bb010bddaafb6d66513d7c
leftImg8bit/train/tubingen/tubingen_000008_000019_leftImg8bit.png,gtFine/train/tubingen/tubingen_000008_000019_gtFine_labelIds.png,b5085cddca2cba89d31c413ed7d42da9ba073f415023001ff7f1d3ddac30f9a6,ce1b933ad001d7cf6ef29a916be0e7da7bf1bb60ffd4c6664d32e0031a6e2e82
leftImg8bit/train/tubingen/tubingen_000009_000019_leftImg8bit.png,gtFine/train/tubingen/tubingen_000009_000019_gtFine_labelIds.png,5218dd90e188cb3418e87477fda31d8c30869d9528dc58905de1b2b94a5c3187,ae052142c15d72ac86c95d60a4914d23c2724d36d9c25279149aa8923d9a542d
leftImg8bit/train/tubingen/tubingen_000010_000019_leftImg8bit.png,gtFine/train/tubingen/tubingen_000010_000019_gtFine_labelIds.png,6d0025aad59722594a845215735870e01e8c98a655719a85a8ed35d3f1ac470d,4b14b071c896d1178cc33993633627a9bf7102d044e0b0e24a05162116ff646d
leftImg8bit/train/tubingen/tubingen_000011_000019_leftImg8bit.png,gtFine/train/tubingen/tubingen_000011_000019_gtFine_labelIds.png,0623fbe29dcdcd14b43eb93f1816f4652e24c6373744ca4634aebd970c20c40c,8d2b91230e5591a05ec976c3172d72e1e2495b2b840c265448f9c679908f3b37
leftImg8bit/train/tubingen/tubingen_000012_000019_leftImg8bit.png,gtFine/train/tubingen/tubingen_000012_000019_gtFine_labelIds.png,2c829a3272ba59fdcbc605cefbbfb2afbb713d0649d6844467bc50edd537b953,ebdd84ac345dbcdcb1d1b9efe52bf0b82d005c784ecdbe0963a7281062229a39
leftImg8bit/train/tubingen/tubingen_000013_000019_leftImg8bit.png,gtFine/train/tubingen/tubingen_000013_000019_gtFine_labelIds.png,d7b000b0cfc272894140a6029ae9573c1b39cff6f3b6111e467af13bb3536515,cd1e86c27b7cbc9337d99db99ff09645dcf578c613eab98e0fb12c7218b9a77c
leftImg8bit/train/tubingen/tubingen_000014_000019_leftImg8bit.png,gtFine/train/tubingen/tubingen_000014_000019_gtFine_labelIds.png,c18c3d9b5453fdbe76e2a97945dd096281e06fbffc6d44ca8f4d0987959b0d9c,3fc5ad4e6567034e8651d6e5a6e5f6c62e9baf368da259336ea8e9c7946b219d
leftImg8bit/train/tubingen/tubingen_000015_000019_leftImg8bit.png,gtFine/train/tubingen/tubingen_000015_000019_gtFine_labelIds.png,cce5ab97720302f4858c1df356e2f4239be983b5a9d32493242cd0734d966cb0,4195447f2e8bed7284db7b56aa1026f2edef9c9eb2043080dccce26173145f02
leftImg8bit/train/tubingen/tubingen_000016_000019_leftImg8bit.png,gtFine/train/tubingen/tubingen_000016_000019_gtFine_labelIds.png,cebd3a66d264a321d8f5d83f296ac274a09074923d9634bbd2a9098dc1cb9804,4d5940a76604f8c456b6a7e976b247103aeb9469283366202474e538a66dd39c
leftImg8bit/train/tubingen/tubingen_000017_000019_leftImg8bit.png,gtFine/train/tubingen/tubingen_000017_000019_gtFine_labelIds.png,ad8e60c8f1d0f1b83286dde3c848e1cde4a5b391836952bde3814bb8010d0b21,2449db91e988b6548d26b137ad9077a4335bfecc5e580686daaae6028c85889c
leftImg8bit/train/tubingen/tubingen_000018_000019_leftImg8bit.png,gtFine/train/tubingen/tubingen_000018_000019_gtFine_labelIds.png,910ef950638ada367fc70a1410985fca75b5ef0538ab62177e2a98f4f4f19b72,445270d19f30faa9d6d904911314779bf9d861a214e729c77aecae2395a6c3de
leftImg8bit/train/tubingen/tubingen_000019_000019_leftImg8bit.png,gtFine/train/tubingen/tubingen_000019_000019_gtFine_labelIds.png,5d489455a3ed1fd6520371c1b983c1980c4c6f6aaca906a5ccd3f8b1b73d9aab,358a9f2f839ad2147f2e401a0cb9b66cb99ce85ea06ecf40fdbc39f64a9f1b74
leftImg8bit/train/tubingen/tubingen_000020_000019_leftImg8bit.png,gtFine/train/tubingen/tubingen_000020_000019_gtFine_labelIds.png,c9f2f7b3288a3f3c53741c765cd67798d90ba1ecbb81302addfc1d4f2e5ae9d4,cd95e9be93df3e13ab99cf9644c03b404054984df139a26c021d5766b210d570
leftImg8bit/train/tubingen/tubingen_000021_000019_leftImg8bit.png,gtFine/train/tubingen/tubingen_000021_000019_gtFine_labelIds.png,69fb74b70bc96464223ecd8740c6b5333729e8e6621f45255394b5ceef6f5c2a,2feffb0133f8b769b7bad695268f6f8df38be52d61567e2eec8822635f6b6a55
leftImg8bit/train/tubingen/tubingen_000022_000019_leftImg8bit.png,gtFine/train/tubingen/tubingen_000022_000019_gtFine_labelIds.png,17176e608f4d1b10c1d601aff4da1d41e11dfa49db7524a13fc6461332fcc1ca,6a8229d3c9ab3be768e13f764954317a8ab9bb4afb03483873b4bdfbb3f413e0
leftImg8bit/train/tubingen/tubingen_000023_000019_leftImg8bit.png,gtFine/train/tubingen/tubingen_000023_000019_gtFine_labelIds.png,ac423d57e2de5af0fe2a719ea63a7ec33468bbb9d6cca88e1a2ca0e550dcc10b,badb7cfd7b84566b78ea4b28b175db21fd6ed7142c067c38720ebec6e00239cf
leftImg8bit/train/tubingen/tubingen_000024_000019_leftImg8bit.png,gtFine/train/tubingen/tubingen_000024_000019_gtFine_labelIds.png,ed7ecfe8b5f9f1fa4246ce2cd1bcd382e91e7241484871d984e96cd5b9abcc18,3dbe13025d8455509d649980c4e1005df7fadf3f7c8730c9ec6bead8e0bb6a71
leftImg8bit/train/tubingen/tubingen_000025_000019_leftImg8bit.png,gtFine/train/tubingen/tubingen_000025_000019_gtFine_labelIds.png,c02d458671db48c59a4902358aede69e6034c5e95c575bde64e82b25e9dc3c4c,c61e996f5a15c0a6cf8ccbf7461cfa555923552c4c00c6a54690ae537e5566a8
leftImg8bit/train/tubingen/tubingen_000026_000019_leftImg8bit.png,gtFine/train/tubingen/tubingen_000026_000019_gtFine_labelIds.png,4f29baf88c8abbc9bee2e88e94ea17cfdb1185b30755693c3899bd9c552f6a24,0c91c34fe493af67ea23a3464e4ceae5488ddcd9ec9d8207f3e36145ea8b4076
leftImg8bit/train/tubingen/tubingen_000027_000019_leftImg8bit.png,gtFine/train/tubingen/tubingen_000027_000019_gtFine_labelIds.png,3b2b48b56a0b310fe21bc53da2551388484786cd19aa8c8ec230d1c91781d37b,3598406639ad16c6d705c2b0dd950fa23710c2bc382be61d6c40f00960d45dfe
leftImg8bit/train/tubingen/tubingen_000028_000019_leftImg8bit.png,gtFine/train/tubingen/tubingen_000028_000019_gtFine_labelIds.png,b6e4951b273fefa39427acbc34f087b566bd1f5a489f38b8806009607e43e96a,e8249e134e80e8872cdf76a83c6087d395da11eda27076e9d060a75b10646944
leftImg8bit/train/tubingen/tubingen_000029_000019_leftImg8bit.png,gtFine/train/tubingen/tubingen_000029_000019_gtFine_labelIds.png,a0711944ff71e2790b66bf37492e8621738479539ef45b73bad34f5947cb77d5,5d7f47239afee0c766cf91972279f066a39b63f7500084aeaf7294e61f56b14a
leftImg8bit/train/tubingen/tubingen_000030_000019_leftImg8bit.png,gtFine/train/tubingen/tubingen_000030_000019_gtFine_labelIds.png,6ae01a9125e5cf6179290414c262cf7870da0767ddd1ee18c49b4889faaf46d1,ab67dc837fec9267ec4f8ca845bab6935ebd0d2921a864db6bd3a940f76ed59f
leftImg8bit/train/tubingen/tubingen_000031_000019_leftImg8bit.png,gtFine/train/tubingen/tubingen_000031_000019_gtFine_labelIds.png,59ee73786205f164e1d0b516cb5c10976a949ffe116487247ab0016ca9fcf817,28a7bfe7e640f0421006b8a07d60032cf4e2036c4a9bdec95e4e023f8af55b98
leftImg8bit/train/tubingen/tubingen_000032_000019_leftImg8bit.png,gtFine/train/tubingen/tubingen_000032_000019_gtFine_labelIds.png,55f5adf430dc68dc1cbe6ac5d40dd3d8de5460454399b05590a2e791c23a4224,90dc68abb30971a129be400fcf950e3a13407a96c48e9600078d7f8408edbd47
leftImg8bit/train/tubingen/tubingen_000033_000019_leftImg8bit.png,gtFine/train/tubingen/tubingen_000033_000019_gtFine_labelIds.png,6bde0726570aeba4603173f847c967e5583071fb3b166e56412888b451b4529c,746f4b845d2fd80d9546d7c01e438f3c9b27eacddf57db0cf05d59cdfce8cbc3
leftImg8bit/train/tubingen/tubingen_000034_000019_leftImg8bit.png,gtFine/train/tubingen/tubingen_000034_000019_gtFine_labelIds.png,1bf1e1d9a73ab9c20d066d0874687c53dd921614a6a8486e8d8a0f372425cd9e,cf0cff81215ff8ca638a7f2b0dede22dbac366b54802591d0cb8f449ee11d2b8
leftImg8bit/train/tubingen/tubingen_000035_000019_leftImg8bit.png,gtFine/train/tubingen/tubingen_000035_000019_gtFine_labelIds.png,6e4503d64f5177ae2edbb029d37887182973ccdfedcff09dceb567525d39bec4,0b33d91721293dfb9982f821dda08acf4292af67bc96335026bff581065115fa
leftImg8bit/train/tubingen/tubingen_000036_000019_leftImg8bit.png,gtFine/train/tubingen/tubingen_000036_000019_gtFine_labelIds.png,9f159b6535b68332d4ba38935016a1b9b1a1c409ff66b945def1c2e81dacea47,f5283c5a7418ea8c92cc46b99a1755edae777233dc9713df33343e7e61ae66c5
leftImg8bit/train/tubingen/tubingen_000037_000019_leftImg8bit.png,gtFine/train/tubingen/tubingen_000037_000019_gtFine_labelIds.png,8b6d7e15064453fb737c64e572c2492e6686e702cf8dfb0a2d68334f5afc41d4,6c0c301223d993443a3bccb0390dfadc2212c2041a563671aa55238e559d59e2
leftImg8bit/train/tubingen/tubingen_000038_000019_leftImg8bit.png,gtFine/train/tubingen/tubingen_000038_000019_gtFine_labelIds.png,5334bf6082fb12cca2294a89f083d4eb101b9d049af4e629400c3bb0f8709f20,f66eb85db080c4b600b78952477b4852d3df697b4c9b81b5094a860c86404788
leftImg8bit/train/tubingen/tubingen_000039_000019_leftImg8bit.png,gtFine/train/tubingen/tubingen_000039_000019_gtFine_labelIds.png,0570c2c6069e10a779d7c0a152d45ea0df057b7cabac7f972c1d5c5b87f86053,96a834c38ad4481a98858bc7a88da9b556bc933484484b98c374c05f308644b8
leftImg8bit/train/tubingen/tubingen_000040_000019_leftImg8bit.png,gtFine/train/tubingen/tubingen_000040_000019_gtFine_labelIds.png,50d1b2403849b3b23f7c56458ba72c3bae486cb785ef7b38cc7eb9af95aeea0a,5bb9f5ba5e15d65138eb01e41feb569541bdcff69f8085d32a5537b724bdb0bf
leftImg8bit/train/tubingen/tubingen_000041_000019_leftImg8bit.png,gtFine/train/tubingen/tubingen_000041_000019_gtFine_labelIds.png,25689c26dc7e670e68a03631c66808c734f7e9885f5b4d4753c5094bb61cd9f1,7ee5104998d55a81f8878e1d3b196718153d4ca2ae3678576c723735e3dd2c69
leftImg8bit/train/tubingen/tubingen_000042_000019_leftImg8bit.png,gtFine/train/tubingen/tubingen_000042_000019_gtFine_labelIds.png,9c17619c3012a4ed0c68da124bf120b3385d451755ce318eb97f76a649565092,651204e671bce985f026c8d4a4f28c15a382e718e6dc31629f09cce96e45ec4f
leftImg8bit/train/tubingen/tubingen_000043_000019_leftImg8bit.png,gtFine/train/tubingen/tubingen_000043_000019_gtFine_labelIds.png,38e45fd7b4dc2880c33336bf4673a5e23174abcbe8b41750e39470e949247723,5583dc723fe47a1ba27942fe941b942feb8e05edd41d9fa8ce49fa40c4162a7d
leftImg8bit/train/tubingen/tubingen_000044_000019_leftImg8bit.png,gtFine/train/tubingen/tubingen_000044_000019_gtFine_labelIds.png,b46c28de150bafb8cedba68c95a2a0eefd30b2845e9215cdfb55e10c82020ef3,eb56dd0b0ab53954d3715ece525a3c64bad333e0c91e26b9e9124830ec495c2e
leftImg8bit/train/tubingen/tubingen_000045_000019_leftImg8bit.png,gtFine/train/tubingen/tubingen_000045_000019_gtFine_labelIds.png,b3ccfd17f9f6c985e774698cca6d5d9bdc2c85a7b8d71513dc1c37794e55f644,047dae4e9bdf2b64371781344a0c9a86912f4cb72c0c19ea9744a50351a10c5d
leftImg8bit/train/tubingen/tubingen_000046_000019_leftImg8bit.png,gtFine/train/tubingen/tubingen_000046_000019_gtFine_labelIds.png,61709627dfeeede281d09aa61014e46cb3a382baf80798cba1cf5cea9b97af33,5bdddbae2fce77e46a6a1e07b2bf45eee2fdccc892e722a31bc38c4a0eb1d1db
leftImg8bit/train/tubingen/tubingen_000047_000019_leftImg8bit.png,gtFine/train/tubingen/tubingen_000047_000019_gtFine_labelIds.png,4d831aaea3330d9f7748e0c56f6849a7c2ee79c7b0f4b85b7193af648495925b,3e5ac1ce81fb78c5364cee1bdc0beee26cb0af89326a4c655061a933ac736fba
leftImg8bit/train/tubingen/tubingen_000048_000019_leftImg8bit.png,gtFine/train/tubingen/tubingen_000048_000019_gtFine_labelIds.png,912fe44746e5ca3537849b3a3b867c62d741a298eb791ef45233f1d7b41ac9ac,e6fe34441964e719c174c41daff186ca809e9288f263f6e3b98a41b2542be2fb
leftImg8bit/train/tubingen/tubingen_000049_000019_leftImg8bit.png,gtFine/train/tubingen/tubingen_000049_000019_gtFine_labelIds.png,c1f5fc8a37c3a87caef99c58487ac85f1a506047852a9204cc3b2d7b0535deb1,1df0ef8c129492c5307815df7954a16952e2d760fc2d356e36a7ff315e12c3ff
leftImg8bit/train/tubingen/tubingen_000050_000019_leftImg8bit.png,gtFine/train/tubingen/tubingen_000050_000019_gtFine_labelIds.png,fca10c187480aa548bba25da6a95b9c03e80d65a37b6ed73afb2327a27cc8ab0,d3d0c9f451942486aa744941486ae663013238175578ed2d7e183ec4947c6f5b
leftImg8bit/train/tubingen/tubingen_000051_000019_leftImg8bit.png,gtFine/train/tubingen/tubingen_000051_000019_gtFine_labelIds.png,3a1aa1b04a94efd00a7ad2abd42f2bfcea1184e3549521bc0871f99c92186804,e703f467d20c2778df84cb802061891a1613bb8b7b7719d3c530e85eefaa049a
leftImg8bit/train/tubingen/tubingen_000052_000019_leftImg8bit.png,gtFine/train/tubingen/tubingen_000052_000019_gtFine_labelIds.png,697e964a6b0b2bfe6454888f24f0d9f841fd025c12f16da812f05693140b8941,caacb5c8b82c506aed308b71f896ba2bd852648614b5bc62cbba195c35cedd25
leftImg8bit/train/tubingen/tubingen_000053_000019_leftImg8bit.png,gtFine/train/tubingen/tubingen_000053_000019_gtFine_labelIds.png,52154b2bc7c061e2ae1220d8d747c3883fd7dfc7f44f9092d091a830c476f0dd,08c383f0c7dfcf9fc0d3d7f9ef632af3dc01b5a03bc289c909bcff87f5972567
leftImg8bit/train/tubingen/tubingen_000054_000019_leftImg8bit.png,gtFine/train/tubingen/tubingen_000054_000019_gtFine_labelIds.png,c9e662151d9111446e1b37c0a9df800f5ea3cbfcc8f619afc8a54185c79d8d20,aa1a88ddb54ae7a7160da9b3f8191b4d993ce86996912511cd327e61e08c54e9
leftImg8bit/train/tubingen/tubingen_000055_000019_leftImg8bit.png,gtFine/train/tubingen/tubingen_000055_000019_gtFine_labelIds.png,10fc644fa4742d946de3f97f909f384a38228edd3539683e1b9b78df888d6541,d28bd04887ebe4773c2ea8260e52ec088d05551e10ee8059b775c491bccca8d8
leftImg8bit/train/tubingen/tubingen_000056_000019_leftImg8bit.png,gtFine/train/tubingen/tubingen_000056_000019_gtFine_labelIds.png,36e27be97609c43dcc99f94afcb0faf20c53d1f42fac281b8889037b72e90e0a,212af37f789b29b7283c24f8a0abd07f268f416058de3025f0df5960138da930
leftImg8bit/train/tubingen/tubingen_000057_000019_leftImg8bit.png,gtFine/train/tubingen/tubingen_000057_000019_gtFine_labelIds.png,63b68f4d100151214c6af6ddac0d69b82633b903d1783625d4c277c1631cb0c5,f232357e2f9a291d3c4c25066d2a58f26c57c2038a4292b011f0df16dc2db5ac
leftImg8bit/train/tubingen/tubingen_000058_000019_leftImg8bit.png,gtFine/train/tubingen/tubingen_000058_000019_gtFine_labelIds.png,9f7bc8f42b3bd0002cbe1acbe2bd2a5b73ddb40e091a55c581994176b168dc2f,fa71b247694530a7c04a21b67b5beba41885e509fad228730b4939dd169b9f50
leftImg8bit/train/tubingen/tubingen_000059_000019_leftImg8bit.png,gtFine/train/tubingen/tubingen_000059_000019_gtFine_labelIds.png,0d081dd29883b4dc8f979772a4bb4895c060bb18ae5b19ad5a4954d5ae0c9d7e,0027ace7d1641d79a36c84bd2233d9b19f5d511e1aa97f2a3659242539a39054
leftImg8bit/train/tubingen/tubingen_000060_000019_leftImg8bit.png,gtFine/train/tubingen/tubingen_000060_000019_gtFine_labelIds.png,72649b29261d31aed80925178ac891932e4170cf130083b3ff3ec0d55567134e,53a1b4a6b22e7b6b49227e1f79c9735293b9cf2f939cf61745a881ee06659dfc
leftImg8bit/train/tubingen/tubingen_000061_000019_leftImg8bit.png,gtFine/train/tubingen/tubingen_000061_000019_gtFine_labelIds.png,90d488c00b7b5e6418c540f63aba4a3ac60bc68661f554d75acf618357fe6144,b55201d8d752e828b470a363e374f2682eb03c1c02a58290d2da34b18439ab5d
leftImg8bit/train/tubingen/tubingen_000062_000019_leftImg8bit.png,gtFine/train/tubingen/tubingen_000062_000019_gtFine_labelIds.png,39446bb3337b4c77e8226be3d7e8fd8aaa0667b7e3e7db7620b1ac28e486aadf,d7c214ed37e48d06bd735a1464b71a03fea8f6a7e8c4818350fc55c9dc91d874
leftImg8bit/train/tubingen/tubingen_000063_000019_leftImg8bit.png,gtFine/train/tubingen/tubingen_000063_000019_gtFine_labelIds.png,0eb2aaa4531baf87337dbdda72b7b9a25d6e73778f229a583a7bfe6a6f53fe1d,00ab56f7d9e2ccff383be1e54722da9453357057e2afdc3701e2efafe269efc9
leftImg8bit/train/tubingen/tubingen_000064_000019_leftImg8bit.png,gtFine/train/tubingen/tubingen_000064_000019_gtFine_labelIds.png,20cf53a29200cd8d7eca472c0645d2e3f3e94d18c057ff45cbaa30c16e6f394d,fcf53e6d622abfd7d6fce153ad99abd210c7f0d83089b9d756ff7204f72a3a7c
leftImg8bit/train/tubingen/tubingen_000065_000019_leftImg8bit.png,gtFine/train/tubingen/tubingen_000065_000019_gtFine_labelIds.png,b7aced2edea32c8731391824392132b7a76bbb89b5c15e7b1819299df0cfb4ab,2a1ef79db124bbc607b4496b438f8020f511f1019fe19466097235d7fec175b8
leftImg8bit/train/tubingen/tubingen_000066_000019_leftImg8bit.png,gtFine/train/tubingen/tubingen_000066_000019_gtFine_labelIds.png,43cddb4e7802222ab0395fe61ad48d71ac7fd0b661c1a0eb1d88ac3230896e34,f52a4cfd5e9ea2c4e8acf423b263b018e23890bfc8a69aaa498583ef624f159f
leftImg8bit/train/tubingen/tubingen_000067_000019_leftImg8bit.png,gtFine/train/tubingen/tubingen_000067_000019_gtFine_labelIds.png,bf6ce4dd6a18b766406efbe626687e366f43b39e99f3c6ef417163bf11e5d415,f4855f66355c43b30e05f05c323e4fccf87fa9e44369eb3d0b1359b636294f8e
leftImg8bit/train/tubingen/tubingen_000068_000019_leftImg8bit.png,gtFine/train/tubingen/tubingen_000068_000019_gtFine_labelIds.png,9c30c785a5616fd73aa34b38b7798e68ee90dbcfbf7553578ba375c2ab9dc84b,d821e75cf256916980c7126163786e78379eeffb837fc9bdaa967711955f80b0
leftImg8bit/train/tubingen/tubingen_000069_000019_leftImg8bit.png,gtFine/train/tubingen/tubingen_000069_000019_gtFine_labelIds.png,1002487acc27d0d8e9ee67b580c8f656b332620bf8fe53f7478cd634459155a2,1fc6317772fa675272c1d016325a2bacf47de23f5c23bb380883e9e97840198c
leftImg8bit/train/tubingen/tubingen_000070_000019_leftImg8bit.png,gtFine/train/tubingen/tubingen_000070_000019_gtFine_labelIds.png,d48fc5e8dbc19ae03a5e5cefcc05dd7c2088a6cdbc88fc436a55fe183e035585,8ea3c67404a64b2c94e3989f7387c725a8be8cbb7ec050a7c6e91e1733e10efc
leftImg8bit/train/tubingen/tubingen_000071_000019_leftImg8bit.png,gtFine/train/tubingen/tubingen_000071_000019_gtFine_labelIds.png,a3cbecc8428304d889f441dc05237ef61b054b82fef737828b710eaaa607f56a,da05f11f70402bb09e2da9e6c37ef5eb954cdee9007687775a2e270586ce4769
leftImg8bit/train/tubingen/tubingen_000072_000019_leftImg8bit.png,gtFine/train/tubingen/tubingen_000072_000019_gtFine_labelIds.png,50fc07ed8bf3409e039b07a08c274d03c19835d611aef441cd563848ecd5c8f8,f0760cc114855397cd3960bea88b9f0bf61bb64fe40d76a9f2c372b6880efd89
leftImg8bit/train/tubingen/tubingen_000073_000019_leftImg8bit.png,gtFine/train/tubingen/tubingen_000073_000019_gtFine_labelIds.png,e833cdcff9f341b29bb7b621a038e9fb587bc7d20cb997de020a72f29c18c663,570fdc499420c6ecdeabf3c4fc30e72f6958dd262804b89558c0fdb225c0c379
leftImg8bit/train/tubingen/tubingen_000074_000019_leftImg8bit.png,gtFine/train/tubingen/tubingen_000074_000019_gtFine_labelIds.png,338c6a692ac0f3e3a8aa435a37d9ccfbfac7352cbb0c416fe10e0f39d40163b4,6e36ecd4daa6dcb1c02dce597afe466de2eaa0c425551d1349bfa4a96560dc8e
leftImg8bit/train/tubingen/tubingen_000075_000019_leftImg8bit.png,gtFine/train/tubingen/tubingen_000075_000019_gtFine_labelIds.png,2aba2fc332abe51ea95413e1136c44efe6675db9ace14f12d59c5c7803491ef4,50a1296ab604c8c1fdf79dbaa175686596e7ce600c0e47f0bce433d79e2a9f4a
leftImg8bit/train/tubingen/tubingen_000076_000019_leftImg8bit.png,gtFine/train/tubingen/tubingen_000076_000019_gtFine_labelIds.png,64cb42b3d2560f1176429bd0d6b80204d45e76e679772645f2a3812d6825dfb7,36e80ec1ee44505d59332814db5044d0e9cf2c87b3ec50ce08eace7d19b995e4
leftImg8bit/train/tubingen/tubingen_000077_000019_leftImg8bit.png,gtFine/train/tubingen/tubingen_000077_000019_gtFine_labelIds.png,b68d9fd27d288d4900bdf27b96a83a47ef6c284f7d0d36fd778ec310630a9dd6,5f7e8073f2e6b64a44b6e3d3cad37d7166b460f71901f87ac5a631557e37ce56
leftImg8bit/train/tubingen/tubingen_000078_000019_leftImg8bit.png,gtFine/train/tubingen/tubingen_000078_000019_gtFine_labelIds.png,7181a0d6982d0fa77e1541df1e6f69d6b23fde56254ba569b93cc191737b7637,0d296b430e8c516a52d2206923af3d795fa2888eb597e025a3ef8989521f34fe
leftImg8bit/train/tubingen/tubingen_000079_000019_leftImg8bit.png,gtFine/train/tubingen/tubingen_000079_000019_gtFine_labelIds.png,4b4e509067ac24957b02650e7a3dd7b5dfe313566241c3718979f187e2e24a1d,d55ec3b77b8d8c925cea36cc6181fa337c02e3d875fcdcfe1ba993711bb123e5
leftImg8bit/train/tubingen/tubingen_000080_000019_leftImg8bit.png,gtFine/train/tubingen/tubingen_000080_000019_gtFine_labelIds.png,e94d3e56bbd3b33ed1fb10e70f643327870e05a85fcc072174e7570cf6c619e9,69bcaf65fa05cebbdb0719b38f3b274ad340693b3552266e519b0be5f5b5c90b
leftImg8bit/train/tubingen/tubingen_000081_000019_leftImg8bit.png,gtFine/train/tubingen/tubingen_000081_000019_gtFine_labelIds.png,e251087e9f89004bb0b1967fea89c00aa121a8e9518c41791742547a242e1d66,5c47857ece8bcc6c7e471a96e11c83ac9c59c045b331be2397cab7cbb215b661
leftImg8bit/train/tubingen/tubingen_000082_000019_leftImg8bit.png,gtFine/train/tubingen/tubingen_000082_000019_gtFine_labelIds.png,c2d1f6854d9585ddfe972d1b2ffde65df8305a75265efdb704167427b8ada262,1cb3cdaa5c3bec115c3783d6bf7e63d6e90aac4318700aa60d571432ece8da1d
leftImg8bit/train/tubingen/tubingen_000083_000019_leftImg8bit.png,gtFine/train/tubingen/tubingen_000083_000019_gtFine_labelIds.png,51493d7c976e90f1d1d89069af5c1b5bcf8e1964a1c750260113e61ef2de83d3,946a9cdf6bbb8c313bee745999fe63d035ae73e07d11bbecc6c6ae8831c92f66
leftImg8bit/train/tubingen/tubingen_000084_000019_leftImg8bit.png,gtFine/train/tubingen/tubingen_000084_000019_gtFine_labelIds.png,232768fbce27cf12ea6962ca3e8646860c9155b0aa902b24dee85eedffef99da,c377a259a88adc3c36006b8d5e41548a41eb353b81729b664b391021f0d56f6e
leftImg8bit/train/tubingen/tubingen_000085_000019_leftImg8bit.png,gtFine/train/tubingen/tubingen_000085_000019_gtFine_labelIds.png,1b39ed019707c4193a13f6eb17385ecbad756a861a4cfbf092775a495509960f,f414daa5f310ec4fd358e84870258ef15fe8a23585c20f51acaa93c53b9c04de
leftImg8bit/train/tubingen/tubingen_000086_000019_leftImg8bit.png,gtFine/train/tubingen/tubingen_000086_000019_gtFine_labelIds.png,239ab09ebb9c61b823d0e2c46506f9f3b83b552fef5bc715ca94986de4eea4b0,ba60b5d8360ac8718f65fff666e908a959b9e9406da54df5898656fe75663865
leftImg8bit/train/tubingen/tubingen_000087_000019_leftImg8bit.png,gtFine/train/tubingen/tubingen_000087_000019_gtFine_labelIds.png,096094b91a6cc43c2490650466f01075af937eed196edfa149e3eea4336b420e,9ba1896f7115ba5741eee9799f5f13b7d8b71b59a869d3f131681b735a3208f5
leftImg8bit/train/tubingen/tubingen_000088_000019_leftImg8bit.png,gtFine/train/tubingen/tubingen_000088_000019_gtFine_labelIds.png,a3e393f3763a51557262993247087221d48a4f0169914d574f592691321a0924,b42f9e5e0b1b63d3e30ad0a1d4d1c797cb9447e1d64edf38ea022e3538909649
leftImg8bit/train/tubingen/tubingen_000089_000019_leftImg8bit.png,gtFine/train/tubingen/tubingen_000089_000019_gtFine_labelIds.png,2351b8d822dfb2e59b0ac982d7dca1544d6cef3e6cf53979e567f47d8ee4d621,0e8c05e76f314d241789794b9e7861fc9ef74dff145271264ddb8483f5412917
leftImg8bit/train/tubingen/tubingen_000090_000019_leftImg8bit.png,gtFine/train/tubingen/tubingen_000090_000019_gtFine_labelIds.png,77ecb75b43bb78122752c59c6b1ee021286f79555cc7261be36edbe4bd1f64c8,3259830d8f7f67a6b35da6c297b1e08e655a06e87c6f78ca6ad10423ae98f465
leftImg8bit/train/tubingen/tubingen_000091_000019_leftImg8bit.png,gtFine/train/tubingen/tubingen_000091_000019_gtFine_labelIds.png,1d1f90fbc21478f83d3ea0c57c84469597facf5c79816f31d93e3f1cbc025781,bbad1b9df5e0556907707817a23c50c6d2f26c799b5d4fca9f2f450a7c29ec1f
leftImg8bit/train/tubingen/tubingen_000092_000019_leftImg8bit.png,gtFine/train/tubingen/tubingen_000092_000019_gtFine_labelIds.png,8fe2f67b84bcb1168fd7a44dcbbf2172466942e310faac51122b80145f8adb70,3a8165c5b6a8f84534acf85530be191297c15751a4373bf2b2d42a97b07a1e36
leftImg8bit/train/tubingen/tubingen_000093_000019_leftImg8bit.png,gtFine/train/tubingen/tubingen_000093_000019_gtFine_labelIds.png,82d159314b9913e5fca08bb95bf9309347af1b712167a6d1cea8afa5df2ac9cb,85c014e86cce85a4197b9df5acbd877139e01f9c448b1831660cdfb58f0a4080
leftImg8bit/train/tubingen/tubingen_000094_000019_leftImg8bit.png,gtFine/train/tubingen/tubingen_000094_000019_gtFine_labelIds.png,7f70973ebd6d9eb44f5347ad8c3c743268bb7cfaf52e5f2ae7de0e6d16d02a98,452a66ff05a84340014b957fff9a7da72995c00dcad2669ba4565717b5618e19
leftImg8bit/train/tubingen/tubingen_000095_000019_leftImg8bit.png,gtFine/train/tubingen/tubingen_000095_000019_gtFine_labelIds.png,f537fc963a3398df347cde69a23d36843f45815fd173b4e9eb9a780dae064d1d,903dd9f39f5f7cbd6a3d0a5b1e91702396b0c97464ac299ab0e68ae327aab44f
leftImg8bit/train/tubingen/tubingen_000096_000019_leftImg8bit.png,gtFine/train/tubingen/tubingen_000096_000019_gtFine_labelIds.png,759217fb403ec516cbfeb39f511544d79265c0b3dcac8b230a4da581957c596c,faa5432dd1f466c086e491867c166b09b86ee6139d982c0c6b371b4cc5a188eb
leftImg8bit/train/tubingen/tubingen_000097_000019_leftImg8bit.png,gtFine/train/tubingen/tubingen_000097_000019_gtFine_labelIds.png,67b8b5a61ab3b8a9939cb246f3e82e1f78ff974be2ad778b6a4985593bb87d62,2b1ab14177e7716d77b6f2ca09ae6bdb6690a11387168851357b3a3c2051aa0b
leftImg8bit/train/tubingen/tubingen_000098_000019_leftImg8bit.png,gtFine/train/tubingen/tubingen_000098_000019_gtFine_labelIds.png,ce46e43f3e5e11e301c78efd582d64b2375edc42a12d1f15bf19feb7484ccc4c,e45236723fee55aabf2d72709c2a630dc0ee3a3748798330880c41692dd60f3d
leftImg8bit/train/tubingen/tubingen_000099_000019_leftImg8bit.png,gtFine/train/tubingen/tubingen_000099_000019_gtFine_labelIds.png,0f44b15102afb77f5e6aacae4a384a7466e69fedf29a3e34f700ae790d7cad9b,90f08c2e521c6c1daf078bb88386d05689f0f17465473fd414a06756eca6d63a
leftImg8bit/train/tubingen/tubingen_000100_000019_leftImg8bit.png,gtFine/train/tubingen/tubingen_000100_000019_gtFine_labelIds.png,d0b2b4d859014183eb45cd6f37547106f8c6bd2b3bb54404c89d9431a9928ea0,410b709730839bc2f664b86dcf73b73286725b344a0b15bae0ab8e46adaa7539
leftImg8bit/train/tubingen/tubingen_000101_000019_leftImg8bit.png,gtFine/train/tubingen/tubingen_000101_000019_gtFine_labelIds.png,4bd41f44b61b2933f6c80e0f8ec9c92430a5c8b6e626006dd08d1f75787288c8,805c7c2ceed66974059fc53d9f237a24cf4e715441b85719718bd0d04200b73b
leftImg8bit/train/tubingen/tubingen_000102_000019_leftImg8bit.png,gtFine/train/tubingen/tubingen_000102_000019_gtFine_labelIds.png,bb5a2efa25ac1e292d2c6c87e37285d2256de6c67864dfcadfcc2531e378bd95,d5f232ed49e0eb354a97a7f7fb99b15b6fb58ef0689742cc69bfd9518f2d7d5d
leftImg8bit/train/tubingen/tubingen_000103_000019_leftImg8bit.png,gtFine/train/tubingen/tubingen_000103_000019_gtFine_labelIds.png,637c2f057d02bb81381b529c29476706469a74db8e2b1bb6034b5daeff47ab63,936a88f12ee3a4b2dd80b50787f011a7ea1d68833b9cc900c245a736f40e87a6
leftImg8bit/train/tubingen/tubingen_000104_000019_leftImg8bit.png,gtFine/train/tubingen/tubingen_000104_000019_gtFine_labelIds.png,e09aaf86898fd816aa2f8eb0834a7f922a481bbe19312bd3c6b3650d353eda27,cec769742ee4276980d0f63fb1166933cd35a60ff1ff77bb7c31bf93553e7753
leftImg8bit/train/tubingen/tubingen_000105_000019_leftImg8bit.png,gtFine/train/tubingen/tubingen_000105_000019_gtFine_labelIds.png,561299198da46a9fce3de43a67ebb472b24e5b57b520e310e35fb9a9c493992a,f7fa2b81bb9280d3ecba51824a84e6a6bf24c64ee1099bc96962ad57307eecdc
leftImg8bit/train/tubingen/tubingen_000106_000019_leftImg8bit.png,gtFine/train/tubingen/tubingen_000106_000019_gtFine_labelIds.png,eb725a04440fd18b809d9c828f4f5a89e1ec273ad7b020d8931393fd9443a97f,da14b85f44dd2f1a0f00be7d76505cb7395af63e3744d7f026af76bf3a3ae157
leftImg8bit/train/tubingen/tubingen_000107_000019_leftImg8bit.png,gtFine/train/tubingen/tubingen_000107_000019_gtFine_labelIds.png,2b78ea0949c9af021066975ace1a50eb051707aca471b1453a07b38e3040fa13,3d354f059d4fa126e616769af36b3ee15b449544be213c8c1b77c8c8391131bc
leftImg8bit/train/tubingen/tubingen_000108_000019_leftImg8bit.png,gtFine/train/tubingen/tubingen_000108_000019_gtFine_labelIds.png,35f804738b42381b15442b462bdab04b0033a2155567e90a5e73e187d9998623,daf8b25e0998222d03b7536a838f26423fa66a749a4fca44e94e557559a935fe
leftImg8bit/train/tubingen/tubingen_000109_000019_leftImg8bit.png,gtFine/train/tubingen/tubingen_000109_000019_gtFine_labelIds.png,2aebc517a54d4a5dd7f09120ec743676dbb86cc7ecbb11e082f268b126d11bd9,63df32355321563d539c3ba196f143aa3d8364ee6a9f062ee018761ff46a540f
leftImg8bit/train/tubingen/tubingen_000110_000019_leftImg8bit.png,gtFine/train/tubingen/tubingen_000110_000019_gtFine_labelIds.png,7d6d0dc1d20bdf8fd405caa3f42b89f5caae070cb09f6ce19409ee7ba5810a29,315c38241fa2e54f4f3fec2d56f7439679a6f86637bc7887b17fb5d905181adb
leftImg8bit/train/tubingen/tubingen_000111_000019_leftImg8bit.png,gtFine/train/tubingen/tubingen_000111_000019_gtFine_labelIds.png,6e1b5a5e209e8aaa5bb1d216699992d01e7685f23af40c4bf78b755272157f34,e2d0ad38b07f32f38c88d8bcf2247fdf99fc3018fdce90646dcd4b95f8c292bd
leftImg8bit/train/tubingen/tubingen_000112_000019_leftImg8bit.png,gtFine/train/tubingen/tubingen_000112_000019_gtFine_labelIds.png,f7bde50643d1b03cf734060ac49520f4ff786f4952065b20e73d2db93e575e65,f92b829c6ed3560ad90af92ba4e02b6edd1317c88389c6f39e549a411491b488
leftImg8bit/train/tubingen/tubingen_000113_000019_leftImg8bit.png,gtFine/train/tubingen/tubingen_000113_000019_gtFine_labelIds.png,11a199467d4ebf446c4b5ec99937ff186840e7ba091a55de82756b2217eafa04,9ffea9793496bc0001b0dfeeb8b31cca0103b7d022a4a9cf3fc4ed5bf302c152
leftImg8bit/train/tubingen/tubingen_000114_000019_leftImg8bit.png,gtFine/train/tubingen/tubingen_000114_000019_gtFine_labelIds.png,d0ad01c3cf1e624e9147555ee82499a87e7549d096852f16d27d3578ed047492,809e5c6175229e60ea741a0065d5e9b81395736da26306807607f8ec7cd56b63
leftImg8bit/train/tubingen/tubingen_000115_000019_leftImg8bit.png,gtFine/train/tubingen/tubingen_000115_000019_gtFine_labelIds.png,764f23b51c5ff2ae6153835372180512481713c84e8e510b3571c2a18a08b985,7c75e56bff29165ce0eb052e042bdf3d3666964ed08f0d4185ba5dbffade7107
leftImg8bit/train/tubingen/tubingen_000116_000019_leftImg8bit.png,gtFine/train/tubingen/tubingen_000116_000019_gtFine_labelIds.png,9dcef20caf65afa48a6988be76833482b01a091ba587a63240c2e90a4f9f6c52,f2dda132f3e17310d8ed9f3f34ba6a352bd6513c027294658072b6d07da36600
leftImg8bit/train/tubingen/tubingen_000117_000019_leftImg8bit.png,gtFine/train/tubingen/tubingen_000117_000019_gtFine_labelIds.png,9dca8a803866a7f553ddf09eb1c4e9303eef2137df37b416384b64bba86eaeb2,16ea7de68d830e316b8c9ff8762e02ccc904c2de86eba7b783c3dc8a7896b62a
leftImg8bit/train/tubingen/tubingen_000118_000019_leftImg8bit.png,gtFine/train/tubingen/tubingen_000118_000019_gtFine_labelIds.png,bea182c490f27d8a20ba49d08eb78576da87fd6e61bc2d5d51a0148f342ee886,37097d11a9b008f734e178a1b0718c50dedfbab1d1e1a0698cba4dd6a7dd86f6
leftImg8bit/train/tubingen/tubingen_000119_000019_leftImg8bit.png,gtFine/train/tubingen/tubingen_000119_000019_gtFine_labelIds.png,b9c5c954e8ce80bbe37b6f2cb69e6c329df6288f8ec5fd6adff5fd98c9682f90,d64d968bef649508981a8e13d284d8fb865b0814366bee83773b842e603fd8e9
leftImg8bit/train/tubingen/tubingen_000120_000019_leftImg8bit.png,gtFine/train/tubingen/tubingen_000120_000019_gtFine_labelIds.png,869a9ff45d598eefeda7a6f84c2957623ee4711ab56f0ed9cf6e235df7f465ca,e01afb17adc6ad3d437f14601267f90c3b017143c492b91cb198b6182c2c24cb
leftImg8bit/train/tubingen/tubingen_000121_000019_leftImg8bit.png,gtFine/train/tubingen/tubingen_000121_000019_gtFine_labelIds.png,5ab016d6734c6d4ee97a8bbd1e25be169d5a92dec42ff74819afd138b380f7e6,673d8d4bdf5dd8a6005df0b9e3fc0c2ec887a552569c3fb23154daa68b60430f
leftImg8bit/train/tubingen/tubingen_000122_000019_leftImg8bit.png,gtFine/train/tubingen/tubingen_000122_000019_gtFine_labelIds.png,5ffb8282093260f00d7dfb98c62ea92e4b5d51a8a6c14b1af969b73014a58a78,cb7dcc70dbe8953fe63fe30f44d5fbe1bbb9fac2f3e2cab7e41a0db3cea755e8
leftImg8bit/train/tubingen/tubingen_000123_000019_leftImg8bit.png,gtFine/train/tubingen/tubingen_000123_000019_gtFine_labelIds.png,0de6f8bed261cb4836aba010e144ecbf45b32ca999cc76f5a1c3c85fdfc990bd,12cebad34f0bbb85b547da530159d0cdbfba5ee0060f962779f2a18e0225c073
leftImg8bit/train/tubingen/tubingen_000124_000019_leftImg8bit.png,gtFine/train/tubingen/tubingen_000124_000019_gtFine_labelIds.png,85b87d5836cb047fa5616e23ecb7a86a2957e489159e856128a8bb522f506c1c,4be1c269ca98b1efb442aacb9f4c93803f0349ec94095177fa2c0c2626573420
leftImg8bit/train/tubingen/tubingen_000125_000019_leftImg8bit.png,gtFine/train/tubingen/tubingen_000125_000019_gtFine_labelIds.png,c5d7d268f4ab30e511756b28b900d9aa5569d9c57e19ff467d23c3b121684a9d,9e466b004b3a8d936ad766bd0fbf7a2b1692716f30a3c437a7654eefc7ffa8d6
leftImg8bit/train/tubingen/tubingen_000126_000019_leftImg8bit.png,gtFine/train/tubingen/tubingen_000126_000019_gtFine_labelIds.png,7d9f39e78ae3256eb9b7028d87b086bdf4cb7e0cc7ed2c89048cca1ff66e6871,fc95715cffdc20ff39cc1cd16c3d051105c5e61d55baefde1d64ea3acdca08e4
leftImg8bit/train/tubingen/tubingen_000127_000019_leftImg8bit.png,gtFine/train/tubingen/tubingen_000127_000019_gtFine_labelIds.png,21567d8e8ac50e629f73ed950dd6f69fa70db63a93458954c52ad335879571df,5fecd6c7e05f77d0aa7b380aa4b6d0fadb88343a993fe53dafa0ca8ea0df75e1
leftImg8bit/train/tubingen/tubingen_000128_000019_leftImg8bit.png,gtFine/train/tubingen/tubingen_000128_000019_gtFine_labelIds.png,2713e2cf3992e01c8725382eab81fc62fe71b0b0526aaf99e60e7c15932c5e4c,9c1fea8db11b9d27c2cf6a588f1f2d7302d15689ca09c98469c3b6799dc527dd
leftImg8bit/train/tubingen/tubingen_000129_000019_leftImg8bit.png,gtFine/train/tubingen/tubingen_000129_000019_gtFine_labelIds.png,d56ef122b36fa98c73fecd051a9708881e6b9ea6f9c0f3999d0bd70a06227ee6,cc8d966acfd42d389ef5726abd694ff2a40bcb5c638aace066ebd3dcc28ec0e0
leftImg8bit/train/tubingen/tubingen_000130_000019_leftImg8bit.png,gtFine/train/tubingen/tubingen_000130_000019_gtFine_labelIds.png,facd383897483f2a0db6a8dd8bc65512e7e787227dc26ce27fcce6473c9f0735,98d5094abc0bee91866dddf0d5f5312ec7e99a2989bce096b8b7a41f7377d710
leftImg8bit/train/tubingen/tubingen_000131_000019_leftImg8bit.png,gtFine/train/tubingen/tubingen_000131_000019_gtFine_labelIds.png,b5207fb21f60aa6bcd5b3a0ea51de9f95929fa8822f8716983587228795e43a7,1e72a10976bcb3c75e14a82a1fa534cbab2eaf805e375ad4a42e56fda71ee43e
leftImg8bit/train/tubingen/tubingen_000132_000019_leftImg8bit.png,gtFine/train/tubingen/tubingen_000132_000019_gtFine_labelIds.png,baff5f2c38015176abecee2d2d09bc8f08b296d43c03379fd47f2a24ce8b5f96,803e14e7d0308e5d71ede99690e56795c7510dc37a69ae94455b7798d504f3da
leftImg8bit/train/tubingen/tubingen_000133_000019_leftImg8bit.png,gtFine/train/tubingen/tubingen_000133_000019_gtFine_labelIds.png,576825df9bcc03732f4e99f16022f3cb239e99a7b4b09fee283c53442aaf5c3e,25cbb7da712baac6009fefdaa8c78777db4b67ce9753f281773425d39be2450f
leftImg8bit/train/tubingen/tubingen_000134_000019_leftImg8bit.png,gtFine/train/tubingen/tubingen_000134_000019_gtFine_labelIds.png,8508087c9cb9871d31239459134372b31cd72fa1f0121465c9e2b6f6deb73885,385ef08bd309138cab3471acd243e76d8e6139f235c5f5ae004cb01c6a7eb11b
leftImg8bit/train/tubingen/tubingen_000135_000019_leftImg8bit.png,gtFine/train/tubingen/tubingen_000135_000019_gtFine_labelIds.png,8c7544191f10d584685c9f6effb644ae26f22de3d382c791e04df76a01c22870,e5fd7b837a475d8cff17002c7665c375563a9a4fe4076259fc13eb06bf8cb406
leftImg8bit/train/tubingen/tubingen_000136_000019_leftImg8bit.png,gtFine/train/tubingen/tubingen_000136_000019_gtFine_labelIds.png,17697d5d098d57adc6ec9c1331e66148a7d5e10b76ef6cefa06e8ce048e89d09,bef81a8a194712a3a1770c05c5cdf617cbbcaf3befa39a7852b61035efd7e71e
leftImg8bit/train/tubingen/tubingen_000137_000019_leftImg8bit.png,gtFine/train/tubingen/tubingen_000137_000019_gtFine_labelIds.png,4c940355ac5440b62d8b961299b9349caa09a706f38fd6875211ed87775cb0ac,e2e4fccc0eccb457826e28714084bec849a6e38c53934d92a3c681556c220df7
leftImg8bit/train/tubingen/tubingen_000138_000019_leftImg8bit.png,gtFine/train/tubingen/tubingen_000138_000019_gtFine_labelIds.png,89a279d30305502fbf4871e8621f0fcaa66f04d2cedf3256689ac2bcf4335d72,bdcbc8909e51713c32d9970ae3b6506b230642830bc1fec4c760c4537c701391
leftImg8bit/train/tubingen/tubingen_000139_000019_leftImg8bit.png,gtFine/train/tubingen/tubingen_000139_000019_gtFine_labelIds.png,39c606b2808c1743dd74df122e385cef9969be61ad6241d4ab07faba6ee2bdc3,d07c8f9bc582be0291dccf9cb991383a45c524c61130c9e42cd554fbd6b10671
leftImg8bit/train/tubingen/tubingen_000140_000019_leftImg8bit.png,gtFine/train/tubingen/tubingen_000140_000019_gtFine_labelIds.png,473f086411ffb9a6b726c8d56b454ca35de62b002207475edce68762420ccfe3,0aa5dfe5de82455c26edf30a77f2c0000d93a473e77586b6e1a706b310ac4374
leftImg8bit/train/tubingen/tubingen_000141_000019_leftImg8bit.png,gtFine/train/tubingen/tubingen_000141_000019_gtFine_labelIds.png,2ab3fa6bcef9e3c64097279a4696ab28a077f002c82017212bfc6349ae30b4eb,0647a8dff2563a9226425038da1da496cccc1446defc288035383acee433fc18
leftImg8bit/train/tubingen/tubingen_000142_000019_leftImg8bit.png,gtFine/train/tubingen/tubingen_000142_000019_gtFine_labelIds.png,97397ea9b11af8515a98001cc130a2e858a3bb7385b0450e12a3c6442bf8622a,435b3377b49c8a61668142ff1e05d95cb478478ab52b9281c6c8551646bad6de
leftImg8bit/train/tubingen/tubingen_000143_000019_leftImg8bit.png,gtFine/train/tubingen/tubingen_000143_000019_gtFine_labelIds.png,b3b058370d7c7149651139bc9a1572f15a60f9f2b984e20abfc2a36e55757664,3beb68fb99fd147d1b6a20c650a82edc15a2ae31414333a815dc91247513d5c6
leftImg8bit/train/ulm/ulm_000000_000019_leftImg8bit.png,gtFine/train/ulm/ulm_000000_000019_gtFine_labelIds.png,a2c2319b85c05556b54b96d25da7b0f3a8527cd27408de6e7bc0d12f3a54af53,6f34eb77a0648dc19b7b839ddef237adb6e5f13f93403488e3a999fa657691b5
leftImg8bit/train/ulm/ulm_000001_000019_leftImg8bit.png,gtFine/train/ulm/ulm_000001_000019_gtFine_labelIds.png,682df775a6046855de01c5b90aac3c3f652ac9b97caaa94c22cbcccb0cebbb1d,cf51ebde1ff15b9d3ea7d1c41cf29510e38a1c4959b68808f70552548e0fff02
leftImg8bit/train/ulm/ulm_000002_000019_leftImg8bit.png,gtFine/train/ulm/ulm_000002_000019_gtFine_labelIds.png,3af662690b458d0b78b4056c5d07e9336b55a411463b02601a26a06905f9f012,9a5ad430bef1a4d95df88fa36379263b07351e4eb933261994f58b8b4572dabf
leftImg8bit/train/ulm/ulm_000003_000019_leftImg8bit.png,gtFine/train/ulm/ulm_000003_000019_gtFine_labelIds.png,3c165fca7ea5c84cda8c533a13bba43c0008f697252af9d27526615a85cbbc7f,cf7c4146e3c540e79a7400fc6b9596a022c3d27db7a1b9307c628e30d0619333
leftImg8bit/train/ulm/ulm_000004_000019_leftImg8bit.png,gtFine/train/ulm/ulm_000004_000019_gtFine_labelIds.png,2b7ee67453efee9e2227381bf9459fb7339e071d6acd7f946a6d875e6afb4704,c3435497f5486fb06f2315699251f458d41c107e45d665d2794d02676eb9f442
leftImg8bit/train/ulm/ulm_000005_000019_leftImg8bit.png,gtFine/train/ulm/ulm_000005_000019_gtFine_labelIds.png,ba3e11cb79770d6e9c8d3a4a16598fdbc16335ff2c0ae8a14bcf46d089ee6216,4de311fb2cf179b79ad840d5b7fa2f37519938a4a8ed0b0560757134b4ce44d7
leftImg8bit/train/ulm/ulm_000006_000019_leftImg8bit.png,gtFine/train/ulm/ulm_000006_000019_gtFine_labelIds.png,44bd173029873abd70fdfc6c086f7c628da96371d8e1d858953672db61c4081b,f8f86f6a88d378f53e84228928fe923f03ef79be7e3753c63304bdd19ff3a5b3
leftImg8bit/train/ulm/ulm_000007_000019_leftImg8bit.png,gtFine/train/ulm/ulm_000007_000019_gtFine_labelIds.png,99f75095b052c7c8053042415717a6cdf3b10bd92eb4dda0443ed31f261029c3,37cec3bbe1bd1bd9858f94e5f3cd5a35ffa99f2fc131b6690878ba6fc7586531
leftImg8bit/train/ulm/ulm_000008_000019_leftImg8bit.png,gtFine/train/ulm/ulm_000008_000019_gtFine_labelIds.png,9e5b46110fa1496e778f8970e3ac2d5db14cb8cd11e856c7cf379419603ab925,776efec3b5a2927d18ce864c4f7aab67e4095b7797de749148aafc25fd342c73
leftImg8bit/train/ulm/ulm_000009_000019_leftImg8bit.png,gtFine/train/ulm/ulm_000009_000019_gtFine_labelIds.png,13c2707cddfa90300a70943cfbd64ea13d7ecc90deb7fdb57109f02c88d00c18,8357a5a8cb07d7dc9bc3542e4ea6c826eb088b290f4a273a9244c2e9e26367e4
leftImg8bit/train/ulm/ulm_000010_000019_leftImg8bit.png,gtFine/train/ulm/ulm_000010_000019_gtFine_labelIds.png,1a39b89718b60b2729a589b789f4c46957850436e32a068a8732f993520d8799,fd8a2556eae8432fd62ff79a846626e5ace3c7830cc52313413921656da6ad58
leftImg8bit/train/ulm/ulm_000011_000019_leftImg8bit.png,gtFine/train/ulm/ulm_000011_000019_gtFine_labelIds.png,737148674a39bf8828e49e22add2e01fe0435d9e5e7aca266a2f836612c12d26,b060c873382edb03757be3e39c741d908fc8f4c9f89fcc18e4596d78b8e3964a
leftImg8bit/train/ulm/ulm_000012_000019_leftImg8bit.png,gtFine/train/ulm/ulm_000012_000019_gtFine_labelIds.png,9a1e297e5063efb5b62ebd58eb92cfb042e9c99ffa104fd2c1c1aab804a0ff9f,7b982e4670ce543c08f5a10480892016b3f84c38767840571db202d4631b1c3f
leftImg8bit/train/ulm/ulm_000013_000019_leftImg8bit.png,gtFine/train/ulm/ulm_000013_000019_gtFine_labelIds.png,6e65129a8ab1777dd47a6595be48d96e92ccf4e0fd84035c161737407fb8062f,d806d4bc4ae69353d4a42b7913d8ea538cba1b9591aebec3008f9e9629bc6567
leftImg8bit/train/ulm/ulm_000014_000019_leftImg8bit.png,gtFine/train/ulm/ulm_000014_000019_gtFine_labelIds.png,1ef42fbcf1350f5fb0acbd2b4cf1cbd49c76e0d29aa636b641dfce4bc106d957,56eb17f5ecf663a18131c93ea0fca347833a22522838f0f78bf43b34854267e1
leftImg8bit/train/ulm/ulm_000015_000019_leftImg8bit.png,gtFine/train/ulm/ulm_000015_000019_gtFine_labelIds.png,b4528f3d7b9b173a3b583f750c04ee29a29096acd220d174290471e3bb861d2b,8dd92094333ac43aaa60f8f0f527dd385cb0bd79da504f31738dbf9fc369e2c7
leftImg8bit/train/ulm/ulm_000016_000019_leftImg8bit.png,gtFine/train/ulm/ulm_000016_000019_gtFine_labelIds.png,570c157f02cc21796ee10208859c96ca4aab8b21e1118e24609f5550cabba27b,926c8b544968ddbe3f2c0a76a555ab5ca4b2dac02e480bcc18545a24f98b81c7
leftImg8bit/train/ulm/ulm_000017_000019_leftImg8bit.png,gtFine/train/ulm/ulm_000017_000019_gtFine_labelIds.png,8150a8d6191a2c0d0db3c101dc87eb73c3856632eb12ac653c9d6fb71c9b4a79,5d9bf633e81409bd4da5ddabc5797ec1783a6068dde43631c51f1f158221d57e
leftImg8bit/train/ulm/ulm_000018_000019_leftImg8bit.png,gtFine/train/ulm/ulm_000018_000019_gtFine_labelIds.png,56f2609b38dec04dcc9de66e52feddfc469f180ea00b427c5b4906c94c9728a4,fc05e823207f6dfd1547b76cbe269bff6f4da71c089265e8e004103047940fd1
leftImg8bit/train/ulm/ulm_000019_000019_leftImg8bit.png,gtFine/train/ulm/ulm_000019_000019_gtFine_labelIds.png,3b244a441c7aa1922f9140b2c2529222f9b2188a0f4ec16af451ca31a7891666,92df08adbcfa47ff8d1bb15c4d72c1410b34ea7e1f947af96f76003cb3a9967a
leftImg8bit/train/ulm/ulm_000020_000019_leftImg8bit.png,gtFine/train/ulm/ulm_000020_000019_gtFine_labelIds.png,a1672fb1994da12aaf6e396293bac3f059a5aa2d65659e70b9c3d96ae2b41f61,cbbdf06e4ab791bec7f6672987ee64789cf4c1f8a6728ea24b8c77e38a8d14f1
leftImg8bit/train/ulm/ulm_000021_000019_leftImg8bit.png,gtFine/train/ulm/ulm_000021_000019_gtFine_labelIds.png,19fed41f18b7c0e3792d7b17205f81b4cc0a238b6ddb7844c399fed2ac52dcb4,1711d7f230039d7e5d7bd20d7e9c6854b22b17370a59e8548af449294da0253d
leftImg8bit/train/ulm/ulm_000022_000019_leftImg8bit.png,gtFine/train/ulm/ulm_000022_000019_gtFine_labelIds.png,4a6e9d54082ff6704b3a1e09fc8b7eb56e3afd9da68c32dff6a7dff8449e8cbe,23cfd5e67ed37d608e458b41b538b85bb060a63a6de6ff0906b6439e12fb8967
leftImg8bit/train/ulm/ulm_000023_000019_leftImg8bit.png,gtFine/train/ulm/ulm_000023_000019_gtFine_labelIds.png,808c3e22aec64ed6ccd29ac90394f032bce73d9762e24778bd3e9263f34d755f,ca12d0067b67ca907dcd023f0c1587814f13db7aa170fdb418540da30ab7fe75
leftImg8bit/train/ulm/ulm_000024_000019_leftImg8bit.png,gtFine/train/ulm/ulm_000024_000019_gtFine_labelIds.png,a95d297514d846d2d48fc034ec7986cd784c5bea041b983de3f2fa44f112292b,6fcc6c3e3b38f7e04cf7a9f5cf32a2b06e0f02669f3c2b1895cfd7a7e60fde31
leftImg8bit/train/ulm/ulm_000025_000019_leftImg8bit.png,gtFine/train/ulm/ulm_000025_000019_gtFine_labelIds.png,17f82935c305700f9bbadb01c84f740a3fff4db2d33b4d32f9a7598f36eab4d3,6f8681e22e784efb8899f00beb26e96b3f2b62221f42bacdce0eed4ba8159856
leftImg8bit/train/ulm/ulm_000026_000019_leftImg8bit.png,gtFine/train/ulm/ulm_000026_000019_gtFine_labelIds.png,f73f8f972d1ee597bdaaa56df93b0feafd62f33a85e2e41ba224db9840d46321,3626988eab2e0bca4eb86481016d9a1fc86286274f1d5c141637e82dbbd4755a
leftImg8bit/train/ulm/ulm_000027_000019_leftImg8bit.png,gtFine/train/ulm/ulm_000027_000019_gtFine_labelIds.png,714e8d8e5fb348e64f09ffe838bde0855bb7af8ea459d173fbd33fcec9197d0c,52f7f4de97dd0b96c5549f4a388d14707223e70f6bd9a781ab393bdc6a0927bf
leftImg8bit/train/ulm/ulm_000028_000019_leftImg8bit.png,gtFine/train/ulm/ulm_000028_000019_gtFine_labelIds.png,3d24045a3d8c915f6e3103cec0d04d7fade3538df83d63e170b28ba921eb5296,6a5f1f9129c289aead218ea7d5e562423a245c533a16377f6ae4efed91085346
leftImg8bit/train/ulm/ulm_000029_000019_leftImg8bit.png,gtFine/train/ulm/ulm_000029_000019_gtFine_labelIds.png,cd10fefb04b044a6882111ff8a1f2f41937618d7a07527772fd1ebfdd40830fc,1df2c6200009efe5c318ab921d820116a268b85ce814a4c83915f45883966583
leftImg8bit/train/ulm/ulm_000030_000019_leftImg8bit.png,gtFine/train/ulm/ulm_000030_000019_gtFine_labelIds.png,8b5976ca269601c11436f0e194f90d0a92b37f1a3dc4cd0eeec8f9baa52e9c29,524ce8c305d7936a07cc999922d777027b988e44286ec5abc6ddc1bcf58446ee
leftImg8bit/train/ulm/ulm_000031_000019_leftImg8bit.png,gtFine/train/ulm/ulm_000031_000019_gtFine_labelIds.png,94eeecc0f90035510501b43a95d21bd2f83383b77b551b738befa5cebb870691,21d05e918e798ed6ea3997dc74be72d6f643661820f77336d53fa6d75b3cc79c
leftImg8bit/train/ulm/ulm_000032_000019_leftImg8bit.png,gtFine/train/ulm/ulm_000032_000019_gtFine_labelIds.png,7f884ebca2e8fbc6763294df42a0c31b14a32b92d26e25ba18894b3de15045ef,4cc91ced038d5a8a699f7796a819b4ed9d24b474dafe2f0cae697f1d5ddff756
leftImg8bit/train/ulm/ulm_000033_000019_leftImg8bit.png,gtFine/train/ulm/ulm_000033_000019_gtFine_labelIds.png,1150b561a01b3887ad4a181977b492ee6c7ea32403f2326f459652177b3291d1,b85903ee779b54b76b572e1f6e1346cfe8ffd2ba0177e524e179481f172aab00
leftImg8bit/train/ulm/ulm_000034_000019_leftImg8bit.png,gtFine/train/ulm/ulm_000034_000019_gtFine_labelIds.png,f8ae407ecfd6c7b270d65dbdbd0de36edec737e086d2f8b76449f5941cadff28,65827f1758a2cdbdebc48dcd130dafc6524962b44419c667de854227eb384e60
leftImg8bit/train/ulm/ulm_000035_000019_leftImg8bit.png,gtFine/train/ulm/ulm_000035_000019_gtFine_labelIds.png,d9d75af9a6143b42f9e1a59b3e937b2a891a8a90aa5a2e4f715e1d972af38173,1b6afa2f71cb2e162074e818738eac928087913f8b4f093d2128bae2c5a81d2f
leftImg8bit/train/ulm/ulm_000036_000019_leftImg8bit.png,gtFine/train/ulm/ulm_000036_000019_gtFine_labelIds.png,10d0ebeefedcb164d5041944afbd633aa6870e205e7db4f9512755c9de7eae72,ac2208032836228975d9a999cce92884fa3c91cb29b4d7910bae9fc693b82608
leftImg8bit/train/ulm/ulm_000037_000019_leftImg8bit.png,gtFine/train/ulm/ulm_000037_000019_gtFine_labelIds.png,e73ec0f158aabc271dd79c1407b855bb838a63c25a0d836b1fc140ef825e757a,0213a701bf2b45ca779c0dd93c6d11d59757b42b14d436d8d3012b1eb5077fb7
leftImg8bit/train/ulm/ulm_000038_000019_leftImg8bit.png,gtFine/train/ulm/ulm_000038_000019_gtFine_labelIds.png,407d919182f2084e5edca3ac256115741759dd4a3feadbe5e26d06720768582e,fbe31a758c746945ee939ad13873933e7d26ad5f7a644bd3a5275caca1592a63
leftImg8bit/train/ulm/ulm_000039_000019_leftImg8bit.png,gtFine/train/ulm/ulm_000039_000019_gtFine_labelIds.png,fa87a04e80c81e56a9e2503e4a5501ddff7ca093fe7dda19b84d411d8da26d94,991696b9867cfbc9296889c2c58cc8e79e6f33eb503cb3f2d88b4034800b4c74
leftImg8bit/train/ulm/ulm_000040_000019_leftImg8bit.png,gtFine/train/ulm/ulm_000040_000019_gtFine_labelIds.png,ff1d18e53d7eeb48b22ce11a4bd53567986338b7e2c1ddda7b1a9860370682f0,950327aab93d4922810416b84697828af27348b6fe5b402cddda039ef6cdf843
leftImg8bit/train/ulm/ulm_000041_000019_leftImg8bit.png,gtFine/train/ulm/ulm_000041_000019_gtFine_labelIds.png,6b2f137a202cf0a2683ebd7f11c36dd9dbf96a789b570693d88a819e8620ff94,ced00f1a408230b44b24711945c1aa1c8059ef31004283d8ead6f89d7aa81778
leftImg8bit/train/ulm/ulm_000042_000019_leftImg8bit.png,gtFine/train/ulm/ulm_000042_000019_gtFine_labelIds.png,95a9acc0f5d709beea66e06b9ee27276b1ec87f5814cf33478718d012e657ca3,0211c1c5686f4e08f4210386092389a035e1b7526cdfa3fe8427e3af74c5e18d
leftImg8bit/train/ulm/ulm_000043_000019_leftImg8bit.png,gtFine/train/ulm/ulm_000043_000019_gtFine_labelIds.png,5d3610eb237a0f36fb94aed217ccd0da95ba18240fd452fd697e97e23fcecb46,2f4e3787d3cbebe6ab5f0f0d3e581899ec74366ac09ea12d997859b7d3d12a32
leftImg8bit/train/ulm/ulm_000044_000019_leftImg8bit.png,gtFine/train/ulm/ulm_000044_000019_gtFine_labelIds.png,6804a0efecae9289d021ee07c31c37d208645a95e6013fb1ab783f6d22516e38,5f9092f18bad1ab4527f7c79b630b60badab00fcad9be5a1a1a4c615312cbbe8
leftImg8bit/train/ulm/ulm_000045_000019_leftImg8bit.png,gtFine/train/ulm/ulm_000045_000019_gtFine_labelIds.png,5dbc9d3665bbcd36dc7b18daf806b5b88f3a223da14a5744d01353985ffe700f,aea80e2f98b105e2ab45346ea9ad23a61dcfa31f06a8e3aeab4a234e989f1955
leftImg8bit/train/ulm/ulm_000046_000019_leftImg8bit.png,gtFine/train/ulm/ulm_000046_000019_gtFine_labelIds.png,6c5ea5dfdd2d5d0e49305d5b1f57634447f0640c608ebab24374af1a4e81b1a4,3420f612895bbccc9806818a73f45c7f6891465056062f0701b19c1e47a953d7
leftImg8bit/train/ulm/ulm_000047_000019_leftImg8bit.png,gtFine/train/ulm/ulm_000047_000019_gtFine_labelIds.png,47718cc04792694d7a61fa826c1f59e20eaa4d434de2d627921ff7a3d2eb49ad,9e7bb7d760eaec2fdf1883352b5750893331c1859b0d6f3107a477710b0561c0
leftImg8bit/train/ulm/ulm_000048_000019_leftImg8bit.png,gtFine/train/ulm/ulm_000048_000019_gtFine_labelIds.png,f69a21d69f4d1b4d1734da6f2016a131cf0c4e8bd1788a55a33f87bf0291563f,f37d54818c0246681e6ac74091ec732a0c3263e53e99184a9709eed9588e68f8
leftImg8bit/train/ulm/ulm_000049_000019_leftImg8bit.png,gtFine/train/ulm/ulm_000049_000019_gtFine_labelIds.png,ccfb5f1ec7ab0b8483e8c41e246ac3c5cedae6b71ff0e917b39911ecd4c02973,5396856eb5e9001e51aa2ca49339d45f4e9eec29eaa72c18eb590e0113a19848
leftImg8bit/train/ulm/ulm_000050_000019_leftImg8bit.png,gtFine/train/ulm/ulm_000050_000019_gtFine_labelIds.png,84626f47421450e06cf8a4476ef51e7b63cebfb659b8f202c98bb2710ae743d8,5d8962d43507cd4bb211118e9775512cdbcf51cae627f1ba67efada86a91027c
leftImg8bit/train/ulm/ulm_000051_000019_leftImg8bit.png,gtFine/train/ulm/ulm_000051_000019_gtFine_labelIds.png,ec586dd7c4367181ab46e675ff68680a6f6014ec3c6b9f7ffe497a24ea12198d,df5ba0b34c05cf19d026dcbe02051758fe9ed9edaca3ab22047c21c379b24ba4
leftImg8bit/train/ulm/ulm_000052_000019_leftImg8bit.png,gtFine/train/ulm/ulm_000052_000019_gtFine_labelIds.png,49219da02dd6def8c675023400526700bbb8ed8d44cbec3770794fd425396b96,86ae0a03cea3040342674e5d9801b0c0f12a08fcff64271f82f581887e6ad1df
leftImg8bit/train/ulm/ulm_000053_000019_leftImg8bit.png,gtFine/train/ulm/ulm_000053_000019_gtFine_labelIds.png,9396a3d07b76d0777cff7f40de6b02fbcc00fb0e17acda3cf27cfffbf503eed8,e0f93e8a1b250c0a550aa3602e0f7071e4f4c11cc11a9048ec6bbb5ab4b1058e
leftImg8bit/train/ulm/ulm_000054_000019_leftImg8bit.png,gtFine/train/ulm/ulm_000054_000019_gtFine_labelIds.png,4a0f579d37b83be6b90f5fe2ca256ba122e2579c6d6c672758ee8a1df5570428,d1860bfaf4f813b6b22db9fdcf425ce2c3c74a85f118efc369883a1e8342bc3f
leftImg8bit/train/ulm/ulm_000055_000019_leftImg8bit.png,gtFine/train/ulm/ulm_000055_000019_gtFine_labelIds.png,2a9d0fc648077dd5405532d1ffe1da51bbc96a3cf53eaaacb3f9036c024969cc,b621a2a747d3722c71ab75502f41d69d19ea5d4dd89a51bf003e3301a04f3d61
leftImg8bit/train/ulm/ulm_000056_000019_leftImg8bit.png,gtFine/train/ulm/ulm_000056_000019_gtFine_labelIds.png,6217f6d84c3442cc928c9f276f9c6e0a217fe5b77909fb74aae122f5e6bce67f,9695eb0a1703c0a83f603975dab823234efa6681879dc5df6dca58ad25f07cf6
leftImg8bit/train/ulm/ulm_000057_000019_leftImg8bit.png,gtFine/train/ulm/ulm_000057_000019_gtFine_labelIds.png,7772e6757ddcd4784f8bd0d36f28b47d5796a7a972e3fbb64cccace081d3670e,7bc8c5c89602bb22f7c7dbf7cd17c55a5f2a72d9c48baa70fb02358e1b61e6c8
leftImg8bit/train/ulm/ulm_000058_000019_leftImg8bit.png,gtFine/train/ulm/ulm_000058_000019_gtFine_labelIds.png,aa95419a159388adf98251ab9777a4f07708d082caf1b792c453bf7acb6a3214,aa81271c920f94c48277863a700e57b9ee5029f52e1197a9dfa870428878f2dc
leftImg8bit/train/ulm/ulm_000059_000019_leftImg8bit.png,gtFine/train/ulm/ulm_000059_000019_gtFine_labelIds.png,90857e00b9b32b548fda880e3f0513d6fc017ca84c190512336aa3953a540013,3179299cd0af28d102866d002033dc6206ab137ced21bec06b4fd2c5b0661358
leftImg8bit/train/ulm/ulm_000060_000019_leftImg8bit.png,gtFine/train/ulm/ulm_000060_000019_gtFine_labelIds.png,ea6e98a4bc3b14aa85cff3f9970b42915063391f84f5d92f391c79148158aa98,6614ca62c55f9a0351b7f7c347d475b31910ff8d43e5eeac5b0b7cb893e06026
leftImg8bit/train/ulm/ulm_000061_000019_leftImg8bit.png,gtFine/train/ulm/ulm_000061_000019_gtFine_labelIds.png,8414cafbd6559abb32cb4e62ed5364762f873912b88c2874edb5eda204a39b02,acd788ac8ed8da57eda87f6a7b4b96710e5e761b1ea074b4f806d642bb244916
leftImg8bit/train/ulm/ulm_000062_000019_leftImg8bit.png,gtFine/train/ulm/ulm_000062_000019_gtFine_labelIds.png,91b88061100bbdc3b92dc9de7b382b7e18197669ae441b12b8950a75b600b378,6bbefe2ebb0d3ad6e22f9ab2f345291bfe30ce467ad71df19f8ba7f11f86a903
leftImg8bit/train/ulm/ulm_000063_000019_leftImg8bit.png,gtFine/train/ulm/ulm_000063_000019_gtFine_labelIds.png,23676032199f7727c10497abfbb79277e51626d00e27011aca89a0f25f0693ae,5c81b8a7d9e2c1bfb825295429e972b64a1234a720764f12ec5212f6733c6fc4
leftImg8bit/train/ulm/ulm_000064_000019_leftImg8bit.png,gtFine/train/ulm/ulm_000064_000019_gtFine_labelIds.png,741fe54aab57f1140d4a51a5eac3395d351a77dd6adb724e67b275d963985bf8,fb4217151ce73d92f867d7cb5b3dbf105339a7da61283832bf4a29c29c5f5397
leftImg8bit/train/ulm/ulm_000065_000019_leftImg8bit.png,gtFine/train/ulm/ulm_000065_000019_gtFine_labelIds.png,8e96167a20e6037633c33e026c3298b27779b33633f28e797a13f774be96b5c7,cd703ec91749122f010430d8765f04d661e38e781fa52cb0c509bdae1dd22f79
leftImg8bit/train/ulm/ulm_000066_000019_leftImg8bit.png,gtFine/train/ulm/ulm_000066_000019_gtFine_labelIds.png,0260110fa3693059e8cc61c5f0ae0137fb3199fffe654b17b8f7e1b9534326c2,152cc72cc4e52abb07e56071a65f8e6d063c69e1ea143ad605c9c2325212f7e9
leftImg8bit/train/ulm/ulm_000067_000019_leftImg8bit.png,gtFine/train/ulm/ulm_000067_000019_gtFine_labelIds.png,0bb77548e6ae18a40505fc607bfd2522ad89e2f37eaca41ab026bb72df466a7e,28da2453782771262b8bfec0946ff968afe3510116a20f9821c5a7d208625777
leftImg8bit/train/ulm/ulm_000068_000019_leftImg8bit.png,gtFine/train/ulm/ulm_000068_000019_gtFine_labelIds.png,570a27018896da51a3896fd0ec2ff3a0350ee5ba38edd56fca16ca6ece18c514,be020de2d8cf3f1258e772663e1a6135814d24b5b11940a22327379002c7b273
leftImg8bit/train/ulm/ulm_000069_000019_leftImg8bit.png,gtFine/train/ulm/ulm_000069_000019_gtFine_labelIds.png,fc8b63cf651e36ac2c69cead702ff15aaee80a6c7c6fea815003c7eef259467d,6262ef2e19ed5f0592a6560979e12c78682850a19ea55fe8248d6d7751b71b06
leftImg8bit/train/ulm/ulm_000070_000019_leftImg8bit.png,gtFine/train/ulm/ulm_000070_000019_gtFine_labelIds.png,9691654100f093af3b6d81fc96a3e073d6d43c7850ff18d1cc7851e6c1af12e8,004588bbacb151c6aa979b2c585bfd30d274c1da1bd751ed07cf34bc5c4b32d7
leftImg8bit/train/ulm/ulm_000071_000019_leftImg8bit.png,gtFine/train/ulm/ulm_000071_000019_gtFine_labelIds.png,9dd884918a610c4cba4b0c30e546f4709054cd525b90a0e725315d24c486a024,efa40113027261273a17d39e60dd84f1462411cc2279a75398640a1ffa167bbb
leftImg8bit/train/ulm/ulm_000072_000019_leftImg8bit.png,gtFine/train/ulm/ulm_000072_000019_gtFine_labelIds.png,a0f764e5d5ca2c6d6fea33f0bf70b4a5b2d6a2912659450181044a50f45d949e,8a2613682d074f046e26f61139fb2aa7f2458b1108fe295005e49a360b7a03f6
leftImg8bit/train/ulm/ulm_000073_000019_leftImg8bit.png,gtFine/train/ulm/ulm_000073_000019_gtFine_labelIds.png,4ea92731bd752942183e1bdb2debe7f75d29694625dc788f9887f48d012e617a,75e24de420173ef56360f08a7fa1443fc8779693956999e7bdf2a79f9fcae59b
leftImg8bit/train/ulm/ulm_000074_000019_leftImg8bit.png,gtFine/train/ulm/ulm_000074_000019_gtFine_labelIds.png,1760eff0b936050bce60e64031bb79b0a8256f3a85f1dfb36aea37d3e8d86b39,a7bb5d5c321b6cd5fe650f26eda808f1e81d69744bf076961a2a0dbcac6e7696
leftImg8bit/train/ulm/ulm_000075_000019_leftImg8bit.png,gtFine/train/ulm/ulm_000075_000019_gtFine_labelIds.png,57c0b06ef5d045b3b473c85d7713f9e20add19b23654d821ca468783da3a303e,9ff20a2ecd196c1dedc6eaf74d2417fcb3fa7c6757e563a6de454142aaccddcb
leftImg8bit/train/ulm/ulm_000076_000019_leftImg8bit.png,gtFine/train/ulm/ulm_000076_000019_gtFine_labelIds.png,5b79caea4cd0f434978953b69323bb2f1cea9ec888b6df18d93405f73c4610d1,bb659a567f73008d743a85fd8a88341d2d24c0fa9f172067e3eb0ca200c9bea4
leftImg8bit/train/ulm/ulm_000077_000019_leftImg8bit.png,gtFine/train/ulm/ulm_000077_000019_gtFine_labelIds.png,7b586df461178fd1b3467a854b499f35a4738454b4a9de7c84c1df60f71bc18d,a3ad577bbfd7f2a6bf444ed3ece26129d81cb77197c05bcb99e75cfcecf79d4d
leftImg8bit/train/ulm/ulm_000078_000019_leftImg8bit.png,gtFine/train/ulm/ulm_000078_000019_gtFine_labelIds.png,5fc570182032b6f734937720bcea47a36401c23ba378f602a02c9bb6365f09e3,5127156e61798bd47081a07aa82128dfed68f4695a869b1e129972c881fbe3eb
leftImg8bit/train/ulm/ulm_000079_000019_leftImg8bit.png,gtFine/train/ulm/ulm_000079_000019_gtFine_labelIds.png,fcd0cb1d8f6c53c70748194ea7bf9d9b21922b3faab0215fbdf0da12df6944ee,5dbe02910cf7349cd66b9c6c44fc19149b1cd0b69a08f44ac352685becfd8811
leftImg8bit/train/ulm/ulm_000080_000019_leftImg8bit.png,gtFine/train/ulm/ulm_000080_000019_gtFine_labelIds.png,2f6ee2b5b774d7df54bd0845cf677abc3c3c72d712ebbe8b9f97aae9e501aed3,e0221ddeaa41944ec541d30f591edc5595ec9f3fa4181909983f8607d13bf761
leftImg8bit/train/ulm/ulm_000081_000019_leftImg8bit.png,gtFine/train/ulm/ulm_000081_000019_gtFine_labelIds.png,5be3f11648d7bb2752bee8cee052fa903d13cfd16ac748a8d143eb873ae0e9c3,e2ad2fd269945623ddf708c692fa571f339564fe1734108bf0d72b273e7096f6
leftImg8bit/train/ulm/ulm_000082_000019_leftImg8bit.png,gtFine/train/ulm/ulm_000082_000019_gtFine_labelIds.png,2e54167353c6aeb8d09a59914e1a6e730650495e56abbcab7251d297abe7eedf,cc8eaa8edbb6baf73e9bba575c1b34da49a4dd2bda4bf13fe1486dc3bbb13a26
leftImg8bit/train/ulm/ulm_000083_000019_leftImg8bit.png,gtFine/train/ulm/ulm_000083_000019_gtFine_labelIds.png,010e6fa08c3c17b7a213309f68ecbb0c87c3e397ac2d6182d63ee1d8477994ec,006e459b8db51d8d3cbf08ad0187525f72b46734524ca34673f699053871e4be
leftImg8bit/train/ulm/ulm_000084_000019_leftImg8bit.png,gtFine/train/ulm/ulm_000084_000019_gtFine_labelIds.png,f6ccfaf60986eb02a62c619ba8209abefcea04117ced7572a0a75f9980f1795a,dc31acfd771bd6bafbe1af6fd4328f2190bad10806f4e0d81d2a385c39cac619
leftImg8bit/train/ulm/ulm_000085_000019_leftImg8bit.png,gtFine/train/ulm/ulm_000085_000019_gtFine_labelIds.png,aa2d415791d74ffec29cf67af87424ec79266aeda2e04e14b28fd03e38e34474,7b1c735a6fe4e79a28bd22975a4c13f295afa3f9026a980830df4a5987cd324e
leftImg8bit/train/ulm/ulm_000086_000019_leftImg8bit.png,gtFine/train/ulm/ulm_000086_000019_gtFine_labelIds.png,0f7592eebec01c1fc24ad4e176bb671a9ec3779985f2bf8e56d78ec4abd93f02,315a858001fd032c56b904cd400275d85b3fb8d5a920b5fa8a13b25efdf4f6cb
leftImg8bit/train/ulm/ulm_000087_000019_leftImg8bit.png,gtFine/train/ulm/ulm_000087_000019_gtFine_labelIds.png,457720389cc21506e2bd43a290b8235830687d8f5af76617db73173de7fbd461,ef711e8fd65c58e805f56a4826c33b30434ebafab02990708d2f5cc7f5221288
leftImg8bit/train/ulm/ulm_000088_000019_leftImg8bit.png,gtFine/train/ulm/ulm_000088_000019_gtFine_labelIds.png,efe4f0600a5c359c99b496ee57cc61c42b1607d61e3fb6c9f3ffba797f17c62a,b3e30df82baf99707099f045153e619fffb8055d8521a82fea6e03cc936f0c22
leftImg8bit/train/ulm/ulm_000089_000019_leftImg8bit.png,gtFine/train/ulm/ulm_000089_000019_gtFine_labelIds.png,3d541c2a6a6e469b315471f67f5b59aa9f31a0c07a570455f9be79130f763b75,baf258f4569a6e561a4e206f270f18fa36f3e2758850c9711728624da8eed88b
leftImg8bit/train/ulm/ulm_000090_000019_leftImg8bit.png,gtFine/train/ulm/ulm_000090_000019_gtFine_labelIds.png,14748343978ed2b946c18dd2ba41b08890aa590337460bf1edaddec0349b262f,ec0de8558a5fe2008534165c9a3b1a2cf257b5987252c29772c413e4ef898f96
leftImg8bit/train/ulm/ulm_000091_000019_leftImg8bit.png,gtFine/train/ulm/ulm_000091_000019_gtFine_labelIds.png,457fc1b5660eda1f339993ecaff00873a9afc502f2c8c5ca11d9741dd5ee9efe,ae23d2bfc8afe0b194183b108d4b89621f14bbc8df86a4865b05f9565044880b
leftImg8bit/train/ulm/ulm_000092_000019_leftImg8bit.png,gtFine/train/ulm/ulm_000092_000019_gtFine_labelIds.png,a14367e1210d14c87a09e26c4f7aae5ab7632b85191977c0e1a3089e136b0521,2069833b570b564786cbff41ed7658ac32817df2ad82d11bdaabad57b8430df2
leftImg8bit/train/ulm/ulm_000093_000019_leftImg8bit.png,gtFine/train/ulm/ulm_000093_000019_gtFine_labelIds.png,d77dad92ed7bc7ccdf88ea93a5bed99ffddb33fe996d27a065f801a05062ea3e,e08c4a1d55c6424fc998bff37ce4798b0282e9e6fe4604f627bb5aee04ffeca0
leftImg8bit/train/ulm/ulm_000094_000019_leftImg8bit.png,gtFine/train/ulm/ulm_000094_000019_gtFine_labelIds.png,e69cfbdb77bc9bdd948b3c62da4a549f006a9957fb19f05036a1f4ae743a9029,65c7cf9267c203845b979331a58abb398136862201f77153e9cd616803d4d5e6
leftImg8bit/train/weimar/weimar_000000_000019_leftImg8bit.png,gtFine/train/weimar/weimar_000000_000019_gtFine_labelIds.png,50b743de9c85de7f1fb4894e202906ef2df62711204f9091f6bd92662949a09e,afb34322112a32a45b8a5a5efabb782433215cbd9eaacd83afc74f4629f4bc94
leftImg8bit/train/weimar/weimar_000001_000019_leftImg8bit.png,gtFine/train/weimar/weimar_000001_000019_gtFine_labelIds.png,56bd9a43d275c4bf2277e12077adfd7b8693659cefb95fc2b1cffc8e826a1f2f,21e727f438b1bb2edd6f983de9b2b46d701f34dd0cbee693b00036d5df04a169
leftImg8bit/train/weimar/weimar_000002_000019_leftImg8bit.png,gtFine/train/weimar/weimar_000002_000019_gtFine_labelIds.png,2b4fa1f8a7d742fad6b813f1a3569a3bf6612e05e695dc6cac429bf79f3f6925,92234fbc1a9fab5604fdb64a7e6aae635185e6edfbb499c451228c1efb7b4dfd
leftImg8bit/train/weimar/weimar_000003_000019_leftImg8bit.png,gtFine/train/weimar/weimar_000003_000019_gtFine_labelIds.png,b6f7b2978f1befb70a4bfd8102b6e01d515cabed6dd5d8998209bcefb062373d,f86b35fe0845a0f3fd5a1c7055a484a8e16dbd9ee73339cef78db4dbc4436aff
leftImg8bit/train/weimar/weimar_000004_000019_leftImg8bit.png,gtFine/train/weimar/weimar_000004_000019_gtFine_labelIds.png,d2c18edf10e49e691410a32ad15593319aa01c10e6ef1986b793038e0edf4787,aa455cadd604f1e1b992c73963458d1f9a0b5847ddcde3bab13b1480b56fd2db
leftImg8bit/train/weimar/weimar_000005_000019_leftImg8bit.png,gtFine/train/weimar/weimar_000005_000019_gtFine_labelIds.png,623c26d586a733ee0945c97bf5e25b41d4be261335c18b22e80b927d34e535a7,fc075fda849ba3e5be62c46dfea0994f6a21d3e08253dc8ad46bea77ff317126
leftImg8bit/train/weimar/weimar_000006_000019_leftImg8bit.png,gtFine/train/weimar/weimar_000006_000019_gtFine_labelIds.png,b4def1dceeb6dc2620d44a7d7cc7796dea4baca43670fc5ff73ad6a26097c678,2559b3b328087e8fbcd2bf594b5c28434193d89a812cb1946daf1ddfff342075
leftImg8bit/train/weimar/weimar_000007_000019_leftImg8bit.png,gtFine/train/weimar/weimar_000007_000019_gtFine_labelIds.png,0a14f9fce7b6e318d259dad5bccdddc5dd8b7bea2622c188ec009f9ab26735ee,7f4e6fd62aa8f5343abd9a860d9599885b147f3fca9b7252056137d7698ca897
leftImg8bit/train/weimar/weimar_000008_000019_leftImg8bit.png,gtFine/train/weimar/weimar_000008_000019_gtFine_labelIds.png,aaa8bca4ed3188fa4d25ae3bf5f0926d5fad6288f65362a8f17447642c183418,afd44d8c4f24260e1d0a27fefcdee5416c9431245e452af4f7e7bef29058c6e0
leftImg8bit/train/weimar/weimar_000009_000019_leftImg8bit.png,gtFine/train/weimar/weimar_000009_000019_gtFine_labelIds.png,78bae62271244d303bf4d725f59b89410e15443a0fb3eea9532a924314ddfdb7,6c6e9a8a9f3b97624bb73d96430e8ef14749a1216c8720035ada41c35315c895
leftImg8bit/train/weimar/weimar_000010_000019_leftImg8bit.png,gtFine/train/weimar/weimar_000010_000019_gtFine_labelIds.png,2f06591bf0ddfa3ea1fd32ab72bee5a3910f06d22970efeed24ea380c1a04beb,71fd676ee0d5f3777e7fa604f8e24f6054402676341643058c513bd099a333f0
leftImg8bit/train/weimar/weimar_000011_000019_leftImg8bit.png,gtFine/train/weimar/weimar_000011_000019_gtFine_labelIds.png,649b81be52c251689edffb08b52b0a76b9e9e3b27db07c33c7fe9bc5a438845a,13b4f521f5707452b8339f95ed3b9eebdc784c8919db53504c89eb1efed0a758
leftImg8bit/train/weimar/weimar_000012_000019_leftImg8bit.png,gtFine/train/weimar/weimar_000012_000019_gtFine_labelIds.png,e6c959683ee3797e7b85cb213b7088ce44765b8494cc71bc25b6ba20a11366d5,6f3cdf2ea4299bcfc1908fff51884968a49d3b3c495aee7ca0ab3f1073cea296
leftImg8bit/train/weimar/weimar_000013_000019_leftImg8bit.png,gtFine/train/weimar/weimar_000013_000019_gtFine_labelIds.png,595c15f8dd9f8fd447599dd4d67ea0ac0b95296519f5e8f7f466aaabf37571fc,1fe4f9a78052e9105ccd6b7b0a88d9f1ac6081b981f263138dfccfd59fffa6b3
leftImg8bit/train/weimar/weimar_000014_000019_leftImg8bit.png,gtFine/train/weimar/weimar_000014_000019_gtFine_labelIds.png,b1b57366cafb777e9787f8b159bd58350e70f69ca8b4b722c5bfad6db69191be,68ba68b6a5c3ccece9f1fdd00e166a2ecd58537cf33fe22198630d1559cd2d9c
leftImg8bit/train/weimar/weimar_000015_000019_leftImg8bit.png,gtFine/train/weimar/weimar_000015_000019_gtFine_labelIds.png,219cb668ac1941f31a78fe73fe88d5e9423d55bc5afa48b91942fb257a37dd4a,b54bc11d2cdc6de5d5ce0c7b6d9e76679a8a952734c9eab2e8f1095b5d7ecda9
leftImg8bit/train/weimar/weimar_000016_000019_leftImg8bit.png,gtFine/train/weimar/weimar_000016_000019_gtFine_labelIds.png,b1b3337292a1e0e000c864fa75b5758ff7de5de1828cf4fb17b74c793890c99e,5645639991e38ed6f3d22ae29caa827dc97dad685ebf035326e74f57fc125f12
leftImg8bit/train/weimar/weimar_000017_000019_leftImg8bit.png,gtFine/train/weimar/weimar_000017_000019_gtFine_labelIds.png,cdae19f8ed8d62130f1c4fdfb19b8718a071013d576e826d5e4c70d2e4739c3e,0a6a35c26c18c67d3722c041a7f8dcef34ea9628fe73600e82d40e1c798181af
leftImg8bit/train/weimar/weimar_000018_000019_leftImg8bit.png,gtFine/train/weimar/weimar_000018_000019_gtFine_labelIds.png,7ccf575bf2f947eb5e31b9e85d645cbeb89278f5cf30e75e9cc7355579e39941,8daf4daf6b8375138f17e4ec7a00d81265a1341225cbc7b9109a3e3c1121b36e
leftImg8bit/train/weimar/weimar_000019_000019_leftImg8bit.png,gtFine/train/weimar/weimar_000019_000019_gtFine_labelIds.png,3da1089280cf41b1fe17ce2a37dde64dc138b148f4d120845ded2f5030fbf0a0,efea51df2ebde89621327ca11e82fc9faabfb17b9c2b5be8af05f0c3fbd17322
leftImg8bit/train/weimar/weimar_000020_000019_leftImg8bit.png,gtFine/train/weimar/weimar_000020_000019_gtFine_labelIds.png,be3f87c43cc8b284183055a50e013f451a5ee55859301761824975729500f790,6299f74669a41a822dd9c6c195b6ffe1a443ec9552013a935f236332611c886a
leftImg8bit/train/weimar/weimar_000021_000019_leftImg8bit.png,gtFine/train/weimar/weimar_000021_000019_gtFine_labelIds.png,4f992ccf2dacf09339753ed96b838a3f7d3829e60a1a839f96ae42aaaffe1fde,70ae58ae94d3ca1452fa9bf94fde5975326efa2db0e9fe1a083a368b0714aaf5
leftImg8bit/train/weimar/weimar_000022_000019_leftImg8bit.png,gtFine/train/weimar/weimar_000022_000019_gtFine_labelIds.png,d02514351604ed62a90a416606dc3712aadfee780a321a12c216b636e0b7a0a1,da97ae492a70bbf3ebade0f5a7fa9dd974a920ad0219b1603880aced406a0386
leftImg8bit/train/weimar/weimar_000023_000019_leftImg8bit.png,gtFine/train/weimar/weimar_000023_000019_gtFine_labelIds.png,d773891b1137a2316cf05dfb352c21cb0a62faeefae175a33f0d0407fc8ee581,c629f8e08c0a10c408927678649ab982ca7692544037e973b8b8047c36989e5f
leftImg8bit/train/weimar/weimar_000024_000019_leftImg8bit.png,gtFine/train/weimar/weimar_000024_000019_gtFine_labelIds.png,7774bc5142b813c5109520fb2fd5cbfb4168cbf591c12675805ccbb8c9417fe6,ea032d02405a8eda619eda3c64ea0a7daf008469e7feb622278fcdb1f2053ccd
leftImg8bit/train/weimar/weimar_000025_000019_leftImg8bit.png,gtFine/train/weimar/weimar_000025_000019_gtFine_labelIds.png,6ad123f5cdc3c1795bf6c96509e313ada76a131b7f9dabb0ca77bd45c00aadcf,b4573522ef03fc159d85983eddf4cee19095cdba0e2b70b5a5188e20a0935e55
leftImg8bit/train/weimar/weimar_000026_000019_leftImg8bit.png,gtFine/train/weimar/weimar_000026_000019_gtFine_labelIds.png,280f94ed8f3454366fdefb2e1419f96ef9675fecbf6c13017ee25eb30fcfd263,f480aaf27b5622629ed1676bc960b172781bab50cb940441fcdca6438e4a4031
leftImg8bit/train/weimar/weimar_000027_000019_leftImg8bit.png,gtFine/train/weimar/weimar_000027_000019_gtFine_labelIds.png,9bf8d11f3f9c8ef0c8a24f71bd8917dabb5330bd6da50254672ae68f3f5477af,a3fa5ee55090b80f617f4b4c44945601af0de497dcb92ceb0912352e4add2a7a
leftImg8bit/train/weimar/weimar_000028_000019_leftImg8bit.png,gtFine/train/weimar/weimar_000028_000019_gtFine_labelIds.png,a314a4cf9a21d08f972efd5efd6ea8f843df2110c1f2488d78a04569e70fa624,5c538ee4ff3c1a984c5c8964328637a487ab493a1302d8d260edd77bd96ae750
leftImg8bit/train/weimar/weimar_000029_000019_leftImg8bit.png,gtFine/train/weimar/weimar_000029_000019_gtFine_labelIds.png,a15d733568c53cd8813c7addea3151fb62373914ad0494b06a7fa221d4a16bb0,f0d9d7994dec528ee0fd4e2af0778a855661a1efbed01614bb22fba9499e76f5
leftImg8bit/train/weimar/weimar_000030_000019_leftImg8bit.png,gtFine/train/weimar/weimar_000030_000019_gtFine_labelIds.png,db5a294d3bcc6ca2d28695e77d56f6547368606fd6a99cb26a575444e866ca8c,d20096a4562ec9dcc52d5b8ac5d5ef79f886ad4b1686711ae6139981da052d88
leftImg8bit/train/weimar/weimar_000031_000019_leftImg8bit.png,gtFine/train/weimar/weimar_000031_000019_gtFine_labelIds.png,d57a3222b7bdf071aa8f78c3d492098c5e365ef1f2e3ff4760bb6ccd04f2c71b,51501aeae2c546a75173ebadef58ee8ec7b3a0844227c6c7bfb71e75471567cf
leftImg8bit/train/weimar/weimar_000032_000019_leftImg8bit.png,gtFine/train/weimar/weimar_000032_000019_gtFine_labelIds.png,d167110dd5e16300bb322bcc4e771877637a29e1ad35d709b7d2ed8c551ccacd,76a383bac66aaad68f0fcc13959bcd595e67bcb155be0ab46ab63f9c6064f7f0
leftImg8bit/train/weimar/weimar_000033_000019_leftImg8bit.png,gtFine/train/weimar/weimar_000033_000019_gtFine_labelIds.png,ff72b485fb3c5683f4e5403059de76b1faf55726661d2031235e46a4b5c52f3a,76d82797a7b43956bf557db911e8330524f59dd2e72a32a206d7dece9265e7e0
leftImg8bit/train/weimar/weimar_000034_000019_leftImg8bit.png,gtFine/train/weimar/weimar_000034_000019_gtFine_labelIds.png,4bd21dcdffe063682bf6612453e6829d208f151a5cfd2dad3a67b48f4d459e53,3269fcad3278144e5e281558d95b1d9e739b90bb7db1679afac2b8f015c4b1f1
leftImg8bit/train/weimar/weimar_000035_000019_leftImg8bit.png,gtFine/train/weimar/weimar_000035_000019_gtFine_labelIds.png,116fec883846a81107b78df25894092e8954b5114a8b1fd007aa2453e33aea99,a44abfd972fb3c77422b29f49081c41ca1c6ccfac92f7405d646849f9e3b9e83
leftImg8bit/train/weimar/weimar_000036_000019_leftImg8bit.png,gtFine/train/weimar/weimar_000036_000019_gtFine_labelIds.png,50996bab6c97768ba490a66fbf56b9eff2bf361f098479b638d66d0d1209df21,e5ebf8599688866b8e16dd89a90d1174e6a6be122f9c11dcc5fc1c06a35f9954
leftImg8bit/train/weimar/weimar_000037_000019_leftImg8bit.png,gtFine/train/weimar/weimar_000037_000019_gtFine_labelIds.png,50afcc61f8149e95c23d162d11c3f88e4548e916cf6d172d20b0fb653ceeedc0,194c5f410b260946f888bb4ba743037464c4bb025ccfdede67ceb18aa995ea4d
leftImg8bit/train/weimar/weimar_000038_000019_leftImg8bit.png,gtFine/train/weimar/weimar_000038_000019_gtFine_labelIds.png,84333ca8d374c3259d7ff2ec8bc63d4da74b19b8c9cc03893221b170e63be12b,5e30f759b01c9a6bc6affbcba699c5617df1d7097dcc781186d18b603bf2dea9
leftImg8bit/train/weimar/weimar_000039_000019_leftImg8bit.png,gtFine/train/weimar/weimar_000039_000019_gtFine_labelIds.png,c0cbe2e65e82081bbe85be94d743176785bfc0db6f95c782aed0804766d78ca7,0a7fe8be4d79f2f96b662411e5c9108dcfee02fb24e45a0c7e561303fb803bde
leftImg8bit/train/weimar/weimar_000040_000019_leftImg8bit.png,gtFine/train/weimar/weimar_000040_000019_gtFine_labelIds.png,700ca072e6b3ce8713e133f813d641d0f0983571f9599dc13e0e1f1ecdbc31f6,7a4f0f134a9ccb1d05ba7ef7c4920254c63b04d9edcc6a09907d38c72fe57641
leftImg8bit/train/weimar/weimar_000041_000019_leftImg8bit.png,gtFine/train/weimar/weimar_000041_000019_gtFine_labelIds.png,85e2cc3941cf5dfa8cf0c9abf6e296d38e30eed87c2b46aad1c86ee3e9844cdd,16e369e2ab4e6495a4ef896f3dda0c965f911b084e18e6b41e7e7076d3f31ef1
leftImg8bit/train/weimar/weimar_000042_000019_leftImg8bit.png,gtFine/train/weimar/weimar_000042_000019_gtFine_labelIds.png,a922adf9fc6d0ed86f4288193a608366e61b39bc2117d837a11fb131be494684,8151edb0e3d2ac4cfe5530a149bcc59d7a053763a7442afdd4fe81d15abe0677
leftImg8bit/train/weimar/weimar_000043_000019_leftImg8bit.png,gtFine/train/weimar/weimar_000043_000019_gtFine_labelIds.png,bcf9bf97bbbedd174121c7ba3d04cdb988256db3f75e8de5970722217894ed8d,db89932e72ff892a72d1b45d2bf8ed8cfd65a9b423d6edc993164aa27bcaed31
leftImg8bit/train/weimar/weimar_000044_000019_leftImg8bit.png,gtFine/train/weimar/weimar_000044_000019_gtFine_labelIds.png,9ecda4fefd9710a61ec04c1f51a923d13887124c70b1e55c2a6f34de9aac4356,df9f20173912fede753f396dab09b4fd5211c8c2bb16864336e0cdb1cb3af905
leftImg8bit/train/weimar/weimar_000045_000019_leftImg8bit.png,gtFine/train/weimar/weimar_000045_000019_gtFine_labelIds.png,aaa659fe823cb713664d417dd87bd104f29ee3014c693c2bb2b8cd464c4c73b0,f0980692cfeaa7e27eda4cd20b3beb3f009d8b9f0d54ed63851a9b95108e02d2
leftImg8bit/train/weimar/weimar_000046_000019_leftImg8bit.png,gtFine/train/weimar/weimar_000046_000019_gtFine_labelIds.png,88f0adfe7120232421b65f1b879cec8291d13a9bfffb6a03a58a23fb0467c4e2,ea3f3e60246439644f1283b352ea651196dcdbd8a0d1c9e818c2034e88b30860
leftImg8bit/train/weimar/weimar_000047_000019_leftImg8bit.png,gtFine/train/weimar/weimar_000047_000019_gtFine_labelIds.png,d9e2196c95d5b7f5d0090b784f58b6ff1fed1a1f0b3aa43ee20a18b8ae7cbeb9,c69906b63c27d629d2da7d1d1d037a9e038e9593da0f40abe7af2377ee28828d
leftImg8bit/train/weimar/weimar_000048_000019_leftImg8bit.png,gtFine/train/weimar/weimar_000048_000019_gtFine_labelIds.png,0790b1e8397dc2fe7a619b81f43cff1aa74bae4ff55f8fe4254553d5c7134d9f,195074c0bb08d6700be0cb4d1be440af7f9b65b56bd7f7362a6c6a2d969928cd
leftImg8bit/train/weimar/weimar_000049_000019_leftImg8bit.png,gtFine/train/weimar/weimar_000049_000019_gtFine_labelIds.png,9b3f63e5106232f0fcce326a854a29a769f25c0fbd95a3866486630456e6735c,7addb102528b10cdc5782cd620d92965703f980733e06c68a45b8cf69f3cafbb
leftImg8bit/train/weimar/weimar_000050_000019_leftImg8bit.png,gtFine/train/weimar/weimar_000050_000019_gtFine_labelIds.png,257fa36a2f938e3bd8b493b953f2c42d021ab356e886384cb8e4b7ee29804d89,0d2505b81e82ad528bae95094fbf0cced0dc943a2365cd6738d81782573b7e4c
leftImg8bit/train/weimar/weimar_000051_000019_leftImg8bit.png,gtFine/train/weimar/weimar_000051_000019_gtFine_labelIds.png,010650fa6cac1f0716c1c7385e242688ebfef5f73fb0e1c4ab0cbdeaea43f321,51f9b52c07b798a26b77883965fd71ea7fa0d4a9ac121b8c05154425187002da
leftImg8bit/train/weimar/weimar_000052_000019_leftImg8bit.png,gtFine/train/weimar/weimar_000052_000019_gtFine_labelIds.png,df7c6c1edceed08ab0e71e5c7d53e44438195316119b214b6a831f130c7a5886,947d7564b9363ca4ced60d3df01ee7d3684dc8b2c5b11e21c80157246fcc2597
leftImg8bit/train/weimar/weimar_000053_000019_leftImg8bit.png,gtFine/train/weimar/weimar_000053_000019_gtFine_labelIds.png,a4ab3c5d88b0471ff781d917a279f4f67b9643ded91f6227c5ac1752fabd688f,144dd632b3063e264650fe7737c33d220d110f5b0ae7b05f8ca964c87cff025f
leftImg8bit/train/weimar/weimar_000054_000019_leftImg8bit.png,gtFine/train/weimar/weimar_000054_000019_gtFine_labelIds.png,da101bc7c979d2857d0c8cac46cf792269a765d53e5829870db4d18a88534163,4a6fe80b2494af38dee6827122fde0c2dbe80ac5aaa84f04080ff28f7315fb96
leftImg8bit/train/weimar/weimar_000055_000019_leftImg8bit.png,gtFine/train/weimar/weimar_000055_000019_gtFine_labelIds.png,1102308ec08a13ecd2ecfdffde5755a466c62ae408f3a22b372f714ee5e28243,5f933f178ab146d250498c1dfe64ceba15c1299f2b434f67cce28f22f889e566
leftImg8bit/train/weimar/weimar_000056_000019_leftImg8bit.png,gtFine/train/weimar/weimar_000056_000019_gtFine_labelIds.png,400f6a05b4ea08f169c1c033495d89df3be5636afb0485c26d1f039fcbee3ac5,a41396b0e53396579956c11ed3638a1f24c94c9eee9e1a5e55d47ccae0beffe5
leftImg8bit/train/weimar/weimar_000057_000019_leftImg8bit.png,gtFine/train/weimar/weimar_000057_000019_gtFine_labelIds.png,205a90e62f0c3aee9bdf63523142cbc98283e5626361ffc42e14c6bbf7b7ff5a,43c076e66c80b413fcfabf45de4d4fbc12f77b7387b950d8200b4cd6ab5eb1da
leftImg8bit/train/weimar/weimar_000058_000019_leftImg8bit.png,gtFine/train/weimar/weimar_000058_000019_gtFine_labelIds.png,0ccd33e435cfbfd21c7bbb511c75e8d91f66d3f0f96d47cba43bce95f54a7af1,7191c3ff0313645aff76b5e09b702d1768a8b7ce8f880958f339147dcb7779c8
leftImg8bit/train/weimar/weimar_000059_000019_leftImg8bit.png,gtFine/train/weimar/weimar_000059_000019_gtFine_labelIds.png,1d13a1605f4bf16c1f466dd79ed4a6fe1de59d319b094b5d33e248dfd8b1a8ff,49b9da73515c4bd79db6eb8e5f32122ca264e59d5a644623f1b6174b19b179e1
leftImg8bit/train/weimar/weimar_000060_000019_leftImg8bit.png,gtFine/train/weimar/weimar_000060_000019_gtFine_labelIds.png,e1d65ed9292a458308635750fa73d7f6dcc97684d22c5447dcd0dff7b7ef6260,7cdd1be2cd3c52e793cd33fbe23f915c63a7288b03bca6928510845c0e2ded4d
leftImg8bit/train/weimar/weimar_000061_000019_leftImg8bit.png,gtFine/train/weimar/weimar_000061_000019_gtFine_labelIds.png,4cfe4f45c50e1d8c29d5191c8ec7a112fa75c58633a2ea5573a634a01813b660,90f315265bb1238420f71ee47b06b0c1452bd4079b9575abeeeb80d43a7a8ae6
leftImg8bit/train/weimar/weimar_000062_000019_leftImg8bit.png,gtFine/train/weimar/weimar_000062_000019_gtFine_labelIds.png,b29c30a50ed897cf5330a1826bc3207c996a9be8d69944dd9d126bf1708ca619,06503b44284fe7e9c6717be751f9fd396fc5276ccd745aaa33fb385d4fc6c28e
leftImg8bit/train/weimar/weimar_000063_000019_leftImg8bit.png,gtFine/train/weimar/weimar_000063_000019_gtFine_labelIds.png,ab23c27dd2f269dae41ce2e2223f96442cf23464362f90db5f63d3464ebaf89c,ed9d717c80416dfeecdcf004ae0bab6fab041fc42261a859fff5b2487427cf4b
leftImg8bit/train/weimar/weimar_000064_000019_leftImg8bit.png,gtFine/train/weimar/weimar_000064_000019_gtFine_labelIds.png,6ab27fe55edb92e14f31c13de67e890f8cc3b313200c52f790a810a2b48f4ce6,aad13699c850eb70f8061aa1a4f217f3282515e7f184bacb96ee79775d27978e
leftImg8bit/train/weimar/weimar_000065_000019_leftImg8bit.png,gtFine/train/weimar/weimar_000065_000019_gtFine_labelIds.png,82998433dce47b4d6375eaa8302866427e841c8ab7e13456fb5e882f4679b42a,b4e6d0d3777959f463d27309d0d7cb2043aa4bface17f5666d92443fa707de96
leftImg8bit/train/weimar/weimar_000066_000019_leftImg8bit.png,gtFine/train/weimar/weimar_000066_000019_gtFine_labelIds.png,183563bef80d301195431682043b40b5fe10a61ca01b0ec6275ea3268d791dc4,b9d1ef592c91ac45955aff32090c3d0e1ae920df5361f4ce699416205ca22b01
leftImg8bit/train/weimar/weimar_000067_000019_leftImg8bit.png,gtFine/train/weimar/weimar_000067_000019_gtFine_labelIds.png,a534b414c49815c257a174d3cfd9df5531469d10aefbd2b6652e2aa8e2b9634c,654096c319365ba8714240adbee9b37ee885d2f47080e717e392fbbcad93bee7
leftImg8bit/train/weimar/weimar_000068_000019_leftImg8bit.png,gtFine/train/weimar/weimar_000068_000019_gtFine_labelIds.png,9302cbd9776b6ac4171da59a7afe102e077844b2026d53a9d7d29b041665eeb9,878099531f93cc7577c748649002db7e6647bfca0ea6a784acaaf71c688d8617
leftImg8bit/train/weimar/weimar_000069_000019_leftImg8bit.png,gtFine/train/weimar/weimar_000069_000019_gtFine_labelIds.png,88280cf2d4ae387795c1a0f5177fba480234ff59679586e77098ae1eeae53002,ea077822bc8df3fa744155b8c953c5a2c4fa63c5375b7e9fa7b978f5dec8acc3
leftImg8bit/train/weimar/weimar_000070_000019_leftImg8bit.png,gtFine/train/weimar/weimar_000070_000019_gtFine_labelIds.png,cc0de8e1c6b1f8d31a64d52979d2122d2509e86d9d699ced0e982f73e43385eb,d632d82d8217d07c7272b7b4cc09e4587ff3c95d9a9fa4296b96b89bc1e3a981
leftImg8bit/train/weimar/weimar_000071_000019_leftImg8bit.png,gtFine/train/weimar/weimar_000071_000019_gtFine_labelIds.png,6402acffae05624f7d75f29630aa983f6bc66f3580353228ed62c54850fbea16,e9132538a135c52bb1e9220b7a078b1714a3686c9e71c10895a06ae58670c893
leftImg8bit/train/weimar/weimar_000072_000019_leftImg8bit.png,gtFine/train/weimar/weimar_000072_000019_gtFine_labelIds.png,405a243e7e95bd2a17ec393b83c9447736c9d95102e41d954b177b05adfaf78f,8d3c18b15fe1c9c53eca1dcd3227975ea31f6540be901780b86345b94a5a058b
leftImg8bit/train/weimar/weimar_000073_000019_leftImg8bit.png,gtFine/train/weimar/weimar_000073_000019_gtFine_labelIds.png,51e6cd82486f93ca96318955b219ee233be58befb6722d463e14c4768adab5df,70352c28fc0dc60f6dd45fb8a624c7137d9a6e354af38c423aadcaca96e761ba
leftImg8bit/train/weimar/weimar_000074_000019_leftImg8bit.png,gtFine/train/weimar/weimar_000074_000019_gtFine_labelIds.png,b30d0862bb61405ac86aebd099a7fda593fd2d497428f23392708816625d200f,e00a2c9fd06a78a6c92bae188aa8c874de9080b14daab155031af9a16114eaf0
leftImg8bit/train/weimar/weimar_000075_000019_leftImg8bit.png,gtFine/train/weimar/weimar_000075_000019_gtFine_labelIds.png,9050988af27bad369a2b9a9b126056e50213d3c1b995e2c75abb066e3c2b399a,4032999abf8429c52703a8e7271d2376a422046583d25a3a42961604f2671575
leftImg8bit/train/weimar/weimar_000076_000019_leftImg8bit.png,gtFine/train/weimar/weimar_000076_000019_gtFine_labelIds.png,feec71c2645e68235d05e30053c4a0ebf179272d48ac728459447de5381e36d9,bfd5db5bbc4a038637301944daf840594d31c9f8a0f2685827487bf884109266
leftImg8bit/train/weimar/weimar_000077_000019_leftImg8bit.png,gtFine/train/weimar/weimar_000077_000019_gtFine_labelIds.png,d162d4d79b073fbd6de1a07a5b01e030ee7e7b6afe20ba45025cc8fd0305c164,e0339c58615e398ebf0702a6ea6aca641bc73e7c026f4d8c9ad2b63807a42cfd
leftImg8bit/train/weimar/weimar_000078_000019_leftImg8bit.png,gtFine/train/weimar/weimar_000078_000019_gtFine_labelIds.png,ab7dd52c5dcada503107d65680abb5668b11c85454d07110bf895b0f04342516,3ba0855ccd70872232448218e7483cb0322de02233c048a53c2f444972f2ff02
leftImg8bit/train/weimar/weimar_000079_000019_leftImg8bit.png,gtFine/train/weimar/weimar_000079_000019_gtFine_labelIds.png,6d588191e0405e5e044611b2ef54adf8fd664250a2a39e8f2c3b090b6668dc83,c0881f96da3f0b53de40aa2622fa548a5651cc320652e26c2fcd1de11e25e3b6
leftImg8bit/train/weimar/weimar_000080_000019_leftImg8bit.png,gtFine/train/weimar/weimar_000080_000019_gtFine_labelIds.png,832431be3cc7e1315c5a2d1dade871d5b39e44678c08315c9cfcb0773e2d8ecb,6b3e37825f83efa60f5708bb7f5b0c64296457952b05bc9a242072e871c3a88c
leftImg8bit/train/weimar/weimar_000081_000019_leftImg8bit.png,gtFine/train/weimar/weimar_000081_000019_gtFine_labelIds.png,2cf1562c680af9cba2e93378b7456df5ae13584cfb6ed9d9722c12bab06ad1f4,1ee4c73d041a5670b5f3c9f29e570cc29f5d5a97d01f176a4a9e79053c652027
leftImg8bit/train/weimar/weimar_000082_000019_leftImg8bit.png,gtFine/train/weimar/weimar_000082_000019_gtFine_labelIds.png,3ecff8e1c67dbd401866bdeec94dbf2b7f82ffe22ffe6b7d14ca7ee608fa2b62,2234ab473a4a44677b880d5807bb698c3229450723b402555cf5bfe1ab3e884f
leftImg8bit/train/weimar/weimar_000083_000019_leftImg8bit.png,gtFine/train/weimar/weimar_000083_000019_gtFine_labelIds.png,549b6bed05755e65fa76b39c95d48bae037a03c486eec260f1a6afd3ce4bb0db,d24ab8bf4ae8655e7c2ac0940100c8c3a28d3e78ed73077a8bcf81d0a2ad17e2
leftImg8bit/train/weimar/weimar_000084_000019_leftImg8bit.png,gtFine/train/weimar/weimar_000084_000019_gtFine_labelIds.png,b55aaa50dc32753ab4257eb36dca62ecbf0a386c5bcdfbee3263228cbc8e6eb7,a7f34f6acc9b59048fe5d06c25d7dbf567bc2698ecc39c112e4e82b027ebd104
leftImg8bit/train/weimar/weimar_000085_000019_leftImg8bit.png,gtFine/train/weimar/weimar_000085_000019_gtFine_labelIds.png,6874d82f2d75da8c870f2a8622f81c590efc27e5f1f4f861aa296ab83c7d7994,8f30588ce24c81974bf15311617eed7c4eaebb8ac31dc2099403046703127f08
leftImg8bit/train/weimar/weimar_000086_000019_leftImg8bit.png,gtFine/train/weimar/weimar_000086_000019_gtFine_labelIds.png,4e8026308a7937074d120a0115e4c9193342eca8286f268433c9de4368cef99b,593934c4bb600ada68aa9404f16ea843feead64749f5847d6e8d14ad27c99684
leftImg8bit/train/weimar/weimar_000087_000019_leftImg8bit.png,gtFine/train/weimar/weimar_000087_000019_gtFine_labelIds.png,4aad7d2701b9812afaac784404093c3abde5d71b884097ab9230629ecec7921b,e60634a4feceb227d2b858b658cc8c212573a02fb1101d5aec499dec1fa9c07c
leftImg8bit/train/weimar/weimar_000088_000019_leftImg8bit.png,gtFine/train/weimar/weimar_000088_000019_gtFine_labelIds.png,1491ea18a6299af77fe5949ae1ec31cfa72684bdbb4d5eebfa592d17ab35b011,b121c72e847f2dc70c6c01caeacfd01614379955f13d6bc4a03e7bfe1e6e99e4
leftImg8bit/train/weimar/weimar_000089_000019_leftImg8bit.png,gtFine/train/weimar/weimar_000089_000019_gtFine_labelIds.png,96ad55a6712a00e6f1c58188e30c623f4ba316f16087d1f6b52a7bd6bdb1443d,d3e6047dc5791e77c2a23cd16520edc6d77fe51fa6eedfb00407d1d3dfc0c484
leftImg8bit/train/weimar/weimar_000090_000019_leftImg8bit.png,gtFine/train/weimar/weimar_000090_000019_gtFine_labelIds.png,602edae55d8e63e1b81b6940380a19d08988286a077933ae90d37495711e45dc,55a8f9a7eece2e29349e6cde5170bd99ae50b9b34cb986ee1718045307b5b4bc
leftImg8bit/train/weimar/weimar_000091_000019_leftImg8bit.png,gtFine/train/weimar/weimar_000091_000019_gtFine_labelIds.png,42833192fe122603b6fadcf50dfc6b7e654350bc1e1316c456efab90082c3d2b,74e0b10eafe0a343e65dba832ad519800e1f904f93f8732709aa49f03372f8fe
leftImg8bit/train/weimar/weimar_000092_000019_leftImg8bit.png,gtFine/train/weimar/weimar_000092_000019_gtFine_labelIds.png,05b94c4aecbc438ed79a78eec74a0f7236c96bf68816a929754140c1f5c84c58,aa103885c36b09d3c0edeaa7226c1a6855b048b87b072c288dc70a0fb206e088
leftImg8bit/train/weimar/weimar_000093_000019_leftImg8bit.png,gtFine/train/weimar/weimar_000093_000019_gtFine_labelIds.png,44f9836cc4f6183964eeebefc5df26ffdcd3e2f93f72d4888a6a56624be94b59,6ec29b7cdd2a35d1bc0292860b6b9bf9963117f85987ec45127f932c12afd166
leftImg8bit/train/weimar/weimar_000094_000019_leftImg8bit.png,gtFine/train/weimar/weimar_000094_000019_gtFine_labelIds.png,562ad20d7b3175f2b5ef5b75dca6f399afdd4be08ebf377fd052956621d57cfd,1911a93ad24f4175526729d60d21e7f20645c9f96ef43e1af06828b27322863e
leftImg8bit/train/weimar/weimar_000095_000019_leftImg8bit.png,gtFine/train/weimar/weimar_000095_000019_gtFine_labelIds.png,7dc3f5876e3ac92a02946d7b8a0e1529d8bc3db8e1b58448fac3fd9511ccd0fc,d82dabda1bd0b4ed82d33ee456a711db62137d4e319a354adbde5c67ca0699cb
leftImg8bit/train/weimar/weimar_000096_000019_leftImg8bit.png,gtFine/train/weimar/weimar_000096_000019_gtFine_labelIds.png,bf45e26ea85524da719b8a7756965521a776d4a77dffde04b975f6137f0997c3,3bdb96475a3a6dc876b3a3d6b7f68641d5c41a609bb9719fbcb3b51b209abb59
leftImg8bit/train/weimar/weimar_000097_000019_leftImg8bit.png,gtFine/train/weimar/weimar_000097_000019_gtFine_labelIds.png,8159bc2820870ba6efb70102c6be6395fb5db8402640af2f6fc5bbfc81691daf,7fdfaed8ce6cb7c21c993f11b0a5f7ec3cf37e26ae28472f8b1b7024207bb97b
leftImg8bit/train/weimar/weimar_000098_000019_leftImg8bit.png,gtFine/train/weimar/weimar_000098_000019_gtFine_labelIds.png,aa843e821fb7fca38d1b2ffed87ad63775633c2be86cd1197df966c29ad418de,6786572ad9076b00c3594de421b7714a66cbc6219167848cd951d5a6c2167743
leftImg8bit/train/weimar/weimar_000099_000019_leftImg8bit.png,gtFine/train/weimar/weimar_000099_000019_gtFine_labelIds.png,e3d0e573a48ae2db44abb3cc183a5a402c632dc2d5f9c411fd9e357372d9a767,2abf5cc47917b31414b81327834b2c834c1c9fcaaa02ec6959b5a8586a93d6f6
leftImg8bit/train/weimar/weimar_000100_000019_leftImg8bit.png,gtFine/train/weimar/weimar_000100_000019_gtFine_labelIds.png,bf263e1ff44a3d75ad0ae364dba441658625304cacbc3a8792719a4e5c75c57b,81e3067875c2adaec2c42d5b19916354b88508fe4c30be554a45364fc524402f
leftImg8bit/train/weimar/weimar_000101_000019_leftImg8bit.png,gtFine/train/weimar/weimar_000101_000019_gtFine_labelIds.png,adce8ead63f604b93b5990cf1edbd7c41efe50cd0539e273e134bd9a9ac670ca,1eebd67a4b3e88a544a15bea554613dc426b9f253796f84b1a0412125f4ff7d3
leftImg8bit/train/weimar/weimar_000102_000019_leftImg8bit.png,gtFine/train/weimar/weimar_000102_000019_gtFine_labelIds.png,66535b20272327e3e48004d3c802d3955bb43765d1223c4757f03c51894172bd,72c8fb576c3c7395bf0a49c2be883dc553f90c3ac7f07b929529fab767eccdbf
leftImg8bit/train/weimar/weimar_000103_000019_leftImg8bit.png,gtFine/train/weimar/weimar_000103_000019_gtFine_labelIds.png,a14bc60941eb582a15d7c7fae523b58e625a203227935bd0d7b89345c70a4cdb,bcdcebc34183652a1d2cb70c62f931b71fb9b265f55f5d874ddc33076e6cef9a
leftImg8bit/train/weimar/weimar_000104_000019_leftImg8bit.png,gtFine/train/weimar/weimar_000104_000019_gtFine_labelIds.png,3800073ad3a18acea0cf4f563f207d8b4879472bc368b976f9efcd3e6e536b78,63d186d8375ab81d1ce9c3031bbefb70d88485963c3c5a1dd4a910e5514fbe9c
leftImg8bit/train/weimar/weimar_000105_000019_leftImg8bit.png,gtFine/train/weimar/weimar_000105_000019_gtFine_labelIds.png,fc581c25806e18828730d484c545de42908596ba4e964efbd7c5d1c68836a3a4,a376cf3a122845c6f2154cf576106651879f1351ef117c04029fcc4f1191655b
leftImg8bit/train/weimar/weimar_000106_000019_leftImg8bit.png,gtFine/train/weimar/weimar_000106_000019_gtFine_labelIds.png,33540eeb6721c809fe8d9aff7796aaa1c1272bbc40be7b2556cd0d2985da18fc,4735ecea3e24115c4b30088611bc1a922b446990fb80f18635690f3a5b9d4d5c
leftImg8bit/train/weimar/weimar_000107_000019_leftImg8bit.png,gtFine/train/weimar/weimar_000107_000019_gtFine_labelIds.png,c9015bc9b61521b80e0230cb6a021826aed4fcc8dde835c275ed2136195a0b90,c7ba4aa6a9e23d3847a76dc48dbfc05f4143a36e74321ba52f196ab5934fb57e
leftImg8bit/train/weimar/weimar_000108_000019_leftImg8bit.png,gtFine/train/weimar/weimar_000108_000019_gtFine_labelIds.png,90356b1ac351f1cc0abda4c7602d9a2eced55ddee6703841f5d2325fe6cc1a7e,548285961c4d23280dc37798b87ad07572cc18f81cb024faf02ae82cd0625eb9
leftImg8bit/train/weimar/weimar_000109_000019_leftImg8bit.png,gtFine/train/weimar/weimar_000109_000019_gtFine_labelIds.png,6f450f29213c21f8cccc2c5503842deb27280a6a32a471a548f4db5e547bbd2d,da44f968ad97f533ada439c14d57d38d3935006e499f821614e6a3141d45f2e9
leftImg8bit/train/weimar/weimar_000110_000019_leftImg8bit.png,gtFine/train/weimar/weimar_000110_000019_gtFine_labelIds.png,0db761d27d6430ee6d9c46b9d400c4ed025fa7b4052d47681c93805386a639a0,0dff48ff505fc96ffcc8f2242020e85bb54bb8ce013e36ea0c36fcc1f3114e3c
leftImg8bit/train/weimar/weimar_000111_000019_leftImg8bit.png,gtFine/train/weimar/weimar_000111_000019_gtFine_labelIds.png,fd21ba0dc69f14575f0b50b403f482d3c9a8c07014b93dd9650fbddd663c9740,f3ed5cccdc694935c8ef8ad5db5ab6c6471ef18007c29fa08648befa6309f841
leftImg8bit/train/weimar/weimar_000112_000019_leftImg8bit.png,gtFine/train/weimar/weimar_000112_000019_gtFine_labelIds.png,8d9f4f31ec0f147ae609398990b12ea240492ec24e2cdbdf9d1620a00ecf3939,20ee2a2a8d617ce8a09dab31c5f1e395eedb4dad862926b6f3a2f9f756181be0
leftImg8bit/train/weimar/weimar_000113_000019_leftImg8bit.png,gtFine/train/weimar/weimar_000113_000019_gtFine_labelIds.png,b96801554cd39dc1442c70ca6ed156500f8848af6263318e90be1796e5f37798,b329f4a7c573b30e4230dd4aeeeebd802fb3c3da01a0df9406754b252a4ca013
leftImg8bit/train/weimar/weimar_000114_000019_leftImg8bit.png,gtFine/train/weimar/weimar_000114_000019_gtFine_labelIds.png,8c0577643237a07feac620cfe7f29b8c7b7245839e051247fc9a1bfb52cf13ec,382a4b2deb42342affe7cc34833dd07fa861c2325dcfa773477fa69cbb6d5565
leftImg8bit/train/weimar/weimar_000115_000019_leftImg8bit.png,gtFine/train/weimar/weimar_000115_000019_gtFine_labelIds.png,553f5314f94ae17e878e01e87b517794f869ed0d55ed23821638fd063c104f12,6936f7ae454e6e154352402349ed63f769b1be0112b013342f819aa5045ec30c
leftImg8bit/train/weimar/weimar_000116_000019_leftImg8bit.png,gtFine/train/weimar/weimar_000116_000019_gtFine_labelIds.png,e9d41f84fe8925592416949ea5e419d5d10a36c04637aa1dead87b83d9e529d1,289e2b7b76032903a89e782cb697d6f8bb2da37845e9e7c1e3ad41d2276540d5
leftImg8bit/train/weimar/weimar_000117_000019_leftImg8bit.png,gtFine/train/weimar/weimar_000117_000019_gtFine_labelIds.png,6f92a77716d738b2af3c99ed6ee7f4314970eeb17cbb795a35d31de62bfb4854,f562a5ad6e77c4599a4ff77c76237ffa5b68b1e7b74e8801a68af391bc05a9e0
leftImg8bit/train/weimar/weimar_000118_000019_leftImg8bit.png,gtFine/train/weimar/weimar_000118_000019_gtFine_labelIds.png,2de1fe285704d78d2c048565eef82395e2a88a796ed3c6a3cef1334a05cc2fb1,6de9ca43c0692fc69b25c52605c83bc7760a4485175991b5389ecad62e3c6d8e
leftImg8bit/train/weimar/weimar_000119_000019_leftImg8bit.png,gtFine/train/weimar/weimar_000119_000019_gtFine_labelIds.png,e53151c112e37305f3dce7cda0044dc4617376b5440c2c14dc581f3258eb53c0,8831b93a906ca6d54e9085d22d08c28f58059c360098b819999da4c51fc03336
leftImg8bit/train/weimar/weimar_000120_000019_leftImg8bit.png,gtFine/train/weimar/weimar_000120_000019_gtFine_labelIds.png,875ac90f3fe7532aaf8921c388fb5a80301dc1d924a742aa1ee154dad2c94012,bf207638d443b50327bccfb3d293df8fa14313abe20266ee13120e1ae4e855b0
leftImg8bit/train/weimar/weimar_000121_000019_leftImg8bit.png,gtFine/train/weimar/weimar_000121_000019_gtFine_labelIds.png,cf4995c5e04916103477e16f66cfcf41fadc31616127f6990645e7bea933b7a0,594f242ee4d625b8e92beb82a773cef9fdb8a40371e9af46a6c38f0c1e34dd65
leftImg8bit/train/weimar/weimar_000122_000019_leftImg8bit.png,gtFine/train/weimar/weimar_000122_000019_gtFine_labelIds.png,a8f9822d7ae6b498f4c55cf072f2fcdd617406241b95d54ad5a3a7b9b1c88011,555ca599e29d695d005b9e9fbdebf51b85101046172e45207c78c9e1493e561f
leftImg8bit/train/weimar/weimar_000123_000019_leftImg8bit.png,gtFine/train/weimar/weimar_000123_000019_gtFine_labelIds.png,14d0ae00a658f94f64d9d20c7b044b6a6f15d56c509aa6a020eca0fe791ef854,60ecb114ca756a307bcdf798a312f3731bd11e0d1232106b4bd9f85bdca1eaa1
leftImg8bit/train/weimar/weimar_000124_000019_leftImg8bit.png,gtFine/train/weimar/weimar_000124_000019_gtFine_labelIds.png,1d048b4a9ea2bc6e5a85bd7a8c6659d43be5d0ea6b84f3b5701278660e398531,a9c1a6df6787bdc842e7162731b48055eb4f4b9860a51be7a32aebe255cf55f0
leftImg8bit/train/weimar/weimar_000125_000019_leftImg8bit.png,gtFine/train/weimar/weimar_000125_000019_gtFine_labelIds.png,0f866d2b17877024d8c917695089b41ee4b53070051b2c5ba03343d63844b539,f5d16fd644e3cec0286c64e8760c6e776ea947fdc9155a3ff2db7ed7e23acab3
leftImg8bit/train/weimar/weimar_000126_000019_leftImg8bit.png,gtFine/train/weimar/weimar_000126_000019_gtFine_labelIds.png,860c831dea784118f9ba695c9b08ba699f1f704912705fa811c2dc689a15dafd,1808f85320341233a794aba80b7913013d14e6cbab78bb89fefaa2d433e3479c
leftImg8bit/train/weimar/weimar_000127_000019_leftImg8bit.png,gtFine/train/weimar/weimar_000127_000019_gtFine_labelIds.png,2253bd94d30d265cc87fd1d64ba8fd0bc2672e6811be0ce02d0436cb896ba243,016f53b80d4bec9aaa57414543fa30604def5727d9ef4f01bf5c0276f2c9787f
leftImg8bit/train/weimar/weimar_000128_000019_leftImg8bit.png,gtFine/train/weimar/weimar_000128_000019_gtFine_labelIds.png,45bba0cdccc63295dd1229d47e66bc6bc224821175401bfc652b8768e845b45d,4bec00440e367502e9ea9809eacf382fa288f61ca90c62b14ef61472c2b75369
leftImg8bit/train/weimar/weimar_000129_000019_leftImg8bit.png,gtFine/train/weimar/weimar_000129_000019_gtFine_labelIds.png,83f88f06b59e861c36d377303b06e82f7a7f56add413211a242b60741407d387,d3a77fcfd1bf0ac47be44b48d6e15c6e83e928006203fd64b03325d895f08c43
leftImg8bit/train/weimar/weimar_000130_000019_leftImg8bit.png,gtFine/train/weimar/weimar_000130_000019_gtFine_labelIds.png,d83b769ba05d3aaaec7d7ec25631bb2535386ce212a55edd9a2a9d651634243a,1c1741422dfd9fc0b229ff25151b8f3ed98ee916e6203d585e2c6984a5c1b627
leftImg8bit/train/weimar/weimar_000131_000019_leftImg8bit.png,gtFine/train/weimar/weimar_000131_000019_gtFine_labelIds.png,9f948294baee79f1d0ba879d16d880dfcf7892120f16147cebb57854156c0d6e,a4fb06735f5ab0cf896265fe7c24ed64a654feb44b575f42bf71c0b19602961e
leftImg8bit/train/weimar/weimar_000132_000019_leftImg8bit.png,gtFine/train/weimar/weimar_000132_000019_gtFine_labelIds.png,8c2db36e59442676f72b4d4616ec3d74bf997a20f404bbb10a80e28ef95ad3ae,556689f769362ce79dcfdcecdcba7a7f6746274b37d557bfc183a39b437abe86
leftImg8bit/train/weimar/weimar_000133_000019_leftImg8bit.png,gtFine/train/weimar/weimar_000133_000019_gtFine_labelIds.png,2f88814e3e51c99affaf4a2d5d9fc405bf76b9b54c1ca24ca04cc132089419f7,8dfd2ba3b2573d3c28d78a562647aa450e90073542dc982b9fb60d9b90c226b1
leftImg8bit/train/weimar/weimar_000134_000019_leftImg8bit.png,gtFine/train/weimar/weimar_000134_000019_gtFine_labelIds.png,598c3af30cdb8de835886bd30507027552c4e74acfcdb4d51e7ee1b36e0cca58,d36e77bd0db2cee33d0b7ea22b857bae2dd1163f1f5a2528f873154c55d553ac
leftImg8bit/train/weimar/weimar_000135_000019_leftImg8bit.png,gtFine/train/weimar/weimar_000135_000019_gtFine_labelIds.png,8fbf7322d9b93859587afdad2a8e804db88dbc5a8ee8c0ce54a754530ff0d03e,7783e4660e6fabbb21206819637e2ab82f7a82df0e3283d02c0faabc2f3d4451
leftImg8bit/train/weimar/weimar_000136_000019_leftImg8bit.png,gtFine/train/weimar/weimar_000136_000019_gtFine_labelIds.png,7eda1a10348ad43787599f2c5b83f90943863d514476e08af090e37570092c8b,422f65e9a74c2e27a8dea7557e5a356d5e9c45b9eb2d71d4f7ae8c1f17cd5e81
leftImg8bit/train/weimar/weimar_000137_000019_leftImg8bit.png,gtFine/train/weimar/weimar_000137_000019_gtFine_labelIds.png,cd1eb04ad736f05b718218de4cb22d24ccfd6ae184911e06c0ac0847cf9d51ee,6bdae36d9cdfb261918d21011f529449b1c3f0e11e59ee8f2af5457af614dd8c
leftImg8bit/train/weimar/weimar_000138_000019_leftImg8bit.png,gtFine/train/weimar/weimar_000138_000019_gtFine_labelIds.png,6dbd9661ede3086ace10311a71c8fccc8e4ebb225af1d6ca2ca72d1f2afaf72e,c20ff92d84805b935013a8e1aced0887dc19df75dc540e6e03855b3ec0073f38
leftImg8bit/train/weimar/weimar_000139_000019_leftImg8bit.png,gtFine/train/weimar/weimar_000139_000019_gtFine_labelIds.png,03f02c0a91055702fa9fada6e2b8d91790f9c984598fd5468cdbfadcd2c5ea3d,3446d9474b2836ef9f3d641d46f3f349884ceb04cd644e805b42dd712f496c9f
leftImg8bit/train/weimar/weimar_000140_000019_leftImg8bit.png,gtFine/train/weimar/weimar_000140_000019_gtFine_labelIds.png,e943bbfee7ff4c59a153a1ee8c886a78a6aa997de0d9c5c913f60d2f982ceaf7,8911f33cd520285bd3fbd014355a9aa1ed91efcb71d22e425c3a378625fea022
leftImg8bit/train/weimar/weimar_000141_000019_leftImg8bit.png,gtFine/train/weimar/weimar_000141_000019_gtFine_labelIds.png,25ae649e81b376a31fc3629f7cdd5ab82b7cf08794d79c4da79266cbd3a35dbf,79e527db96f6736578b7ebeb47a282f9f2c0903c61bbaa17156ce297acdce393
leftImg8bit/train/zurich/zurich_000000_000019_leftImg8bit.png,gtFine/train/zurich/zurich_000000_000019_gtFine_labelIds.png,a98fb89b94a0c6f5d46971aa65d859ee4ba48bc86f17970c8c08d11b30cdc503,104a0514cdeddb639f21b1a2aef0de239c370bb61ca4649eea646279ab4d4fd5
leftImg8bit/train/zurich/zurich_000001_000019_leftImg8bit.png,gtFine/train/zurich/zurich_000001_000019_gtFine_labelIds.png,49005bc6bade7ce9b381d5b2bbde3e4e775af7fcbb5ace55246971610a363ec7,d6a109f3c3543b6849af510d0163b768ef60069a51563facd97a8922abdf9a64
leftImg8bit/train/zurich/zurich_000002_000019_leftImg8bit.png,gtFine/train/zurich/zurich_000002_000019_gtFine_labelIds.png,fe4eed4f04d4a2aaace548f0371b6eb7cb502bb5a069ed917445af5e5106debf,e3cda8b05bba57a04b8e03e0e111ce33abbf2dd38f316b60b970c16b10c5ca71
leftImg8bit/train/zurich/zurich_000003_000019_leftImg8bit.png,gtFine/train/zurich/zurich_000003_000019_gtFine_labelIds.png,08989b3d5eca6a004c96c598d6c74c42950891c0df07b5f39353fe0f19b29786,4b9865af5b7197492a425840d91097b131041756e9c1653a254f7747fda4b6d1
leftImg8bit/train/zurich/zurich_000004_000019_leftImg8bit.png,gtFine/train/zurich/zurich_000004_000019_gtFine_labelIds.png,151d1a98dc85a71fa89db4bb2f811e1e9f0107ae40d9a22b20617f555234060b,278ccafc29a6b490c0d2a3f62bfe0d1708d1bed43a710a350abf35ff2f9d8d87
leftImg8bit/train/zurich/zurich_000005_000019_leftImg8bit.png,gtFine/train/zurich/zurich_000005_000019_gtFine_labelIds.png,7c69fc78aaa112a5e980c892627e824c3363b8480d1f45310f6a4dc8185cbcfb,507f5d13c324bd69abbce6de7ea9fb8efea5f23ede1d47cab950bf62f8b49949
leftImg8bit/train/zurich/zurich_000006_000019_leftImg8bit.png,gtFine/train/zurich/zurich_000006_000019_gtFine_labelIds.png,b87d197c002a8fdd51a25eb8f16ac779522d95892901d78ab9c6e5bc9ffd9a9d,c79013afccd5a0795dc7afd1efa81f787edd0b13d5bb2d5f2945c723ed6f61ce
leftImg8bit/train/zurich/zurich_000007_000019_leftImg8bit.png,gtFine/train/zurich/zurich_000007_000019_gtFine_labelIds.png,d715a0fc3981a54cfc66a98693d0c13e381f8dbfb3b3d34579d3870ff48a8a45,394001774bafdc4c18723902efe37d154ddab265c9ba537f23dccc52f8bdf281
leftImg8bit/train/zurich/zurich_000008_000019_leftImg8bit.png,gtFine/train/zurich/zurich_000008_000019_gtFine_labelIds.png,8707b2b345df9d6689005e76a32034128ed242e7054242450147149f65661236,0d449eb27c3999012a6770bc182b228a5367e0406658822bc1f9c49e54f3cb91
leftImg8bit/train/zurich/zurich_000009_000019_leftImg8bit.png,gtFine/train/zurich/zurich_000009_000019_gtFine_labelIds.png,6cd0261b9452252372b516cde9a8d8fa9caab8ce9a42106a9e5e5ab87c4315f1,ee3648274f2143b9aeb3e57fe8e0187bd6948f1aa261471abba0647b435bb49a
leftImg8bit/train/zurich/zurich_000010_000019_leftImg8bit.png,gtFine/train/zurich/zurich_000010_000019_gtFine_labelIds.png,4f238e5331662d1b730a795b3bba7656a61fb9cdb9eb93e91ee85a6e611854ae,fc547fd77d41be901c9bd614c858c116af785180f79df6330b733e73e0598f43
leftImg8bit/train/zurich/zurich_000011_000019_leftImg8bit.png,gtFine/train/zurich/zurich_000011_000019_gtFine_labelIds.png,d5ae087f92e6694f72b07aec6c3ee9dd94a30fa56fb3db81b25077f0f009a6a0,5b75969d22ced216a1439526ff2b74b2e0ad97deeb85d44cbc40d7e53c895a9c
leftImg8bit/train/zurich/zurich_000012_000019_leftImg8bit.png,gtFine/train/zurich/zurich_000012_000019_gtFine_labelIds.png,d57d9ca789438e4d57c91951ca7606bb1ac6ea54123b6d541b98de2ba00a666e,ee70f80019397bb096fb2caa858541dd70085b255129fbf846fd289cbb967ac1
leftImg8bit/train/zurich/zurich_000013_000019_leftImg8bit.png,gtFine/train/zurich/zurich_000013_000019_gtFine_labelIds.png,ac8ffecedf5b223cfa455f38a70736f25eea87474cb4c519b93a765cc7e107f7,927a6e7bf4d1adf321e3ea42d92a39642584be2e108f77a29ee1287c8a4d76d8
leftImg8bit/train/zurich/zurich_000014_000019_leftImg8bit.png,gtFine/train/zurich/zurich_000014_000019_gtFine_labelIds.png,1a477c0ed68358d3c998f4e1f51c9081edca27ad116594b20ca664d18aeea274,9691cdd2b89d0c614fb7998ccef3118cd9013c66be49b5169af78f028ad25c67
leftImg8bit/train/zurich/zurich_000015_000019_leftImg8bit.png,gtFine/train/zurich/zurich_000015_000019_gtFine_labelIds.png,02d2a8433301d310ce304014c341d4c9abc3a43a4caa05e8fe2d4e6c2db23fce,b5af352a269229e6fd93be5ffe64fde39ebd798a5cdfb8371c7d4d274f2aed3c
leftImg8bit/train/zurich/zurich_000016_000019_leftImg8bit.png,gtFine/train/zurich/zurich_000016_000019_gtFine_labelIds.png,2bddf0f38a22642b0bc489524ce53905823c3d794a6cf1f8cd78618c54e53b05,034b37612e1fceb58c0b5f4d0b521c5f5cc08a0719679f4e5e8d872484dc6cbf
leftImg8bit/train/zurich/zurich_000017_000019_leftImg8bit.png,gtFine/train/zurich/zurich_000017_000019_gtFine_labelIds.png,c13afc379f83d2daa024e9c2319c23f839b4359e77e58390adc1cb60610a14b7,461f8b61690ac229c6ea60de4411278df751dc4a5628457f8a600d96fa86303d
leftImg8bit/train/zurich/zurich_000018_000019_leftImg8bit.png,gtFine/train/zurich/zurich_000018_000019_gtFine_labelIds.png,2bd24b4a02a3ac4a3514ec3d8fb371233f97ee529f2a44c63963a2a5af65a0df,a3f716cb2402d09bcc2d32f2a7758a49cb250e860b83248d47c2738f90175405
leftImg8bit/train/zurich/zurich_000019_000019_leftImg8bit.png,gtFine/train/zurich/zurich_000019_000019_gtFine_labelIds.png,5972b9783264eb8dd23359bb5a5a3dfb57ca2e2685e64f5407f55193ae378148,38c4b198b802372cba642ec09b7e3d57216f05ade40eb5b477d78d319488bb49
leftImg8bit/train/zurich/zurich_000020_000019_leftImg8bit.png,gtFine/train/zurich/zurich_000020_000019_gtFine_labelIds.png,bf35baa36df8b860ec005aa78c47d2410770494d217e2f3df4f5cc8a5803eca9,7c6183ace20a13ad0131e25a4d6ab65e1f3188a8e27c1dcdf0dcb5571b74ae59
leftImg8bit/train/zurich/zurich_000021_000019_leftImg8bit.png,gtFine/train/zurich/zurich_000021_000019_gtFine_labelIds.png,eaf5860b7ed8b7dce9713ce89d33467a8e444ad212be5013938dfaad2e3750fe,c5660f705d24fe1f92d5c7649b3ebc1af0d9007771f3b010dc9127469a877ab1
leftImg8bit/train/zurich/zurich_000022_000019_leftImg8bit.png,gtFine/train/zurich/zurich_000022_000019_gtFine_labelIds.png,334647ac049f5cc9086b93d926a9183ddfb22ded71cd631b649a6c839b0cf125,2b660d617d9da30f8dc0ce7a5d3b6c13a436ca94b8f5474d7df0518a036dcd04
leftImg8bit/train/zurich/zurich_000023_000019_leftImg8bit.png,gtFine/train/zurich/zurich_000023_000019_gtFine_labelIds.png,f13877f457560d4f6161504f697542ead17a2453f9c56c30662f8e1bc7fa02b2,14fb015579f3345c5e7208e1955e81c79c026e223f0fac5e0d892bc9a91c627e
leftImg8bit/train/zurich/zurich_000024_000019_leftImg8bit.png,gtFine/train/zurich/zurich_000024_000019_gtFine_labelIds.png,3b52ec8adff458cbe9e01ae2ebc6cd206b5320077cf061f413c91e24a0d33d61,85b44af1847e2715b037cc83eddbf46f294b1b88c13e6978d9f453f847e50e0a
leftImg8bit/train/zurich/zurich_000025_000019_leftImg8bit.png,gtFine/train/zurich/zurich_000025_000019_gtFine_labelIds.png,c21d6f6943a3840f7d7e13429af1dd57eafa7c2e5f3165208183d01330b2a504,f66587b71018684f2eea2304227d4c144dc089b46a82a5f156a03b21649bc5e8
leftImg8bit/train/zurich/zurich_000026_000019_leftImg8bit.png,gtFine/train/zurich/zurich_000026_000019_gtFine_labelIds.png,39dc413ac9b955cf08d68ded89c869983ac8b3c4c0c09d19fc30f2b2af12db52,3ab4684f3eb0162566beea7744c44b71814e03098018242afd68d418616f3704
leftImg8bit/train/zurich/zurich_000027_000019_leftImg8bit.png,gtFine/train/zurich/zurich_000027_000019_gtFine_labelIds.png,81692f2158b9b2e80c1fafff6aa0f07fef39dad4b82479f24e1f67430674dbd2,3e25a111b957989e3b31250a7622cf1a54282e438a34730a7b692d21b8450bdd
leftImg8bit/train/zurich/zurich_000028_000019_leftImg8bit.png,gtFine/train/zurich/zurich_000028_000019_gtFine_labelIds.png,759f5763043531c40ea2850c1a435a6fb4937b7c496dcb7e55d298429f599a63,5b1c6a2f6b5b088442cfd2a99b6dc87deac81adcd8f6a6696965213b1ceaac04
leftImg8bit/train/zurich/zurich_000029_000019_leftImg8bit.png,gtFine/train/zurich/zurich_000029_000019_gtFine_labelIds.png,353bf647241bed720348aaa10487a3654d194832e7a70d7ec5aa0e130cb816bc,8ac338b304fe387e6cf37bc57c01c9efb1392fa1ac4c3375fc08c187829e806f
leftImg8bit/train/zurich/zurich_000030_000019_leftImg8bit.png,gtFine/train/zurich/zurich_000030_000019_gtFine_labelIds.png,89ce9b29fe6214ccfae01ca55806af83c22c094615df6e27cc88999a8a8f801f,bd96fbefaf3054c807ae00426777aab2308de52e97b05072f979c41378201592
leftImg8bit/train/zurich/zurich_000031_000019_leftImg8bit.png,gtFine/train/zurich/zurich_000031_000019_gtFine_labelIds.png,7e11d3943ea488539abff558ea424965b09c482d797767a11405893dff796eab,a215a86e78b4eb68f6848c50c13201386b27e479e200dceaead63e596bcc218a
leftImg8bit/train/zurich/zurich_000032_000019_leftImg8bit.png,gtFine/train/zurich/zurich_000032_000019_gtFine_labelIds.png,4602587ce1e968555ba3d56f15fd991336a5a99d1e83c6f84ce674298a1b9a1f,738e54982a9029e2f1c0393aa7a37697f3dd7272d8efa98edcafef270f35ec24
leftImg8bit/train/zurich/zurich_000033_000019_leftImg8bit.png,gtFine/train/zurich/zurich_000033_000019_gtFine_labelIds.png,08b4766e5a7f277bb294f71ed971fe61ccc40e920bb725d814c68768ab31df51,b70a90601ed95c479e32f7d192ea723e65bfb6c7d8132464674c2ee60b2ee0bc
leftImg8bit/train/zurich/zurich_000034_000019_leftImg8bit.png,gtFine/train/zurich/zurich_000034_000019_gtFine_labelIds.png,45c64bf7b90e2fb2fd82fa8a9eada16fc19b76c2e8edb805146e439118f2266f,29cbb39313725979ce1bf904874a347af5d0ab7947e0ffa07d5d29390d966159
leftImg8bit/train/zurich/zurich_000035_000019_leftImg8bit.png,gtFine/train/zurich/zurich_000035_000019_gtFine_labelIds.png,b8d009ebda2ffbf11012a0490b2356e0d6572a8d2a20f820db7da797b6801037,a9c12d97b459c49a92c0adbb75295011463d61c0ad3e70f696d3ec909e0647d0
leftImg8bit/train/zurich/zurich_000036_000019_leftImg8bit.png,gtFine/train/zurich/zurich_000036_000019_gtFine_labelIds.png,ea48833c6ae5ab43dd9e80a5ab2a55fca8b2a12e2205211343d704a2efee8e70,5fb952b9de083abf4bb6af255d4534b63d9d9414ea5e76bedaa276f76491b8b5
leftImg8bit/train/zurich/zurich_000037_000019_leftImg8bit.png,gtFine/train/zurich/zurich_000037_000019_gtFine_labelIds.png,8cce7514645a92a654b92542361fbfe2d37736b6b5e9e4827e9de88d4e9b2ac0,67621b98ef6a30656f5097a052690063588bc9be7fcc93b1a405b317243f3c6c
leftImg8bit/train/zurich/zurich_000038_000019_leftImg8bit.png,gtFine/train/zurich/zurich_000038_000019_gtFine_labelIds.png,dfd958423d4dd5a59fa1b7ff52ae9b2f97a090481d68cc0d1522249699136ddd,1ee3bc3d5f0a7c27e6d4e5043807a38bfea41de36dbc38c6f318b4d12bb120e3
leftImg8bit/train/zurich/zurich_000039_000019_leftImg8bit.png,gtFine/train/zurich/zurich_000039_000019_gtFine_labelIds.png,dc93649b1560778dc47773b0ccd943da3a335e29a99cfacd309f40fa7a6c4c67,e5f1308540a5d9c59c65d5ee9a76d19532dd1535539c4db65f645f0d7186b30b
leftImg8bit/train/zurich/zurich_000040_000019_leftImg8bit.png,gtFine/train/zurich/zurich_000040_000019_gtFine_labelIds.png,cc574b266f3a32b8f237a2e82d7223ee39cf78fbd128e568255bb926db26a686,995d6192aa2d0744a293605ff8d7d29e32203113a854644b4828982ec0f784da
leftImg8bit/train/zurich/zurich_000041_000019_leftImg8bit.png,gtFine/train/zurich/zurich_000041_000019_gtFine_labelIds.png,71e42c09c1f0f1770d5e973797a7839e15a16fd9f343c95ab332e9f3b6187da8,881ef5c7bd6e52613d9fcf0f72ad8ee07a9a7e2f1afee61010b02cf460e4ed8b
leftImg8bit/train/zurich/zurich_000042_000019_leftImg8bit.png,gtFine/train/zurich/zurich_000042_000019_gtFine_labelIds.png,1792d2d92e1134675dbddccc7850ff35747a05edc0fd8dc8f45985e5183c484f,33ad114c61c636898058f3adb76d3900fe1d388cc8febbd74e6b4ed19910b3fa
leftImg8bit/train/zurich/zurich_000043_000019_leftImg8bit.png,gtFine/train/zurich/zurich_000043_000019_gtFine_labelIds.png,d4c9f38041a5f6de242843612ccb4965b70199d67b6a1c1598a92491ecd09379,ca94153245ac7bb8782ad32c2cd6a227b993533fb0487351c8ad86198f1928cb
leftImg8bit/train/zurich/zurich_000044_000019_leftImg8bit.png,gtFine/train/zurich/zurich_000044_000019_gtFine_labelIds.png,637e65a1e9126d1a4d4def198b711392a20380daea5a8f4968a3f59f810688c0,7054c36c436916db59b0d8c7551ad7107ea7f40ebe2d20f01d526553dbd9100a
leftImg8bit/train/zurich/zurich_000045_000019_leftImg8bit.png,gtFine/train/zurich/zurich_000045_000019_gtFine_labelIds.png,b2bcccb7943e3081f026889b65d3014fbf8e62243ef958b1a45719a708664b7f,40f7ea1ba788c632f5079891035fef332b2d5b40d7944a5e70661385bf3b29cc
leftImg8bit/train/zurich/zurich_000046_000019_leftImg8bit.png,gtFine/train/zurich/zurich_000046_000019_gtFine_labelIds.png,e9d6215fbb8c0038f76da95fb456eeb402a84e3bbcdba447ac75604d2677156b,3cf83d464fee05c1b6d89e683a595b202ddf928eccfb131380a08533b357ead8
leftImg8bit/train/zurich/zurich_000047_000019_leftImg8bit.png,gtFine/train/zurich/zurich_000047_000019_gtFine_labelIds.png,edd2744d15316a3092a6347341056480432bd939559380ba4ead49f7dc155a47,a87cf37079e83cfc875768fb42c3a6eeb8fcedaadb7ef9b042194d1eff4fa20c
leftImg8bit/train/zurich/zurich_000048_000019_leftImg8bit.png,gtFine/train/zurich/zurich_000048_000019_gtFine_labelIds.png,869c637af3e0542ede3ee63c4cbd64eb352511a60cc167330dd59675a3484980,d06ebdec4624f7263473fde290e8452547c0c54bcb7a10f6c665c00830e068e7
leftImg8bit/train/zurich/zurich_000049_000019_leftImg8bit.png,gtFine/train/zurich/zurich_000049_000019_gtFine_labelIds.png,af9170935bdf656d3441fba061dfe0aa8069fac8ab47b7abc5d875438f0d7ef3,d821255121716a4a07d5c59a9b103f0cb05a165d5c9c758631d3b6e0587bf5d1
leftImg8bit/train/zurich/zurich_000050_000019_leftImg8bit.png,gtFine/train/zurich/zurich_000050_000019_gtFine_labelIds.png,623a39bc8fdd72afedd637e04ba91ecb3e754b44c8f0127e6f0865d345193582,e87b0014f02d39a38ff961921b98998056f574ee61d59175d9c507de2992de19
leftImg8bit/train/zurich/zurich_000051_000019_leftImg8bit.png,gtFine/train/zurich/zurich_000051_000019_gtFine_labelIds.png,9be8b537bc3b959306c198c351928c6a6e85badacd0c97a7546b67fd43f3f056,ff7fff95f6932188217f5f76a7e20c1f9fad93309d00214cff0bf878d9246b0a
leftImg8bit/train/zurich/zurich_000052_000019_leftImg8bit.png,gtFine/train/zurich/zurich_000052_000019_gtFine_labelIds.png,945d6fed5f4663907d37fe2d987e6e3039358d66e127de0f82bb86301965a4d2,252172b1b6874f827e4a12fcdbe59e9fa224b6a3d6138d3d1cd2408c0760f1e6
leftImg8bit/train/zurich/zurich_000053_000019_leftImg8bit.png,gtFine/train/zurich/zurich_000053_000019_gtFine_labelIds.png,ec43142f6b37ee34791dc0d5b998643e4314e6bd9bfc3e22704328111842acc8,e527888affc49d4b97d88d0e9a81e255c85af600bf6870daf1f35b180f358250
leftImg8bit/train/zurich/zurich_000054_000019_leftImg8bit.png,gtFine/train/zurich/zurich_000054_000019_gtFine_labelIds.png,42564c70bab55c6c0c0e49e1583239ca917c089b45337191036f051cf46a7367,85d73f7c5d8b58139e4202b74a4c279d60edcf5bf96fedd941c4e28a22eec621
leftImg8bit/train/zurich/zurich_000055_000019_leftImg8bit.png,gtFine/train/zurich/zurich_000055_000019_gtFine_labelIds.png,10e77a594cb4e48aad1386032b902f4704a63c4b73367569869de940459f2455,0217478daebff47f184100e06d0b9d3aec836e1e1a4a0663f2aab33736e40037
leftImg8bit/train/zurich/zurich_000056_000019_leftImg8bit.png,gtFine/train/zurich/zurich_000056_000019_gtFine_labelIds.png,ae608467ea68a0ba0d2618397ebbb1689c218480cbb2137cf55b740464bc357d,6fc1cdac1bc9ef5740673aad7a9229b4811f689cb153d61662a15d85d5bb99bc
leftImg8bit/train/zurich/zurich_000057_000019_leftImg8bit.png,gtFine/train/zurich/zurich_000057_000019_gtFine_labelIds.png,16479cbe9f263e03ec01dedfe3fa53073fd3afb8e8fb96bb34b89d7aa6913f43,5d1c6a290b091a51ceeff8c786f07bcfd696c40161afa6d5d5fe17973be5a1f3
leftImg8bit/train/zurich/zurich_000058_000019_leftImg8bit.png,gtFine/train/zurich/zurich_000058_000019_gtFine_labelIds.png,a1b1105b8fd1dbb089d8120c273105ba5c75a3dd0957f1c122a53b56b879aecb,67ce455be40639437a2def06c61780ad24d4c098769605cda4dfa13ea2ae70a0
leftImg8bit/train/zurich/zurich_000059_000019_leftImg8bit.png,gtFine/train/zurich/zurich_000059_000019_gtFine_labelIds.png,04831700f7cbcdf9acbbe34490c1cc606ee9dc05c0d46431ecfdcfb2fcfb5a8e,40c3f5b8c9783831f9dc6e72cc993f017572e35d7b97a675cadc0fc91384fc80
leftImg8bit/train/zurich/zurich_000060_000019_leftImg8bit.png,gtFine/train/zurich/zurich_000060_000019_gtFine_labelIds.png,557454a5de64453b93b49f80c3361c30798d9b03f2e9f826c3236e56a2d37c6b,edddb56b9a6e4a34a2b76f2b22259ca8586c683860354c574bddb4345e6d7d41
leftImg8bit/train/zurich/zurich_000061_000019_leftImg8bit.png,gtFine/train/zurich/zurich_000061_000019_gtFine_labelIds.png,a3de7f7530683053549da93edeec26eb28657a2d5e7463bebba79082eb5ec790,b1c643138e00c4457b46ad91da8db813afee1288e732ede995e88bab8d643849
leftImg8bit/train/zurich/zurich_000062_000019_leftImg8bit.png,gtFine/train/zurich/zurich_000062_000019_gtFine_labelIds.png,9cda42a4c6a011169ef612f9ba2911ee8b580f1ef87db38aeae64de38d1a2a94,545659a8aec7859dfab2e8525e39a4088e5b68c920d54edf61baf4a5054a6648
leftImg8bit/train/zurich/zurich_000063_000019_leftImg8bit.png,gtFine/train/zurich/zurich_000063_000019_gtFine_labelIds.png,5b6ba4c028b20824204f69fa8c9aa1a867163ca4ec3cebb1387541d3e52e792f,f0914e3b007da3196c8319836dfbd5292241d16ac7e305a3b15e7128f5855fe7
leftImg8bit/train/zurich/zurich_000064_000019_leftImg8bit.png,gtFine/train/zurich/zurich_000064_000019_gtFine_labelIds.png,504416b03706702ec7dddee7c2caa6ac7a667be8d8a7d2db90fbebcd62add7f3,6c28122f3c5ce78426c5271756ca97f33274181d4bfa3d048d5a296eed2035af
leftImg8bit/train/zurich/zurich_000065_000019_leftImg8bit.png,gtFine/train/zurich/zurich_000065_000019_gtFine_labelIds.png,a139ba6ef5cd81d7835a23c1aa7730fbb86501b159f4044ee9414775d197d6fc,365fe48423734b8cedf94d0691d767f064559b6a6e5f683e61a6048d7dcc9daf
leftImg8bit/train/zurich/zurich_000066_000019_leftImg8bit.png,gtFine/train/zurich/zurich_000066_000019_gtFine_labelIds.png,7ac832e4032692b3a47e1a74b6882654556a7a10dd4980a405481a74aeee3676,232c142b06220cdcf64cf8e8b9a221d8c71add2aa1b0f7fd8a11b835a4806421
leftImg8bit/train/zurich/zurich_000067_000019_leftImg8bit.png,gtFine/train/zurich/zurich_000067_000019_gtFine_labelIds.png,938c9910649ad521d0f699bf42e0106c8fa99632ad613f93b32e47d318f6cbb9,a1a965edea215b585697a08f662ae04cd195dbdccdc9e9517267904189f404a8
leftImg8bit/train/zurich/zurich_000068_000019_leftImg8bit.png,gtFine/train/zurich/zurich_000068_000019_gtFine_labelIds.png,62293f0e4ead03c21b74384cb3be12cad3da8c39190b5bb0b165fda046c414bb,0b71089eac073419971019cd940bce6dd0373d627e5aa4a48349912ea154b6c7
leftImg8bit/train/zurich/zurich_000069_000019_leftImg8bit.png,gtFine/train/zurich/zurich_000069_000019_gtFine_labelIds.png,be454309d3c8050c2b28103af145167000add242958b2948e7dc1209049b44cc,898650f2df54c0c8c63c15f48a7ab12af6e930a54ef0883ef112e088f2f40b8d
leftImg8bit/train/zurich/zurich_000070_000019_leftImg8bit.png,gtFine/train/zurich/zurich_000070_000019_gtFine_labelIds.png,f864eac3e28079a295787d3b68bae6e85dc6533bc8681a307ff718d1a33d2c53,4970df3160360256eb3812a684730d1d8af8e576699e80486622c0741086ccd0
leftImg8bit/train/zurich/zurich_000071_000019_leftImg8bit.png,gtFine/train/zurich/zurich_000071_000019_gtFine_labelIds.png,477f5a4a68c91ceaa1310c90fce67f3555f6131fbc16595da1d222d2a3921ed2,5870009fda94eaf367e67f2347383b9e2e54186919b29da33fcadf86d0b4821b
leftImg8bit/train/zurich/zurich_000072_000019_leftImg8bit.png,gtFine/train/zurich/zurich_000072_000019_gtFine_labelIds.png,f586efda44b2b655c628a80a605271084d11d3e460ea70a6616e552212087804,ac6770cbb414888b9f827cd36df85d9ca229e14e4e4bcbbf52173ed7c0bd9882
leftImg8bit/train/zurich/zurich_000073_000019_leftImg8bit.png,gtFine/train/zurich/zurich_000073_000019_gtFine_labelIds.png,befca8e39453c0b32ce5182151919e54c422f60769545a67fe19e9430d2e48b1,517eb40903a2190d2a32620b8ac15af5758de17f830e7e977574a715a76e05df
leftImg8bit/train/zurich/zurich_000074_000019_leftImg8bit.png,gtFine/train/zurich/zurich_000074_000019_gtFine_labelIds.png,943a1b5bc2b1acda0b0c405db7b673e445a643bba473be9b3cd1ce46d035e577,61fd92648fe6bbd36efe2485f000cb96e2984e4b4863cd80daae4f77c24c79c4
leftImg8bit/train/zurich/zurich_000075_000019_leftImg8bit.png,gtFine/train/zurich/zurich_000075_000019_gtFine_labelIds.png,18c2a35fcc17b14d0dfbe1c6b5cd9779c90cc1b270568b727510b098c3354302,57a799129c40905fc4cf718855203e96bd92755705652bbf03833f20af3bde57
leftImg8bit/train/zurich/zurich_000076_000019_leftImg8bit.png,gtFine/train/zurich/zurich_000076_000019_gtFine_labelIds.png,28bc84ce41f2ab2f4fe43f9acaefb64248cf062f2d9ffde462bcc1e81204bc62,847ed57bd2e8a34efc30a41b1fe0ef27552042170c45b8710b9a6fb0dcd2c537
leftImg8bit/train/zurich/zurich_000077_000019_leftImg8bit.png,gtFine/train/zurich/zurich_000077_000019_gtFine_labelIds.png,d35a8a59d5d9e3afb382dd7af040de9c5ac6eec3a993aa1b2c498be5731b9c95,18d0e946cfed0793758855ae4840a55994887e79ee9cd47dcd308f1eba8eed32
leftImg8bit/train/zurich/zurich_000078_000019_leftImg8bit.png,gtFine/train/zurich/zurich_000078_000019_gtFine_labelIds.png,5def5960e9a825d121219b54f81e183e62086a68612b472e49d1ee11a0852630,11624f2846c1b34132574675463c0fedafaf7388d3538e6fd0b7ae4fc5a811af
leftImg8bit/train/zurich/zurich_000079_000019_leftImg8bit.png,gtFine/train/zurich/zurich_000079_000019_gtFine_labelIds.png,30ce980d3203e24c704bf1f1001789c56fcdb12a43a82a76cc8e50b399bd5684,eff1a64d2d76a0dcbd7b6e626f534a4fc05459c224cfdf5c5e5972e5835b23bc
leftImg8bit/train/zurich/zurich_000080_000019_leftImg8bit.png,gtFine/train/zurich/zurich_000080_000019_gtFine_labelIds.png,f43954810b8cf9ed28630ff02781f4989342ec0b24de89bad22ff15bd56aaf6a,fbb688110dea2290582dfe96f5f1688aac544aa43c440d4ac9496add47f7e286
leftImg8bit/train/zurich/zurich_000081_000019_leftImg8bit.png,gtFine/train/zurich/zurich_000081_000019_gtFine_labelIds.png,620740fa89c45ff1bd33314517dd8d79c40b072eb3be022c2826d70a6554d0eb,0cc77ece8d6e619e1d01842a15e66587effa749fc63f300cd16a2d4b3fa9f628
leftImg8bit/train/zurich/zurich_000082_000019_leftImg8bit.png,gtFine/train/zurich/zurich_000082_000019_gtFine_labelIds.png,b2946735458a9435d1471d6360484eb6e6b72be24999575155ccf62c786de267,de0d50c30a95f849bf15c447552ebbbe48e19471a23a094211a23c182c7c9e97
leftImg8bit/train/zurich/zurich_000083_000019_leftImg8bit.png,gtFine/train/zurich/zurich_000083_000019_gtFine_labelIds.png,5410c0acf9bb4e59224baaadcbbbc8b0a9ae1d6e24955908ad17fc34c4fdff60,4db8b2eb839651c2f5eb1ca0f49d32f41f6436428360787707349ecb50c90f52
leftImg8bit/train/zurich/zurich_000084_000019_leftImg8bit.png,gtFine/train/zurich/zurich_000084_000019_gtFine_labelIds.png,92f60f979b4aae435e23f07aa6ab6c9020a9b3d3db07f1737c115e9067d15f02,012fcbd615970eb12403954bb8c344c381840159d163f2e3a9f35ded33d8b080
leftImg8bit/train/zurich/zurich_000085_000019_leftImg8bit.png,gtFine/train/zurich/zurich_000085_000019_gtFine_labelIds.png,23c64d5e23e8807c1fdae9fb473ff3e8320e16fb489bca6e70bd8b2e7c8d60fe,99eb105cfeac6a71f807e8757f723654a0fc9e4d9db337d8dc44fc223a64e9d2
leftImg8bit/train/zurich/zurich_000086_000019_leftImg8bit.png,gtFine/train/zurich/zurich_000086_000019_gtFine_labelIds.png,580f2a41e7d94813f97e8bdfba3b5036731d1bd1aeb9cff2c919b32475ce65f7,5fa37c0e2f4bb662b91213ca48dd0464ac20ffbc03d83ab3bf1984e7f998c137
leftImg8bit/train/zurich/zurich_000087_000019_leftImg8bit.png,gtFine/train/zurich/zurich_000087_000019_gtFine_labelIds.png,cfdc53e70a276ce1ce5d835acd363c5b64416d950e015d7a013b9a88dc412a2b,17d7776b7ee60d3e831be6a6981f673c2da60f6f7c01cfeb3e3d432398b1a75e
leftImg8bit/train/zurich/zurich_000088_000019_leftImg8bit.png,gtFine/train/zurich/zurich_000088_000019_gtFine_labelIds.png,d34e8c865ab99810fd788f528a8b137abba132614dcde32fbe6eeb9ccbe81f2b,81c0f5df788e20d62dc6478c40d9d3b63769fd108d386538fd89be471acf08f7
leftImg8bit/train/zurich/zurich_000089_000019_leftImg8bit.png,gtFine/train/zurich/zurich_000089_000019_gtFine_labelIds.png,cf3b7f3aa958845318186b5a9db9be2e12df7a7cd0455bfdc89f8e2b5e65e9c8,8c3945980991109ba3b418e786cb5bd66081feca8ffbd4b9844e4de953ecbc82
leftImg8bit/train/zurich/zurich_000090_000019_leftImg8bit.png,gtFine/train/zurich/zurich_000090_000019_gtFine_labelIds.png,2fb2ff0205b1f5da35dac7db09879d7520442c10a9da46bc9a274e7c94b954ee,3b2ba548016adaa14a86781041d8587d5eeb4ce5bc6f466093c3202e8d47ea11
leftImg8bit/train/zurich/zurich_000091_000019_leftImg8bit.png,gtFine/train/zurich/zurich_000091_000019_gtFine_labelIds.png,78a7acb7489152536687d406c6e3548472134f49617a5ff528f587a009f82a72,caa6684c43d3bc684f994ddcd88bf40f26ecfe933b8c479e81cd2560b957d994
leftImg8bit/train/zurich/zurich_000092_000019_leftImg8bit.png,gtFine/train/zurich/zurich_000092_000019_gtFine_labelIds.png,5a546cd6051a6dca6483e0240446e1ff26ee0a54438fa48a2780776f26a1abef,b845854d56222b46de8c3691f83f42840899fe5e160847423bc6758e90ea8276
leftImg8bit/train/zurich/zurich_000093_000019_leftImg8bit.png,gtFine/train/zurich/zurich_000093_000019_gtFine_labelIds.png,3fb03aa2a77a44e88289a35651a4f6db4d541f1fdbb6ee62c8447bc169f318bf,39e08412047fb09ea3e7d78b739d70293b4907692737f58ddad995eece26ba14
leftImg8bit/train/zurich/zurich_000094_000019_leftImg8bit.png,gtFine/train/zurich/zurich_000094_000019_gtFine_labelIds.png,9ab92b1abc0539791f05ca93121a9750633b34d1657e2e4f742ff0e8712ef17c,16b89e6a648714e3ce68ec9a479e21e36d7cb2129b8f699691aa755ad00a8727
leftImg8bit/train/zurich/zurich_000095_000019_leftImg8bit.png,gtFine/train/zurich/zurich_000095_000019_gtFine_labelIds.png,8f11bddfdf1e8a788486555f1f0bb4d620ba47d451a612e0baa86f36120ecc8b,9ddfbe01563e4bbe2cda378b11b360917ea5050a5079d4650d8647aa98680a16
leftImg8bit/train/zurich/zurich_000096_000019_leftImg8bit.png,gtFine/train/zurich/zurich_000096_000019_gtFine_labelIds.png,041ff32c94b078cc5b5d1614fe7baf6462f6fee9194ed6e7bae55367de3bde5e,7b8a8a7dd10802f47a80f8d4a9f18514e407669e5198d467147af3709511d306
leftImg8bit/train/zurich/zurich_000097_000019_leftImg8bit.png,gtFine/train/zurich/zurich_000097_000019_gtFine_labelIds.png,dbdf79a1226f48613907757bc7b044cf7da018fc6f3e555c8f795122d39daf0f,56b00b509f4a1e9a031f15b99cb54f53f5a265e20284204ed5a2d2ae8d16a4b8
leftImg8bit/train/zurich/zurich_000098_000019_leftImg8bit.png,gtFine/train/zurich/zurich_000098_000019_gtFine_labelIds.png,b1e05d35278fb571fd687f8a9df8b21e87be90aeb878998bcd931757383af0ee,f415bde8c8617b8c6a8d0670980fb40c189a8047af8b3e330580b7f80d2c86cf
leftImg8bit/train/zurich/zurich_000099_000019_leftImg8bit.png,gtFine/train/zurich/zurich_000099_000019_gtFine_labelIds.png,dc3d03bde3454cd78dc64bf1f070d2b1ffdf50e3cc4c9bb4b30a3f88e983880d,62dffe7e14a5168b4b349a1249095ccbc6fc76f68300388972632a39c414fcff
leftImg8bit/train/zurich/zurich_000100_000019_leftImg8bit.png,gtFine/train/zurich/zurich_000100_000019_gtFine_labelIds.png,2aa7859a855bba450a6ed8b89eac9af834d09964f13a4946731da4bcc212db32,868075046bbe6db043f34bc75a3144b840d1167426b2149e16318b1ea5eb4bea
leftImg8bit/train/zurich/zurich_000101_000019_leftImg8bit.png,gtFine/train/zurich/zurich_000101_000019_gtFine_labelIds.png,e334f5e9a8c14c71afb0b85e187d5d16386840e69a6a9fa71651dde6ea7c375a,c4878d5146eedea1f03d51ee5dd26638e7166f8ebc2a5f97b392d86a1852d407
leftImg8bit/train/zurich/zurich_000102_000019_leftImg8bit.png,gtFine/train/zurich/zurich_000102_000019_gtFine_labelIds.png,1ce64b97dbf59afbb42b1a22df2e98c6f7ef0b502a8e1afb241a0a200d87f739,a5570e0386d787e37449e5c9cd4dfe991f19d59442bd15740ec06d0e356e6597
leftImg8bit/train/zurich/zurich_000103_000019_leftImg8bit.png,gtFine/train/zurich/zurich_000103_000019_gtFine_labelIds.png,d7972c98db596fc8d42daf1b2b9188c21abe8a4cb930fea80b61722db2ccaf6b,bf436f918aca9813a1c44356a35a66f662f76a1f4348ebfcfb1817b8d56b9fae
leftImg8bit/train/zurich/zurich_000104_000019_leftImg8bit.png,gtFine/train/zurich/zurich_000104_000019_gtFine_labelIds.png,d8171702dc5ab4146320b76ed5511502c83f6e21684fb8028abe239dc89851bf,d8936e4c0cda06abbe921e002907917d744c8b8e53b3e8f393b27d711da0d486
leftImg8bit/train/zurich/zurich_000105_000019_leftImg8bit.png,gtFine/train/zurich/zurich_000105_000019_gtFine_labelIds.png,034545b2e26208d11b3b22abb096bc821d45c9481c605444045315732a1a268f,2b29f3e8b73f4e40c3adeb915a710db2b584d013bf5fecb3d31aa9f0dd2686c6
leftImg8bit/train/zurich/zurich_000106_000019_leftImg8bit.png,gtFine/train/zurich/zurich_000106_000019_gtFine_labelIds.png,b1a04c500e9f38ed2492e82121cf2ad7be38e5796209a80d081c499955e4abeb,da99988f6a51381ecd4b848e9e7107b2e5493f07c42ad9a7977550f225a00e30
leftImg8bit/train/zurich/zurich_000107_000019_leftImg8bit.png,gtFine/train/zurich/zurich_000107_000019_gtFine_labelIds.png,6cbe91fd439a065ce759bbbfd81cb8f55d719788a39b46fefd161da4e5d07544,c551adf56349ce9495cbba99a755fb517284b20974cab0ef5943651e0ac2d9db
leftImg8bit/train/zurich/zurich_000108_000019_leftImg8bit.png,gtFine/train/zurich/zurich_000108_000019_gtFine_labelIds.png,7f90252f262ed98d99f56ad148c0410bd4034f00742e1edb007d8c867afb8bda,25d1994b26a70775a6e927733511868b30faf6efaa7f4d9cd3b58ac7eb906a7e
leftImg8bit/train/zurich/zurich_000109_000019_leftImg8bit.png,gtFine/train/zurich/zurich_000109_000019_gtFine_labelIds.png,d8ced23185761c3163040b426c9fad5d9dca07beb79aaf02979054efdb2e3161,a0b798cb88dc32d759f6d8b956d83cb63c4e0e202e5e31b6dde6a7071ec1c335
leftImg8bit/train/zurich/zurich_000110_000019_leftImg8bit.png,gtFine/train/zurich/zurich_000110_000019_gtFine_labelIds.png,2869b675e73c0bda3f187ca2bac04f57ad0f2f3409a2205655de3cbcd8605903,7e6dfa4ee35ca9601d1a07e556c97ba9f80c4011b321a313757bd39a9bb951ba
leftImg8bit/train/zurich/zurich_000111_000019_leftImg8bit.png,gtFine/train/zurich/zurich_000111_000019_gtFine_labelIds.png,15f797b0137344b9a2fa7baa5fb86fc655b063c1595d6729bd9f3435e18559ba,1f2ee8e0f6e4daabf90fac87c8347f0fccf8cc0c5d7ed3b504d4d78ccbbbc882
leftImg8bit/train/zurich/zurich_000112_000019_leftImg8bit.png,gtFine/train/zurich/zurich_000112_000019_gtFine_labelIds.png,fa6d3fe1ede2427858776d3c04058446987480624cd612649923af966c64ffb9,0bff9de6a88078c5a92e7e006c9e96f50f03bd3b7e7ed49a5184488420927983
leftImg8bit/train/zurich/zurich_000113_000019_leftImg8bit.png,gtFine/train/zurich/zurich_000113_000019_gtFine_labelIds.png,73590633fd891d4e89ba3d0ff044dd8d6cb929971ec0d5fecd48385e7c7cc8b7,0f97d0dace3bf2e94314f34b3c01d569603e5bb67279a53f6a4a335179b98c6e
leftImg8bit/train/zurich/zurich_000114_000019_leftImg8bit.png,gtFine/train/zurich/zurich_000114_000019_gtFine_labelIds.png,e0ef75263b4319eaccb55c018217e2f4d5d021fc66877f944326c8b21ad614e9,ff40550a0bef22e19c74e4ed4738435d784f7508cec1be1aab0db28738d65b78
leftImg8bit/train/zurich/zurich_000115_000019_leftImg8bit.png,gtFine/train/zurich/zurich_000115_000019_gtFine_labelIds.png,bcddc18412f29b01106e984003f6ba53ecb56378675d66755bab9842c671b764,b2975d5a5eeab8558b8b28fd1e36df4ee4261e5c7e66920df1a04817e41fbd16
leftImg8bit/train/zurich/zurich_000116_000019_leftImg8bit.png,gtFine/train/zurich/zurich_000116_000019_gtFine_labelIds.png,3c922f7ac76e8113e72a4505ffff1112fb2d445a6a2792b813754e7921d9512e,1ea578dcfa2f687a8434d1df91cf0ad6600accd27a4ea92b58a5b34c8e72fd9e
leftImg8bit/train/zurich/zurich_000117_000019_leftImg8bit.png,gtFine/train/zurich/zurich_000117_000019_gtFine_labelIds.png,1a14dea24a419dd31ad9cfbc27fcd3577650a37870e5531d5882b6b2aa8ccf9a,51d50e3077633de3c3a7c40a6c854ad44068969b615ed80671b0d606af833a64
leftImg8bit/train/zurich/zurich_000118_000019_leftImg8bit.png,gtFine/train/zurich/zurich_000118_000019_gtFine_labelIds.png,076e63d07729550f48e48de3b1fc458867e64f300941144b2e7c1f3d9c8cf892,4ca3ff05e2219c05413b96a7d9f004058379bbcc42b885aa342c350697ebdf7b
leftImg8bit/train/zurich/zurich_000119_000019_leftImg8bit.png,gtFine/train/zurich/zurich_000119_000019_gtFine_labelIds.png,cb1ca61b6b6210421be1cfa1e24386324c63a9c5ef8c3af251a5ade3495f92d8,53406a1db8cf200f20ad8193ba4db4b26b8f09081af563fbdd3221d059f76042
leftImg8bit/train/zurich/zurich_000120_000019_leftImg8bit.png,gtFine/train/zurich/zurich_000120_000019_gtFine_labelIds.png,6926533865af67c973c42474c40dd0a121826585afb01cf22307ed348799e099,5b047396b7ba131752cc813422f9cb228ad3e323ed98fed495a3b19ffcf87709
leftImg8bit/train/zurich/zurich_000121_000019_leftImg8bit.png,gtFine/train/zurich/zurich_000121_000019_gtFine_labelIds.png,d5f605183f72fb3b801c319a3d681bff9f2fa2315a8a56e020ec4254a0a604b4,167f3706e0de208f9f34fcc3b2bf54e781b382cd0bef930ed3f9e115291a95b9
